t,x,y,z,speed,v_horiz,v_height,v_dist,v_visible,v_in_frustum,v_depr_deg,route,tour_on,wp_idx,wp_dist,cmd_speed,rgb_req,dwell
0.02,-32.93833212561132,-8.913257103813173,4.837112411735315,0.2435302024811882,16.669282759308338,3.652112411735253,17.07492702623702,0,1,14.1,king,0,-1,nan,0.699999988079071,0.0,0.0
0.04,-32.93833212561132,-8.913257103813173,4.846848774440079,0.4868181352381902,16.669282759308338,3.661848774440017,17.07734854238878,0,1,14.1,king,0,-1,nan,0.699999988079071,0.0,0.0
0.06,-32.93833212561132,-8.913257103813173,4.861444160234212,0.7297692897066932,16.669282759308338,3.6764441602341504,17.080988291369945,0,1,14.2,king,0,-1,nan,0.699999988079071,0.0,0.0
0.08,-32.93833212561132,-8.913257103813173,4.880889952758327,0.9722896262057291,16.669282759308338,3.6958899527582654,17.08585578555184,0,1,14.3,king,0,-1,nan,0.699999988079071,0.0,0.0
0.1,-32.93833212561132,-8.913257103813173,4.9051756671448565,1.214285719326461,16.669282759308338,3.7201756671447948,17.091963887136206,0,1,14.3,king,0,-1,nan,0.699999988079071,0.0,0.0
0.12,-32.93833212561132,-8.913257103813173,4.934288965173531,1.4556649014337388,16.669282759308338,3.749288965173469,17.099328757609094,0,1,14.4,king,0,-1,nan,0.699999988079071,0.0,0.0
0.14,-32.93833212561132,-8.913257103813173,4.967827054460021,1.6769044643245077,16.669282759308338,3.7828270544599594,17.107982907710856,0,1,14.5,king,0,-1,nan,0.699999988079071,0.0,0.0
0.16,-32.93833212561132,-8.913257103813173,5.0044274483557505,1.8300196947864558,16.669282759308338,3.8194274483556887,17.117523460772095,0,1,14.7,king,0,-1,nan,0.699999988079071,0.0,0.0
0.18,-32.93833212561132,-8.913257103813173,5.042945428037687,1.9258989840968128,16.669282759308338,3.857945428037625,17.127609016333057,0,1,14.8,king,0,-1,nan,0.699999988079071,0.0,0.0
0.2,-32.93833212561132,-8.913257103813173,5.082666240111201,1.9860406036757041,16.669282759308338,3.897666240111139,17.138224346688975,0,1,14.9,king,0,-1,nan,0.699999988079071,0.0,0.0
0.22,-32.93833212561132,-8.913257103813173,5.123150132730682,2.0241946309740575,16.669282759308338,3.9381501327306205,17.14890240349857,0,1,15.0,king,0,-1,nan,0.699999988079071,0.0,0.0
0.24,-32.93833212561132,-8.913257103813173,5.1641114249013365,2.0480646085326857,16.669282759308338,3.9791114249012747,17.160057759088215,0,1,15.2,king,0,-1,nan,0.699999988079071,0.0,0.0
0.26,-32.93833212561132,-8.913257103813173,5.205370223657488,2.062939937807611,16.669282759308338,4.020370223657427,17.171144270460506,0,1,15.3,king,0,-1,nan,0.699999988079071,0.0,0.0
0.28,-32.93833212561132,-8.913257103813173,5.246816266050606,2.0723021196558897,16.669282759308338,4.061816266050545,17.18266671475129,0,1,15.4,king,0,-1,nan,0.699999988079071,0.0,0.0
0.3,-32.93833212561132,-8.913257103813173,5.288379433352415,2.0781583650904247,16.669282759308338,4.1033794333523534,17.19403020032615,0,1,15.6,king,0,-1,nan,0.699999988079071,0.0,0.0
0.32,-32.93833212561132,-8.913257103813173,5.330015863369343,2.081821500846371,16.669282759308338,4.145015863369281,17.205834996753378,0,1,15.7,king,0,-1,nan,0.699999988079071,0.0,0.0
0.34,-32.93833212561132,-8.913257103813173,5.3716981193351545,2.084112798290611,16.669282759308338,4.186698119335093,17.2174257801236,0,1,15.8,king,0,-1,nan,0.699999988079071,0.0,0.0
0.36,-32.93833212561132,-8.913257103813173,5.413409039289122,2.0855459976983655,16.669282759308338,4.22840903928906,17.22948226573921,0,1,16.0,king,0,-1,nan,0.699999988079071,0.0,0.0
0.38,-32.93833212561132,-8.913257103813175,5.4551378883929065,2.086442455189248,16.669282759308338,4.270137888392845,17.241279865249407,0,1,16.1,king,0,-1,nan,0.699999988079071,0.0,0.0
0.4,-32.938332125611325,-8.913257103813166,5.496877952037168,2.087003182213061,16.669282759308345,4.311877952037106,17.25357501687982,0,1,16.2,king,0,-1,nan,0.699999988079071,0.0,0.0
0.42,-32.9383321256113,-8.913257103813189,5.5386248373909455,2.0873442676889047,16.669282759308327,4.353624837390884,17.265573498334426,0,1,16.4,king,0,-1,nan,0.699999988079071,0.0,0.0
0.44,-32.9383321256114,-8.913257103813082,5.580376182540043,2.087567257454869,16.66928275930842,4.395376182539981,17.278104614887493,0,1,16.5,king,0,-1,nan,0.699999988079071,0.0,0.0
0.46,-32.93833212561112,-8.913257103813352,5.622130317245179,2.087706735256797,16.669282759308153,4.437130317245117,17.29029730647267,0,1,16.6,king,0,-1,nan,0.699999988079071,0.0,0.0
0.48,-32.93833212561225,-8.913257103812125,5.663886196788077,2.0877939771449068,16.669282759309198,4.478886196788015,17.303058456281054,0,1,16.8,king,0,-1,nan,0.699999988079071,0.0,0.0
0.5,-32.93833212560898,-8.913257103815226,5.705643118543221,2.0878460877571645,16.669282759306142,4.520643118543159,17.315443893928194,0,1,16.9,king,0,-1,nan,0.699999988079071,0.0,0.0
0.52,-32.938332125621926,-8.913257103800989,5.747400741355763,2.087881140627144,16.669282759318108,4.5624007413557015,17.3284338181777,0,1,17.0,king,0,-1,nan,0.699999988079071,0.0,0.0
0.54,-32.938332125583955,-8.913257103836727,5.789158707611474,2.0878983127855455,16.669282759282616,4.604158707611412,17.3410114319601,0,1,17.2,king,0,-1,nan,0.699999988079071,0.0,0.0
0.56,-32.93833212573245,-8.91325710367176,5.830916983747699,2.087913806811229,16.669282759419726,4.645916983747637,17.354229576599668,0,1,17.3,king,0,-1,nan,0.699999988079071,0.0,0.0
0.58,-32.93833212529116,-8.913257104083844,5.872675441878024,2.087922906516272,16.66928275900704,4.687675441877962,17.366996518458677,0,1,17.4,king,0,-1,nan,0.699999988079071,0.0,0.0
0.6,-32.93833212699385,-8.913257102172736,5.91443402568046,2.087929190121801,16.66928276057784,4.729434025680399,17.380440401577406,0,1,17.5,king,0,-1,nan,0.699999988079071,0.0,0.0
0.62,-32.93833212186685,-8.913257106922178,5.956192530437054,2.0879252378296904,16.669282755780614,4.771192530436992,17.39339664402219,0,1,17.7,king,0,-1,nan,0.699999988079071,0.0,0.0
0.64,-32.93833214138651,-8.91325708479163,5.997951143946959,2.087930675495781,16.669282773773475,4.812951143946897,17.407075297972426,0,1,17.8,king,0,-1,nan,0.699999988079071,0.0,0.0
0.66,-32.93833208178727,-8.913257139626051,6.039709832175527,2.087934411432325,16.66928271798255,4.854709832175465,17.42019300259349,0,1,17.9,king,0,-1,nan,0.699999988079071,0.0,0.0
0.68,-32.938332305544286,-8.91325688331858,6.081468633014424,2.087940042014179,16.669282924061932,4.896468633014362,17.434184999945757,0,1,18.1,king,0,-1,nan,0.699999988079071,0.0,0.0
0.7,-32.938331612866854,-8.913257515851605,6.123228326616707,2.0879846806409303,16.669282275326303,4.938228326616645,17.447190365452116,0,1,18.2,king,0,-1,nan,0.699999988079071,0.0,0.0
0.72,-32.93833418105833,-8.913254544762092,6.164993132253165,2.08824029105494,16.66928463865817,4.979993132253103,17.46194263055266,0,1,18.3,king,0,-1,nan,0.699999988079071,0.0,0.0
0.74,-32.93832612495881,-8.913261852926887,6.206762415460216,2.088464231164171,16.669277090373527,5.021762415460154,17.475308884341384,0,1,18.5,king,0,-1,nan,0.699999988079071,0.0,0.0
0.76,-32.93833167808152,-8.913236959309398,6.248533121757338,2.0885357042015107,16.669280962947898,5.063533121757276,17.490181380536942,0,1,18.6,king,0,-1,nan,0.699999988079071,0.0,0.0
0.78,-32.938345069950024,-8.913198746172945,6.290305681155667,2.088628951174027,16.669291764213156,5.105305681155605,17.503652839042168,0,1,18.7,king,0,-1,nan,0.699999988079071,0.0,0.0
0.8,-32.938383480462356,-8.913101660412439,6.332075759496584,2.0885104414502607,16.669323583493924,5.147075759496523,17.518886946105447,0,1,18.8,king,0,-1,nan,0.699999988079071,0.0,0.0
0.82,-32.93843553000415,-8.912962022457139,6.373847237415846,2.088587187234883,16.669366161120728,5.188847237415784,17.53269089008577,0,1,19.0,king,0,-1,nan,0.699999988079071,0.0,0.0
0.84,-32.93852493827902,-8.912755084572817,6.415617741529163,2.0885556199250623,16.669441507086145,5.230617741529101,17.54796909255629,0,1,19.1,king,0,-1,nan,0.699999988079071,0.0,0.0
0.86,-32.938648214789,-8.912518561247241,6.457389287486091,2.088619874470493,16.669548666818706,5.272389287486029,17.56180869828006,0,1,19.2,king,0,-1,nan,0.699999988079071,0.0,0.0
0.88,-32.93881762368712,-8.912226955988782,6.499161830933169,2.0886952380849975,16.669698171477663,5.314161830933108,17.577519406167035,0,1,19.4,king,0,-1,nan,0.699999988079071,0.0,0.0
0.9,-32.939019684393415,-8.911917913947871,6.540934472388274,2.0887136649436036,16.66987909324262,5.3559344723882125,17.591768132949362,0,1,19.5,king,0,-1,nan,0.699999988079071,0.0,0.0
0.92,-32.93927039986491,-8.911558224573422,6.5827048707641795,2.088634970007649,16.670105178427143,5.397704870764118,17.607385616462302,0,1,19.6,king,0,-1,nan,0.699999988079071,0.0,0.0
0.94,-32.939561610154065,-8.911178357229979,6.624476035258861,2.0886953379279936,16.67037032672765,5.439476035258799,17.62152481720188,0,1,19.7,king,0,-1,nan,0.699999988079071,0.0,0.0
0.96,-32.939890863306225,-8.910748792185187,6.666248542959573,2.088800692605654,16.67067011982634,5.481248542959511,17.637569848279682,0,1,19.9,king,0,-1,nan,0.699999988079071,0.0,0.0
0.98,-32.94023312541351,-8.910304361532162,6.70802137877717,2.0888300997204974,16.670981911590548,5.523021378777108,17.65209440164331,0,1,20.0,king,0,-1,nan,0.699999988079071,0.0,0.0
1.0,-32.94058925556557,-8.909808193437486,6.749792865647495,2.0887975768496005,16.671304097676906,5.5647928656474335,17.668607099574725,0,1,20.1,king,0,-1,nan,0.699999988079071,0.0,0.0
1.02,-32.940939174866436,-8.909288277540393,6.791565075645965,2.088845544920347,16.671618517476727,5.606565075645904,17.68355710503321,0,1,20.2,king,0,-1,nan,0.699999988079071,0.0,0.0
1.04,-32.94129495035497,-8.90871864946311,6.833338366525901,2.088934467189156,16.671935480901208,5.648338366525839,17.70038748098635,0,1,20.4,king,0,-1,nan,0.699999988079071,0.0,0.0
1.06,-32.94164936495678,-8.90813873085153,6.875111730502017,2.0889446218049232,16.672250421224533,5.690111730501955,17.715637453216992,0,1,20.5,king,0,-1,nan,0.699999988079071,0.0,0.0
1.08,-32.942015881944684,-8.907515324743294,6.9168829392931475,2.0888734127218362,16.672574560249487,5.731882939293086,17.732183233177466,0,1,20.6,king,0,-1,nan,0.699999988079071,0.0,0.0
1.1,-32.94239043518392,-8.90688105367591,6.958655379635769,2.0889467214925617,16.672906019009183,5.7736553796357075,17.747135899279503,0,1,20.7,king,0,-1,nan,0.699999988079071,0.0,0.0
1.12,-32.942763212733695,-8.906211830627614,7.000429850649963,2.089074706123331,16.673233405187084,5.815429850649902,17.764041268521567,0,1,20.9,king,0,-1,nan,0.699999988079071,0.0,0.0
1.14,-32.943108795812236,-8.90554996555437,7.042204861299785,2.0890841341554727,16.673534175425697,5.857204861299723,17.77930897056942,0,1,21.0,king,0,-1,nan,0.699999988079071,0.0,0.0
1.16,-32.943420082715384,-8.904863874439382,7.083978631511664,2.0890281821154586,16.673799142660346,5.898978631511603,17.796631617664215,0,1,21.1,king,0,-1,nan,0.699999988079071,0.0,0.0
1.18,-32.943676161546335,-8.904188764121304,7.125753302980324,2.0890455515759214,16.674009783278105,5.940753302980262,17.812270132358815,0,1,21.2,king,0,-1,nan,0.699999988079071,0.0,0.0
1.2,-32.943883652810875,-8.90350489301978,7.167529249415168,2.089102937169029,16.67417139042623,5.982529249415106,17.829838436850785,0,1,21.4,king,0,-1,nan,0.699999988079071,0.0,0.0
1.22,-32.94403732980535,-8.902859608621853,7.209305458908543,2.0890737709612077,16.674281891743842,6.024305458908481,17.845706044598984,0,1,21.5,king,0,-1,nan,0.699999988079071,0.0,0.0
1.24,-32.94414605634879,-8.902224740102772,7.25108134333365,2.0890424834105312,16.6743482580891,6.066081343333588,17.863476511883782,0,1,21.6,king,0,-1,nan,0.699999988079071,0.0,0.0
1.26,-32.944208749928784,-8.90163954015095,7.292857425161564,2.089011370458032,16.674372009846337,6.1078574251615025,17.879532688544707,0,1,21.7,king,0,-1,nan,0.699999988079071,0.0,0.0
1.28,-32.94423578769801,-8.901067452051015,7.334634400557396,2.089045050411151,16.67436107362534,6.149634400557334,17.897577330999273,0,1,21.9,king,0,-1,nan,0.699999988079071,0.0,0.0
1.3,-32.94422957078308,-8.900539618690338,7.376411021068247,2.0889977668815107,16.67431990610986,6.191411021068185,17.913898449787574,0,1,22.0,king,0,-1,nan,0.699999988079071,0.0,0.0
1.32,-32.94420145717358,-8.900010823964752,7.418184230987123,2.088828308623822,16.67425684289713,6.233184230987061,17.9316904220519,0,1,22.1,king,0,-1,nan,0.699999988079071,0.0,0.0
1.34,-32.94415671003092,-8.899503774262527,7.459958416013506,2.0888643064628254,16.674178637895103,6.274958416013444,17.947749775262675,0,1,22.2,king,0,-1,nan,0.699999988079071,0.0,0.0
1.36,-32.94409002036766,-8.898981158761023,7.50173118791047,2.0888047098935467,16.674077524164403,6.316731187910408,17.96600423521328,0,0,22.4,king,0,-1,nan,0.699999988079071,0.0,0.0
1.38,-32.94399209940142,-8.898473771336265,7.543505123654105,2.0888565879613745,16.673946270085043,6.3585051236540435,17.98249335977805,0,0,22.5,king,0,-1,nan,0.699999988079071,0.0,0.0
1.4,-32.94387374770625,-8.897955245098597,7.585280285892819,2.0889273902254875,16.673793908931795,6.400280285892757,18.00102303780712,0,0,22.6,king,0,-1,nan,0.699999988079071,0.0,0.0
1.42,-32.9437437569495,-8.897467308845316,7.6270559802947355,2.0889373028805927,16.67363196995128,6.442055980294674,18.01778840768742,0,0,22.7,king,0,-1,nan,0.699999988079071,0.0,0.0
1.44,-32.94361357055706,-8.896974667086186,7.668830708234013,2.0888917748415374,16.673469538847343,6.483830708233951,18.03646402379242,0,0,22.8,king,0,-1,nan,0.699999988079071,0.0,0.0
1.46,-32.94349458411247,-8.89651016123729,7.710606065590243,2.0889054584269866,16.673320153870268,6.525606065590181,18.053376744666995,0,0,23.0,king,0,-1,nan,0.699999988079071,0.0,0.0
1.48,-32.943394420408005,-8.896034056121863,7.752380082508955,2.088842501466697,16.67318879800656,6.567380082508893,18.071994096617896,0,0,23.1,king,0,-1,nan,0.699999988079071,0.0,0.0
1.5,-32.94332268037821,-8.89557475352902,7.794154870658287,2.088868731170789,16.67308692495733,6.609154870658225,18.088846219099093,0,0,23.2,king,0,-1,nan,0.699999988079071,0.0,0.0
1.52,-32.9432734126674,-8.895099920131084,7.835929879539551,2.088886821427132,16.673006464154607,6.650929879539489,18.107787003519867,0,0,23.3,king,0,-1,nan,0.699999988079071,0.0,0.0
1.54,-32.94324471183607,-8.894645301309438,7.877705195769108,2.0888899851896294,16.6729478705052,6.692705195769046,18.124945952685383,0,0,23.5,king,0,-1,nan,0.699999988079071,0.0,0.0
1.56,-32.94323035484039,-8.89417039676638,7.919480696793182,2.0889101382424173,16.672902265992033,6.734480696793121,18.144205529513574,0,0,23.6,king,0,-1,nan,0.699999988079071,0.0,0.0
1.58,-32.94322953881891,-8.893702407431014,7.9610861623037845,2.0804048734788694,16.67287064166831,6.776086162303723,18.161640211065222,0,0,23.7,king,0,-1,nan,0.6926805377006531,0.0,0.0
1.6,-32.943235101800056,-8.893196798985054,8.002326116338963,2.06215268570919,16.67284292056812,6.817326116338902,18.179184240419392,0,0,23.8,king,0,-1,nan,0.6820833683013916,0.0,0.0
1.62,-32.94324739737445,-8.892670330127547,8.043075502874112,2.03763945757714,16.672820560997202,6.85807550287405,18.194751912872878,0,0,23.9,king,0,-1,nan,0.6711149215698242,0.0,0.0
1.64,-32.94323284408063,-8.89216371696267,8.083253499682387,2.0090596657534348,16.672772732304942,6.898253499682325,18.210920882879684,0,0,24.0,king,0,-1,nan,0.660915732383728,0.0,0.0
1.66,-32.94316198883581,-8.89176648095422,8.122824006181569,1.9786281873522682,16.67267592491451,6.937824006181507,18.225129229046143,0,0,24.2,king,0,-1,nan,0.6509769558906555,0.0,0.0
1.68,-32.942985664126624,-8.891529438865074,8.161749501404676,1.9463308157397654,16.672484407742445,6.976749501404615,18.240178831927814,0,0,24.3,king,0,-1,nan,0.641177237033844,0.0,0.0
1.7,-32.942663032318784,-8.891555024041915,8.200019355833623,1.9135611460686621,16.672164153652883,7.015019355833561,18.25322383150859,0,0,24.4,king,0,-1,nan,0.6324610710144043,0.0,0.0
1.72,-32.94212813647582,-8.891918117053764,8.23760920395607,1.8797703529731464,16.67165427145366,7.052609203956009,18.267058985231774,0,0,24.5,king,0,-1,nan,0.6238144636154175,0.0,0.0
1.74,-32.94132294340769,-8.892746063042189,8.27451531268879,1.8462087451233231,16.67090525385396,7.089515312688728,18.278796991469925,0,0,24.6,king,0,-1,nan,0.6163413524627686,0.0,0.0
1.76,-32.94018022553712,-8.89411205460445,8.310741259525908,1.8134848781597972,16.669854915523157,7.125741259525847,18.291906757764163,0,0,24.7,king,0,-1,nan,0.6099705100059509,0.0,0.0
1.78,-32.93864447054147,-8.896134470239351,8.346257151357568,1.7803281165315608,16.668455820538483,7.161257151357506,18.302841919953543,0,0,24.8,king,0,-1,nan,0.6039429306983948,0.0,0.0
1.8,-32.93664895171517,-8.89887854797387,8.38105904948007,1.7483450538496925,16.666645963907047,7.1960590494800085,18.314991745377963,0,0,24.9,king,0,-1,nan,0.5990273356437683,0.0,0.0
1.82,-32.93414027855131,-8.902453158586454,8.415108230778543,1.716404693808324,16.664379687141174,7.230108230778481,18.32488606882531,0,0,25.0,king,0,-1,nan,0.5944565534591675,0.0,0.0
1.84,-32.931052722083656,-8.90691503367792,8.448393629318138,1.6862377428853794,16.661595769098273,7.2633936293180765,18.3358289508845,0,0,25.1,king,0,-1,nan,0.5910215377807617,0.0,0.0
1.86,-32.927335824243414,-8.912362527967723,8.480867015160522,1.6568126868029773,16.658251229752974,7.29586701516046,18.344896360495955,0,0,25.2,king,0,-1,nan,0.5879653096199036,0.0,0.0
1.88,-32.922928977632445,-8.918838005110178,8.512494530439787,1.6291499501390219,16.65428950572099,7.327494530439725,18.354678494323455,0,0,25.3,king,0,-1,nan,0.5851960778236389,0.0,0.0
1.9,-32.9177966510299,-8.92641449250636,8.543247483693793,1.6042818264435705,16.649681411170107,7.358247483693732,18.362026349525337,0,0,25.4,king,0,-1,nan,0.5839481949806213,0.0,0.0
1.92,-32.911893739350994,-8.935106863198751,8.573103293069229,1.5825383312935146,16.644384602124134,7.388103293069167,18.36982854201569,0,0,25.5,king,0,-1,nan,0.5830867886543274,0.0,0.0
1.94,-32.90518860249342,-8.944975914626351,8.602020673925724,1.5641067354555396,16.638373622568626,7.417020673925662,18.375862615288472,0,0,25.6,king,0,-1,nan,0.5828046798706055,0.0,0.0
1.96,-32.89763223658878,-8.956035354584701,8.629992603292958,1.550676231844339,16.631602834401395,7.444992603292897,18.382052073167554,0,0,25.6,king,0,-1,nan,0.5842243432998657,0.0,0.0
1.98,-32.88921476093113,-8.968310603801141,8.657011809772222,1.5423789730006536,16.624066781856488,7.47201180977216,18.386095295146877,0,0,25.7,king,0,-1,nan,0.5864890217781067,0.0,0.0
2.0,-32.8799019430367,-8.981791713813374,8.683074961234244,1.539282924310151,16.615733571945498,7.498074961234182,18.390899883892168,0,0,25.8,king,0,-1,nan,0.5895181894302368,0.0,0.0
2.02,-32.86968570236893,-8.99649885872304,8.708177890577957,1.5417755563076334,16.606599846288177,7.523177890577895,18.393119308584406,0,0,25.9,king,0,-1,nan,0.5935564041137695,0.0,0.0
2.04,-32.85856808907241,-9.012411021359522,8.732326846561106,1.549169390558091,16.596669715485827,7.547326846561044,18.395626122970626,0,0,26.0,king,0,-1,nan,0.5983853340148926,0.0,0.0
2.06,-32.84656259932214,-9.029557694293702,8.755517843562322,1.5620199412668232,16.585962681637458,7.57051784356226,18.396046338678943,0,0,26.1,king,0,-1,nan,0.6043013334274292,0.0,0.0
2.08,-32.83366630630977,-9.04791707965743,8.777772989623072,1.5800893412874726,16.574478435309327,7.59277298962301,18.39699239901189,0,0,26.1,king,0,-1,nan,0.6112987399101257,0.0,0.0
2.1,-32.81991225527498,-9.06748546879499,8.799092510085178,1.6020437931286378,16.56225413665344,7.614092510085116,18.395412166641897,0,0,26.2,king,0,-1,nan,0.6183844208717346,0.0,0.0
2.12,-32.80531735962787,-9.088205833772294,8.819499908175827,1.6269652735790814,16.54930698283792,7.634499908175765,18.394432444873292,0,0,26.3,king,0,-1,nan,0.6265376806259155,0.0,0.0
2.14,-32.789909575787725,-9.110073589185028,8.839012369342871,1.6555472437016117,16.5356693366273,7.6540123693428095,18.390965750765012,0,0,26.4,king,0,-1,nan,0.6361366510391235,0.0,0.0
2.16,-32.77370242219209,-9.13302850913443,8.857665268799943,1.6863650521992373,16.52135491957684,7.672665268799881,18.387963583935548,0,0,26.4,king,0,-1,nan,0.6469566822052002,0.0,0.0
2.18,-32.75672746656988,-9.157053383255027,8.875462177796997,1.7190649091409917,16.506398902742234,7.6904621777969355,18.38249994578224,0,0,26.5,king,0,-1,nan,0.6576016545295715,0.0,0.0
2.2,-32.739001285371224,-9.182096082078202,8.892414145835337,1.7526576138886256,16.49081872481905,7.707414145835275,18.377659139186946,0,0,26.6,king,0,-1,nan,0.6691915392875671,0.0,0.0
2.22,-32.72054882689752,-9.208160106076102,8.908536396399548,1.7886821503148542,16.474644837896868,7.723536396399486,18.37039449621913,0,0,26.6,king,0,-1,nan,0.6821005940437317,0.0,0.0
2.24,-32.70138168655675,-9.235192667642742,8.923859272319566,1.8254651326149123,16.457889722522776,7.738859272319504,18.363931980594103,0,0,26.7,king,0,-1,nan,0.6960521340370178,0.0,0.0
2.26,-32.68152051929917,-9.263196218150792,8.938417186321038,1.8645359114030895,16.440579670151042,7.753417186320976,18.355073390917422,0,0,26.8,king,0,-1,nan,0.7112773656845093,0.0,0.0
2.28,-32.66098194909833,-9.292133402844527,8.95225007116054,1.9042992325767643,16.422733563522737,7.767250071160478,18.34692585298992,0,0,26.8,king,0,-1,nan,0.7274019718170166,0.0,0.0
2.3,-32.639803711503355,-9.322006071638517,8.965347417542725,1.944501588299412,16.40439488231391,7.7803474175426635,18.33642175533988,0,0,26.9,king,0,-1,nan,0.7427879571914673,0.0,0.0
2.32,-32.61800330756232,-9.35276938763631,8.97771166522758,1.9840072101587551,16.385582732142478,7.792711665227519,18.32633707291694,0,0,27.0,king,0,-1,nan,0.7588002681732178,0.0,0.0
2.34,-32.59560650904385,-9.3844353966095,8.98935270884927,2.024763322446086,16.366329807982638,7.8043527088492075,18.31392279343837,0,0,27.0,king,0,-1,nan,0.7756246328353882,0.0,0.0
2.36,-32.57261514052926,-9.416977601647517,9.000283314709739,2.065838981737686,16.34664143829302,7.815283314709677,18.302566793904937,0,0,27.1,king,0,-1,nan,0.7929365038871765,0.0,0.0
2.38,-32.54904131706785,-9.45042311959751,9.010513752147599,2.1089035502500333,16.32653859900562,7.825513752147537,18.288903917722095,0,0,27.1,king,0,-1,nan,0.8111104369163513,0.0,0.0
2.4,-32.52488427997806,-9.484741027586697,9.02006903997186,2.152083162377798,16.30602388511971,7.835069039971798,18.275713011530197,0,0,27.2,king,0,-1,nan,0.8297654986381531,0.0,0.0
2.42,-32.50015460808017,-9.519953331351413,9.028967482303367,2.196955441356715,16.285116699243122,7.843967482303305,18.26025197915584,0,0,27.2,king,0,-1,nan,0.8489299416542053,0.0,0.0
2.44,-32.47482281621157,-9.556070867495608,9.037290182959447,2.2446845227180736,16.263795809720833,7.852290182959385,18.24597606566384,0,0,27.3,king,0,-1,nan,0.8700649738311768,0.0,0.0
2.46,-32.44888984608955,-9.593129513162134,9.045016522755779,2.2943182454899302,16.242073348498252,7.860016522755717,18.229412551681417,0,0,27.3,king,0,-1,nan,0.8898686766624451,0.0,0.0
2.48,-32.42232805604467,-9.631127618679118,9.05221808385312,2.3458725431632175,16.219929385482665,7.867218083853058,18.214233010285106,0,0,27.4,king,0,-1,nan,0.9115737080574036,0.0,0.0
2.5,-32.395123512363554,-9.67011643374542,9.058947374299493,2.4007802102044895,16.197363985987263,7.873947374299431,18.196768239906785,0,0,27.5,king,0,-1,nan,0.9337143898010254,0.0,0.0
2.52,-32.367268018382234,-9.710089464170347,9.065252807621274,2.4563846378726764,16.174376886278328,7.880252807621212,18.180579798693632,0,0,27.5,king,0,-1,nan,0.9559429287910461,0.0,0.0
2.54,-32.33876762536074,-9.75109707662404,9.071165794042821,2.5143886383938523,16.1509890643206,7.88616579404276,18.162136966377584,0,0,27.6,king,0,-1,nan,0.9785196185112,0.0,0.0
2.56,-32.30961818128738,-9.793116937633307,9.076714370595917,2.572034948630036,16.127203202481734,7.891714370595856,18.14465219311971,0,0,27.6,king,0,-1,nan,1.0,0.0,0.0
2.58,-32.27984746977127,-9.83615737619684,9.081824166271923,2.629108512294155,16.10305760070537,7.896824166271862,18.125315182389553,0,0,27.7,king,0,-1,nan,1.0,0.0,0.0
2.6,-32.24945394710037,-9.880184656127245,9.086472307957482,2.685038556308636,16.07855638197745,7.9014723079574205,18.10730171173645,0,0,27.7,king,0,-1,nan,1.0,0.0,0.0
2.62,-32.218454307663414,-9.92521864344412,9.090667212293175,2.74163951006665,16.053728756131086,7.905667212293113,18.088756502718276,0,0,27.7,king,0,-1,nan,1.0,0.0,0.0
2.64,-32.186856493181615,-9.971204926256263,9.094404386545182,2.796035835917675,16.028585693470635,7.909404386545121,18.069941320908463,0,0,27.8,king,0,-1,nan,1.0,0.0,0.0
2.66,-32.15472883772485,-10.01808730550237,9.097724177146102,2.846561407452038,16.00319732969158,7.91272417714604,18.050714443112028,0,0,27.8,king,0,-1,nan,1.0,0.0,0.0
2.68,-32.12207279597485,-10.065831233724571,9.100699158508244,2.8960102982247506,15.977570112355165,7.915699158508182,18.031860173151305,0,0,27.9,king,0,-1,nan,1.0,0.0,0.0
2.7,-32.088968080968435,-10.114372925043646,9.103355455883815,2.940779602214314,15.951783468704834,7.918355455883753,18.01278698774059,0,0,27.9,king,0,-1,nan,1.0,0.0,0.0
2.72,-32.0554388525663,-10.163648346842788,9.10577491547927,2.98250320010724,15.925861089859815,7.920774915479208,17.993651339579166,0,0,28.0,king,0,-1,nan,1.0,0.0,0.0
2.74,-32.021590554969265,-10.213561865047195,9.107971071079547,3.017403539957735,15.89990149801789,7.922971071079485,17.974494706958634,0,0,28.0,king,0,-1,nan,1.0,0.0,0.0
2.76,-31.98745807252148,-10.264041392701039,9.110011381048375,3.0485127254829143,15.873935824320066,7.925011381048313,17.95538734656237,0,0,28.1,king,0,-1,nan,1.0,0.0,0.0
2.78,-31.953155491659334,-10.314986739606256,9.111889488717374,3.0723047999479878,15.848067996578557,7.926889488717312,17.935946351530664,0,0,28.1,king,0,-1,nan,1.0,0.0,0.0
2.8,-31.91872744134393,-10.366319602042399,9.113657675927097,3.091714694314764,15.822335417689938,7.9286576759270355,17.916642908428877,0,0,28.2,king,0,-1,nan,1.0,0.0,0.0
2.82,-31.88427265839651,-10.417942367360407,9.11528417964799,3.1043064770515993,15.796824513976208,7.930284179647928,17.897185276261823,0,0,28.2,king,0,-1,nan,1.0,0.0,0.0
2.84,-31.849822546255012,-10.469777335442068,9.116797539575655,3.11286218810736,15.771557160519531,7.9317975395755935,17.877926146973525,0,0,28.2,king,0,-1,nan,1.0,0.0,0.0
2.86,-31.815463946538824,-10.521744297829962,9.118230895233575,3.1157395040039004,15.746608242652673,7.933230895233513,17.857852277567968,0,0,28.3,king,0,-1,nan,1.0,0.0,0.0
2.88,-31.7812202033522,-10.573770171595058,9.119559212298528,3.1149197079050874,15.721990050939375,7.934559212298466,17.83802698091504,0,0,28.3,king,0,-1,nan,1.0,0.0,0.0
2.9,-31.74713455524313,-10.625786573921332,9.120761267653574,3.110057256330065,15.69773417964688,7.935761267653512,17.81897481894169,0,0,28.4,king,0,-1,nan,1.0,0.0,0.0
2.92,-31.713187711221288,-10.677739197477665,9.12187183631615,3.1035047431023686,15.673812239071404,7.9368718363160875,17.800192027806876,0,0,28.4,king,0,-1,nan,1.0,0.0,0.0
2.94,-31.679429991322316,-10.72955940292053,9.122918248850047,3.09273839990928,15.650260785320505,7.937918248849985,17.78036705175072,0,0,28.4,king,0,-1,nan,1.0,0.0,0.0
2.96,-31.645847771437353,-10.781189301424597,9.123929432316002,3.0799490271528764,15.627054519849414,7.93892943231594,17.76207810307591,0,0,28.5,king,0,-1,nan,1.0,0.0,0.0
2.98,-31.612458137944078,-10.832611166414518,9.12494356122589,3.065984459069671,15.604205271075815,7.939943561225829,17.74215553524947,0,0,28.5,king,0,-1,nan,1.0,0.0,0.0
3.0,-31.579242750598613,-10.883769298888,9.125975827887782,3.0501975547268714,15.58168229854973,7.94097582788772,17.724611869191513,0,0,28.6,king,0,-1,nan,1.0,0.0,0.0
3.02,-31.54619571844774,-10.934674263810674,9.126959072951617,3.034958219899834,15.559479662981275,7.941959072951556,17.70539627056429,0,0,28.6,king,0,-1,nan,1.0,0.0,0.0
3.04,-31.513297415399627,-10.985265609581687,9.127836417276566,3.017678057477415,15.537563559390914,7.942836417276504,17.687465639604767,0,0,28.6,king,0,-1,nan,1.0,0.0,0.0
3.06,-31.480542397923102,-11.035545057574506,9.128575109999941,3.000608158061247,15.51592622392733,7.9435751099998795,17.66917160011212,0,0,28.7,king,0,-1,nan,1.0,0.0,0.0
3.08,-31.447908144626243,-11.085522709634356,9.129160214666165,2.9845864626148506,15.49454501581216,7.944160214666103,17.651019341985943,0,0,28.7,king,0,-1,nan,1.0,0.0,0.0
3.1,-31.41541829294183,-11.135198131178536,9.12967405366453,2.967954682345768,15.473440295172546,7.944674053664468,17.632881666051592,0,0,28.7,king,0,-1,nan,1.0,0.0,0.0
3.12,-31.383034064084427,-11.18458445950174,9.130178791563793,2.952965655185947,15.452574414850451,7.945178791563731,17.61510908419834,0,0,28.8,king,0,-1,nan,1.0,0.0,0.0
3.14,-31.35078191796809,-11.233688111105963,9.130701043398064,2.9375339474450746,15.431972127589047,7.945701043398002,17.59689497694899,0,0,28.8,king,0,-1,nan,1.0,0.0,0.0
3.16,-31.318623981151962,-11.282528957131289,9.131256108394746,2.9239824032859145,15.411598562631534,7.946256108394684,17.57907449592967,0,0,28.8,king,0,-1,nan,1.0,0.0,0.0
3.18,-31.286574747665433,-11.331138903287538,9.13182681129959,2.9113596197451863,15.39147297006978,7.946826811299528,17.56145253971843,0,0,28.9,king,0,-1,nan,1.0,0.0,0.0
3.2,-31.2545848120063,-11.379562637771802,9.132392961183928,2.90195389805275,15.37155582627545,7.9473929611838665,17.544184535552397,0,0,28.9,king,0,-1,nan,1.0,0.0,0.0
3.22,-31.22267662887022,-11.42782812067764,9.132921510567103,2.893081555897534,15.351874241242601,7.947921510567041,17.527081938265827,0,0,28.9,king,0,-1,nan,1.0,0.0,0.0
3.24,-31.19080968803011,-11.475975491550875,9.133386377946191,2.8869912288540074,15.332397424132804,7.94838637794613,17.51029166747121,0,0,29.0,king,0,-1,nan,1.0,0.0,0.0
3.26,-31.159013727843647,-11.524028599972977,9.133755205462142,2.8810676610165524,15.313159434254557,7.9487552054620805,17.493554256171315,0,0,29.0,king,0,-1,nan,1.0,0.0,0.0
3.28,-31.127256602948506,-11.57202331446809,9.13400867723206,2.8775301253901406,15.294137546272365,7.9490086772319986,17.47709992700395,0,0,29.0,king,0,-1,nan,1.0,0.0,0.0
3.3,-31.095566684573104,-11.61997862139972,9.13422710723182,2.874025965962786,15.275363995489837,7.949227107231759,17.460758020998966,0,0,29.1,king,0,-1,nan,1.0,0.0,0.0
3.32,-31.063910245936782,-11.667925876537558,9.134468380667402,2.8727720042055362,15.256814242454569,7.94946838066734,17.444763565022807,0,0,29.1,king,0,-1,nan,1.0,0.0,0.0
3.34,-31.032319229548193,-11.7158767959708,9.13475394262226,2.871134155951103,15.238522701130515,7.9497539426221975,17.428820702345433,0,0,29.1,king,0,-1,nan,1.0,0.0,0.0
3.36,-31.000760491570603,-11.763855731684663,9.135103516270398,2.8714344919868298,15.22046427966368,7.950103516270336,17.413249617974213,0,0,29.2,king,0,-1,nan,1.0,0.0,0.0
3.38,-30.96925665763336,-11.811870665138148,9.135508930401215,2.8714498724100794,15.20266380330748,7.950508930401154,17.397946494821316,0,0,29.2,king,0,-1,nan,1.0,0.0,0.0
3.4,-30.937764667376893,-11.859942138885396,9.135961961960026,2.8735071237683303,15.185086186421263,7.9509619619599645,17.38299802574347,0,0,29.2,king,0,-1,nan,1.0,0.0,0.0
3.42,-30.90631533648898,-11.908074211362297,9.136438720943966,2.874884394783529,15.167763429595283,7.951438720943904,17.36833307315255,0,0,29.2,king,0,-1,nan,1.0,0.0,0.0
3.44,-30.874873699858934,-11.956284512881469,9.136940513630034,2.8779599903598845,15.150667938508576,7.951940513629972,17.354012385487447,0,0,29.3,king,0,-1,nan,1.0,0.0,0.0
3.46,-30.843455882029005,-12.00456189851682,9.137453115174296,2.8801249978613637,15.133813572498967,7.952453115174234,17.339915664742254,0,0,29.3,king,0,-1,nan,1.0,0.0,0.0
3.48,-30.812012765578558,-12.052908271934445,9.137971317528619,2.883708518744892,15.117155038212566,7.952971317528557,17.326143384833834,0,0,29.3,king,0,-1,nan,1.0,0.0,0.0
3.5,-30.78056829018851,-12.101310054898969,9.138486405606463,2.8860669354799415,15.100712879609214,7.953486405606401,17.3122658030271,0,0,29.4,king,0,-1,nan,1.0,0.0,0.0
3.52,-30.749081372598177,-12.149766583757025,9.138997940753878,2.8895167574003238,15.084448819517313,7.953997940753816,17.298712259691772,0,0,29.4,king,0,-1,nan,1.0,0.0,0.0
3.54,-30.717575164880685,-12.198272971992582,9.139496482943924,2.892126971932409,15.068384943434884,7.9544964829438625,17.28529966612932,0,0,29.4,king,0,-1,nan,1.0,0.0,0.0
3.56,-30.68600822070331,-12.246837184182748,9.139980057064912,2.896199455441327,15.05248525699265,7.954980057064851,17.272200749973035,0,0,29.4,king,0,-1,nan,1.0,0.0,0.0
3.58,-30.654411401607025,-12.295451714270905,9.14044381921026,2.899114773522811,15.036778425576177,7.955443819210198,17.259226429221407,0,0,29.5,king,0,-1,nan,1.0,0.0,0.0
3.6,-30.62275096409899,-12.344121885474879,9.14089191698935,2.903174839655626,15.021235183085473,7.955891916989288,17.246566956165317,0,0,29.5,king,0,-1,nan,1.0,0.0,0.0
3.62,-30.59106544489801,-12.392837647785303,9.141324397177526,2.905763524288654,15.005890587680119,7.956324397177464,17.233823360369676,0,0,29.5,king,0,-1,nan,1.0,0.0,0.0
3.64,-30.559328562571906,-12.441601771288815,9.141752649487612,2.909189251702176,14.990721723531056,7.956752649487551,17.22140964661526,0,0,29.5,king,0,-1,nan,1.0,0.0,0.0
3.66,-30.527575914409088,-12.490402629394062,9.142180036101562,2.911158307477478,14.975760082625541,7.957180036101501,17.209105143782594,0,0,29.6,king,0,-1,nan,1.0,0.0,0.0
3.68,-30.49577807695015,-12.539241284684568,9.142618166208662,2.913978669980606,14.960979177630763,7.9576181662086,17.197142744220194,0,0,29.6,king,0,-1,nan,1.0,0.0,0.0
3.7,-30.463977662413615,-12.588104727339797,9.14306750516143,2.9150918931959473,14.946416395619849,7.958067505161368,17.18471876230976,0,0,29.6,king,0,-1,nan,1.0,0.0,0.0
3.72,-30.432151704392666,-12.63699277477316,9.143543622482117,2.9168302459610005,14.932050849298568,7.958543622482055,17.17266472130474,0,0,29.6,king,0,-1,nan,1.0,0.0,0.0
3.74,-30.400317628640977,-12.685898354689252,9.144039662128167,2.917794621466744,14.917897658887115,7.959039662128105,17.16075764276346,0,0,29.7,king,0,-1,nan,1.0,0.0,0.0
3.76,-30.368427527087356,-12.734827112957563,9.144554523112909,2.9203026575222175,14.903914323278942,7.959554523112847,17.14920472833636,0,0,29.7,king,0,-1,nan,1.0,0.0,0.0
3.78,-30.336506979347018,-12.783769071749171,9.145078925808402,2.9216911612069096,14.890122669359217,7.96007892580834,17.13791348294093,0,0,29.7,king,0,-1,nan,1.0,0.0,0.0
3.8,-30.304515893223112,-12.832727136942463,9.145618537393618,2.924300309270841,14.876486815612894,7.9606185373935565,17.12697041597437,0,0,29.7,king,0,-1,nan,1.0,0.0,0.0
3.82,-30.272487161948945,-12.881689087044913,9.146171406759716,2.925499038370904,14.863034531823208,7.961171406759655,17.116125843880667,0,0,29.8,king,0,-1,nan,1.0,0.0,0.0
3.84,-30.240388045664528,-12.930655164820456,9.146745513769028,2.9276097920569835,14.84973596220135,7.9617455137689666,17.105634532095827,0,0,29.8,king,0,-1,nan,1.0,0.0,0.0
3.86,-30.208259231750315,-12.979610606982297,9.147344101549907,2.927991764045297,14.836624983652056,7.962344101549845,17.095004588204244,0,0,29.8,king,0,-1,nan,1.0,0.0,0.0
3.88,-30.176075565003565,-13.02855292801623,9.147979132708805,2.9289684438498464,14.823677768242485,7.962979132708743,17.0847487406857,0,0,29.8,king,0,-1,nan,1.0,0.0,0.0
3.9,-30.143878030243783,-13.0774748260379,9.148650062782687,2.9285164750322212,14.810930660030348,7.963650062782626,17.074680387439546,0,0,29.9,king,0,-1,nan,1.0,0.0,0.0
3.92,-30.11164144411856,-13.126381430924177,9.149370491910517,2.928981266856902,14.79836241868047,7.964370491910455,17.06500058860117,0,0,29.9,king,0,-1,nan,1.0,0.0,0.0
3.94,-30.079410747811675,-13.175260549325943,9.150140926664381,2.927703694822327,14.78601103003118,7.965140926664319,17.054810319967867,0,0,29.9,king,0,-1,nan,1.0,0.0,0.0
3.96,-30.047164523747025,-13.224112156006006,9.150970168970817,2.927023267952447,14.773856797588904,7.965970168970755,17.04503662958914,0,0,29.9,king,0,-1,nan,1.0,0.0,0.0
3.98,-30.01492986134368,-13.2729386616339,9.1518476308981,2.925692675043903,14.761926087452478,7.966847630898038,17.035404077296484,0,0,30.0,king,0,-1,nan,1.0,0.0,0.0
4.0,-29.982667913468294,-13.321754789923492,9.152768609452185,2.926045054077786,14.750188613995615,7.967768609452123,17.02617712543418,0,0,30.0,king,0,-1,nan,1.0,0.0,0.0
4.02,-29.950413782238396,-13.370559840056583,9.153718030222219,2.9253902729753283,14.73867714464598,7.968718030222157,17.017154778511507,0,0,30.0,king,0,-1,nan,1.0,0.0,0.0
4.04,-29.918136506809304,-13.419365728761875,9.154699842200674,2.926090068760659,14.727367982555677,7.969699842200613,17.008536337785653,0,0,30.0,king,0,-1,nan,1.0,0.0,0.0
4.06,-29.88587030614924,-13.46816454926718,9.155707391086397,2.925511810992099,14.716290282672196,7.970707391086335,17.00005603429418,0,0,30.0,king,0,-1,nan,1.0,0.0,0.0
4.08,-29.85358362128875,-13.516960734388972,9.15674441581735,2.9259926187592367,14.705417076191877,7.971744415817288,16.991981349284053,0,0,30.1,king,0,-1,nan,1.0,0.0,0.0
4.1,-29.821318451932257,-13.565743702402566,9.15780749960426,2.9248714796365056,14.694783398359274,7.972807499604198,16.9835273743274,0,0,30.1,king,0,-1,nan,1.0,0.0,0.0
4.12,-29.789050941663156,-13.614515220995832,9.158905981610246,2.9244913692714327,14.684368292472021,7.9739059816101845,16.975498208962005,0,0,30.1,king,0,-1,nan,1.0,0.0,0.0
4.14,-29.7568065820946,-13.66326860754537,9.160033739203277,2.9231247241709175,14.674192818860636,7.975033739203215,16.967607010857165,0,0,30.1,king,0,-1,nan,1.0,0.0,0.0
4.16,-29.724545227258698,-13.712009642594577,9.161192256733854,2.923108651925488,14.664222740441511,7.976192256733792,16.96013308446454,0,0,30.1,king,0,-1,nan,1.0,0.0,0.0
4.18,-29.692300325731487,-13.760728901414469,9.162376841642104,2.9217730472540286,14.654485182295682,7.977376841642042,16.952843936649106,0,0,30.2,king,0,-1,nan,1.0,0.0,0.0
4.2,-29.660039524659577,-13.809429406476966,9.163594707696321,2.921464391734802,14.644952023333799,7.978594707696259,16.94597418865343,0,0,30.2,king,0,-1,nan,1.0,0.0,0.0
4.22,-29.62780403507243,-13.858099130786973,9.164842936072024,2.919514911510692,14.635656109552114,7.979842936071962,16.93848925899996,0,0,30.2,king,0,-1,nan,1.0,0.0,0.0
4.24,-29.595569258134443,-13.906738141823045,9.166125067234443,2.918252087777252,14.626575097455119,7.981125067234381,16.931505879579394,0,0,30.2,king,0,-1,nan,1.0,0.0,0.0
4.26,-29.56335613626345,-13.955359663562124,9.167423805994858,2.9169437427156195,14.617733640792009,7.982423805994796,16.92463848079181,0,0,30.2,king,0,-1,nan,1.0,0.0,0.0
4.28,-29.531122359305854,-14.003986240861263,9.168726652176334,2.917729341865755,14.609103135908141,7.983726652176272,16.918192521373626,0,0,30.3,king,0,-1,nan,1.0,0.0,0.0
4.3,-29.4988985385672,-14.052624882865972,9.170009179501065,2.917934627179832,14.600714806238615,7.985009179501003,16.911771949402254,0,0,30.3,king,0,-1,nan,1.0,0.0,0.0
4.32,-29.466650391244638,-14.1012952504927,9.171270099927236,2.919904797668733,14.592546701389551,7.986270099927174,16.905763014140252,0,0,30.3,king,0,-1,nan,1.0,0.0,0.0
4.34,-29.43439510034058,-14.149989650657412,9.172495047778131,2.921065257720188,14.584611785632807,7.9874950477780695,16.899833310133243,0,0,30.3,king,0,-1,nan,1.0,0.0,0.0
4.36,-29.402085588006766,-14.198712904809026,9.1736803933019,2.9237241347220015,14.576870551887875,7.988680393301839,16.89429654892878,0,0,30.3,king,0,-1,nan,1.0,0.0,0.0
4.38,-29.36974665455648,-14.247454955084836,9.17481963853361,2.9252743296525194,14.569341742126642,7.989819638533548,16.88880139524524,0,0,30.3,king,0,-1,nan,1.0,0.0,0.0
4.4,-29.33733892170922,-14.296218179469468,9.175917329785632,2.9280190089760447,14.561991894294081,7.99091732978557,16.88369423292028,0,0,30.4,king,0,-1,nan,1.0,0.0,0.0
4.42,-29.30489474863002,-14.344990150208833,9.17697498508807,2.929354933826537,14.554845258946568,7.9919749850880075,16.878615015635297,0,0,30.4,king,0,-1,nan,1.0,0.0,0.0
4.44,-29.27238213948775,-14.393770760258237,9.178004975978709,2.9315859834161344,14.547873902336404,7.993004975978647,16.873932014200427,0,0,30.4,king,0,-1,nan,1.0,0.0,0.0
4.46,-29.23984121170424,-14.442545088694875,9.179015010150367,2.9320927954639346,14.541107484375551,7.994015010150306,16.86914745579168,0,0,30.4,king,0,-1,nan,1.0,0.0,0.0
4.48,-29.207247330652805,-14.49131038060492,9.180022694659636,2.9331852162526677,14.534523283746825,7.995022694659574,16.864781278062296,0,0,30.4,king,0,-1,nan,1.0,0.0,0.0
4.5,-29.17464418445207,-14.540054978230549,9.181034985219302,2.9325866023222877,14.528155098388867,7.99603498521924,16.860289170105382,0,0,30.4,king,0,-1,nan,1.0,0.0,0.0
4.52,-29.142010230552582,-14.588779361774202,9.182068844122254,2.932622274967514,14.521984250366346,7.997068844122192,16.85624130365881,0,0,30.5,king,0,-1,nan,1.0,0.0,0.0
4.54,-29.10938956887459,-14.637479213500157,9.18312583745055,2.9312541519527393,14.516047855948901,7.998125837450488,16.852242412726667,0,0,30.5,king,0,-1,nan,1.0,0.0,0.0
4.56,-29.07676064494784,-14.686162468613123,9.184221031692044,2.930829854938014,14.510330664426741,7.999221031691982,16.848705651445453,0,0,30.5,king,0,-1,nan,1.0,0.0,0.0
4.58,-29.044167695858974,-14.73481744571446,9.185356142168883,2.928692371535314,14.50486608312748,8.00035614216882,16.84472483375185,0,0,30.5,king,0,-1,nan,1.0,0.0,0.0
4.6,-29.011589000052634,-14.783444495379468,9.186538840096365,2.9271830118531397,14.49963500616026,8.001538840096302,16.841231444518158,0,0,30.5,king,0,-1,nan,1.0,0.0,0.0
4.62,-28.979057450947096,-14.832054126458715,9.1877526808504,2.925180050117762,14.494671168573577,8.002752680850337,16.83767896813731,0,0,30.5,king,0,-1,nan,1.0,0.0,0.0
4.64,-28.9465403131149,-14.880669205912124,9.188996851524719,2.9250376765633455,14.489956976073191,8.003996851524656,16.834610414380013,0,0,30.5,king,0,-1,nan,1.0,0.0,0.0
4.66,-28.914057320172123,-14.92928484007919,9.190256327720382,2.9241285010554425,14.485507395700763,8.00525632772032,16.831649824257074,0,0,30.5,king,0,-1,nan,1.0,0.0,0.0
4.68,-28.881562897645207,-14.977908639140097,9.19152580953586,2.9247961102242157,14.481286645942962,8.006525809535797,16.82915369423865,0,0,30.5,king,0,-1,nan,1.0,0.0,0.0
4.7,-28.84908461039808,-15.02653308891408,9.19279464391699,2.924374377117385,14.477315214528454,8.007794643916927,16.826778747075245,0,0,30.6,king,0,-1,nan,1.0,0.0,0.0
4.72,-28.816584847206652,-15.075163132486065,9.194065002558872,2.925204931449664,14.473563181670187,8.00906500255881,16.82486053087571,0,0,30.6,king,0,-1,nan,1.0,0.0,0.0
4.74,-28.784098747672505,-15.123788853215617,9.1953331264441,2.924643361847421,14.470056198424611,8.010333126444037,16.823073992807576,0,0,30.6,king,0,-1,nan,1.0,0.0,0.0
4.76,-28.751596240034797,-15.172412644974878,9.196608865823835,2.9250271959216194,14.466769658592112,8.011608865823773,16.82174929744226,0,0,30.6,king,0,-1,nan,1.0,0.0,0.0
4.78,-28.719120121554123,-15.221022121176075,9.19789324386165,2.9237087214141706,14.463734173198475,8.012893243861587,16.819888198248275,0,0,30.6,king,0,-1,nan,1.0,0.0,0.0
4.8,-28.686647925527005,-15.26961681115037,9.199193866769285,2.923003176729843,14.460930100992812,8.014193866769222,16.818513415217378,0,0,30.6,king,0,-1,nan,1.0,0.0,0.0
4.82,-28.654208384467108,-15.318206081141158,9.20049540815229,2.921872256099767,14.458386811880514,8.015495408152228,16.817157602034303,0,0,30.6,king,0,-1,nan,1.0,0.0,0.0
4.84,-28.621765347920725,-15.36681155867787,9.20179626685388,2.922642340538547,14.456084698278346,8.016796266853817,16.81628222486411,0,0,30.6,king,0,-1,nan,1.0,0.0,0.0
4.86,-28.589343168754745,-15.415432532882553,9.203082516527148,2.9226919409618586,14.454044382434237,8.018082516527086,16.815476889586254,0,0,30.6,king,0,-1,nan,1.0,0.0,0.0
4.88,-28.556901626351163,-15.464080567542405,9.20434971339479,2.9243335726669866,14.452238033665525,8.019349713394726,16.81513890595543,0,0,30.6,king,0,-1,nan,1.0,0.0,0.0
4.9,-28.52447275001188,-15.51275231395812,9.205588870200508,2.9249386443877694,14.450691435792477,8.020588870200445,16.814884486768133,0,0,30.6,king,0,-1,nan,1.0,0.0,0.0
4.92,-28.49202413877775,-15.561456695922436,9.206802703652553,2.9268167798817672,14.449382297729342,8.02180270365249,16.815095743025825,0,0,30.6,king,0,-1,nan,1.0,0.0,0.0
4.94,-28.459595437201042,-15.61018776691296,9.20798526262265,2.927343681374149,14.448341277646108,8.022985262622587,16.815169288801915,0,0,30.7,king,0,-1,nan,1.0,0.0,0.0
4.96,-28.42716162273475,-15.65895220632162,9.209152343797468,2.928858544784744,14.4475512121095,8.024152343797406,16.815718472089035,0,0,30.7,king,0,-1,nan,1.0,0.0,0.0
4.98,-28.394746469171015,-15.707727894999122,9.210308142010774,2.9287991805665623,14.447020293945911,8.025308142010712,16.816312702544096,0,0,30.7,king,0,-1,nan,1.0,0.0,0.0
5.0,-28.362308716411743,-15.756505121133628,9.21146707620885,2.9294917314799993,14.446708757181945,8.026467076208787,16.81738338854358,0,0,30.7,king,0,-1,nan,1.0,0.0,0.0
5.02,-28.329879709894964,-15.805259716961238,9.21263561280168,2.9283171599690125,14.446629473120975,8.027635612801618,16.81780464338271,0,0,30.7,king,0,-1,nan,1.0,0.0,0.0
5.04,-28.297425456513626,-15.85397957437098,9.213823041333253,2.9275899025833563,14.446747189707128,8.02882304133319,16.818758743179377,0,0,30.7,king,0,-1,nan,1.0,0.0,0.0
5.06,-28.26496189585802,-15.902668544133077,9.215018525270475,2.926571256939951,14.447077075389831,8.030018525270412,16.819700248071445,0,0,30.7,king,0,-1,nan,1.0,0.0,0.0
5.08,-28.232441172220206,-15.95134097635319,9.216216040060665,2.9274721031212425,14.447587463044094,8.031216040060603,16.82112213328916,0,0,30.7,king,0,-1,nan,1.0,0.0,0.0
5.1,-28.199888515789993,-15.99999583828544,9.21739936134724,2.927614762727891,14.448298734682384,8.032399361347178,16.82268254784513,0,0,30.7,king,0,-1,nan,1.0,0.0,0.0
5.12,-28.167264068878456,-16.0486445681894,9.218568767434007,2.929343342862069,14.449184714112004,8.033568767433945,16.824712477177478,0,0,30.7,king,0,-1,nan,1.0,0.0,0.0
5.14,-28.13460016712953,-16.097283759787338,9.219715440245759,2.9300240166685296,14.450270304677897,8.034715440245696,16.826694885103926,0,0,30.7,king,0,-1,nan,1.0,0.0,0.0
5.16,-28.101864404910923,-16.1459221646945,9.220841790416047,2.9319759653911803,14.451534239512693,8.035841790415985,16.829145731400633,0,0,30.7,king,0,-1,nan,1.0,0.0,0.0
5.18,-28.0690966086175,-16.194553846864313,9.221946347702298,2.932570984388781,14.453005915578506,8.036946347702235,16.83155839972168,0,0,30.7,king,0,-1,nan,1.0,0.0,0.0
5.2,-28.03627185302233,-16.243184987514315,9.223039079247236,2.934129548533995,14.454668805079796,8.038039079247174,16.834450386046637,0,0,30.7,king,0,-1,nan,1.0,0.0,0.0
5.22,-28.00343763887568,-16.291807140002938,9.224125117146075,2.934015511876536,14.456556694031152,8.039125117146012,16.83726604038592,0,0,30.7,king,0,-1,nan,1.0,0.0,0.0
5.24,-27.97057648771938,-16.340423882332264,9.22522045260601,2.934553905537944,14.458657482234184,8.040220452605947,16.840583824624847,0,0,30.7,king,0,-1,nan,1.0,0.0,0.0
5.26,-27.937741671061133,-16.389027033401735,9.226325747101857,2.9332631806510254,14.461009191848959,8.041325747101794,16.843314926717717,0,0,30.7,king,0,-1,nan,1.0,0.0,0.0
5.28,-27.90492092950876,-16.43762068919142,9.227461097618553,2.9325046802392305,14.463604000428733,8.04246109761849,16.846583973495534,0,0,30.7,king,0,-1,nan,1.0,0.0,0.0
5.3,-27.872134868247326,-16.486201400597196,9.228619130610037,2.9310204597286553,14.466455987211956,8.043619130609974,16.849887702735682,0,0,30.7,king,0,-1,nan,1.0,0.0,0.0
5.32,-27.839338733972095,-16.53477813508305,9.229799599415692,2.9311597804066527,14.469534379377562,8.04479959941563,16.85371849484996,0,0,30.7,king,0,-1,nan,1.0,0.0,0.0
5.34,-27.8065611732052,-16.583344552878273,9.230994520882579,2.930227493130754,14.472857974090559,8.045994520882516,16.85756173659189,0,0,30.7,king,0,-1,nan,1.0,0.0,0.0
5.36,-27.77376542505911,-16.631906777788238,9.232206274977917,2.930579777388486,14.476400990539096,8.047206274977855,16.861926537833238,0,0,30.7,king,0,-1,nan,1.0,0.0,0.0
5.38,-27.74098791270224,-16.68045585937031,9.23343186753627,2.9295395183740793,14.480186619604037,8.048431867536207,16.866298099545553,0,0,30.7,king,0,-1,nan,1.0,0.0,0.0
5.4,-27.70819958739492,-16.72899522514621,9.234679605862015,2.9294629018452722,14.484193662281871,8.049679605861952,16.87119547646486,0,0,30.7,king,0,-1,nan,1.0,0.0,0.0
5.42,-27.67544476453591,-16.777513253435977,9.235948266864977,2.9276641672126056,14.488449480238158,8.050948266864914,16.875707094021735,0,0,30.7,king,0,-1,nan,1.0,0.0,0.0
5.44,-27.642702113447314,-16.826010541372778,9.237247688385073,2.9264981777806947,14.492937100324415,8.05224768838501,16.880765194073078,0,0,30.7,king,0,-1,nan,1.0,0.0,0.0
5.46,-27.61000520549314,-16.874496884668314,9.238565086820316,2.9247858103514695,14.497688325350444,8.053565086820253,16.885740281305512,0,0,30.7,king,0,-1,nan,1.0,0.0,0.0
5.48,-27.577322463214404,-16.922994244994857,9.239897290964679,2.9248634025297027,14.502691757261108,8.054897290964616,16.89126041607474,0,0,30.7,king,0,-1,nan,1.0,0.0,0.0
5.5,-27.54468691149589,-16.97150438196741,9.241230978937109,2.9240773539166818,14.507973844427571,8.056230978937046,16.89686916124642,0,0,30.6,king,0,-1,nan,1.0,0.0,0.0
5.52,-27.512066602601084,-17.020041431535848,9.242565091679102,2.9247690464419085,14.513518410045656,8.05756509167904,16.903018270769525,0,0,30.6,king,0,-1,nan,1.0,0.0,0.0
5.54,-27.479502011850368,-17.068604337478682,9.243887980323679,2.9242770212226006,14.519355792744548,8.058887980323616,16.908896973253906,0,0,30.6,king,0,-1,nan,1.0,0.0,0.0
5.56,-27.446968707482192,-17.117204741987376,9.2452095819967,2.9249623256133366,14.52547425663388,8.060209581996638,16.915321618018254,0,0,30.6,king,0,-1,nan,1.0,0.0,0.0
5.58,-27.414484726940945,-17.16582142974196,9.246528317286634,2.924265028513829,14.531873721583038,8.061528317286571,16.921782648483752,0,0,30.6,king,0,-1,nan,1.0,0.0,0.0
5.6,-27.382002973095066,-17.214445857474715,9.247853438033712,2.924532120800114,14.538512236086259,8.062853438033649,16.928778642302717,0,0,30.6,king,0,-1,nan,1.0,0.0,0.0
5.62,-27.349549520319634,-17.26305423846998,9.249185582566781,2.9230873700102036,14.545393850040684,8.064185582566719,16.93526841768002,0,0,30.6,king,0,-1,nan,1.0,0.0,0.0
5.64,-27.31708504419974,-17.31163515874487,9.2505331568179,2.922269657670555,14.552480651927,8.065533156817837,16.942303269723627,0,0,30.6,king,0,-1,nan,1.0,0.0,0.0
5.66,-27.28462310965713,-17.360188997935833,9.251883337410781,2.9210766345921164,14.559782618334213,8.066883337410719,16.949275049562946,0,0,30.6,king,0,-1,nan,1.0,0.0,0.0
5.68,-27.25211251573342,-17.40872849229847,9.2532291070462,2.921828334350068,14.567269070558867,8.068229107046138,16.956771822999343,0,0,30.6,king,0,-1,nan,1.0,0.0,0.0
5.7,-27.219574983388412,-17.45725100272744,9.254554674916973,2.9218496537347733,14.574954420941522,8.06955467491691,16.96427308761942,0,0,30.6,king,0,-1,nan,1.0,0.0,0.0
5.72,-27.186967438363286,-17.50576635119635,9.255858204139848,2.923478329858234,14.582812767050786,8.070858204139785,16.97228503716239,0,0,30.6,king,0,-1,nan,1.0,0.0,0.0
5.74,-27.154318952646936,-17.554269452972175,9.257130745894306,2.9240784291652036,14.59086244078684,8.072130745894244,16.980182672504586,0,0,30.6,king,0,-1,nan,1.0,0.0,0.0
5.76,-27.121594037324773,-17.60276744193945,9.258374698675377,2.9259709650106376,14.5990817798354,8.073374698675314,16.988586464384817,0,0,30.5,king,0,-1,nan,1.0,0.0,0.0
5.78,-27.088829317341357,-17.651252713890866,9.25958733864882,2.9265248023464334,14.607492864501468,8.074587338648758,16.99694626376583,0,0,30.5,king,0,-1,nan,1.0,0.0,0.0
5.8,-27.055996694514977,-17.69972987525086,9.26078041099281,2.928070916490934,14.61607796108123,8.075780410992747,17.005819368373423,0,0,30.5,king,0,-1,nan,1.0,0.0,0.0
5.82,-27.023140274702055,-17.748188914870216,9.261957937885825,2.927972597778701,14.624862646716913,8.076957937885762,17.014404543954665,0,0,30.5,king,0,-1,nan,1.0,0.0,0.0
5.84,-26.99023931449958,-17.796631762980482,9.2631341822474,2.9285518033992686,14.633832717150673,8.078134182247338,17.02352281181609,0,0,30.5,king,0,-1,nan,1.0,0.0,0.0
5.86,-26.957338654739196,-17.845055180929535,9.264310196023281,2.927739668642881,14.643018364325437,8.079310196023219,17.03270045880193,0,0,30.5,king,0,-1,nan,1.0,0.0,0.0
5.88,-26.92441795011698,-17.893468067754743,9.265501800139015,2.927883332692038,14.652410377312798,8.080501800138952,17.042428452621824,0,0,30.5,king,0,-1,nan,1.0,0.0,0.0
5.9,-26.89152973731974,-17.94186451743319,9.266709927683175,2.926307594323336,14.662042231413595,8.081709927683113,17.05142362227375,0,0,30.5,king,0,-1,nan,1.0,0.0,0.0
5.92,-26.85866113251591,-17.99025053194493,9.267945729406595,2.9253541614565166,14.67190797711061,8.082945729406532,17.06099876892116,0,0,30.4,king,0,-1,nan,1.0,0.0,0.0
5.94,-26.8258383748033,-18.03863336494734,9.269197037956046,2.923951831975736,14.682030767961217,8.084197037955983,17.07055268848948,0,0,30.4,king,0,-1,nan,1.0,0.0,0.0
5.96,-26.79302271215046,-18.087032487859023,9.27045828767905,2.9244373667548285,14.692395713199746,8.085458287678987,17.08067868774058,0,0,30.4,king,0,-1,nan,1.0,0.0,0.0
5.98,-26.7602482607419,-18.135451988027256,9.271714925402254,2.924120295080665,14.70302954460098,8.086714925402191,17.090849537329913,0,0,30.4,king,0,-1,nan,1.0,0.0,0.0
6.0,-26.72748430737786,-18.183908332260653,9.272965178366514,2.925344880941862,14.713921477775674,8.087965178366451,17.101588748831457,0,0,30.4,king,0,-1,nan,1.0,0.0,0.0
6.02,-26.694772414033153,-18.23240281511176,9.274196575049652,2.9254483293092135,14.725101472220286,8.08919657504959,17.11200311589225,0,0,30.4,king,0,-1,nan,1.0,0.0,0.0
6.04,-26.662089447776495,-18.280949421570675,9.275417366496672,2.926789885594646,14.736562596258993,8.09041736649661,17.12299264471808,0,0,30.4,king,0,-1,nan,1.0,0.0,0.0
6.06,-26.629455358667165,-18.32952981163131,9.276624846085868,2.9268140004950256,14.748305382278938,8.091624846085805,17.133979711675142,0,0,30.3,king,0,-1,nan,1.0,0.0,0.0
6.08,-26.596825254922827,-18.378138353352654,9.277827691116215,2.927866473564393,14.760293832949543,8.092827691116153,17.14553203679986,0,0,30.3,king,0,-1,nan,1.0,0.0,0.0
6.1,-26.564227071996417,-18.426754163574294,9.279025862706273,2.92727439300175,14.772531971614047,8.09402586270621,17.15698268696609,0,0,30.3,king,0,-1,nan,1.0,0.0,0.0
6.12,-26.53162347744039,-18.47536902667285,9.280234908048692,2.9273969165050278,14.784987286058707,8.09523490804863,17.169003059317387,0,0,30.3,king,0,-1,nan,1.0,0.0,0.0
6.14,-26.49904237693179,-18.523969733187993,9.281455691980177,2.926195096678419,14.797668899214994,8.096455691980115,17.18094812958353,0,0,30.3,king,0,-1,nan,1.0,0.0,0.0
6.16,-26.466446304969466,-18.572555485231867,9.282698209852532,2.9260139523355293,14.810549660320396,8.097698209852469,17.193462309866533,0,0,30.3,king,0,-1,nan,1.0,0.0,0.0
6.18,-26.433871216803492,-18.621110293323753,9.283963740438137,2.9241696793808014,14.823641889980554,8.098963740438075,17.20540511646308,0,0,30.2,king,0,-1,nan,1.0,0.0,0.0
6.2,-26.401287465871885,-18.669630406669434,9.285258966161313,2.9230035210056884,14.83692166658669,8.10025896616125,17.217929364403357,0,0,30.2,king,0,-1,nan,1.0,0.0,0.0
6.22,-26.368719503674132,-18.718122587604586,9.28657105153865,2.9214231727016453,14.850409744983072,8.101571051538587,17.230346596619427,0,0,30.2,king,0,-1,nan,1.0,0.0,0.0
6.24,-26.336126731482892,-18.766605904310065,9.28789320986023,2.9217584176746816,14.864091859846821,8.102893209860166,17.243335817085843,0,0,30.2,king,0,-1,nan,1.0,0.0,0.0
6.26,-26.303541532489987,-18.81508393518397,9.289209251937008,2.921321035750136,14.87799196179941,8.104209251936945,17.25634379263738,0,0,30.2,king,0,-1,nan,1.0,0.0,0.0
6.28,-26.270931306824085,-18.86357274420624,9.290517961922701,2.9224579296398043,14.892099464444163,8.105517961922638,17.26991851649888,0,0,30.1,king,0,-1,nan,1.0,0.0,0.0
6.3,-26.238335629185688,-18.91207334237656,9.291809318031461,2.9225219520923487,14.906441169952371,8.106809318031399,17.28333350118416,0,0,30.1,king,0,-1,nan,1.0,0.0,0.0
6.32,-26.205729398088508,-18.9605990636452,9.293086564337477,2.9238430571471605,14.921009746063465,8.108086564337414,17.297319130389734,0,0,30.1,king,0,-1,nan,1.0,0.0,0.0
6.34,-26.173154022920365,-19.009144949669672,9.29434572607113,2.923800440145338,14.935828475568737,8.109345726071068,17.311153267031877,0,0,30.1,king,0,-1,nan,1.0,0.0,0.0
6.36,-26.140586213147024,-19.057718530812103,9.295598332967714,2.9247324845488247,14.950886961905303,8.110598332967651,17.32556703027276,0,0,30.1,king,0,-1,nan,1.0,0.0,0.0
6.38,-26.108066180706064,-19.106307033739885,9.296844964955852,2.924016594531468,14.966201384014699,8.11184496495579,17.33970776698287,0,0,30.0,king,0,-1,nan,1.0,0.0,0.0
6.4,-26.07556919665657,-19.15491007708646,9.298098344388354,2.923987326778204,14.98175437711293,8.113098344388291,17.354442073841632,0,0,30.0,king,0,-1,nan,1.0,0.0,0.0
6.42,-26.043130722725277,-19.203528522017116,9.299351937616107,2.923003281920522,14.99756886771641,8.114351937616044,17.368871855229088,0,0,30.0,king,0,-1,nan,1.0,0.0,0.0
6.44,-26.010721353180536,-19.25217574946111,9.300612935444748,2.923401310032068,15.013635003242646,8.115612935444686,17.383901207166556,0,0,30.0,king,0,-1,nan,1.0,0.0,0.0
6.46,-25.97836408405413,-19.30083783793325,9.30187767141039,2.9225807417639387,15.029956209858845,8.116877671410327,17.3988984686983,0,0,29.9,king,0,-1,nan,1.0,0.0,0.0
6.48,-25.946016785202993,-19.34951358636542,9.303153135929158,2.9228851491869836,15.046503552772004,8.118153135929095,17.414487063969087,0,0,29.9,king,0,-1,nan,1.0,0.0,0.0
6.5,-25.913710387299535,-19.398186444207646,9.30443710902317,2.921642955141934,15.063283334709443,8.119437109023107,17.42980674007034,0,0,29.9,king,0,-1,nan,1.0,0.0,0.0
6.52,-25.88141044153774,-19.446852459463145,9.305739408229181,2.9211998905780927,15.080269563164103,8.120739408229118,17.445721803532265,0,0,29.9,king,0,-1,nan,1.0,0.0,0.0
6.54,-25.849144106436878,-19.495507634647726,9.307054083720827,2.9198333962453513,15.097475502038398,8.122054083720764,17.461529380042773,0,0,29.8,king,0,-1,nan,1.0,0.0,0.0
6.56,-25.81687339766526,-19.5441604112039,9.308382802641825,2.9198702048287895,15.11488274213598,8.123382802641762,17.47792748693893,0,0,29.8,king,0,-1,nan,1.0,0.0,0.0
6.58,-25.784633370901734,-19.59280401091526,9.30972136693836,2.918651603466804,15.13250726646473,8.124721366938298,17.4942418850264,0,0,29.8,king,0,-1,nan,1.0,0.0,0.0
6.6,-25.752393825941,-19.641444111562464,9.311076316505849,2.918511409338626,15.150333642432546,8.126076316505786,17.511147740097826,0,0,29.8,king,0,-1,nan,1.0,0.0,0.0
6.62,-25.720197653244277,-19.690071140216634,9.312441995483303,2.9167818443964006,15.168380233629671,8.12744199548324,17.527254547553888,0,0,29.7,king,0,-1,nan,1.0,0.0,0.0
6.64,-25.688022320927526,-19.73868798146479,9.31382726121606,2.91580530205296,15.18663420291864,8.128827261215998,17.54397047171105,0,0,29.7,king,0,-1,nan,1.0,0.0,0.0
6.66,-25.65587491396069,-19.787297856590058,9.315213770626743,2.914746190807915,15.205101470187445,8.13021377062668,17.560557317986966,0,0,29.7,king,0,-1,nan,1.0,0.0,0.0
6.68,-25.62369805094092,-19.83591656001769,9.316587949857636,2.9159120379976375,15.223758388089774,8.131587949857574,17.577728326442656,0,0,29.7,king,0,-1,nan,1.0,0.0,0.0
6.7,-25.5915070496727,-19.8845441839246,9.317929468938843,2.9166359229974272,15.24261393514203,8.13292946893878,17.59473418626965,0,0,29.6,king,0,-1,nan,1.0,0.0,0.0
6.72,-25.55925313930083,-19.933193405720925,9.319227440574316,2.9192234609700307,15.261648063088414,8.134227440574254,17.612302717525772,0,0,29.6,king,0,-1,nan,1.0,0.0,0.0
6.74,-25.52695938774804,-19.981861563645868,9.320465230545901,2.9210478039455476,15.280872505758207,8.135465230545838,17.629804056565497,0,0,29.6,king,0,-1,nan,1.0,0.0,0.0
6.76,-25.494584883184114,-20.030558699704187,9.321642427958608,2.924425328073194,15.300270440164423,8.136642427958545,17.647856896217778,0,0,29.6,king,0,-1,nan,1.0,0.0,0.0
6.78,-25.46215972855229,-20.079279949167468,9.322752303794443,2.9267655468673373,15.31985608565393,8.13775230379438,17.665711582362057,0,0,29.5,king,0,-1,nan,1.0,0.0,0.0
6.8,-25.429650340586164,-20.128032810936507,9.323799647152843,2.930357812927224,15.339615329201337,8.13879964715278,17.68411705110139,0,0,29.5,king,0,-1,nan,1.0,0.0,0.0
6.82,-25.39709424204465,-20.1768100382201,9.324785942605116,2.9326141207289487,15.359564703311634,8.139785942605053,17.702329289033838,0,0,29.5,king,0,-1,nan,1.0,0.0,0.0
6.84,-25.36446514629223,-20.225616665082384,9.325723988088608,2.9358238386455966,15.379692583265967,8.140723988088546,17.721102088227784,0,0,29.4,king,0,-1,nan,1.0,0.0,0.0
6.86,-25.331808320248232,-20.274442924262885,9.326619882327527,2.93737744396107,15.40001762749644,8.141619882327465,17.739840485914,0,0,29.4,king,0,-1,nan,1.0,0.0,0.0
6.88,-25.299104635688796,-20.323291485992744,9.327496558673243,2.9395924582559507,15.420530433470624,8.14249655867318,17.759157827712073,0,0,29.4,king,0,-1,nan,1.0,0.0,0.0
6.9,-25.266407046055843,-20.372150097274247,9.328363556756862,2.93983330728073,15.441251509554514,8.1433635567568,17.77784719865453,0,0,29.4,king,0,-1,nan,1.0,0.0,0.0
6.92,-25.23370360884617,-20.421018713820686,9.32924411820804,2.9404216861527965,15.462173143784378,8.144244118207977,17.79714557980045,0,0,29.3,king,0,-1,nan,1.0,0.0,0.0
6.94,-25.201025969806945,-20.469886181083524,9.33014291169167,2.9396705936160727,15.483303703693414,8.145142911691607,17.81630370144645,0,0,29.3,king,0,-1,nan,1.0,0.0,0.0
6.96,-25.168340390095967,-20.518753880544942,9.33107275340417,2.9399250744298246,15.504624010877203,8.146072753404107,17.836075685951748,0,0,29.3,king,0,-1,nan,1.0,0.0,0.0
6.98,-25.135686665581783,-20.56760781485457,9.332038345954864,2.938496635675871,15.52614445266654,8.147038345954801,17.85562688856268,0,0,29.2,king,0,-1,nan,1.0,0.0,0.0
7.0,-25.103038697180715,-20.61644650355454,9.333053980485895,2.9377452528046626,15.547847880701045,8.148053980485832,17.875801076057666,0,0,29.2,king,0,-1,nan,1.0,0.0,0.0
7.02,-25.07044099025065,-20.665257642898116,9.334119666183717,2.9352485018832923,15.569748231765525,8.149119666183655,17.89566911665479,0,0,29.2,king,0,-1,nan,1.0,0.0,0.0
7.04,-25.037873624781383,-20.714038302746964,9.335147958989124,2.933105630126311,15.59183051935183,8.150147958989061,17.916117553834614,0,0,29.1,king,0,-1,nan,1.0,0.0,0.0
7.06,-25.00537221676176,-20.762794639466524,9.336162435072646,2.930252145845664,15.614118450662895,8.151162435072584,17.93611018274726,0,0,29.1,king,0,-1,nan,1.0,0.0,0.0
7.08,-24.972908517390845,-20.811544954758567,9.337192173790251,2.928969690755355,15.636610084535587,8.152192173790189,17.956722350083552,0,0,29.1,king,0,-1,nan,1.0,0.0,0.0
7.1,-24.940502888171594,-20.86027793659106,9.338248583255767,2.926663767987524,15.659306041838287,8.153248583255705,17.977183922287026,0,0,29.0,king,0,-1,nan,1.0,0.0,0.0
7.12,-24.908110332850764,-20.90899483114788,9.339346383314204,2.925670273818208,15.682181275616058,8.154346383314142,17.998269107803143,0,0,29.0,king,0,-1,nan,1.0,0.0,0.0
7.14,-24.875759641618636,-20.957681102670968,9.340488103815241,2.923278888388373,15.705238299301236,8.155488103815179,18.019003053508168,0,0,29.0,king,0,-1,nan,1.0,0.0,0.0
7.16,-24.843413624894893,-21.006334853768795,9.341682282723333,2.9218480269542977,15.72845399179616,8.15668228272327,18.040362756633353,0,0,28.9,king,0,-1,nan,1.0,0.0,0.0
7.18,-24.811100757847427,-21.054949823653413,9.34292231579963,2.919363952875549,15.751837425581542,8.157922315799567,18.06162233152346,0,0,28.9,king,0,-1,nan,1.0,0.0,0.0
7.2,-24.77878612097027,-21.103529450195097,9.344111647161046,2.917888954586614,15.775371438715132,8.159111647160984,18.08344743145658,0,0,28.9,king,0,-1,nan,1.0,0.0,0.0
7.22,-24.746504387601544,-21.15206597567071,9.345278697686032,2.9151614970109105,15.799067007857198,8.16027869768597,18.10465697648831,0,0,28.8,king,0,-1,nan,1.0,0.0,0.0
7.24,-24.714226475414662,-21.200563415870707,9.34644931626475,2.9134325412447133,15.822910757825866,8.161449316264687,18.126466540643932,0,0,28.8,king,0,-1,nan,1.0,0.0,0.0
7.26,-24.681977213786695,-21.249035188802225,9.347623195959098,2.911574161948492,15.846926151241084,8.162623195959036,18.14815780276611,0,0,28.8,king,0,-1,nan,1.0,0.0,0.0
7.28,-24.649717031314218,-21.297506951572778,9.348803400566483,2.91188257067388,15.871113022936758,8.16380340056642,18.170459141906523,0,0,28.7,king,0,-1,nan,1.0,0.0,0.0
7.3,-24.617478860305795,-21.345988645161572,9.349976239705432,2.911678997954625,15.895496349121192,8.16497623970537,18.192375190201876,0,0,28.7,king,0,-1,nan,1.0,0.0,0.0
7.32,-24.585231035252207,-21.39450261435367,9.351139306298593,2.9132800034320407,15.920077803393877,8.16613930629853,18.2149055034396,0,0,28.7,king,0,-1,nan,1.0,0.0,0.0
7.34,-24.552997407394216,-21.44304582594566,9.352279383608254,2.9140821594561377,15.944866562109809,8.167279383608191,18.2373125773315,0,0,28.6,king,0,-1,nan,1.0,0.0,0.0
7.36,-24.52073737991589,-21.49162798433839,9.353395186416748,2.9164106804881142,15.969849281519677,8.168395186416685,18.26032418691714,0,0,28.6,king,0,-1,nan,1.0,0.0,0.0
7.38,-24.48848232552699,-21.540243566798928,9.354479401339079,2.9176355639481413,15.995036870013724,8.169479401339016,18.283180033178873,0,0,28.6,king,0,-1,nan,1.0,0.0,0.0
7.4,-24.456199267805886,-21.5888996559815,9.35553666532036,2.920072189815089,16.02041795794727,8.170536665320297,18.30663829757274,0,0,28.5,king,0,-1,nan,1.0,0.0,0.0
7.42,-24.42392715614481,-21.637588246624208,9.356565097795036,2.9210981339186213,16.046004963075152,8.171565097794973,18.329940505386794,0,0,28.5,king,0,-1,nan,1.0,0.0,0.0
7.44,-24.391640394223952,-21.686314020693736,9.357578870372528,2.923039423634193,16.071788301157174,8.172578870372465,18.353851917344148,0,0,28.5,king,0,-1,nan,1.0,0.0,0.0
7.46,-24.359380726346014,-21.735063700254013,9.358581511969815,2.92327843311113,16.097776839882155,8.173581511969752,18.377260147441127,0,0,28.4,king,0,-1,nan,1.0,0.0,0.0
7.48,-24.327125091194805,-21.78383643657568,9.359587326071876,2.924131268137049,16.123957433455455,8.174587326071814,18.40129129603235,0,0,28.4,king,0,-1,nan,1.0,0.0,0.0
7.5,-24.29490394583909,-21.832627166539844,9.360594816618203,2.923932529860694,16.150339997076184,8.17559481661814,18.42516207353864,0,0,28.4,king,0,-1,nan,1.0,0.0,0.0
7.52,-24.26268287483345,-21.88144339478881,9.361610606998655,2.92500144756485,16.176913107237336,8.176610606998592,18.44965723815795,0,0,28.3,king,0,-1,nan,1.0,0.0,0.0
7.54,-24.230500305228997,-21.93027713635734,9.362630673933483,2.9246763233215454,16.203687883132634,8.17763067393342,18.473874943486464,0,0,28.3,king,0,-1,nan,1.0,0.0,0.0
7.56,-24.19832935711842,-21.97913337908453,9.363670634999545,2.925313604885087,16.23065454450801,8.178670634999483,18.498723041051583,0,0,28.2,king,0,-1,nan,1.0,0.0,0.0
7.58,-24.166198255502053,-22.027991100471386,9.364732117475574,2.9242996491655426,16.25780751284855,8.179732117475512,18.523124734140236,0,0,28.2,king,0,-1,nan,1.0,0.0,0.0
7.6,-24.13406960583663,-22.0768419618069,9.365824033840202,2.923973778906203,16.285120347435647,8.180824033840139,18.548156872521712,0,0,28.2,king,0,-1,nan,1.0,0.0,0.0
7.62,-24.10196656155312,-22.125679395677164,9.3669407399429,2.9227330667635876,16.312597464682,8.181940739942837,18.57296278835807,0,0,28.1,king,0,-1,nan,1.0,0.0,0.0
7.64,-24.069846851010166,-22.174509595165723,9.368083548150446,2.922913870632814,16.340223130448774,8.183083548150384,18.59839188743207,0,0,28.1,king,0,-1,nan,1.0,0.0,0.0
7.66,-24.03774158347709,-22.223323220490787,9.369248906068794,2.92184713829461,16.368003087755458,8.184248906068731,18.623597276496188,0,0,28.1,king,0,-1,nan,1.0,0.0,0.0
7.68,-24.005616327852977,-22.27212362101527,9.3704419051099,2.9218719971008698,16.39592310861186,8.185441905109837,18.649422430874846,0,0,28.0,king,0,-1,nan,1.0,0.0,0.0
7.7,-23.9735100237921,-22.32089881516052,9.37166242638514,2.9203270349993633,16.42399005979904,8.186662426385077,18.674809820587942,0,0,28.0,king,0,-1,nan,1.0,0.0,0.0
7.72,-23.94139597858545,-22.369649256494,9.372916297249839,2.9195417542353503,16.452190868814082,8.187916297249776,18.70082214489467,0,0,27.9,king,0,-1,nan,1.0,0.0,0.0
7.74,-23.909304286559838,-22.418382101682038,9.374185864959143,2.918209510708798,16.480544906802482,8.18918586495908,18.726505151433127,0,0,27.9,king,0,-1,nan,1.0,0.0,0.0
7.76,-23.87719980792642,-22.46711714172119,9.375466335716508,2.9186646267178706,16.509052571055232,8.190466335716446,18.75280983942008,0,0,27.9,king,0,-1,nan,1.0,0.0,0.0
7.78,-23.84511355068996,-22.51585438381213,9.37673948164181,2.918247578009171,16.5377273021341,8.191739481641747,18.778874227419184,0,0,27.8,king,0,-1,nan,1.0,0.0,0.0
7.8,-23.813011537801227,-22.564606753288547,9.378004618706886,2.9193035697177696,16.566564272999727,8.193004618706823,18.80555312137686,0,0,27.8,king,0,-1,nan,1.0,0.0,0.0
7.82,-23.780932291836358,-22.613371517042495,9.37924775300418,2.9191717954473133,16.595577772445978,8.194247753004117,18.831822529067587,0,0,27.8,king,0,-1,nan,1.0,0.0,0.0
7.84,-23.748848963129362,-22.66215989664439,9.380498044258932,2.9202778948763353,16.62476486815996,8.19549804425887,18.858719665301336,0,0,27.7,king,0,-1,nan,1.0,0.0,0.0
7.86,-23.716786509050852,-22.71095434319548,9.381751013704381,2.919961004959978,16.654120267365567,8.196751013704318,18.885364667221037,0,0,27.7,king,0,-1,nan,1.0,0.0,0.0
7.88,-23.684704479894116,-22.75975040745915,9.38301810695073,2.920581281069386,16.683621135462044,8.198018106950668,18.912629656730505,0,0,27.6,king,0,-1,nan,1.0,0.0,0.0
7.9,-23.652634745339775,-22.80852934721299,9.384307613818414,2.919552904922383,16.71326400223003,8.199307613818352,18.939343812892957,0,0,27.6,king,0,-1,nan,1.0,0.0,0.0
7.92,-23.620544006898324,-22.857284530473738,9.385620877881559,2.919164285804389,16.74302738127102,8.200620877881496,18.966680560938546,0,0,27.6,king,0,-1,nan,1.0,0.0,0.0
7.94,-23.588452695907698,-22.906020150383192,9.386932899963474,2.9183618225809265,16.772923192013398,8.201932899963412,18.993723663306834,0,0,27.5,king,0,-1,nan,1.0,0.0,0.0
7.96,-23.556317195807047,-22.95475227927898,9.388209025740593,2.9193917390587303,16.80294624114104,8.20320902574053,19.021360861265293,0,0,27.5,king,0,-1,nan,1.0,0.0,0.0
7.98,-23.52416498637497,-23.003482708814342,9.389442284920229,2.9197346892606735,16.833109471875197,8.204442284920166,19.0487953165806,0,0,27.5,king,0,-1,nan,1.0,0.0,0.0
8.0,-23.491959737549706,-23.05222560292872,9.390633826286187,2.9216722734459997,16.863409546470084,8.205633826286125,19.076824370102837,0,0,27.4,king,0,-1,nan,1.0,0.0,0.0
8.02,-23.459738645544366,-23.100976984596215,9.39170614635567,2.922347453177867,16.893858286559038,8.206706146355607,19.10453568365101,0,0,27.4,king,0,-1,nan,1.0,0.0,0.0
8.04,-23.427472925844285,-23.149748598391035,9.392674950427265,2.9243313600053944,16.92445359688663,8.207674950427203,19.133107458015026,0,0,27.3,king,0,-1,nan,0.9800053834915161,0.0,0.0
8.06,-23.39520234063494,-23.19853955721101,9.393595111692724,2.9252329091375366,16.955210931383903,8.208595111692661,19.160284580199434,0,0,27.3,king,0,-1,nan,0.9980027079582214,0.0,0.0
8.08,-23.362920158792544,-23.24733357252198,9.394473658885957,2.9256482357947378,16.98611199155764,8.209473658885894,19.18907374172611,0,0,27.3,king,0,-1,nan,1.0,0.0,0.0
8.1,-23.33062457062569,-23.296172155648094,9.395320917638282,2.927853336577221,17.01719314980904,8.210320917638219,19.21659017382855,0,0,27.2,king,0,-1,nan,1.0,0.0,0.0
8.12,-23.29830162164129,-23.345023535302925,9.396112611601147,2.929102722916738,17.048419180896463,8.211112611601084,19.245700815563364,0,0,27.2,king,0,-1,nan,0.9803044199943542,0.0,0.0
8.14,-23.265948631689852,-23.39392190187927,9.396879565090012,2.9318741575512077,17.079819686669275,8.21187956508995,19.273546661092485,0,0,27.1,king,0,-1,nan,0.9983526468276978,0.0,0.0
8.16,-23.233550659724497,-23.442828168544704,9.397617404657872,2.9334262875714874,17.111352490534188,8.21261740465781,19.302975536324467,0,0,27.1,king,0,-1,nan,1.0,0.0,0.0
8.18,-23.20110472870403,-23.49176865935998,9.398357864546702,2.9361787930368473,17.143040089048153,8.213357864546639,19.331145099425456,0,0,27.0,king,0,-1,nan,1.0,0.0,0.0
8.2,-23.168596172374453,-23.540695140374122,9.399078002045984,2.9373139843563836,17.1748321132379,8.214078002045921,19.361131307532165,0,0,27.0,king,0,-1,nan,0.9802671670913696,0.0,0.0
8.22,-23.136022933944435,-23.589624675092704,9.399781282700241,2.9392217648870953,17.20674306523619,8.214781282700178,19.39077380507919,0,0,27.0,king,0,-1,nan,0.9583135843276978,0.0,0.0
8.24,-23.103395780194248,-23.63852058632972,9.400439213914227,2.9392916540463028,17.23874321636712,8.215439213914165,19.420962739611454,0,0,26.9,king,0,-1,nan,0.9749907851219177,0.0,0.0
8.26,-23.070796721052435,-23.687332661437967,9.401021352838981,2.9349856128405145,17.270818009345934,8.216021352838919,19.449854724927622,0,0,26.9,king,0,-1,nan,0.9952015280723572,0.0,0.0
8.28,-23.038245226007504,-23.736021778148164,9.401342655676157,2.928452300786444,17.302937695308938,8.216342655676094,19.479191056488368,0,0,26.8,king,0,-1,nan,1.0,0.0,0.0
8.3,-23.005769781624522,-23.784611957862715,9.401405327289135,2.9221841062362404,17.33513388461999,8.216405327289072,19.507988823073948,0,0,26.8,king,0,-1,nan,0.9819360375404358,0.0,0.0
8.32,-22.973340749990946,-23.83313976800238,9.401263376550277,2.9183088423156085,17.367427283525277,8.216263376550215,19.53814566072161,0,0,26.8,king,0,-1,nan,0.9605997800827026,0.0,0.0
8.34,-22.940989487242266,-23.881625602095074,9.40098079020012,2.91442968869712,17.39984737821442,8.215980790200057,19.567462010380126,0,0,26.7,king,0,-1,nan,0.9376136660575867,0.0,0.0
8.36,-22.908734299159757,-23.930020851994403,9.40062454629503,2.9080166268336303,17.432354624452604,8.215624546294967,19.59732771821281,0,0,26.7,king,0,-1,nan,0.9540578126907349,0.0,0.0
8.38,-22.876635044369113,-23.97830149143456,9.400239614193595,2.898935354396426,17.46494750693261,8.215239614193532,19.625743268101324,0,0,26.6,king,0,-1,nan,0.9742885231971741,0.0,0.0
8.4,-22.84468820888619,-24.02645514270852,9.399844251159902,2.8894336557167,17.497610946040556,8.214844251159839,19.65527887781305,0,0,26.6,king,0,-1,nan,0.9968850016593933,0.0,0.0
8.42,-22.812886301937805,-24.074522894522257,9.399434626612846,2.881856104253864,17.53037804131001,8.214434626612784,19.68434235036728,0,0,26.5,king,0,-1,nan,0.980360209941864,0.0,0.0
8.44,-22.78118901766407,-24.12250679357913,9.399017382421633,2.8754766960215816,17.563233763812374,8.21401738242157,19.71407990293493,0,0,26.5,king,0,-1,nan,0.9600393176078796,0.0,0.0
8.46,-22.74961962305304,-24.170404100651222,9.398594262786261,2.868343481476263,17.596182336262633,8.213594262786199,19.743457972226842,0,0,26.4,king,0,-1,nan,0.9374075531959534,0.0,0.0
8.48,-22.71814178646759,-24.218217595097563,9.398169317236823,2.8623264253010783,17.629211220629422,8.21316931723676,19.773430951395543,0,0,26.4,king,0,-1,nan,0.9539615511894226,0.0,0.0
8.5,-22.68679114720163,-24.265933847404707,9.397734314764932,2.85477343399348,17.66231914767003,8.21273431476487,19.80243543850598,0,0,26.4,king,0,-1,nan,0.9742612838745117,0.0,0.0
8.52,-22.65553912058396,-24.313551645613177,9.397213094192342,2.8479885642413354,17.69549282374974,8.212213094192279,19.831981152086538,0,0,26.3,king,0,-1,nan,0.9936231970787048,0.0,0.0
8.54,-22.624389193408465,-24.361111254891398,9.396730123742726,2.842739725243421,17.728769429192294,8.211730123742663,19.86118464695658,0,0,26.3,king,0,-1,nan,0.977238118648529,0.0,0.0
8.56,-22.593281511661598,-24.40866523163717,9.39630026213092,2.841325988428194,17.762175350254683,8.211300262130857,19.891922953681686,0,0,26.2,king,0,-1,nan,0.9568151831626892,0.0,0.0
8.58,-22.56222893012531,-24.456248526559904,9.395920814955787,2.8410283155621974,17.795746830871295,8.210920814955724,19.922116587423528,0,0,26.2,king,0,-1,nan,0.9341627359390259,0.0,0.0
8.6,-22.53122942470517,-24.503821730604727,9.395577440564406,2.8391446710922064,17.829445246729428,8.210577440564343,19.953501387466275,0,0,26.1,king,0,-1,nan,0.9107125997543335,0.0,0.0
8.62,-22.50033506782682,-24.551357474165954,9.395271849744816,2.8346964513835418,17.863261906073173,8.210271849744753,19.983732366169182,0,0,26.1,king,0,-1,nan,0.9270269274711609,0.0,0.0
8.64,-22.469566835359796,-24.598780514146164,9.395003942400198,2.8265264126020484,17.897131877750272,8.210003942400135,20.01183084279392,0,0,26.1,king,0,-1,nan,0.9472450613975525,0.0,0.0
8.66,-22.43896055427694,-24.646081356939714,9.394766601266575,2.816988862915737,17.93105664788084,8.209766601266512,20.041473608357077,0,0,26.0,king,0,-1,nan,0.969709575176239,0.0,0.0
8.68,-22.408478899260828,-24.693266051819712,9.394498758908105,2.8087356866430433,17.965027124841075,8.209498758908042,20.06973623265479,0,0,26.0,king,0,-1,nan,0.99242103099823,0.0,0.0
8.7,-22.378103134509125,-24.74040079125671,9.394028903046985,2.80383287241529,17.9990974958338,8.209028903046923,20.099356951754082,0,0,25.9,king,0,-1,nan,1.0,0.0,0.0
8.72,-22.347796043059606,-24.787504157107346,9.393566288871712,2.8006521019503037,18.033271307962032,8.20856628887165,20.12767190172403,0,0,25.9,king,0,-1,nan,0.9833839535713196,0.0,0.0
8.74,-22.317530504566882,-24.834662061030212,9.39314289864975,2.8018074442816583,18.0676193780452,8.208142898649687,20.158285344323094,0,0,25.8,king,0,-1,nan,0.9624686241149902,0.0,0.0
8.76,-22.2872669783204,-24.881893109125425,9.392771084809764,2.8048133496613974,18.102145429349736,8.207771084809702,20.18763336765449,0,0,25.8,king,0,-1,nan,0.9396926760673523,0.0,0.0
8.78,-22.257017366510315,-24.92919424973689,9.392463877726854,2.8073703416179625,18.13685002903772,8.207463877726791,20.218739265535163,0,0,25.7,king,0,-1,nan,0.916289210319519,0.0,0.0
8.8,-22.22678339501879,-24.976498734255543,9.39222331347789,2.8070737249329643,18.171670087467636,8.207223313477828,20.248520854682468,0,0,25.7,king,0,-1,nan,0.892637312412262,0.0,0.0
8.82,-22.196582818291184,-25.02380352819495,9.392024511714636,2.806179736969318,18.20660776281921,8.207024511714573,20.28067411424634,0,0,25.7,king,0,-1,nan,0.8688788414001465,0.0,0.0
8.84,-22.166426734844862,-25.07104085237245,9.391872776079529,2.8021318616254938,18.241601594315785,8.206872776079466,20.310829445301614,0,0,25.6,king,0,-1,nan,0.845085859298706,0.0,0.0
8.86,-22.13639002536506,-25.118135411076747,9.391789584355648,2.7928964789216906,18.276603038860152,8.206789584355585,20.34323336682847,0,0,25.6,king,0,-1,nan,0.8212854266166687,0.0,0.0
8.88,-22.106508632276846,-25.164985588002956,9.39179138833179,2.778415346093814,18.311525363818635,8.206791388331727,20.373088801767608,0,0,25.5,king,0,-1,nan,0.7974781394004822,0.0,0.0
8.9,-22.076885059282287,-25.21148573107755,9.391880722856598,2.7567314720421194,18.34629833927211,8.206880722856535,20.404940987145707,0,0,25.5,king,0,-1,nan,0.7736698985099792,0.0,0.0
8.92,-22.047549770548265,-25.257537083489645,9.3920694500754,2.730074102499084,18.380834608655228,8.207069450075338,20.434189590299372,0,0,25.4,king,0,-1,nan,0.7498601675033569,0.0,0.0
8.94,-22.018601534643047,-25.303039945644628,9.392353566785284,2.696567980148266,18.415066613253373,8.20735356678522,20.465232423373013,0,0,25.4,king,0,-1,nan,0.7260509133338928,0.0,0.0
8.96,-21.990073115555486,-25.34789294774237,9.392740806223484,2.6579185687290856,18.448903820334422,8.207740806223422,20.49348767969059,0,0,25.4,king,0,-1,nan,0.7022413611412048,0.0,0.0
8.98,-21.962065889413413,-25.39199746903139,9.393215092748916,2.6123928025925665,18.482278853404036,8.208215092748853,20.523371686025243,0,0,25.3,king,0,-1,nan,0.6784327030181885,0.0,0.0
9.0,-21.934608845789583,-25.435256323186447,9.393777291999333,2.561998133960305,18.515102722236726,8.20877729199927,20.55033160102146,0,0,25.3,king,0,-1,nan,0.6546228528022766,0.0,0.0
9.02,-21.90779991831421,-25.47757866641277,9.39440300132961,2.5051401361562733,18.547312965912592,8.209403001329548,20.57874302450761,0,0,25.3,king,0,-1,nan,0.6308136582374573,0.0,0.0
9.04,-21.881664535693275,-25.518871782884972,9.395086603808604,2.443689324095143,18.57882275794722,8.210086603808541,20.604082912749615,0,0,25.2,king,0,-1,nan,0.607005774974823,0.0,0.0
9.06,-21.85629788465192,-25.559052435226683,9.395799354236127,2.3761627789522044,18.60957490389874,8.210799354236064,20.630792892430673,0,0,25.2,king,0,-1,nan,0.5831965804100037,0.0,0.0
9.08,-21.831722082605957,-25.59803275510342,9.396528810407974,2.3043260892296176,18.639485457822826,8.211528810407911,20.654276454797618,0,0,25.2,king,0,-1,nan,0.5593873858451843,0.0,0.0
9.1,-21.80802916910718,-25.635737945596688,9.397240466100941,2.2268486668493734,18.66850347062473,8.212240466100878,20.67896847497189,0,0,25.1,king,0,-1,nan,0.5355823636054993,0.0,0.0
9.12,-21.785237915140574,-25.672085012798423,9.397915771900278,2.1453476346855234,18.69654817687329,8.212915771900215,20.700552507643764,0,0,25.1,king,0,-1,nan,0.5117731690406799,0.0,0.0
9.14,-21.763436518775514,-25.707007778137594,9.398520360005955,2.058680371730149,18.72357514730439,8.213520360005893,20.7234422853348,0,0,25.1,king,0,-1,nan,0.48796796798706055,0.0,0.0
9.16,-21.742654303926617,-25.740445339377747,9.399038129880505,1.9686537540649496,18.74952758713634,8.214038129880443,20.742980860308112,0,0,25.0,king,0,-1,nan,0.4641609191894531,0.0,0.0
9.18,-21.7229195410708,-25.77240557421913,9.39946937125774,1.878232843138106,18.774414331116994,8.214469371257678,20.76384703220831,0,0,25.0,king,0,-1,nan,0.4403572082519531,0.0,0.0
9.2,-21.704265259475623,-25.802837868622913,9.3997843700154,1.7848011014733973,18.79818977924612,8.214784370015337,20.781188954943527,0,0,25.0,king,0,-1,nan,0.4165481626987457,0.0,0.0
9.22,-21.686709373589448,-25.831764440818137,9.399988187037179,1.6918903995179553,18.820873930662113,8.214988187037116,20.799070769975557,0,0,24.9,king,0,-1,nan,0.3927451968193054,0.0,0.0
9.24,-21.670241787869017,-25.859158681774097,9.400090747117186,1.5981523203240537,18.842432339919558,8.215090747117124,20.814117050553975,0,0,24.9,king,0,-1,nan,0.3689396381378174,0.0,0.0
9.26,-21.654902218378478,-25.885028304880972,9.400108229947817,1.5037786551685117,18.86287799831293,8.215108229947754,20.83065301137306,0,0,24.9,king,0,-1,nan,0.34513652324676514,0.0,0.0
9.28,-21.640669067336056,-25.90939555576242,9.400056198882764,1.4109821148294805,18.882220743156594,8.215056198882701,20.843415153315778,0,0,24.9,king,0,-1,nan,0.3213439881801605,0.0,0.0
9.3,-21.627589549016864,-25.932309097272032,9.399947199083883,1.3192005769887514,18.90051563705353,8.21494719908382,20.85779875872678,0,0,24.9,king,0,-1,nan,0.29755136370658875,0.0,0.0
9.32,-21.615622813674648,-25.953797847071673,9.399768306907132,1.2298385311831823,18.917774336308586,8.21476830690707,20.868375438075926,0,0,24.8,king,0,-1,nan,0.273770809173584,0.0,0.0
9.34,-21.60479597016982,-25.97391081372619,9.399547450165532,1.142147916891619,18.934047349922302,8.214547450165469,20.88072525742959,0,0,24.8,king,0,-1,nan,0.25005364418029785,0.0,0.0
9.36,-21.595058123930976,-25.992661352823472,9.399313494921884,1.0564836734022371,18.949329503389325,8.214313494921822,20.88924406257993,0,0,24.8,king,0,-1,nan,0.22631493210792542,0.0,0.0
9.38,-21.586413802287602,-26.01010832288625,9.399059030120855,0.973634702263302,18.96367526494853,8.214059030120792,20.899601221783595,0,0,24.8,king,0,-1,nan,0.21199125051498413,0.0,0.0
9.4,-21.578781989885186,-26.0262821896353,9.398735169173314,0.8943481034739555,18.97708842671804,8.213735169173251,20.906694050089037,0,0,24.8,king,0,-1,nan,0.20432454347610474,0.0,0.0
9.42,-21.57213995023818,-26.041244349594905,9.398319462486928,0.8187730659014563,18.98961917545293,8.213319462486865,20.91527433801846,0,0,24.7,king,0,-1,nan,0.2008749395608902,0.0,0.0
9.44,-21.566393118218073,-26.05501800983311,9.397767254441797,0.746734103195231,19.001261479257295,8.212767254441735,20.921250373186435,0,0,24.7,king,0,-1,nan,0.19963006675243378,0.0,0.0
9.46,-21.56145112604783,-26.067661169569107,9.39710406105794,0.6795450687502174,19.012044337148353,8.212104061057877,20.928351228518423,0,0,24.7,king,0,-1,nan,0.19937200844287872,0.0,0.0
9.48,-21.55720235328287,-26.079260375857146,9.396395111464823,0.6186603794618184,19.02201870247839,8.21139511146476,20.933364282248053,0,0,24.7,king,0,-1,nan,0.19946947693824768,0.0,0.0
9.5,-21.553583930986466,-26.089868112076996,9.395705837494242,0.5614537964774514,19.031216588886767,8.21070583749418,20.939406263867685,0,0,24.7,king,0,-1,nan,0.19962184131145477,0.0,0.0
9.52,-21.550473012881806,-26.099604945409855,9.395036529919405,0.5121808944004117,19.03971917403671,8.210036529919343,20.942988390936392,0,0,24.7,king,0,-1,nan,0.19977161288261414,0.0,0.0
9.54,-21.54780139390687,-26.10852385312808,9.394401723534491,0.4666032629006804,19.047557968898612,8.209401723534429,20.9478112829471,0,0,24.7,king,0,-1,nan,0.19985473155975342,0.0,0.0
9.56,-21.54545446308249,-26.116718992805172,9.393853666520727,0.4271087833087584,19.054791476505354,8.208853666520664,20.949381683685925,0,0,24.7,king,0,-1,nan,0.19991464912891388,0.0,0.0
9.58,-21.54332063066022,-26.124293543214286,9.393357215039417,0.39425093145045237,19.061487883246652,8.208357215039355,20.953273011232586,0,0,24.7,king,0,-1,nan,0.1999026983976364,0.0,0.0
9.6,-21.541235450725303,-26.131323698637008,9.392895111824808,0.3673710658502056,19.067675063784446,8.207895111824746,20.9552327678295,0,0,24.6,king,0,-1,nan,0.1999269723892212,0.0,0.0
9.62,-21.539082056443547,-26.137924449557175,9.392502982061021,0.34770959648264754,19.073431412880442,8.207502982060959,20.95868248787428,0,0,24.6,king,0,-1,nan,0.19993145763874054,0.0,0.0
9.64,-21.536768767103265,-26.14415799632633,9.392211998733442,0.3327652483060238,19.078791581747012,8.20721199873338,20.960223435950553,0,0,24.6,king,0,-1,nan,0.19995035231113434,0.0,0.0
9.66,-21.53417737576105,-26.150143285052398,9.39196530274109,0.3263427995817143,19.083837617704024,8.206965302741027,20.962616159431345,0,0,24.6,king,0,-1,nan,0.19994378089904785,0.0,0.0
9.68,-21.531232055856055,-26.15594316744114,9.391779318020879,0.32537722485656423,19.088609346577943,8.206779318020816,20.964493387168407,0,0,24.6,king,0,-1,nan,0.19995547831058502,0.0,0.0
9.7,-21.52784807400625,-26.161595994595714,9.391602115034955,0.329534478080423,19.09312068609597,8.206602115034892,20.966449026214164,0,0,24.6,king,0,-1,nan,0.19994637370109558,0.0,0.0
9.72,-21.52398059125901,-26.167191847734475,9.391445415043115,0.3402041667815688,19.097446327394344,8.206445415043053,20.967419417345756,0,0,24.6,king,0,-1,nan,0.19995349645614624,0.0,0.0
9.74,-21.519547934777638,-26.172768258314125,9.391280509135969,0.35627234102897876,19.10160045737228,8.206280509135906,20.970348840026364,0,0,24.6,king,0,-1,nan,0.19995123147964478,0.0,0.0
9.76,-21.51452006903934,-26.178340678238445,9.39107631575039,0.3754097515850227,19.105590243566542,8.206076315750327,20.970906739458805,0,0,24.6,king,0,-1,nan,0.1999632716178894,0.0,0.0
9.78,-21.508879212612538,-26.18394970997134,9.390809492973125,0.39796888258649266,19.10945048327418,8.205809492973062,20.974161205484293,0,0,24.6,king,0,-1,nan,0.19995684921741486,0.0,0.0
9.8,-21.50259171801353,-26.189585368078358,9.390544260560022,0.42238483301573293,19.113163073220253,8.20554426055996,20.974246094672058,0,0,24.6,king,0,-1,nan,0.19993522763252258,0.0,0.0
9.82,-21.495669499582107,-26.19529175532296,9.390296582634733,0.4487240459134066,19.11677444198199,8.20529658263467,20.976817785512964,0,0,24.6,king,0,-1,nan,0.19993120431900024,0.0,0.0
9.84,-21.488083768809613,-26.201050233802217,9.390062917083737,0.47633492769937413,19.120259657485004,8.205062917083675,20.978328622302254,0,0,24.6,king,0,-1,nan,0.19995155930519104,0.0,0.0
9.86,-21.47986044620845,-26.206865111711338,9.389788875024516,0.5037631853138748,19.123630784932526,8.204788875024454,20.980612340768396,0,0,24.6,king,0,-1,nan,0.19993706047534943,0.0,0.0
9.88,-21.47105867903542,-26.212721384011516,9.389443703667768,0.5288813049437138,19.126890281301552,8.204443703667705,20.981807466716443,0,0,24.6,king,0,-1,nan,0.19994980096817017,0.0,0.0
9.9,-21.461671357871015,-26.218631248049988,9.38903151483649,0.5550184484085309,19.13004887037417,8.204031514836426,20.984123703203974,0,0,24.6,king,0,-1,nan,0.19995644688606262,0.0,0.0
9.92,-21.451743061336884,-26.2245747870764,9.3885900150821,0.5789897457236615,19.133100318497057,8.203590015082037,20.985491172918913,0,0,24.6,king,0,-1,nan,0.19997017085552216,0.0,0.0
9.94,-21.441291952295725,-26.230544692328653,9.388179379204608,0.6021504602983435,19.136043383225577,8.203179379204546,20.98768686012883,0,0,24.6,king,0,-1,nan,0.19994977116584778,0.0,0.0
9.96,-21.43039898860485,-26.2365096018985,9.387829887981978,0.6212063833016431,19.13887045257011,8.202829887981915,20.988907457454896,0,0,24.6,king,0,-1,nan,0.19995997846126556,0.0,0.0
9.98,-21.41908569701067,-26.242472915197354,9.387497720761935,0.6396522634552311,19.141591353129453,8.202497720761873,20.99090140746769,0,0,24.5,king,0,-1,nan,0.1999550461769104,0.0,0.0
10.0,-21.407430561678492,-26.24840919872789,9.387160304406892,0.654208475111238,19.144203271487907,8.20216030440683,20.99193813079455,0,0,24.5,king,0,-1,nan,0.1999678611755371,0.0,0.0
10.02,-21.395440827985585,-26.254324009222145,9.38683684648591,0.6686615777738311,19.14671413396071,8.201836846485847,20.99353639662285,0,0,24.5,king,0,-1,nan,0.1999637335538864,0.0,0.0
10.04,-21.3831834272688,-26.260195525720675,9.386553149625458,0.6797040941339081,19.14912129294552,8.201553149625395,20.994273964356335,0,0,24.5,king,0,-1,nan,0.1999712437391281,0.0,0.0
10.06,-21.370679157333164,-26.266004961314678,9.386274227027808,0.6895362687335005,19.151412642968854,8.201274227027746,20.99571329245383,0,0,24.5,king,0,-1,nan,0.1999616026878357,0.0,0.0
10.08,-21.35800700521294,-26.27171272050678,9.385985414683528,0.6950636066637779,19.153571290545404,8.200985414683466,20.996212685189995,0,0,24.5,king,0,-1,nan,0.1999727487564087,0.0,0.0
10.1,-21.34517506569876,-26.277306488472874,9.385718525643117,0.7000359660652329,19.155587770908696,8.200718525643055,20.997609667777137,0,0,24.5,king,0,-1,nan,0.19996431469917297,0.0,0.0
10.12,-21.332256248904898,-26.282753227620073,9.38540869966763,0.7011754181839313,19.15744959668848,8.200408699667568,20.998053246710207,0,0,24.5,king,0,-1,nan,0.19994814693927765,0.0,0.0
10.14,-21.319262444423543,-26.288048023163668,9.385069288725663,0.7017638750598542,19.159155230487176,8.2000692887256,20.99910820729165,0,0,24.5,king,0,-1,nan,0.1999555230140686,0.0,0.0
10.16,-21.3062666058883,-26.293164258398573,9.38470921566073,0.6985651988631425,19.160698082236046,8.199709215660667,20.99922835932181,0,0,24.5,king,0,-1,nan,0.19997230172157288,0.0,0.0
10.18,-21.293272551794068,-26.298098220432717,9.384370970393713,0.6951687439370784,19.16207546113637,8.19937097039365,20.999952872781577,0,0,24.5,king,0,-1,nan,0.19996392726898193,0.0,0.0
10.2,-21.280346660714724,-26.302826594589654,9.384064164029063,0.6883500426898949,19.16328197121221,8.199064164029,20.999827916229563,0,0,24.5,king,0,-1,nan,0.19997556507587433,0.0,0.0
10.22,-21.26748359307299,-26.307352465389545,9.38373393949495,0.6820026830887274,19.16431895178922,8.198733939494888,21.000253820431322,0,0,24.5,king,0,-1,nan,0.19995728135108948,0.0,0.0
10.24,-21.254737937139666,-26.311663367593674,9.383344318522866,0.6730293966204673,19.165188211784674,8.198344318522803,20.999775308055224,0,0,24.5,king,0,-1,nan,0.19996313750743866,0.0,0.0
10.26,-21.2420954111814,-26.315765182293777,9.38291049725536,0.6649183170352287,19.165891399639033,8.197910497255297,20.99980453888693,0,0,24.5,king,0,-1,nan,0.19996902346611023,0.0,0.0
10.28,-21.229602917087693,-26.31964619087754,9.382431872292502,0.654510729789001,19.166428917030387,8.197431872292439,20.99902649656641,0,0,24.5,king,0,-1,nan,0.19998182356357574,0.0,0.0
10.3,-21.21723792983413,-26.323312692925374,9.381934334889309,0.6453365217371779,19.16680066856492,8.196934334889246,20.998731893358105,0,1,24.5,king,0,-1,nan,0.19997933506965637,0.0,0.0
10.32,-21.205036535333747,-26.32676077521554,9.381412767738741,0.6344984860626008,19.167011733210213,8.196412767738678,20.997615472706965,0,1,24.5,king,0,-1,nan,0.1999868005514145,0.0,0.0
10.34,-21.192964183310888,-26.330003727852528,9.380879231069144,0.6255858984731565,19.167065728655885,8.195879231069082,20.996868619795368,0,1,24.5,king,0,-1,nan,0.1999828815460205,0.0,0.0
10.36,-21.18104840065435,-26.333039385031004,9.380321429719178,0.6154515276791637,19.16696721428673,8.195321429719115,20.99534961916661,0,1,24.5,king,0,-1,nan,0.19998663663864136,0.0,0.0
10.38,-21.16924595082106,-26.335881395388096,9.37974336187829,0.6076779726258394,19.166718029842798,8.194743361878228,20.99444118351836,0,1,24.5,king,0,-1,nan,0.19998203217983246,0.0,0.0
10.4,-21.15757614959065,-26.338528625937236,9.379130427696724,0.5990988621432144,19.166321666721156,8.194130427696662,20.992808606942532,0,1,24.5,king,0,-1,nan,0.19998480379581451,0.0,0.0
10.42,-21.14599609729712,-26.34099920784341,9.378486331024432,0.5929086072052409,19.165784503913876,8.193486331024369,20.991440199869345,0,1,24.5,king,0,-1,nan,0.19998139142990112,0.0,0.0
10.44,-21.134525383651763,-26.343297766973816,9.377796829961873,0.5859523387721793,19.165115710223464,8.19279682996181,20.98940928925728,0,1,24.5,king,0,-1,nan,0.19998280704021454,0.0,0.0
10.46,-21.12311278312359,-26.345441767917972,9.377063314242168,0.5817693618935302,19.164319042966522,8.192063314242105,20.98796873082848,0,1,24.5,king,0,-1,nan,0.1999790370464325,0.0,0.0
10.48,-21.111770929969367,-26.3474328372869,9.376356211980235,0.5768491653212638,19.163399073194313,8.191356211980173,20.98595617066793,0,1,24.5,king,0,-1,nan,0.19996151328086853,0.0,0.0
10.5,-21.100450762365167,-26.349293945444156,9.375708891005251,0.574519239462049,19.162365575684948,8.190708891005189,20.98420894094186,0,1,24.5,king,0,-1,nan,0.19995491206645966,0.0,0.0
10.52,-21.089167803153565,-26.351037695102118,9.37510254046965,0.5716500074616083,19.16123453409261,8.190102540469587,20.9819773312453,0,1,24.5,king,0,-1,nan,0.1999727040529251,0.0,0.0
10.54,-21.07786372611131,-26.35268742066607,9.374515825708304,0.5719440235388927,19.16001390779195,8.189515825708241,20.97990237288725,0,1,24.5,king,0,-1,nan,0.1999754160642624,0.0,0.0
10.56,-21.06654540593826,-26.354255346395213,9.373922595396564,0.5720897762470857,19.158717241743698,8.188922595396502,20.977416511057108,0,1,24.5,king,0,-1,nan,0.1999804824590683,0.0,0.0
10.58,-21.05516727735346,-26.355748026492197,9.373314199586552,0.5745869155877419,19.15733958071231,8.18831419958649,20.97526234079271,0,1,24.5,king,0,-1,nan,0.19997842609882355,0.0,0.0
10.6,-21.043748572617872,-26.357163197156595,9.37266992496865,0.5762044247295753,19.15588355883404,8.187669924968587,20.972730291386114,0,1,24.5,king,0,-1,nan,0.19998204708099365,0.0,0.0
10.62,-21.03224173656993,-26.35851011759844,9.371986504708048,0.5802769463012444,19.15434645382185,8.186986504707985,20.970448708176047,0,1,24.5,king,0,-1,nan,0.19997985661029816,0.0,0.0
10.64,-21.020663243653246,-26.359790394770034,9.371259787408208,0.5835853105837316,19.152734003038635,8.186259787408146,20.967846359488306,0,1,24.5,king,0,-1,nan,0.19998420774936676,0.0,0.0
10.66,-21.008975069160652,-26.36101021886045,9.37050128797092,0.5888053905520723,19.151042967882564,8.185501287970858,20.965269825537224,0,1,24.5,king,0,-1,nan,0.19998033344745636,0.0,0.0
10.68,-20.99720387131897,-26.36217013655571,9.36970320470415,0.5927551024422276,19.14928057686926,8.184703204704087,20.962424133443776,0,1,24.5,king,0,-1,nan,0.19998477399349213,0.0,0.0
10.7,-20.985307032407764,-26.36327110772143,9.368869362261972,0.5988368033222211,19.14743746935308,8.183869362261909,20.959954977565033,0,1,24.5,king,0,-1,nan,0.1999811828136444,0.0,0.0
10.72,-20.97330609143581,-26.364309224507966,9.368014143878131,0.6038039192463013,19.14551530629385,8.183014143878069,20.957273534255616,0,1,24.5,king,0,-1,nan,0.19998733699321747,0.0,0.0
10.74,-20.961192825889146,-26.365279786482404,9.367084911803067,0.6093780948629306,19.143507690787345,8.182084911803004,20.954528592485204,0,1,24.5,king,0,-1,nan,0.19995558261871338,0.0,0.0
10.76,-20.949023592228436,-26.366177125930843,9.365977355555968,0.6126217161004821,19.1414229688899,8.180977355555905,20.951537668050438,0,1,24.5,king,0,-1,nan,0.1998586356639862,0.0,0.0
10.78,-20.936785252311147,-26.366998336048635,9.36452855106137,0.617556443679896,19.139255212953465,8.179528551061308,20.948277860597432,0,1,24.5,king,0,-1,nan,0.1995977759361267,0.0,0.0
10.8,-20.924522195623602,-26.36774058060963,9.362557295979322,0.6221320858723857,19.13701247683881,8.177557295979259,20.944664964033723,0,1,24.5,king,0,-1,nan,0.19923938810825348,0.0,0.0
10.82,-20.91221826016664,-26.36840355411147,9.359802506046044,0.6312987192481615,19.134690585807302,8.174802506045982,20.941620483196544,0,1,24.5,king,0,-1,nan,0.19693470001220703,0.0,0.0
10.84,-20.89990438350977,-26.368985632583065,9.356094123955767,0.6436662011383628,19.132295432836084,8.171094123955704,20.937294684823993,0,1,24.5,king,0,-1,nan,0.19688068330287933,0.0,0.0
10.86,-20.88761054194724,-26.369484902905302,9.351516738197358,0.6563921686015552,19.129832323284575,8.166516738197295,20.93328591339688,0,1,24.5,king,0,-1,nan,0.19819824397563934,0.0,0.0
10.88,-20.87539467146475,-26.369880132162734,9.346259684123101,0.6652449085685266,19.12729440640966,8.161259684123038,20.92826669802074,0,1,24.5,king,0,-1,nan,0.1992790251970291,0.0,0.0
10.9,-20.86328844504046,-26.370166921926437,9.34054849334205,0.6694413094929909,19.124684771400513,8.155548493341987,20.92290438632849,0,1,24.5,king,0,-1,nan,0.1998305767774582,0.0,0.0
10.92,-20.851360821824947,-26.37032854719508,9.334543318854934,0.667750774839319,19.122003319850098,8.149543318854871,20.91767253617966,0,1,24.4,king,0,-1,nan,0.20003603398799896,0.0,0.0
10.94,-20.839618015116958,-26.370343623640668,9.32837445263338,0.6632281793241016,19.119230382671528,8.143374452633317,20.912109546149445,0,1,24.4,king,0,-1,nan,0.20006611943244934,0.0,0.0
10.96,-20.828095170479756,-26.370226013801563,9.3221085856262,0.6558408152116398,19.116387361220493,8.137108585626137,20.90650688531466,0,1,24.4,king,0,-1,nan,0.2000567764043808,0.0,0.0
10.98,-20.816769174539584,-26.369974520935628,9.315799590249778,0.6483534054783309,19.113467211768928,8.130799590249715,20.900644333006074,0,1,24.4,king,0,-1,nan,0.20002596080303192,0.0,0.0
11.0,-20.805678168041705,-26.369595307288506,9.309458165653904,0.6390772528249478,19.110484522694293,8.124458165653841,20.89481949257279,0,1,24.4,king,0,-1,nan,0.20001164078712463,0.0,0.0
11.02,-20.794788406209598,-26.369085687755568,9.303103859678824,0.6309196249390419,19.107428326568336,8.118103859678762,20.8887011828035,0,1,24.4,king,0,-1,nan,0.19999617338180542,0.0,0.0
11.04,-20.784129093324403,-26.36845098728839,9.296727340178183,0.6218597044542632,19.104310275837566,8.11172734017812,20.882667755546343,0,1,24.4,king,0,-1,nan,0.1999931037425995,0.0,0.0
11.06,-20.773657548525453,-26.367685914096423,9.290333140660538,0.6146632715092156,19.101114840098806,8.105333140660475,20.876232033149744,0,1,24.4,king,0,-1,nan,0.1999882608652115,0.0,0.0
11.08,-20.763394730688322,-26.366793878494683,9.283908865325923,0.6070265048740716,19.097849894638525,8.09890886532586,20.869916937170846,0,1,24.3,king,0,-1,nan,0.19998779892921448,0.0,0.0
11.1,-20.75329041649037,-26.365766396958186,9.27745407197268,0.6017001764829869,19.094495138573844,8.092454071972618,20.863786316753,0,1,24.3,king,0,-1,nan,0.19998542964458466,0.0,0.0
11.12,-20.74335823598137,-26.364604394950728,9.270961688196085,0.5961323373029543,19.091054362556513,8.085961688196022,20.857810122946,0,1,24.3,king,0,-1,nan,0.19998596608638763,0.0,0.0
11.14,-20.733556429291824,-26.363315041341792,9.264441156407896,0.5921469030334934,19.087524563741795,8.079441156407833,20.851362911830375,0,1,24.3,king,0,-1,nan,0.19998200237751007,0.0,0.0
11.16,-20.7239057182922,-26.36191688475657,9.25788320416989,0.5875751062438762,19.08392835905444,8.072883204169827,20.8451425397698,0,1,24.3,king,0,-1,nan,0.1999836564064026,0.0,0.0
11.18,-20.714356078333054,-26.360413390733267,9.251292056299903,0.585019973743407,19.080257320840506,8.06629205629984,20.838349091190334,0,1,24.3,king,0,-1,nan,0.1999814212322235,0.0,0.0
11.2,-20.704920057776143,-26.358820205672938,9.244658367105563,0.5821996112030886,19.076529397077934,8.0596583671055,20.831847255342623,0,1,24.3,king,0,-1,nan,0.19998155534267426,0.0,0.0
11.22,-20.695540173024835,-26.35713675197601,9.237982525284739,0.5817712572699898,19.07273061792054,8.052982525284676,20.824722935408037,0,1,24.3,king,0,-1,nan,0.19997918605804443,0.0,0.0
11.24,-20.686221405300003,-26.355375486454058,9.23125543535871,0.5813674118426669,19.068874149967804,8.046255435358647,20.817949079291157,0,1,24.2,king,0,-1,nan,0.199981689453125,0.0,0.0
11.26,-20.676914234332212,-26.35352304002029,9.224479843428474,0.5830172279160349,19.064935525122916,8.039479843428412,20.811001150089954,0,1,24.2,king,0,-1,nan,0.19998350739479065,0.0,0.0
11.28,-20.6676315542384,-26.351580647098885,9.217653056630422,0.5842646189253936,19.060918853888474,8.032653056630359,20.804434405764415,0,1,24.2,king,0,-1,nan,0.19998592138290405,0.0,0.0
11.3,-20.65832769737444,-26.34954718007892,9.210782644858476,0.5871526602648686,19.056812552100993,8.025782644858413,20.797096560065917,0,1,24.2,king,0,-1,nan,0.19998398423194885,0.0,0.0
11.32,-20.649018687674467,-26.34743753597335,9.203872401778353,0.58919376963935,19.05263477910254,8.01887240177829,20.790213994135883,0,1,24.2,king,0,-1,nan,0.19998900592327118,0.0,0.0
11.34,-20.639675107957846,-26.345234475644542,9.196937493072612,0.5921336747098784,19.048362041668994,8.01193749307255,20.782559447897942,0,1,24.2,king,0,-1,nan,0.19998855888843536,0.0,0.0
11.36,-20.630329857801126,-26.342939108440504,9.18997474872522,0.5938901833255913,19.044002909166373,8.004974748725157,20.775389543699827,0,1,24.2,king,0,-1,nan,0.19999226927757263,0.0,0.0
11.38,-20.62094648113965,-26.34053017107655,9.18298947533791,0.5971699529656677,19.039528386824276,7.997989475337849,20.768372807124834,0,1,24.2,king,0,-1,nan,0.19999079406261444,0.0,0.0
11.4,-20.611550650586054,-26.338005481348745,9.17598620510967,0.5993777688223206,19.034942173336876,7.990986205109608,20.76163709455544,0,1,24.1,king,0,-1,nan,0.19999200105667114,0.0,0.0
11.42,-20.602118955534955,-26.335374438807897,9.168983314421078,0.6019130634590636,19.030248125050523,7.983983314421017,20.754036701567166,0,1,24.1,king,0,-1,nan,0.19998399913311005,0.0,0.0
11.44,-20.592685549271838,-26.332659188892105,9.16197546278085,0.6030582899721669,19.02547552998015,7.976975462780788,20.74703793039324,0,1,24.1,king,0,-1,nan,0.1999872773885727,0.0,0.0
11.46,-20.583215547732753,-26.329856207462715,9.154966854670066,0.6055126375525616,19.020613090150945,7.969966854670004,20.739089029209897,0,1,24.1,king,0,-1,nan,0.19998306035995483,0.0,0.0
11.48,-20.57373518390625,-26.326983902918027,9.147959781039036,0.6066846638719006,19.015684655829563,7.9629597810389745,20.731817908420645,0,1,24.1,king,0,-1,nan,0.19998937845230103,0.0,0.0
11.5,-20.56422851440786,-26.324024356571037,9.140951626153042,0.6087896074132281,19.010669188355386,7.95595162615298,20.723581854110698,0,1,24.1,king,0,-1,nan,0.18906302750110626,0.0,0.0
11.52,-20.55474068723257,-26.320983457975633,9.13394408571925,0.6090393084746973,19.00558253125811,7.948944085719188,20.716059928141927,0,1,24.1,king,0,-1,nan,0.17886723577976227,0.0,0.0
11.54,-20.54527137804624,-26.317830969592094,9.126940244052609,0.6096306208804808,19.000395090335697,7.941940244052547,20.70749231320216,0,1,24.1,king,0,-1,nan,0.17051562666893005,0.0,0.0
11.56,-20.53588132408028,-26.314562439279605,9.119943563312953,0.6078855674796088,18.99511599388447,7.934943563312891,20.6999973627508,0,1,24.0,king,0,-1,nan,0.1651773452758789,0.0,0.0
11.58,-20.52665731960249,-26.311113946175,9.112946323805389,0.6040192961012674,18.98970207369646,7.927946323805327,20.691429778667057,0,1,24.0,king,0,-1,nan,0.1630873829126358,0.0,0.0
11.6,-20.5176576075768,-26.30749179631792,9.105944863878713,0.598195677093302,18.98417213899054,7.920944863878652,20.68357570053477,0,1,24.0,king,0,-1,nan,0.16475485265254974,0.0,0.0
11.62,-20.508967762241856,-26.303643334554046,9.098929598778081,0.5906310488059405,18.97849346934218,7.91392959877802,20.674649297576487,0,1,24.0,king,0,-1,nan,0.17016200721263885,0.0,0.0
11.64,-20.500729452192157,-26.29955000801624,9.091851843728579,0.580344059935183,18.9726788668716,7.906851843728517,20.66636907622824,0,1,24.0,king,0,-1,nan,0.17915891110897064,0.0,0.0
11.66,-20.49308182252366,-26.295123137589684,9.0851468712426,0.5546171593039336,18.966671998186282,7.900146871242538,20.65786923583384,0,1,24.0,king,0,-1,nan,0.17085358500480652,0.0,0.0
11.68,-20.48623186455131,-26.290312867315492,9.079106555024541,0.51610571675738,18.960469198691207,7.8941065550244796,20.650677758383015,0,1,24.0,king,0,-1,nan,0.16301041841506958,0.0,0.0
11.7,-20.48031716755395,-26.28506662789863,9.073927775190848,0.4725633004041328,18.954048721684767,7.888927775190786,20.64259540460108,0,1,24.0,king,0,-1,nan,0.15676842629909515,0.0,0.0
11.72,-20.47542329721385,-26.27942927361403,9.069752464220432,0.4276767235173907,18.947472413652743,7.88475246422037,20.63508932100019,0,1,24.0,king,0,-1,nan,0.15366694331169128,0.0,0.0
11.74,-20.471671779388053,-26.273369332956815,9.066647672307504,0.38870457801790465,18.940735692792654,7.881647672307442,20.62794166071058,0,1,24.0,king,0,-1,nan,0.15403947234153748,0.0,0.0
11.76,-20.469117647008144,-26.266903611306734,9.064668990043346,0.3614012042484632,18.933866607721328,7.879668990043284,20.62028671191151,0,1,24.0,king,0,-1,nan,0.15783607959747314,0.0,0.0
11.78,-20.467735596585555,-26.26005243252295,9.063867051018446,0.3517521154790658,18.926879208818303,7.878867051018385,20.61464036700907,0,1,24.0,king,0,-1,nan,0.16507163643836975,0.0,0.0
11.8,-20.467560955546265,-26.252792191718303,9.06425471143635,0.3636340077387856,18.919758269518194,7.879254711436288,20.607663412399877,0,1,24.0,king,0,-1,nan,0.1748330444097519,0.0,0.0
11.82,-20.468566566045435,-26.245189388207624,9.065816349680203,0.391320162088283,18.91256296906199,7.880816349680141,20.602692369281513,0,1,24.0,king,0,-1,nan,0.18607881665229797,0.0,0.0
11.84,-20.470714918274528,-26.23723396871871,9.068379494754959,0.43149110425112097,18.90527575562292,7.883379494754897,20.596360628949654,0,1,24.0,king,0,-1,nan,0.19352950155735016,0.0,0.0
11.86,-20.473899773936616,-26.229002146074624,9.071704413105476,0.47159646857658233,18.89794826645839,7.886704413105414,20.591769428230258,0,1,24.0,king,0,-1,nan,0.1977023482322693,0.0,0.0
11.88,-20.47807698533349,-26.22047975599331,9.075568045100804,0.5123667630408469,18.890557776596445,7.890568045100742,20.586497617797644,0,1,24.1,king,0,-1,nan,0.1995931714773178,0.0,0.0
11.9,-20.483172366572184,-26.211718179757035,9.07982969705677,0.549749500921747,18.8831389637701,7.894829697056708,20.58283151930307,0,1,24.1,king,0,-1,nan,0.20024240016937256,0.0,0.0
11.92,-20.489061129698992,-26.202738655609064,9.084401086544187,0.5835387453573817,18.875685930094747,7.899401086544125,20.578013026474544,0,1,24.1,king,0,-1,nan,0.2003421038389206,0.0,0.0
11.94,-20.49569877604387,-26.193609017683396,9.089224191898255,0.6137405455685528,18.86825595031227,7.9042241918981935,20.574738349934353,0,1,24.1,king,0,-1,nan,0.2002543807029724,0.0,0.0
11.96,-20.50298426487483,-26.18434969889504,9.094270070328474,0.6408475268404745,18.8608474995743,7.909270070328412,20.570369717761544,0,1,24.1,king,0,-1,nan,0.20014041662216187,0.0,0.0
11.98,-20.510885952750648,-26.17502924732106,9.099518476936492,0.6649309376786474,18.853521310654994,7.91451847693643,20.567458615862627,0,1,24.2,king,0,-1,nan,0.20005296170711517,0.0,0.0
12.0,-20.51899277761374,-26.16570086612386,9.102494615171523,0.6356034611200523,18.846238317979868,7.917494615171461,20.56365968449823,0,1,24.2,king+tour,1,0,8.406385603185159,0.3767620623111725,0.0,0.0
12.02,-20.52727650041308,-26.156394525448565,9.103205103538777,0.6239648105081416,18.839021729719914,7.918205103538715,20.55899322248707,0,1,24.2,king+tour,1,0,8.403267194685668,0.39717936515808105,0.0,0.0
12.04,-20.535708616441386,-26.14714010457187,9.101655425511836,0.6307661778840892,18.83189453752933,7.916655425511775,20.553479523981917,0,1,24.2,king+tour,1,0,8.400010430497442,0.4006487727165222,0.0,0.0
12.06,-20.54426036138447,-26.13796737940391,9.097850032149928,0.6552714079245073,18.82487950213041,7.9128500321498665,20.547138913783208,0,1,24.2,king+tour,1,0,8.396627270599257,0.3880663216114044,0.0,0.0
12.08,-20.552902729611496,-26.12890599665022,9.091792445615,0.6955097781636905,18.817999129296805,7.906792445614939,20.53999177610631,0,1,24.2,king+tour,1,0,8.393129722421698,0.3771304488182068,0.0,0.0
12.1,-20.561606503679933,-26.119985436991783,9.083485351525017,0.7488989916437757,18.81127563837908,7.898485351524955,20.53205857352202,0,1,24.2,king+tour,1,0,8.389529832788755,0.3772982656955719,0.0,0.0
12.12,-20.570342290854622,-26.11123497264316,9.072930673322217,0.8128435209846158,18.804730927713152,7.887930673322155,20.52335985696864,0,1,24.1,king+tour,1,0,8.385839678473289,0.37749597430229187,0.0,0.0
12.14,-20.579080562077525,-26.102683624400548,9.060129628358847,0.885084307969697,18.798386540901348,7.875129628358786,20.513916270157228,0,1,24.1,king+tour,1,0,8.382071357108055,0.3777235746383667,0.0,0.0
12.16,-20.587791690332498,-26.09436012122584,9.045082769283685,0.9638107031489551,18.792263636258344,7.860082769283623,20.503748551803255,0,1,24.1,king+tour,1,0,8.378236979733565,0.3779805302619934,0.0,0.0
12.18,-20.59643501999123,-26.086354673282546,9.028209538702793,1.0289560906547421,18.786440632538188,7.843209538702731,20.49227101477594,0,1,24.0,king+tour,1,0,8.374329475041547,0.37818723917007446,0.0,0.0
12.2,-20.604945478031556,-26.078807348569367,9.010145137399347,1.0673713046947477,18.78103876496314,7.825145137399285,20.479516480144603,0,1,24.0,king+tour,1,0,8.370339490876074,0.37844318151474,0.0,0.0
12.22,-20.613276428968646,-26.071804740519557,8.991306689932884,1.087805550135297,18.776131251500853,7.806306689932822,20.46586653229823,0,1,24.0,king+tour,1,0,8.366265780587826,0.3786966800689697,0.0,0.0
12.24,-20.6214143038222,-26.065377215784995,8.971979829694535,1.096660394126416,18.77174406580848,7.786979829694473,20.451125493154187,0,1,23.9,king+tour,1,0,8.362104001380482,0.3790912330150604,0.0,0.0
12.26,-20.629317772217917,-26.059497849405773,8.952346051870197,1.0983134722822572,18.76784101008591,7.767346051870136,20.43706256298153,0,1,23.9,king+tour,1,0,8.357901273751706,0.37956687808036804,0.0,0.0
12.28,-20.63698522908297,-26.054084486686055,8.93253984816665,1.0958787522566935,18.764341267585817,7.747539848166588,20.423211753759254,0,1,23.8,king+tour,1,0,8.353695933833958,0.38010096549987793,0.0,0.0
12.3,-20.64442358818871,-26.049040065602497,8.912647126979085,1.091439103317707,18.761151537986976,7.727647126979023,20.41017765098468,0,1,23.8,king+tour,1,0,8.3495262592083,0.3806809186935425,0.0,0.0
12.32,-20.65162024342552,-26.044272076786417,8.892720759739994,1.0858011734369564,18.758178495894008,7.707720759739932,20.397274967997223,0,1,23.7,king+tour,1,0,8.345445970667193,0.38123857975006104,0.0,0.0
12.34,-20.65861513065456,-26.0396818009336,8.872789745720443,1.0807918388842153,18.755334997408173,7.687789745720381,20.384810076662824,0,1,23.7,king+tour,1,0,8.341465820688272,0.3817596137523651,0.0,0.0
12.36,-20.665400949799988,-26.035186561469413,8.852875103935963,1.0756945160209197,18.752538636245568,7.667875103935901,20.373023669904924,0,1,23.6,king+tour,1,0,8.337630888300804,0.38223084807395935,0.0,0.0
12.38,-20.672023475048245,-26.03068980513279,8.832979898682947,1.072261453977554,18.749705895953902,7.647979898682885,20.36064747848939,0,1,23.6,king+tour,1,0,8.333946446511446,0.38266196846961975,0.0,0.0
12.4,-20.678481297732308,-26.026140826215265,8.813110528016733,1.0690984211969037,18.746786952006115,7.628110528016671,20.348740377245917,0,1,23.5,king+tour,1,0,8.330437734040672,0.38303542137145996,0.0,0.0
12.42,-20.684828132488576,-26.02143841151125,8.793258261775081,1.06830179537585,18.743695765691832,7.60825826177502,20.33796472262734,0,1,23.5,king+tour,1,0,8.327105845648216,0.3833194673061371,0.0,0.0
12.44,-20.69106957425208,-26.016526243152146,8.773420275613523,1.0684459371226573,18.74037880871864,7.588420275613461,20.325167971550577,0,1,23.4,king+tour,1,0,8.323973038154271,0.38360387086868286,0.0,0.0
12.46,-20.697259250456167,-26.01137671594602,8.753592467634018,1.070013657892009,18.736821751138628,7.568592467633956,20.31389829996923,0,1,23.4,king+tour,1,0,8.321005838067029,0.3837880790233612,0.0,0.0
12.48,-20.703401312565877,-26.00590837371543,8.73376285031011,1.073360863040643,18.73294639434883,7.548762850310049,20.302812778914934,0,1,23.4,king+tour,1,0,8.31824021801618,0.38398879766464233,0.0,0.0
12.5,-20.70954562735147,-26.00008819926652,8.713928900812935,1.078207525776835,18.72873240471647,7.528928900812873,20.29102750732689,0,1,23.3,king+tour,1,0,8.315649065065037,0.38417333364486694,0.0,0.0
12.52,-20.71571454618744,-25.99392839184282,8.694092291573908,1.0833857267886025,18.724197003422674,7.509092291573846,20.279267066188794,0,1,23.3,king+tour,1,0,8.313207822634311,0.3843705952167511,0.0,0.0
12.54,-20.721985265431115,-25.987395637555206,8.67423989975947,1.0910044215874102,18.719326151300454,7.489239899759409,20.2684095412184,0,1,23.2,king+tour,1,0,8.310865914338455,0.384598970413208,0.0,0.0
12.56,-20.728385259692054,-25.980496528852857,8.654377344406798,1.0989526065359099,18.71413297691914,7.469377344406737,20.25580252025972,0,1,23.2,king+tour,1,0,8.30859729954628,0.3848133087158203,0.0,0.0
12.58,-20.734931668316502,-25.973267364012234,8.634508443615909,1.1066723869436248,18.70865707353058,7.449508443615847,20.244529836258828,0,1,23.1,king+tour,1,0,8.306370662675693,0.3850398361682892,0.0,0.0
12.6,-20.741678982654623,-25.965702153571584,8.614627761747403,1.1157958721753687,18.702905832525857,7.429627761747342,20.231867288017146,0,1,23.1,king+tour,1,0,8.304142526747393,0.3852507770061493,0.0,0.0
12.62,-20.74862459481058,-25.95784120526494,8.594740596863577,1.1242056791543737,18.69691815923475,7.409740596863515,20.220616089208672,0,1,23.0,king+tour,1,0,8.301896951229883,0.3854639232158661,0.0,0.0
12.64,-20.75581643378368,-25.949697391716597,8.574846569206425,1.1333761327871799,18.69071833260603,7.389846569206363,20.207737039469663,0,1,23.0,king+tour,1,0,8.299587143931074,0.3856593668460846,0.0,0.0
12.66,-20.763243359896222,-25.94132893137632,8.554949421864357,1.141366321892253,18.684360676538713,7.369949421864296,20.196385113139268,0,1,22.9,king+tour,1,0,8.297195761904682,0.38584470748901367,0.0,0.0
12.68,-20.770946644233995,-25.93275570898189,8.535048825469735,1.1498635448114567,18.677874785296208,7.350048825469673,20.18340506483691,0,1,22.9,king+tour,1,0,8.294678326694239,0.3860084116458893,0.0,0.0
12.7,-20.77890729636441,-25.924041374782824,8.515148804307193,1.1568518111064334,18.67131839777741,7.3301488043071314,20.172074885823577,0,1,22.9,king+tour,1,0,8.29202137895106,0.38614898920059204,0.0,0.0
12.72,-20.787153328686365,-25.91521083905155,8.495250751328626,1.1639457920087788,18.664722873125903,7.310250751328565,20.159201118076894,0,1,22.8,king+tour,1,0,8.289189320632152,0.38626304268836975,0.0,0.0
12.74,-20.79565109232414,-25.906331026664713,8.475356645649432,1.1692289079173552,18.658145576169993,7.2903566456493705,20.148106657992773,0,1,22.8,king+tour,1,0,8.286179387798597,0.3863687515258789,0.0,0.0
12.76,-20.80442131828426,-25.897432854354935,8.455467541565097,1.174383662952195,18.65162194428264,7.2704675415650355,20.13550219160598,0,1,22.7,king+tour,1,0,8.282958997199511,0.3864481747150421,0.0,0.0
12.78,-20.81342165082846,-25.88858740996859,8.435580682151471,1.1776407024592237,18.64521118609294,7.250580682151409,20.123397034484313,0,1,22.7,king+tour,1,0,8.27953029188552,0.3865208625793457,0.0,0.0
12.8,-20.822663624775068,-25.879830652360734,8.415694079083769,1.1806479871291593,18.63895135854694,7.230694079083707,20.111408285732228,0,1,22.6,king+tour,1,0,8.275865688636637,0.386574387550354,0.0,0.0
12.82,-20.832112365000082,-25.87118195526686,8.395814021416271,1.1824712957662589,18.63285317128837,7.210814021416209,20.09900080511109,0,1,22.6,king+tour,1,0,8.271985952266766,0.3866206407546997,0.0,0.0
12.84,-20.84176461457955,-25.86268992933976,8.375937364311461,1.1835982468230524,18.626963302000476,7.1909373643114,20.08756088310963,0,1,22.5,king+tour,1,0,8.267869644223481,0.38665181398391724,0.0,0.0
12.86,-20.851583151079186,-25.85434679555354,8.356064752167692,1.1842004198890719,18.621265421460805,7.17106475216763,20.07575676654175,0,1,22.5,king+tour,1,0,8.263552743068335,0.38667726516723633,0.0,0.0
12.88,-20.861566251824534,-25.846208211682857,8.336188461702537,1.18423579848681,18.615813313256165,7.151188461702476,20.064262788299853,0,1,22.4,king+tour,1,0,8.259008572327636,0.38671940565109253,0.0,0.0
12.9,-20.871679810192923,-25.83827335782712,8.316315456502226,1.1834085349893646,18.61059802865398,7.131315456502164,20.05246465471741,0,1,22.4,king+tour,1,0,8.254266616276867,0.3867279887199402,0.0,0.0
12.92,-20.881907412423477,-25.83057808015929,8.29644366623744,1.18185150727475,18.605650427889458,7.111443666237379,20.041638956935735,0,1,22.4,king+tour,1,0,8.249322471025122,0.38675615191459656,0.0,0.0
12.94,-20.892201810888483,-25.823100060902714,8.276574249754418,1.179713019269768,18.600937338403035,7.091574249754356,20.030546658296196,0,1,22.3,king+tour,1,0,8.2442275683273,0.38678276538848877,0.0,0.0
12.96,-20.902548468459504,-25.815881895137036,8.256700400099918,1.176993139319895,18.596496468253413,7.071700400099856,20.018863841570173,0,1,22.3,king+tour,1,0,8.238972178494631,0.3867976665496826,0.0,0.0
12.98,-20.912903191638154,-25.80890789481107,8.236825174967162,1.1735432956763783,18.592301648843726,7.0518251749671,20.008548388744806,0,1,22.2,king+tour,1,0,8.233601533063743,0.38681766390800476,0.0,0.0
13.0,-20.923270920038416,-25.80216738469428,8.216952620633025,1.1703019744700642,18.588343671525255,7.031952620632963,19.996741853307803,0,1,22.2,king+tour,1,0,8.228116013845357,0.38685163855552673,0.0,0.0
13.02,-20.933603667652573,-25.79565047446294,8.197080569613815,1.1663342187503802,18.58460092911406,7.012080569613754,19.98712099128338,0,1,22.1,king+tour,1,0,8.222561161748624,0.3868938088417053,0.0,0.0
13.04,-20.94391269134012,-25.789321187183468,8.177211450893278,1.1630968635363594,18.58104122904465,6.992211450893216,19.97595286940813,0,1,22.1,king+tour,1,0,8.216944941529855,0.3869239389896393,0.0,0.0
13.06,-20.954155360543602,-25.78317666844651,8.157342922723162,1.15912229139929,18.577651016544127,6.9723429227231,19.96691593987044,0,1,22.0,king+tour,1,0,8.211304749727068,0.3869602084159851,0.0,0.0
13.08,-20.964348812158434,-25.777189243151387,8.137475912530817,1.155912855140133,18.574407597801272,6.952475912530756,19.956289759278693,0,1,22.0,king+tour,1,0,8.205639422076308,0.3869997262954712,0.0,0.0
13.1,-20.974451894376475,-25.771361982625695,8.117605658174714,1.152015889338172,18.57130344582682,6.932605658174652,19.94758818235734,0,1,21.9,king+tour,1,0,8.199982052810457,0.38704416155815125,0.0,0.0
13.12,-20.984483624948833,-25.76567477145526,8.097736829550918,1.148640870828791,18.56832365675614,6.912736829550856,19.93726526072624,0,1,21.9,king+tour,1,0,8.194326094908693,0.38707801699638367,0.0,0.0
13.14,-20.99442069493671,-25.760131145265987,8.07786938015649,1.1447627447537754,18.565465581476996,6.892869380156427,19.92900531154281,0,1,21.8,king+tour,1,0,8.188689107841045,0.3871164917945862,0.0,0.0
13.16,-21.004300636289106,-25.754712562042343,8.05800224953824,1.1420126578554364,18.562720555544814,6.873002249538179,19.919105246285113,0,1,21.8,king+tour,1,0,8.183048027373792,0.38714346289634705,0.0,0.0
13.18,-21.014092827139812,-25.74942583442065,8.0381319749666,1.138710127902451,18.560087251270872,6.853131974966538,19.910659875627875,0,1,21.7,king+tour,1,0,8.177425008210715,0.3871745765209198,0.0,0.0
13.2,-21.02382785250124,-25.7442575162436,8.018263610614211,1.136039318868585,18.557560234788486,6.833263610614149,19.90056406552069,0,1,21.7,king+tour,1,0,8.171800408697374,0.3871952295303345,0.0,0.0
13.22,-21.033488912536622,-25.73919462514927,7.9983975950782025,1.1331675962950967,18.555122526764656,6.813397595078141,19.89258222383291,0,1,21.6,king+tour,1,0,8.166194901795269,0.38722074031829834,0.0,0.0
13.24,-21.04312108073421,-25.734205345594244,7.9785346462616396,1.1316009790935333,18.55275470675019,6.793534646261578,19.88291203346185,0,1,21.6,king+tour,1,0,8.160586273723322,0.3872361183166504,0.0,0.0
13.26,-21.052709280006074,-25.729284190443025,7.958675818489235,1.1297393214735643,18.55044753507866,6.773675818489173,19.875273122203495,0,0,21.5,king+tour,1,0,8.15498999840672,0.38725581765174866,0.0,0.0
13.28,-21.062300771925035,-25.72440841940099,7.938819120813921,1.1292235197854608,18.548191049748034,6.753819120813859,19.865923492076284,0,0,21.5,king+tour,1,0,8.149377518763082,0.3872655928134918,0.0,0.0
13.3,-21.071873697478633,-25.719575981785347,7.918962764164731,1.1283486344473137,18.54597764009272,6.733962764164669,19.858786377749425,0,0,21.4,king+tour,1,0,8.143768405314413,0.3872794210910797,0.0,0.0
13.32,-21.081468970110258,-25.714769326044262,7.899109663858464,1.1284046127820981,18.543800834198294,6.714109663858403,19.849910222274623,0,0,21.4,king+tour,1,0,8.138136982169712,0.3872836232185364,0.0,0.0
13.34,-21.091083447034876,-25.710003327270094,7.879261014550878,1.1281863655718998,18.54167421994136,6.694261014550817,19.843067562509304,0,0,21.3,king+tour,1,0,8.132478059476654,0.3872901201248169,0.0,0.0
13.36,-21.100777020976444,-25.705279039774844,7.8594142454401235,1.1293565781387107,18.539614319470022,6.674414245440062,19.834500833908518,0,0,21.3,king+tour,1,0,8.126740173063487,0.38728606700897217,0.0,0.0
13.38,-21.110538006911693,-25.700614451311452,7.8395703258155285,1.1300623633546483,18.53763559227939,6.654570325815467,19.828006695409613,0,0,21.2,king+tour,1,0,8.120923755982458,0.38728833198547363,0.0,0.0
13.4,-21.12041809386433,-25.696015482127095,7.819726591663427,1.1319677787481783,18.535757266940728,6.634726591663365,19.819805855933826,0,0,21.2,king+tour,1,0,8.114981819654247,0.3872801959514618,0.0,0.0
13.42,-21.130396858777374,-25.6915025972545,7.799883698841091,1.133227994074632,18.533993959745228,6.614883698841029,19.813700005438502,0,0,21.1,king+tour,1,0,8.108920839875086,0.38727837800979614,0.0,0.0
13.44,-21.140517600233995,-25.687086017790318,7.780039752279092,1.1354710442705396,18.532366961303815,6.59503975227903,19.805906321945525,0,0,21.1,king+tour,1,0,8.102698674555247,0.38726624846458435,0.0,0.0
13.46,-21.15075103328346,-25.682787983492283,7.760194579207435,1.1369115456456218,18.530890282162964,6.575194579207373,19.800202888012798,0,0,21.0,king+tour,1,0,8.096328242082718,0.3872501254081726,0.0,0.0
13.48,-21.1611319675093,-25.67862240540761,7.7403477591126695,1.139091857637852,18.529586607445818,6.555347759112608,19.792831119468353,0,0,21.0,king+tour,1,0,8.089772572876715,0.38723382353782654,0.0,0.0
13.5,-21.171622250600127,-25.67461253480428,7.720497195510247,1.1403617593936313,18.52846854979295,6.535497195510185,19.787030198618467,0,0,20.9,king+tour,1,0,8.083051367681115,0.38721364736557007,0.0,0.0
13.52,-21.18224824608655,-25.670775359267733,7.700645246661819,1.1420765837460383,18.527559554099266,6.515645246661757,19.77958187534706,0,0,20.8,king+tour,1,0,8.076133045456428,0.38719555735588074,0.0,0.0
13.54,-21.192984340220644,-25.667112252065607,7.680792500196184,1.1432558920240745,18.526854346328165,6.4957925001961225,19.774363293808285,0,0,20.8,king+tour,1,0,8.069038259215368,0.3871760964393616,0.0,0.0
13.56,-21.203869458179366,-25.663620120673503,7.66093763644846,1.1455308693742186,18.526360345033215,6.475937636448398,19.767495721319747,0,0,20.7,king+tour,1,0,8.061735594727411,0.38715726137161255,0.0,0.0
13.58,-21.214869737890186,-25.660301245265416,7.641079820441755,1.1471202467993658,18.526070960241114,6.456079820441693,19.762753609925287,0,0,20.7,king+tour,1,0,8.054252166132079,0.38713690638542175,0.0,0.0
13.6,-21.22601613985038,-25.657155536033844,7.621220754895371,1.1494784117191945,18.525994448391014,6.436220754895309,19.756360261543996,0,0,20.6,king+tour,1,0,8.04656171142489,0.387117475271225,0.0,0.0
13.62,-21.237266881118334,-25.654185607562898,7.601361332497353,1.15086523123246,18.52612238730626,6.416361332497291,19.7521860251787,0,0,20.6,king+tour,1,0,8.038697778292976,0.38710734248161316,0.0,0.0
13.64,-21.248644953107682,-25.651393456962914,7.581501108188199,1.1529149326572716,18.526462936234726,6.396501108188137,19.746359038348324,0,0,20.5,king+tour,1,0,8.030639690295121,0.3870879113674164,0.0,0.0
13.66,-21.26010029540278,-25.64878134654426,7.561639578458474,1.1538287905293978,18.52700503284566,6.376639578458412,19.74264902278932,0,0,20.5,king+tour,1,0,8.022428048802363,0.3870769441127777,0.0,0.0
13.68,-21.271647726375473,-25.64635296914593,7.541778591739339,1.1550962863712528,18.52775625546612,6.356778591739277,19.73728276677137,0,0,20.4,king+tour,1,0,8.014048089901433,0.38705575466156006,0.0,0.0
13.7,-21.283229192516465,-25.644109523861175,7.521915498324656,1.1551037666819035,18.52870224066423,6.336915498324594,19.73344706669816,0,0,20.4,king+tour,1,0,8.005547571551864,0.3870432674884796,0.0,0.0
13.72,-21.29485150399031,-25.642055745185544,7.502053911831407,1.1551826142133652,18.529849348302115,6.317053911831345,19.727997202081312,0,0,20.3,king+tour,1,0,7.996917811357783,0.38702109456062317,0.0,0.0
13.74,-21.306477410629174,-25.640169124209237,7.4821937908697125,1.1544971291616637,18.53116583007956,6.297193790869651,19.72471982679866,0,0,20.3,king+tour,1,1,6.891545502311279,0.3871167004108429,0.0,0.0
13.76,-21.31813259440692,-25.63843398460161,7.462331902127407,1.1547171112037362,18.53264345827836,6.2773319021273455,19.71975915620888,0,0,20.2,king+tour,1,2,27.646843875567267,0.3835268020629883,0.0,0.0
13.78,-21.32977089937511,-25.63682867106361,7.442466577253411,1.1539695689632812,18.534248852773626,6.257466577253349,19.71361905113019,0,0,20.1,king+tour,1,2,27.644954440929144,0.3800923824310303,0.0,0.0
13.8,-21.34141054946128,-25.63533875939759,7.4225969794058075,1.1538004696724489,18.535972983086594,6.237596979405746,19.705050443482975,0,0,20.1,king+tour,1,2,27.643185207407335,0.3769788146018982,0.0,0.0
13.82,-21.353005429032258,-25.63394234004108,7.402729938625073,1.1522700732337794,18.537782154718666,6.217729938625011,19.69897318414428,0,0,20.0,king+tour,1,2,27.641515356933255,0.3742997646331787,0.0,0.0
13.84,-21.364539451389508,-25.63257941484955,7.382873559299204,1.150181547352411,18.539614126757147,6.1978735592991425,19.69023948359004,0,0,20.0,king+tour,1,2,27.639885224559226,0.3720857799053192,0.0,0.0
13.86,-21.37595664564273,-25.63121867276598,7.3630391252861775,1.146307895212863,18.541423350320137,6.178039125286116,19.684348917689377,0,0,19.9,king+tour,1,2,27.63826469679905,0.37025168538093567,0.0,0.0
13.88,-21.387222096343123,-25.629779541207686,7.343225130273634,1.1419017881172053,18.54312255997805,6.158225130273572,19.67537226766971,0,0,19.9,king+tour,1,2,27.636573851600147,0.3688426613807678,0.0,0.0
13.9,-21.39829637729808,-25.62824658397614,7.323438935302279,1.1363133018533846,18.54468585952146,6.138438935302217,19.66910902705198,0,0,19.8,king+tour,1,2,27.634797928600126,0.3677412271499634,0.0,0.0
13.92,-21.40914358898469,-25.626532837575475,7.303675063120465,1.1304972044624841,18.546019479737986,6.118675063120404,19.659737931076144,0,0,19.7,king+tour,1,2,27.63285052114736,0.36696651577949524,0.0,0.0
13.94,-21.419724749621416,-25.624616528784095,7.283939967538555,1.1237295019612379,18.547091445602835,6.098939967538493,19.652929175614563,0,0,19.7,king+tour,1,2,27.630710409408103,0.3664340078830719,0.0,0.0
13.96,-21.430002677747254,-25.622404762811286,7.264221594912032,1.1172980067072618,18.547801858885236,6.07922159491197,19.643080721225612,0,0,19.6,king+tour,1,2,27.62828517711432,0.3661542534828186,0.0,0.0
13.98,-21.43993838937443,-25.61986951179463,7.2445250783723525,1.1102912084828696,18.5481126403607,6.059525078372291,19.6356185400423,0,0,19.6,king+tour,1,2,27.625547249896407,0.3661611080169678,0.0,0.0
14.0,-21.44949179221575,-25.61691471307181,7.224828923487531,1.1044646424713294,18.547919980050494,6.03982892348747,19.625860974549827,0,0,19.5,king+tour,1,2,27.622401009975945,0.3663608133792877,0.0,0.0
14.02,-21.45862222621774,-25.61350845521966,7.205133916537684,1.0987045967577085,18.547181521783276,6.020133916537622,19.618270273013355,0,0,19.5,king+tour,1,2,27.61881494743091,0.3667531907558441,0.0,0.0
14.04,-21.467297239194036,-25.609608667301796,7.185421548442841,1.094351008417479,18.54584738464436,6.000421548442779,19.60769787110127,0,0,19.4,king+tour,1,2,27.61474720132192,0.3672870099544525,0.0,0.0
14.06,-21.475476551265736,-25.605228397329938,7.165750194063113,1.0874857402805689,18.543918415426003,5.980750194063051,19.599176459021102,0,0,19.4,king+tour,1,2,27.610211149446563,0.3656652867794037,0.0,0.0
14.08,-21.483117760918475,-25.600309865041066,7.146154590963161,1.0800089185796942,18.54132679214495,5.961154590963099,19.587948946779818,0,0,19.3,king+tour,1,2,27.60514937281378,0.3633650839328766,0.0,0.0
14.1,-21.49018381903036,-25.594864262015136,7.126664440974213,1.071738909609379,18.538072385243716,5.941664440974151,19.578510142363996,0,0,19.3,king+tour,1,2,27.599573297017088,0.3612085282802582,0.0,0.0
14.12,-21.49667833745984,-25.58887123724928,7.107297307330067,1.0644023922667063,18.534136127017213,5.922297307330005,19.56620215970617,0,0,19.2,king+tour,1,2,27.59346206697345,0.35916417837142944,0.0,0.0
14.14,-21.502583276947366,-25.582359260794494,7.088070713034427,1.05704313524586,18.529539782268902,5.903070713034365,19.556007760798057,0,0,19.2,king+tour,1,2,27.58684407082311,0.35713282227516174,0.0,0.0
14.16,-21.50791153163123,-25.57531380088265,7.068991127870766,1.051260402282565,18.524272516485443,5.883991127870704,19.54239794785036,0,0,19.1,king+tour,1,2,27.579704173138815,0.35525843501091003,0.0,0.0
14.18,-21.51268372306404,-25.56779016268728,7.050070742996704,1.045657576060208,18.518392740342986,5.865070742996642,19.53094304302287,0,0,19.1,king+tour,1,2,27.57209697516176,0.35341188311576843,0.0,0.0
14.2,-21.516913685313227,-25.559765125951845,7.0313095564547785,1.0419643896213344,18.51188163543036,5.846309556454717,19.516129270700365,0,0,19.0,king+tour,1,2,27.563998733584885,0.3515973687171936,0.0,0.0
14.22,-21.520624477445477,-25.551285210394465,7.012713521283103,1.0386186381623217,18.504789948006703,5.827713521283041,19.50348318593842,0,0,19.0,king+tour,1,2,27.555455315347725,0.3497939705848694,0.0,0.0
14.24,-21.52383075419169,-25.542319048151878,6.994274625645713,1.0376236652325075,18.49709136275438,5.809274625645651,19.48867407494723,0,0,18.9,king+tour,1,2,27.546434900016433,0.34806668758392334,0.0,0.0
14.26,-21.52655576631066,-25.532902578065375,6.976009036405979,1.0364933070372668,18.488826607692292,5.791009036405917,19.47517192317687,0,0,18.9,king+tour,1,2,27.53697285134393,0.34633269906044006,0.0,0.0
14.28,-21.528860251271357,-25.52306349538071,6.957920962693391,1.0359737082109937,18.480039129009242,5.7729209626933295,19.459580493523013,0,0,18.9,king+tour,1,2,27.527095684681125,0.34460192918777466,0.0,0.0
14.3,-21.530727132435548,-25.512843839152865,6.940008647556386,1.0353473478305852,18.470764191198008,5.755008647556324,19.445644160513123,0,0,18.8,king+tour,1,2,27.516845624850315,0.34285861253738403,0.0,0.0
14.32,-21.532209135244514,-25.502272033800395,6.922280619525997,1.0347008970984737,18.461043745429436,5.737280619525936,19.429672192447722,0,0,18.8,king+tour,1,2,27.50625011364341,0.3411450684070587,0.0,0.0
14.34,-21.533308965417497,-25.491408437492062,6.904741810299909,1.0330019121823295,18.450936252347727,5.719741810299848,19.41523360775045,0,0,18.7,king+tour,1,2,27.49536939920556,0.3394673466682434,0.0,0.0
14.36,-21.53410050376999,-25.48029848120576,6.887394454256817,1.0307623675377424,18.44050603401992,5.702394454256755,19.39885733241244,0,0,18.7,king+tour,1,2,27.48424761489292,0.33778512477874756,0.0,0.0
14.38,-21.534580508802637,-25.4690052161066,6.870236017919425,1.0273511801905924,18.429812489850388,5.6852360179193635,19.38339429081023,0,0,18.7,king+tour,1,2,27.472947837195736,0.336085706949234,0.0,0.0
14.4,-21.534815674445472,-25.45757491770418,6.853269820182837,1.0229355919178216,18.418918777421137,5.6682698201827755,19.366061759675514,0,0,18.6,king+tour,1,2,27.46151519523421,0.33438289165496826,0.0,0.0
14.42,-21.53482303175744,-25.446034095940057,6.8364910640086,1.0182304256352692,18.407855042674825,5.651491064008538,19.350337867547548,0,0,18.6,king+tour,1,2,27.449975905404497,0.3327295780181885,0.0,0.0
14.44,-21.53468764500827,-25.43439070197882,6.819899992450095,1.0134725057541134,18.396652984280195,5.634899992450033,19.332806648634552,0,1,18.6,king+tour,1,2,27.438336479760025,0.33107316493988037,0.0,0.0
14.46,-21.534419245277753,-25.422673292496448,6.803493903900855,1.0081287924645446,18.38534269233452,5.618493903900793,19.317112726765643,0,1,18.5,king+tour,1,2,27.426625310930355,0.3294048011302948,0.0,0.0
14.48,-21.534095404322752,-25.410890831889407,6.787267589073786,1.0027768243579531,18.37395477814944,5.602267589073724,19.299670261577823,0,1,18.5,king+tour,1,2,27.41485005047505,0.3277316689491272,0.0,0.0
14.5,-21.533718496860942,-25.399074648246724,6.771218135314661,0.9966810185292827,18.362519933400375,5.586218135314599,19.28412471517269,0,1,18.5,king+tour,1,2,27.403041984793695,0.32604557275772095,0.0,0.0
14.52,-21.533357246788604,-25.38723758932713,6.755117620909832,0.9993410698815708,18.351070028542487,5.5701176209097705,19.26685122243198,0,1,18.4,king+tour,1,2,27.39121279230581,0.3325083255767822,0.0,0.0
14.54,-21.53300739456709,-25.375412211747303,6.73904589269275,0.9978256352766087,18.33963506753453,5.554045892692688,19.251409036481196,0,1,18.4,king+tour,1,2,27.37939509661622,0.3307564854621887,0.0,0.0
14.56,-21.53272613148439,-25.363610520462274,6.723049724742502,0.9940276847267977,18.328242869396384,5.53804972474244,19.234132379398314,0,1,18.3,king+tour,1,2,27.36759992370086,0.32898372411727905,0.0,0.0
14.58,-21.532500358947363,-25.351869331265494,6.707159411158457,0.987937957050386,18.316925013376977,5.522159411158396,19.218164905635867,0,1,18.3,king+tour,1,2,27.355864304185424,0.3271946310997009,0.0,0.0
14.6,-21.53236361018812,-25.340193570104667,6.691396063458063,0.9808481401717359,18.305695812782886,5.506396063458001,19.20061007399418,0,1,18.3,king+tour,1,2,27.344192587163164,0.32540255784988403,0.0,0.0
14.62,-21.532293809289452,-25.328584203468886,6.675770981787793,0.9733003686581174,18.29454992389108,5.4907709817877315,19.18504846121817,0,1,18.2,king+tour,1,2,27.332586113408993,0.32362568378448486,0.0,0.0
14.64,-21.53233261698446,-25.317018555233116,6.660289418678106,0.9662356356887833,18.283477549174297,5.475289418678044,19.167905717262546,0,1,18.2,king+tour,1,2,27.321021494960377,0.32185283303260803,0.0,0.0
14.66,-21.53244996606774,-25.305502253236085,6.6449531357119,0.9589584945576527,18.27247553345246,5.459953135711838,19.152630895095392,0,1,18.2,king+tour,1,2,27.309504871668963,0.32008400559425354,0.0,0.0
14.68,-21.532679657175315,-25.294016248849097,6.629766143270343,0.9521367997860455,18.26153533330941,5.444766143270281,19.13578476973574,0,1,18.1,king+tour,1,2,27.298016618341638,0.31832122802734375,0.0,0.0
14.7,-21.53298443720222,-25.28257108924942,6.614729188500032,0.9449796001651249,18.250656444123106,5.42972918849997,19.12088304848642,0,1,18.1,king+tour,1,2,27.286567918590343,0.3165624737739563,0.0,0.0
14.72,-21.53339061063479,-25.27115154111036,6.599841642100511,0.938363061873566,18.239831845904945,5.414841642100449,19.104419044061885,0,1,18.1,king+tour,1,2,27.275143092208513,0.3148130476474762,0.0,0.0
14.74,-21.53385377568335,-25.25977362362305,6.585100808938966,0.9313480693419116,18.229064207796192,5.400100808938904,19.089585843734575,0,1,18.0,king+tour,1,2,27.26375891753776,0.3130835294723511,0.0,0.0
14.76,-21.534392832254376,-25.248426530492882,6.570509371208964,0.9246041849353618,18.21834862876357,5.385509371208903,19.073202459376002,0,1,18.0,king+tour,1,2,27.252404268657187,0.3113653063774109,0.0,0.0
14.78,-21.534961750474768,-25.237120400566308,6.5560661007748005,0.9175515008604415,18.207681643848755,5.371066100774739,19.05871360244498,0,1,18.0,king+tour,1,2,27.24109007158977,0.30965903401374817,0.0,0.0
14.8,-21.535576928374255,-25.225837343460164,6.541769689100924,0.9111437980053739,18.197050841216573,5.3567696891008625,19.042676833132568,0,1,18.0,king+tour,1,2,27.22979816014082,0.30796509981155396,0.0,0.0
14.82,-21.536185542032754,-25.214593493040056,6.527613276920861,0.9044315737895148,18.186456508436283,5.342613276920799,19.027709909980203,0,1,17.9,king+tour,1,2,27.218545568101863,0.3062814474105835,0.0,0.0
14.84,-21.536796747318824,-25.203376000113426,6.513603447325239,0.897887861538255,18.175888964834936,5.328603447325177,19.0112074115417,0,1,17.9,king+tour,1,2,27.207319292000115,0.30461156368255615,0.0,0.0
14.86,-21.537364173724782,-25.19217388000573,6.499735761871693,0.8917989788510338,18.165324336398633,5.314735761871631,18.99662648255272,0,1,17.9,king+tour,1,2,27.19610913767297,0.30296263098716736,0.0,0.0
14.88,-21.537901764213046,-25.180945774040005,6.486010833674312,0.887035823873339,18.15472700899015,5.30101083367425,18.980474070144876,0,1,17.8,king+tour,1,2,27.18487351360717,0.3013297915458679,0.0,0.0
14.9,-21.53837637570553,-25.169692092304174,6.472426262183183,0.8823423248345752,18.144087806714747,5.287426262183121,18.966065193317796,0,1,17.8,king+tour,1,2,27.173613391691628,0.29971224069595337,0.0,0.0
14.92,-21.538814810620458,-25.158381102697415,6.458979686269149,0.8788360411229655,18.133384049795644,5.2739796862690875,18.950079058303192,0,1,17.8,king+tour,1,2,27.162296587333245,0.29811105132102966,0.0,0.0
14.94,-21.539177087581432,-25.147019452760787,6.445666096308434,0.8753142457441028,18.122610548806094,5.2606660963083725,18.93574156016643,0,1,17.7,king+tour,1,2,27.15093042466837,0.29652154445648193,0.0,0.0
14.96,-21.539482509186804,-25.13558054028069,6.4324875614672115,0.872662279529842,18.11174737941215,5.24748756146715,18.919825086984876,0,1,17.7,king+tour,1,2,27.139487976330816,0.2949490547180176,0.0,0.0
14.98,-21.53969275408634,-25.12407883878363,6.4194401734116076,0.8697236275374194,18.100797299955108,5.234440173411546,18.90563301695835,0,1,17.7,king+tour,1,2,27.127984363258367,0.2933955490589142,0.0,0.0
15.0,-21.53982830586876,-25.11249434556541,6.406524288767005,0.8675236791600173,18.089747047509874,5.221524288766943,18.889864646419078,0,1,17.7,king+tour,1,2,27.116399237848594,0.2918619215488434,0.0,0.0
15.02,-21.539860463836217,-25.10085071698176,6.393738107862008,0.8646697966047239,18.078610931140748,5.208738107861946,18.8757104829127,0,1,17.6,king+tour,1,2,27.10475674078024,0.29034680128097534,0.0,0.0
15.04,-21.539818864839916,-25.08913562836897,6.3810806307816765,0.862346736703287,18.067385693961395,5.196080630781615,18.860006281123997,0,1,17.6,king+tour,1,2,27.09304404767627,0.28885114192962646,0.0,0.0
15.06,-21.539669067954886,-25.077378981355462,6.368548621407525,0.8592037695751715,18.056089945595012,5.183548621407463,18.84432025992898,0,1,17.6,king+tour,1,2,27.08129164325343,0.3005715608596802,0.0,0.0
15.08,-21.53943415040141,-25.06557356993211,6.356149357295803,0.8561026159926717,18.04472343351267,5.171149357295741,18.82821208712769,0,1,17.6,king+tour,1,2,27.069491934116975,0.31441864371299744,0.0,0.0
15.1,-21.539105636632822,-25.053676017419516,6.343890188917787,0.8543226650490091,18.033242153219927,5.158890188917725,18.8117150875855,0,1,17.5,king+tour,1,2,27.057601698407854,0.32931989431381226,0.0,0.0
15.12,-21.53872324582233,-25.04165968929931,6.331779016986796,0.8532567751950053,18.02163211727274,5.146779016986734,18.79525540762235,0,1,17.5,king+tour,1,2,27.04559363363688,0.3452184200286865,0.0,0.0
15.14,-21.538286544558282,-25.029442124741752,6.319821632620037,0.8550418595110492,18.00981428710483,5.134821632619976,18.77833924566353,0,1,17.5,king+tour,1,2,27.033385302061223,0.36176833510398865,0.0,0.0
15.16,-21.537840180035154,-25.01698150101072,6.308028262806343,0.858122888368053,17.99776162743725,5.123028262806281,18.760576324355167,0,1,17.5,king+tour,1,2,27.020934127545356,0.37898918986320496,0.0,0.0
15.18,-21.53738712644497,-25.004180271446092,6.296408871291633,0.8647065905467121,17.985381707183834,5.111408871291571,18.743393361603747,0,1,17.4,king+tour,1,2,27.008142527829218,0.3960898816585541,0.0,0.0
15.2,-21.536977848433008,-24.990935490543215,6.284968457277863,0.8753210874626773,17.972590775082455,5.099968457277801,18.724572470751994,0,1,17.4,king+tour,1,2,26.994906707886713,0.41366058588027954,0.0,0.0
15.22,-21.5366085694112,-24.97715015377779,6.273718098787468,0.8898629710445946,17.95929503146905,5.088718098787406,18.7068326388187,0,1,17.4,king+tour,1,2,26.981129739827725,0.4309808313846588,0.0,0.0
15.24,-21.53631373303561,-24.962683528494846,6.262642957577702,0.911083048329953,17.945370011486073,5.07764295757764,18.687418504659608,0,1,17.4,king+tour,1,2,26.966670317485224,0.4486963152885437,0.0,0.0
15.26,-21.53606673403094,-24.947443372680688,6.251746428785502,0.936826688170436,17.930719903148702,5.06674642878544,18.668755912974383,0,1,17.4,king+tour,1,2,26.95143666669933,0.46703222393989563,0.0,0.0
15.28,-21.53589191707094,-24.931296595526952,6.241004270745395,0.9697202338568425,17.915224711020404,5.056004270745333,18.64829697636813,0,1,17.3,king+tour,1,2,26.935295295000603,0.48481303453445435,0.0,0.0
15.3,-21.535753259464894,-24.914159346391834,6.230414248668189,1.007289806171164,17.898793975277638,5.045414248668127,18.628264347675042,0,1,17.3,king+tour,1,2,26.918162982623244,0.5031572580337524,0.0,0.0
15.32,-21.535665513520744,-24.895907275055045,6.219944610015248,1.0520921311333562,17.8813133637035,5.034944610015186,18.60635924834236,0,1,17.3,king+tour,1,2,26.89991514231398,0.5207971334457397,0.0,0.0
15.34,-21.53558379762124,-24.876465778816986,6.209588739205239,1.1013883439734948,17.86269873756297,5.024588739205178,18.584560095251696,0,1,17.3,king+tour,1,2,26.8804779564827,0.5390006303787231,0.0,0.0
15.36,-21.53551390612239,-24.855726058163345,6.199302859239354,1.1575191405385234,17.84284811098179,5.014302859239292,18.561442366455765,0,1,17.3,king+tour,1,2,26.85974254237221,0.5576416254043579,0.0,0.0
15.38,-21.535402778559774,-24.833624529507944,6.189085469482307,1.2174614692959789,17.821685532804747,5.004085469482245,18.538235949413615,0,1,17.3,king+tour,1,2,26.83764624494444,0.575576663017273,0.0,0.0
15.4,-21.53525060829817,-24.810101115007143,6.1789200004031075,1.2813186051535899,17.799154026843166,4.993920000403046,18.5128377701901,0,1,17.3,king+tour,1,2,26.81412899562457,0.5936440229415894,0.0,0.0
15.42,-21.535047298793753,-24.78514629528766,6.168812515251829,1.346240708482078,17.775241965465224,4.983812515251767,18.487115865809983,0,1,17.3,king+tour,1,2,26.789181455847455,0.6121698021888733,0.0,0.0
15.44,-21.534835352885686,-24.758706053723895,6.158743937791871,1.4146621037242724,17.74991070737594,4.973743937791809,18.45917373965106,0,1,17.3,king+tour,1,2,26.76274888382217,0.6308967471122742,0.0,0.0
15.46,-21.53459894751601,-24.73077833286816,6.148722462318058,1.4836133680704715,17.72315418220428,4.963722462317996,18.430832470847598,0,1,17.3,king+tour,1,2,26.73482950049592,0.650117039680481,0.0,0.0
15.48,-21.534374930683896,-24.701316344397704,6.138731004499159,1.5555450632504153,17.694939155250545,4.953731004499097,18.400323361707187,0,1,17.2,king+tour,1,2,26.705375886303784,0.669522762298584,0.0,0.0
15.5,-21.534141842165123,-24.67032526138043,6.128780815836306,1.627504079309324,17.665264904686047,4.943780815836244,18.369358879642647,0,1,17.2,king+tour,1,2,26.674393589565412,0.6893356442451477,0.0,0.0
15.52,-21.533931441543324,-24.6377729703872,6.11886047083747,1.7015501478252082,17.63411087085271,4.933860470837408,18.336228326009,0,1,17.2,king+tour,1,2,26.641849949338596,0.7092371582984924,0.0,0.0
15.54,-21.533716974524378,-24.603680129039475,6.1089858940292165,1.7747359623374455,17.60148963763377,4.923985894029155,18.30263075448718,0,1,17.2,king+tour,1,2,26.607766089397593,0.7294280529022217,0.0,0.0
15.56,-21.533525393660312,-24.568030732257842,6.099152133078889,1.849066689271817,17.567394740201845,4.914152133078828,18.26678737813216,0,1,17.2,king+tour,1,2,26.572125536895932,0.7495832443237305,0.0,0.0
15.58,-21.53332485457533,-24.53086362385809,6.08937734979689,1.921575233326558,17.531854658954053,4.904377349796828,18.230508931330682,0,1,17.3,king+tour,1,2,26.53496769018409,0.7699534296989441,0.0,0.0
15.6,-21.533137083222414,-24.49217080454373,6.0796571043716865,1.9947761125630679,17.49486911632735,4.894657104371625,18.192009810999654,0,1,17.3,king+tour,1,2,26.496284171939678,0.7902100682258606,0.0,0.0
15.62,-21.53292496242,-24.45199964308532,6.070009148628875,2.065702216056105,17.456473152718747,4.885009148628813,18.15312585794906,0,1,17.3,king+tour,1,2,26.456123000328606,0.8106104135513306,0.0,0.0
15.64,-21.53270504944151,-24.410350056617936,6.06042968150887,2.136880088426359,17.416672559524624,4.875429681508808,18.112054427532346,0,1,17.3,king+tour,1,2,26.414483804986926,0.8308150768280029,0.0,0.0
15.66,-21.53243509830065,-24.367278220302683,6.050934639513115,2.2053411185616567,17.375509184160332,4.865934639513053,18.070703022784482,0,1,17.3,king+tour,1,2,26.371423505077413,0.8510890603065491,0.0,0.0
15.68,-21.53212654865197,-24.322791143403364,6.041522671074753,2.2736426521202837,17.332994054436654,4.856522671074691,18.02720249289427,0,1,17.3,king+tour,1,2,26.326948914481356,0.8710817098617554,0.0,0.0
15.7,-21.531745611353763,-24.2769501250831,6.03221454366032,2.3389021515591257,17.2891763456057,4.847214543660258,17.98347973830651,0,1,17.3,king+tour,1,2,26.28112193283596,0.8925516605377197,0.0,0.0
15.72,-21.531312189800506,-24.229768673904235,6.02300949150907,2.4036483596263682,17.24407583470543,4.838009491509008,17.937658531869772,0,1,17.3,king+tour,1,2,26.233955724403394,0.9138758778572083,0.0,0.0
15.74,-21.530787462967115,-24.181318183279092,6.013921263528925,2.4649144345625174,17.197749692271955,4.828921263528863,17.89166378761537,0,1,17.3,king+tour,1,2,26.185522378196108,0.9352244138717651,0.0,0.0
15.76,-21.530186132058056,-24.13161845991952,6.004952870750742,2.5253000662813347,17.15022209337326,4.81995287075068,17.84361846046627,0,1,17.4,king+tour,1,2,26.13584145202364,0.9562909007072449,0.0,0.0
15.78,-21.52949885918766,-24.080732500499384,5.996113587988914,2.5826276008406985,17.101551055278325,4.811113587988852,17.795339209137154,0,1,17.4,king+tour,1,2,26.084976118181718,0.9773321151733398,0.0,0.0
15.8,-21.528769311068483,-24.028672929567435,5.987397757905754,2.6394586850883477,17.051762808297088,4.802397757905692,17.745062259784138,0,1,17.4,king+tour,1,2,26.032938229031842,0.9980944991111755,0.0,0.0
15.82,-21.52798370546602,-23.97548728059861,5.978816215968084,2.6939623672322734,17.00089932693108,4.793816215968023,17.694878425400415,0,1,17.4,king+tour,1,2,25.979775573450315,1.0,0.0,0.0
15.84,-21.527181205164442,-23.921192854540642,5.970303768712635,2.7481768802130295,16.948990062307775,4.7853037687125735,17.6430203396971,0,1,17.4,king+tour,1,2,25.92550475140337,1.0,0.0,0.0
15.86,-21.526343158130572,-23.86585431786156,5.961837045145997,2.7994380563635546,16.896091807805888,4.776837045145935,17.591346468893185,0,1,17.5,king+tour,1,2,25.87019076846337,1.0,0.0,0.0
15.88,-21.52550318200191,-23.809503951941217,5.953402677392661,2.849213864670362,16.84224665160071,4.768402677392599,17.53809818197671,0,1,17.5,king+tour,1,2,25.81386529513857,1.0,0.0,0.0
15.9,-21.524638230199315,-23.752225032274687,5.945011836677421,2.8948354822399582,16.78752765841189,4.760011836677359,17.485222976604074,0,1,17.5,king+tour,1,2,25.756612023422317,1.0,0.0,0.0
15.92,-21.52377746600722,-23.694073961743815,5.936673319264413,2.937609058200258,16.73199847945925,4.751673319264351,17.430569585357798,0,1,17.6,king+tour,1,2,25.698486816414775,1.0,0.0,0.0
15.94,-21.522893118643847,-23.63516184848906,5.928404105124549,2.9748105237523905,16.675756989532946,4.743404105124487,17.37656199332822,0,1,17.6,king+tour,1,2,25.639601283453423,1.0,0.0,0.0
15.96,-21.52200871127858,-23.57554918105056,5.920221326332175,3.008907677333125,16.61886886893387,4.7352213263321135,17.320883065277496,0,1,17.6,king+tour,1,2,25.580015472716774,1.0,0.0,0.0
15.98,-21.52110227792912,-23.515353037698247,5.912135866573884,3.0371746555855026,16.561439226049334,4.727135866573822,17.265989888063263,0,1,17.6,king+tour,1,2,25.519846858211782,1.0,0.0,0.0
16.0,-21.520203208168166,-23.454639988196273,5.904160871845193,3.0620594569614665,16.50354124106576,4.719160871845131,17.209542671537257,0,1,17.7,king+tour,1,2,25.45916145300416,1.0,0.0,0.0
16.02,-21.51928421501574,-23.393532186527185,5.896302735246397,3.0808920315585215,16.445282896612248,4.711302735246335,17.154309377103104,0,1,17.7,king+tour,1,2,25.398081907382792,1.0,0.0,0.0
16.04,-21.518369685050885,-23.33210146656465,5.888575038504008,3.096080997452386,16.386740628767562,4.7035750385039465,17.09763917131702,0,1,17.7,king+tour,1,2,25.336679586571815,1.0,0.0,0.0
16.06,-21.51745621165205,-23.270474206104804,5.880976972576917,3.1050298997226844,16.328033709507974,4.695976972576855,17.042018322115492,0,1,17.8,king+tour,1,2,25.275080912018492,1.0,0.0,0.0
16.08,-21.516591827514247,-23.20872695267844,5.873512802260482,3.110138382833635,16.269250487965735,4.68851280226042,16.985076906070805,0,1,17.8,king+tour,1,2,25.213361498140674,1.0,0.0,0.0
16.1,-21.51576848948031,-23.146973616019633,5.866169519983434,3.1096930188583514,16.21049678067095,4.6811695199833725,16.928737486425703,0,1,17.9,king+tour,1,2,25.151635378252596,1.0,0.0,0.0
16.12,-21.51502931128804,-23.085278975318065,5.8589430522783985,3.1060412550332264,16.151848194780204,4.673943052278337,16.871158345211537,0,1,17.9,king+tour,1,2,25.08996647742767,1.0,0.0,0.0
16.14,-21.514364455804262,-23.023713504819465,5.8518211828077,3.0989797576322915,16.093368691834314,4.666821182807638,16.81535717660634,0,1,17.9,king+tour,1,2,25.028425428961175,1.0,0.0,0.0
16.16,-21.513814252796063,-22.962300211858754,5.844794768681339,3.090819378054816,16.035093481894858,4.6597947686812775,16.758378939083542,0,1,18.0,king+tour,1,2,24.96703443438463,1.0,0.0,0.0
16.18,-21.51336351401504,-22.901114892065888,5.83785231626631,3.078978795452749,15.977089741544507,4.652852316266248,16.702130771525262,0,1,18.0,king+tour,1,3,18.90737843363185,1.0,0.0,0.0
16.2,-21.513047225259957,-22.84018654413941,5.830991513893083,3.0657112669129476,15.91939664730851,4.645991513893021,16.645071374315805,0,1,18.0,king+tour,1,3,18.84647850455885,1.0,0.0,0.0
16.22,-21.512849323095804,-22.77954391813417,5.8242073616386465,3.051062100273172,15.862036504396688,4.639207361638585,16.589978720654425,0,1,18.1,king+tour,1,3,18.78586132055537,1.0,0.0,0.0
16.24,-21.51280319388824,-22.71918372617681,5.817493275794889,3.0366238858930523,15.8050175378695,4.632493275794827,16.533776506396674,0,1,18.1,king+tour,1,3,18.72552269236424,1.0,0.0,0.0
16.26,-21.512887616650588,-22.6591550688146,5.810841593514558,3.019806164752459,15.748379528752464,4.6258415935144965,16.47752814945936,0,1,18.2,king+tour,1,3,18.66551221788681,1.0,0.0,0.0
16.28,-21.513130964248525,-22.599461441516272,5.804253607955146,3.002827797183816,15.692135510880542,4.619253607955084,16.42248072317789,0,1,18.2,king+tour,1,3,18.60583261701621,1.0,0.0,0.0
16.3,-21.51351435076087,-22.54006909792059,5.797727764801804,2.9875508748251547,15.636247796768739,4.612727764801742,16.367159741043366,0,1,18.2,king+tour,1,3,18.54645061575356,1.0,0.0,0.0
16.32,-21.514069721876137,-22.480999096184217,5.791256049523917,2.9713030141878662,15.580747309842984,4.606256049523855,16.312197190474322,0,1,18.3,king+tour,1,3,18.48738639798388,1.0,0.0,0.0
16.34,-21.514783313186527,-22.42222516232057,5.784846650123331,2.9563342652019426,15.525605173130336,4.599846650123269,16.256967207598834,0,1,18.3,king+tour,1,3,18.4286140326504,1.0,0.0,0.0
16.36,-21.51565927914293,-22.363743833518303,5.778498057610417,2.941571757466872,15.470820004209825,4.593498057610355,16.202891402376828,0,1,18.4,king+tour,1,3,18.370129926512817,1.0,0.0,0.0
16.38,-21.516656004068327,-22.305503566187877,5.772211160909593,2.9293545660363294,15.416329731179912,4.587211160909531,16.148507369961226,0,1,18.4,king+tour,1,3,18.31188363413552,1.0,0.0,0.0
16.4,-21.517782759317313,-22.247508274422774,5.7659873552286545,2.9169586907705645,15.362141600977234,4.580987355228593,16.095012447335144,0,1,18.4,king+tour,1,3,18.253878812250814,1.0,0.0,0.0
16.42,-21.519002724264748,-22.189713840778907,5.759826984615104,2.906731429279484,15.308202047938114,4.574826984615042,16.04118414407448,0,1,18.5,king+tour,1,3,18.19607232313305,1.0,0.0,0.0
16.44,-21.520329834009253,-22.13212270631142,5.753730347545088,2.8964068140929133,15.254518505247614,4.568730347545026,15.987990237067644,0,1,18.5,king+tour,1,3,18.138466233529112,1.0,0.0,0.0
16.46,-21.52173187365253,-22.074689480842977,5.747698474103881,2.8883059914425564,15.201037715030607,4.5626984741038195,15.934443031161843,0,1,18.6,king+tour,1,3,18.081016017624002,1.0,0.0,0.0
16.48,-21.52322713035863,-22.017406172432004,5.741733892381067,2.880620354303939,15.147758844280872,4.556733892381005,15.881844382702273,0,1,18.6,king+tour,1,3,18.023713200992102,1.0,0.0,0.0
16.5,-21.524787551132444,-21.960217284730877,5.735832370427286,2.8756876355293657,15.094620579357962,4.550832370427225,15.82884592652183,0,1,18.6,king+tour,1,3,17.96650304834818,1.0,0.0,0.0
16.52,-21.52643614013255,-21.90312221698576,5.729989043694923,2.870848774235449,15.041630773477713,4.544989043694861,15.776686244257554,0,1,18.7,king+tour,1,3,17.909384351386894,1.0,0.0,0.0
16.54,-21.528149642625642,-21.84607277633244,5.724209242117467,2.868353567782922,14.988736682960793,4.539209242117405,15.724089983664259,0,1,18.7,king+tour,1,3,17.852309550809053,1.0,0.0,0.0
16.56,-21.529929560341504,-21.789073124072225,5.7184945423272575,2.865652743509334,14.935943247931712,4.533494542327196,15.672218043725618,0,1,18.8,king+tour,1,3,17.79528276908882,1.0,0.0,0.0
16.58,-21.53173074329069,-21.732079922404257,5.712840504497116,2.8650643274483154,14.883194560826164,4.527840504497054,15.619882889586131,0,1,18.8,king+tour,1,3,17.738261878530018,1.0,0.0,0.0
16.6,-21.53355959106985,-21.675099947731397,5.707245704155678,2.864159557697386,14.830499629610394,4.522245704155616,15.568254827219008,0,1,18.8,king+tour,1,3,17.681253485468087,1.0,0.0,0.0
16.62,-21.535375890325067,-21.618092529799107,5.701705958404726,2.8652370867331833,14.777806618558827,4.516705958404664,15.516137718012164,0,1,18.9,king+tour,1,3,17.62421799547016,1.0,0.0,0.0
16.64,-21.53719103833195,-21.561069164930604,5.696223536810287,2.865752889622811,14.725130657486918,4.511223536810225,15.464553525250388,0,1,18.9,king+tour,1,3,17.567166599952216,1.0,0.0,0.0
16.66,-21.53896968437765,-21.503994188099202,5.690794977210153,2.868007069984807,14.672426188750105,4.505794977210091,15.412465153282287,0,1,19.0,king+tour,1,3,17.510064576949265,1.0,0.0,0.0
16.68,-21.540727927116727,-21.446878051728582,5.685419657941184,2.869772860645929,14.619709018451674,4.500419657941122,15.361111262904439,0,1,19.0,king+tour,1,3,17.452921949886186,1.0,0.0,0.0
16.7,-21.54243500872446,-21.389683941037806,5.680096598828355,2.8733322918011646,14.56693407549363,4.495096598828293,15.309235225209243,0,1,19.1,king+tour,1,3,17.395702724823426,1.0,0.0,0.0
16.72,-21.54411180027951,-21.332428684470063,5.674828231768831,2.876078808912861,14.514124859517507,4.48982823176877,15.257989136305762,0,1,19.1,king+tour,1,3,17.33842317377463,1.0,0.0,0.0
16.74,-21.545732193255954,-21.27508238642925,5.669609042435167,2.8803053265602507,14.461244387215151,4.484609042435105,15.206212660460157,0,1,19.2,king+tour,1,3,17.28105409684728,1.0,0.0,0.0
16.76,-21.5473220690735,-21.217668876717287,5.664440697307981,2.883379351522594,14.408324553539428,4.479440697307919,15.154862105503566,0,1,19.2,king+tour,1,3,17.22361863423093,1.0,0.0,0.0
16.78,-21.548860190078234,-21.16016509413821,5.659320656943475,2.8875879382544256,14.355336495328359,4.474320656943413,15.102985874696637,0,1,19.3,king+tour,1,3,17.166094290378805,1.0,0.0,0.0
16.8,-21.55037561683666,-21.102592411336627,5.654248900610993,2.890775430368139,14.302311065606677,4.469248900610931,15.051648818495929,0,1,19.3,king+tour,1,3,17.10850166654708,1.0,0.0,0.0
16.82,-21.551850281347743,-21.044925180898762,5.649224975257695,2.8952218946694543,14.249218177523202,4.4642249752576335,14.999780579994727,0,1,19.4,king+tour,1,3,17.050815599048768,1.0,0.0,0.0
16.84,-21.553300158822232,-20.987190302573595,5.644249959376162,2.8983482808897225,14.196089113119143,4.4592499593761,14.948579307908133,0,1,19.4,king+tour,1,3,16.993062558701965,1.0,0.0,0.0
16.86,-21.55469402397791,-20.929367610596127,5.63932184754329,2.9024527790433785,14.142893972441641,4.454321847543228,14.896849712634962,0,1,19.4,king+tour,1,3,16.935223208064965,1.0,0.0,0.0
16.88,-21.55605281151495,-20.871490609654845,5.634441129432194,2.904916070563823,14.089671963804486,4.449441129432132,14.845316426557286,0,1,19.5,king+tour,1,3,16.87733049086364,1.0,0.0,0.0
16.9,-21.55735006629197,-20.813545676079652,5.629607770565663,2.908031789253187,14.036400912155328,4.444607770565601,14.793275316481727,0,1,19.6,king+tour,1,3,16.81937148544584,1.0,0.0,0.0
16.92,-21.558610612177247,-20.75555134747067,5.624821938957109,2.91025570651478,13.983107588576178,4.4398219389570475,14.741907797586077,0,1,19.6,king+tour,1,3,16.76136407185909,1.0,0.0,0.0
16.94,-21.55981213606646,-20.697479352722347,5.620081415259445,2.913877484827537,13.929757745921489,4.435081415259384,14.690027260594606,0,1,19.7,king+tour,1,3,16.703280578681046,1.0,0.0,0.0
16.96,-21.560984329006853,-20.639354846020794,5.6153875245322995,2.9162754181261517,13.87638621601213,4.430387524532238,14.638753774410354,0,1,19.7,king+tour,1,3,16.64514537188466,1.0,0.0,0.0
16.98,-21.562109606151676,-20.581156343095785,5.610737863198212,2.9197394326748674,13.822966845883172,4.42573786319815,14.586970004404598,0,1,19.8,king+tour,1,3,16.586937440986816,1.0,0.0,0.0
17.0,-21.56321549260721,-20.52290434536302,5.606327456008079,2.921459359760684,13.769529462205131,4.421327456008017,14.535979297439804,0,1,19.8,king+tour,1,3,16.528676556576286,1.0,0.0,0.0
17.02,-21.56428234692031,-20.46458584750002,5.6021061406713395,2.9240403871587985,13.716054990301444,4.417106140671278,14.484523072815916,0,1,19.9,king+tour,1,3,16.470350239229987,1.0,0.0,0.0
17.04,-21.565344516265323,-20.406244354866157,5.598016140478716,2.924716254630766,13.662597211075582,4.413016140478654,14.433137307658955,0,1,19.9,king+tour,1,3,16.4120010730294,1.0,0.0,0.0
17.06,-21.566386399660075,-20.34787269988871,5.594027341947124,2.9258529267292213,13.609143975568763,4.409027341947062,14.381292455439338,0,1,20.0,king+tour,1,3,16.35362230718829,1.0,0.0,0.0
17.08,-21.567419015794183,-20.28949143748543,5.590118360716785,2.9260546090854804,13.555718942605118,4.405118360716723,14.330171106029528,0,1,20.0,king+tour,1,3,16.295234198986144,1.0,0.0,0.0
17.1,-21.568405604448678,-20.231073095021195,5.586271357256095,2.927659273664107,13.50228294317769,4.401271357256033,14.278573841063599,0,1,20.1,king+tour,1,3,16.236810263663003,1.0,0.0,0.0
17.12,-21.569362110942457,-20.172644230906055,5.582477582410117,2.9279855677751803,13.448866999872665,4.397477582410056,14.227712894012774,0,1,20.2,king+tour,1,3,16.178376630890714,1.0,0.0,0.0
17.14,-21.570256993042673,-20.114184010136594,5.578730323153813,2.9293515401541614,13.395439930279636,4.3937303231537514,14.176374626189313,0,1,20.2,king+tour,1,3,16.119913317526574,1.0,0.0,0.0
17.16,-21.571111012104453,-20.05572509317648,5.575027460144125,2.929114847174649,13.342040203025874,4.390027460144063,14.125676173275526,0,1,20.3,king+tour,1,3,16.061452425966806,1.0,0.0,0.0
17.18,-21.57189751218261,-19.997253247203815,5.571364477463837,2.929587341222274,13.288644492828988,4.386364477463776,14.074510748920094,0,1,20.3,king+tour,1,3,16.002980447255705,1.0,0.0,0.0
17.2,-21.572645713640274,-19.938819348366508,5.567374837593935,2.928735889868543,13.235311309543462,4.382374837593873,14.023239573044753,0,1,20.4,king+tour,1,3,15.944547466326306,1.0,0.0,0.0
17.22,-21.5733336225591,-19.880407551749457,5.563196784474023,2.9282534600787424,13.18201758811227,4.378196784473961,13.971523877316052,0,1,20.5,king+tour,1,3,15.886138240846945,1.0,0.0,0.0
17.24,-21.57398506068641,-19.822018892381227,5.558917496766031,2.9274443708380553,13.128774010324143,4.373917496765969,13.920461970475406,0,1,20.5,king+tour,1,3,15.827753174705082,1.0,0.0,0.0
17.26,-21.57458063950183,-19.76361404902493,5.554588133779046,2.9284056350990046,13.075537073173814,4.369588133778985,13.868927046794019,0,1,20.6,king+tour,1,3,15.769353490834773,1.0,0.0,0.0
17.28,-21.57515100919157,-19.705205651625967,5.5502444408350975,2.9286233441199396,13.022331018863689,4.365244440835036,13.818059538213213,0,1,20.6,king+tour,1,3,15.71095099683196,1.0,0.0,0.0
17.3,-21.57568139579682,-19.646761687575694,5.545905310205133,2.930361026599079,12.969121018333006,4.360905310205071,13.766726007490949,0,1,20.7,king+tour,1,3,15.652514097922401,1.0,0.0,0.0
17.32,-21.57620819091062,-19.588303126302435,5.541584343346635,2.9310201525337094,12.915941493129845,4.356584343346573,13.715982464873944,0,1,20.8,king+tour,1,3,15.59406277577917,1.0,0.0,0.0
17.34,-21.576721310105622,-19.529805026626462,5.537290414834801,2.9328862827738424,12.862766136413061,4.352290414834739,13.664777995607976,0,1,20.8,king+tour,1,3,15.53557237485479,1.0,0.0,0.0
17.36,-21.577246543268856,-19.471294669108747,5.53303060311267,2.933378514032364,12.809631015985143,4.348030603112608,13.614285512706854,0,1,20.9,king+tour,1,3,15.477069464972072,1.0,0.0,0.0
17.38,-21.577762739934915,-19.41275294055588,5.528805961604444,2.934811764333787,12.756510659929505,4.3438059616043825,13.563340622794655,0,1,20.9,king+tour,1,3,15.418535517694318,1.0,0.0,0.0
17.4,-21.57830075230522,-19.354214204455914,5.524618376813854,2.934539549857237,12.703449754185055,4.339618376813792,13.51313068200003,0,1,21.0,king+tour,1,3,15.360004039446803,1.0,0.0,0.0
17.42,-21.578844230234843,-19.29566609321923,5.520469849021636,2.934870942855138,12.650430951518139,4.335469849021575,13.462486374276915,0,1,21.1,king+tour,1,3,15.30146311362619,1.0,0.0,0.0
17.44,-21.57942772307469,-19.2371474703609,5.5163566676000695,2.93329505272488,12.597504671472391,4.331356667600008,13.411655931614186,0,1,21.1,king+tour,1,3,15.2429506354132,1.0,0.0,0.0
17.46,-21.580038502520672,-19.178650083952284,5.5122863025329405,2.9321004160627906,12.54465883992419,4.327286302532879,13.36042202249669,0,1,21.2,king+tour,1,3,15.184458700606676,1.0,0.0,0.0
17.48,-21.580684475227276,-19.1201816802287,5.5082575798027875,2.930529867429403,12.491904543728765,4.323257579802726,13.310005377051294,0,1,21.3,king+tour,1,3,15.125994828520835,1.0,0.0,0.0
17.5,-21.581326772492535,-19.061703039040587,5.504269516120795,2.9308994664251675,12.43919054274698,4.319269516120733,13.259163120684933,0,1,21.3,king+tour,1,3,15.067520887912384,1.0,0.0,0.0
17.52,-21.581978321633553,-19.003228630701834,5.500322837555707,2.93055336862623,12.386536093935941,4.315322837555645,13.209053676275731,0,1,21.4,king+tour,1,3,15.009050984945569,1.0,0.0,0.0
17.54,-21.582605113571006,-18.944726194964048,5.49641447752959,2.93180965168296,12.333898193513082,4.311414477529528,13.158505726719596,0,1,21.5,king+tour,1,3,14.950553820299154,1.0,0.0,0.0
17.56,-21.58322516980197,-18.886217195527482,5.492543875142424,2.9320082911023824,12.281304575587228,4.307543875142362,13.108717722855417,0,1,21.5,king+tour,1,3,14.892050350824922,1.0,0.0,0.0
17.58,-21.58380943070935,-18.82767622640667,5.488711035738512,2.9334608759569765,12.228720445564962,4.30371103573845,13.05848955539933,0,1,21.6,king+tour,1,3,14.833515998073823,1.0,0.0,0.0
17.6,-21.584380811937894,-18.769131226623674,5.484917455992483,2.933528048011703,12.176181493215207,4.299917455992421,13.00897499531,0,1,21.7,king+tour,1,3,14.774978054085762,1.0,0.0,0.0
17.62,-21.58491500968265,-18.71056354324519,5.481160643112215,2.93452404427452,12.123660988809638,4.296160643112153,12.959027561408869,0,1,21.7,king+tour,1,3,14.71641856257973,1.0,0.0,0.0
17.64,-21.585439943180166,-18.652007937533117,5.4774402889577205,2.9338010969216834,12.071202968978955,4.292440288957659,12.909619636499547,0,1,21.8,king+tour,1,3,14.657871490849002,1.0,0.0,0.0
17.66,-21.58593618445309,-18.59345239772637,5.4737572524004285,2.933667608874049,12.01878874927492,4.288757252400367,12.859798627511644,0,1,21.9,king+tour,1,3,14.599325386059823,1.0,0.0,0.0
17.68,-21.586436004805353,-18.534928123616783,5.470111474443886,2.9319925721882987,11.966461138216548,4.285111474443824,12.810606637631471,0,1,22.0,king+tour,1,3,14.540810525442778,1.0,0.0,0.0
17.7,-21.58692437503173,-18.47641975885034,5.46650217579077,2.9310809822864328,11.914200389920238,4.281502175790708,12.761016951716858,0,1,22.0,king+tour,1,3,14.482311987606657,1.0,0.0,0.0
17.72,-21.587437800600387,-18.417958654981174,5.462923658561514,2.92863878661072,11.862051476562142,4.277923658561452,12.711629368942944,0,1,22.1,king+tour,1,3,14.42386007090751,1.0,0.0,0.0
17.74,-21.587965573853737,-18.359529219784438,5.45938362175444,2.926947771404552,11.80999644635415,4.274383621754378,12.661860571072884,0,1,22.2,king+tour,1,3,14.36543949143822,1.0,0.0,0.0
17.76,-21.588516197729632,-18.30114768399972,5.455882519629945,2.924450642138353,11.758054396605546,4.270882519629883,12.612887144217316,0,1,22.3,king+tour,1,3,14.307066226138097,1.0,0.0,0.0
17.78,-21.589051252072284,-18.2427834995282,5.452417023834273,2.923471384024799,11.706181519411093,4.267417023834211,12.563521485666339,0,1,22.3,king+tour,1,3,14.248710843015102,1.0,0.0,0.0
17.8,-21.58958435413676,-18.18445976791765,5.448988331268522,2.9213429272772,11.654405240063854,4.26398833126846,12.514926717253235,0,1,22.4,king+tour,1,3,14.190396044862307,1.0,0.0,0.0
17.82,-21.59008212304167,-18.126152884116376,5.445593417561065,2.9203877788657797,11.602690025048632,4.260593417561004,12.465937611395754,0,1,22.5,king+tour,1,3,14.132099206108037,1.0,0.0,0.0
17.84,-21.59056327756246,-18.067892908714438,5.442228872340956,2.9179515109257057,11.551071728686479,4.257228872340894,12.417040229389094,0,1,22.6,king+tour,1,3,14.073849840066448,1.0,0.0,0.0
17.86,-21.590999349979935,-18.00966281293873,5.438899977300084,2.9163400673595277,11.499522734777639,4.253899977300022,12.36777407146329,0,1,22.6,king+tour,1,3,14.015631761142812,1.0,0.0,0.0
17.88,-21.591412259917806,-17.951466284617602,5.43560715450005,2.914553604431131,11.448056908746038,4.250607154499988,12.319244306435836,0,1,22.7,king+tour,1,3,13.957448027206375,1.0,0.0,0.0
17.9,-21.591777253785246,-17.89326059232846,5.432346865961931,2.9149036505231494,11.396625522480905,4.24734686596187,12.270323777947203,0,1,22.8,king+tour,1,3,13.899256659867609,1.0,0.0,0.0
17.92,-21.592121251540668,-17.83505647456441,5.429120175140692,2.9147251983690863,11.345251224319401,4.244120175140631,12.222105686320345,0,1,22.9,king+tour,1,3,13.841067615174467,1.0,0.0,0.0
17.94,-21.592424385288094,-17.77681829793745,5.4259240633893215,2.9163299869996315,11.29389397860658,4.24092406338926,12.173484506722867,0,1,22.9,king+tour,1,3,13.782845870722486,1.0,0.0,0.0
17.96,-21.592718541747413,-17.71856384153708,5.422758049964328,2.9170583896849025,11.242585229130095,4.237758049964266,12.125613055992002,0,1,23.0,king+tour,1,3,13.72460826619707,1.0,0.0,0.0
17.98,-21.592988648356172,-17.660264333870682,5.41962227501642,2.919220202489099,11.191293417398208,4.234622275016358,12.077338064169725,0,1,23.1,king+tour,1,3,13.666326496596895,1.0,0.0,0.0
18.0,-21.593271351245207,-17.601944098876963,5.416517461874477,2.9201753351864963,11.140058284463992,4.231517461874415,12.029731164445932,0,1,23.2,king+tour,1,3,13.608023789760647,1.0,0.0,0.0
18.02,-21.59355618851915,-17.54358112051612,5.413442122520061,2.922232061098847,11.088856603356973,4.228442122519999,11.981727878681502,0,1,23.3,king+tour,1,3,13.549678451531303,1.0,0.0,0.0
18.04,-21.593878637309707,-17.485206228499635,5.410394936289389,2.9227629629698426,11.03773357460547,4.2253949362893275,11.934394225332566,0,1,23.4,king+tour,1,3,13.491320231407999,1.0,0.0,0.0
18.06,-21.594227030669405,-17.426803571921898,5.407377744247138,2.9240789665679605,10.986670979910677,4.222377744247076,11.886676333332272,0,1,23.4,king+tour,1,3,13.432933628273982,1.0,0.0,0.0
18.08,-21.594626006910307,-17.368409555021085,5.40438920056651,2.9235901667232067,10.935713892307911,4.219389200566448,11.839036130978899,0,1,23.5,king+tour,1,3,13.374554276874145,1.0,0.0,0.0
18.1,-21.595053006170154,-17.310013775589546,5.401429528988982,2.923614646132328,10.884843607196004,4.21642952898892,11.79104153425592,0,1,23.6,king+tour,1,3,13.31617245210482,1.0,0.0,0.0
18.12,-21.595535970091312,-17.251628465519435,5.398497152517803,2.9230448670439753,10.834085695012085,4.213497152517741,11.743864597085366,0,1,23.7,king+tour,1,3,13.257799521023651,1.0,0.0,0.0
18.14,-21.596056109375333,-17.193219263882604,5.3955929818020625,2.9241834707628613,10.7834024203829,4.210592981802001,11.696326096794529,0,1,23.8,king+tour,1,3,13.199401699003483,1.0,0.0,0.0
18.16,-21.59664289469793,-17.134804849728862,5.392715963951946,2.9244082006662135,10.73282601447283,4.207715963951884,11.649417501768008,0,1,23.9,king+tour,1,3,13.140996742822004,1.0,0.0,0.0
18.18,-21.597278949706816,-17.076357305674392,5.38986667871446,2.926020505028126,10.68232523278227,4.2048666787143985,11.602143934064216,0,1,23.9,king+tour,1,3,13.08255726645266,1.0,0.0,0.0
18.2,-21.59797860504244,-17.017900767394327,5.387046936224742,2.9264344059732297,10.631929774582684,4.20204693622468,11.555639534184518,0,1,24.0,king+tour,1,3,13.024106940275384,1.0,0.0,0.0
18.22,-21.598709257482824,-16.9594126868397,5.38425421219229,2.927963766628049,10.581605474989209,4.199254212192228,11.508772130204594,0,1,24.1,king+tour,1,3,12.965624221295776,1.0,0.0,0.0
18.24,-21.599490280565725,-16.90092402996879,5.381489817810931,2.927957844605318,10.531390393870808,4.196489817810869,11.462699578643727,0,1,24.2,king+tour,1,3,12.9071394531239,1.0,0.0,0.0
18.26,-21.60029402648027,-16.842419050432827,5.378752247405648,2.92872537536502,10.481258567466803,4.193752247405587,11.416275291550175,0,1,24.3,king+tour,1,3,12.848637746165442,1.0,0.0,0.0
18.28,-21.601144773234537,-16.783935485429474,5.3760385575232466,2.9276335402160374,10.43125631358903,4.191038557523185,11.369812016351256,0,1,24.4,king+tour,1,3,12.790156057982289,1.0,0.0,0.0
18.3,-21.60201976497098,-16.725463964865042,5.373353947950653,2.926982856207427,10.381365487062682,4.188353947950591,11.323031675020593,0,1,24.5,king+tour,1,3,12.731685724543803,1.0,0.0,0.0
18.32,-21.60294081398451,-16.667012415324884,5.3706988533210795,2.925953478108902,10.331605491478385,4.185698853321018,11.277033224219982,0,1,24.6,king+tour,1,3,12.673233980606293,1.0,0.0,0.0
18.34,-21.60388309391698,-16.60854232557635,5.368069482472029,2.92683825899822,10.281932100718889,4.183069482471967,11.23070245503819,0,1,24.7,king+tour,1,3,12.614763104360506,1.0,0.0,0.0
18.36,-21.60487334208424,-16.55006882771434,5.3654621348469975,2.926998806494946,10.23237368992511,4.180462134846936,11.185012610951837,0,1,24.8,king+tour,1,3,12.556287375500885,1.0,0.0,0.0
18.38,-21.60589167711736,-16.491560082164025,5.362881232301781,2.9287247096898117,10.182894475753244,4.177881232301719,11.138981892909104,0,1,24.9,king+tour,1,3,12.497775588338873,1.0,0.0,0.0
18.4,-21.606942886363708,-16.43303597643693,5.3603283565265185,2.929459492278345,10.133515691417266,4.175328356526457,11.093695063764345,0,1,25.0,king+tour,1,3,12.439247464615981,1.0,0.0,0.0
18.42,-21.60798499776836,-16.37446956060188,5.357800520575682,2.9315102824899717,10.084194099174063,4.1728005205756205,11.048062314002987,0,1,25.0,king+tour,1,3,12.380677391331913,1.0,0.0,0.0
18.44,-21.60902791278802,-16.31588757055659,5.35529958377499,2.932231195815609,10.034959210841857,4.170299583774928,11.003150261989104,0,1,25.1,king+tour,1,3,12.322091779546573,1.0,0.0,0.0
18.46,-21.61003470772005,-16.257269930508752,5.352822811118326,2.9339290054490124,9.98577596246562,4.167822811118264,10.957895672029935,0,1,25.2,king+tour,1,3,12.26347173840006,1.0,0.0,0.0
18.48,-21.611020366129306,-16.19865013614725,5.350372318823336,2.93396349924984,9.936682063134988,4.165372318823274,10.913362580736052,0,1,25.3,king+tour,1,3,12.204850277643374,1.0,0.0,0.0
18.5,-21.6119529435843,-16.140014924692643,5.347945574449765,2.934640868697007,9.887650543373871,4.1629455744497035,10.868498561009188,0,1,25.4,king+tour,1,3,12.146215167275484,1.0,0.0,0.0
18.52,-21.612852545804596,-16.08140470667652,5.345538454408882,2.9333262548442276,9.838727469437577,4.160538454408821,10.823499943753802,0,1,25.5,king+tour,1,3,12.08760616655736,1.0,0.0,0.0
18.54,-21.613692095206925,-16.022812631333675,5.3431564650588195,2.9323241675522556,9.78989357340504,4.158156465058758,10.778507800465961,0,1,25.6,king+tour,1,3,12.029017306723862,1.0,0.0,0.0
18.56,-21.614494441645984,-15.9642430329208,5.340801486945818,2.9311207498013325,9.741165938745432,4.155801486945756,10.734239166156266,0,1,25.7,king+tour,1,3,11.970452200577709,1.0,0.0,0.0
18.58,-21.615235135704275,-15.905666960712377,5.338470072459535,2.93135649340079,9.692508138020866,4.1534700724594735,10.689664674611905,0,1,25.8,king+tour,1,3,11.911882713500617,1.0,0.0,0.0
18.6,-21.61594140043489,-15.847108997099763,5.336160433686862,2.930387492971751,9.643956841037465,4.1511604336868,10.64754288107789,0,1,25.9,king+tour,1,4,5.859708579090338,1.0,0.0,0.0
18.62,-21.616597624747005,-15.788561418341448,5.333570457107955,2.9304255610270467,9.595498252987888,4.148570457107893,10.603289102011997,0,1,26.0,king+tour,1,5,0.43783975968774075,0.9942099452018738,0.0,0.0
18.64,-21.61723005620375,-15.73005582221927,5.330494520367217,2.9294906272217194,9.547174442682945,4.145494520367155,10.561143314851599,0,1,26.1,king+tour,1,6,6.118912947706263,0.9867820143699646,0.0,0.0
18.66,-21.61785251256505,-15.671577966212677,5.326796682495512,2.9298980784214192,9.498982604725715,4.141796682495451,10.518213004523172,0,1,26.2,king+tour,1,7,8.337184793143727,0.9777337312698364,0.0,0.0
18.68,-21.618512233164452,-15.61314953988843,5.322410839447296,2.9298258707817557,9.450968731680915,4.137410839447234,10.476858534775493,0,1,26.3,king+tour,1,7,8.39552223250697,0.9671643376350403,0.0,0.0
18.7,-21.619271569511664,-15.554795191039597,5.317323022163232,2.9290324793246634,9.403190201092022,4.13232302216317,10.433825032756706,0,1,26.4,king+tour,1,7,8.45378249087768,0.9549347758293152,0.0,0.0
18.72,-21.620178782753346,-15.496567269773541,5.311547574310937,2.9260338552067577,9.355719754159411,4.126547574310875,10.392644609564607,0,1,26.5,king+tour,1,7,8.511911204574291,0.9409343600273132,0.0,0.0
18.74,-21.621352954129282,-15.438482353938408,5.305557221937117,2.9202399077632073,9.308641374927113,4.120557221937055,10.351103703696369,0,1,26.6,king+tour,1,7,8.569886696402156,0.924656093120575,0.0,0.0
18.76,-21.62286918261254,-15.380611375869295,5.299684943990185,2.9093954267920212,9.262059642957245,4.114684943990123,10.310985268014749,0,1,26.7,king+tour,1,7,8.627635128308171,0.9067723751068115,0.0,0.0
18.78,-21.624848417347216,-15.323039392511998,5.294123771959505,2.8936902357468255,9.216117489174428,4.109123771959443,10.271062052085837,0,1,26.8,king+tour,1,7,8.685066729384722,0.8874149918556213,0.0,0.0
18.8,-21.627351007780614,-15.265856882920184,5.288987509575345,2.873361947864441,9.170927902072577,4.103987509575283,10.231514187683509,0,1,26.9,king+tour,1,7,8.74208918171365,0.8667535185813904,0.0,0.0
18.82,-21.63043413804018,-15.209171882835124,5.284289856362089,2.8481410044767723,9.126616277758902,4.099289856362027,10.193856656420005,0,1,26.9,king+tour,1,7,8.798592950686075,0.8449785709381104,0.0,0.0
18.84,-21.634102210961917,-15.153030140068214,5.280027249082553,2.8211344618276324,9.08322637703603,4.0950272490824915,10.15743838811558,0,0,27.0,king+tour,1,7,8.854533126854538,0.8223196864128113,0.0,0.0
18.86,-21.638405529243013,-15.097545141262028,5.276161531071142,2.7892863856614962,9.04088337838939,4.09116153107108,10.122605372011575,0,0,27.1,king+tour,1,7,8.909795344066515,0.7993606328964233,0.0,0.0
18.88,-21.64334229903417,-15.042799663303997,5.2726883040797405,2.7538619966140474,8.999656411088562,4.087688304079679,10.088369969134574,0,0,27.2,king+tour,1,7,8.96429822057283,0.7763538956642151,0.0,0.0
18.9,-21.648907925042383,-14.98893290559682,5.269577854308751,2.7121387669718957,8.959657378653798,4.084577854308689,10.056351358465404,0,0,27.3,king+tour,1,7,9.01790418140123,0.753363847732544,0.0,0.0
18.92,-21.65505471728179,-14.936023042069852,5.266840030854953,2.666801637983752,8.920922030055294,4.081840030854891,10.025049775076413,0,0,27.4,king+tour,1,7,9.07053832702107,0.7304208278656006,0.0,0.0
18.94,-21.661776205783305,-14.884215878662918,5.264444192334806,2.614813870127022,8.883563437952695,4.079444192334744,9.995621990940284,0,0,27.5,king+tour,1,7,9.122056537963115,0.707538366317749,0.0,0.0
18.96,-21.669023515500236,-14.833596063224459,5.262399083568681,2.5588433339216516,8.847618686127822,4.077399083568619,9.966997789827666,0,0,27.6,king+tour,1,7,9.172377367151112,0.6847242712974548,0.0,0.0
18.98,-21.67674729772128,-14.784300641321392,5.260662906817955,2.4963522097799395,8.813164505102442,4.075662906817893,9.93915872972365,0,0,27.6,king+tour,1,7,9.221366871515295,0.6620022058486938,0.0,0.0
19.0,-21.684848499170144,-14.736374565903713,5.259138812460774,2.4314918432239363,8.780172248612823,4.0741388124607125,9.912886350777194,0,0,27.7,king+tour,1,7,9.268984661315981,0.6395435929298401,0.0,0.0
19.02,-21.69328893748375,-14.689874456346118,5.257746305905373,2.3640221352078057,8.748658103851788,4.072746305905311,9.888678599488683,0,0,27.8,king+tour,1,7,9.315176290036938,0.6171786189079285,0.0,0.0
19.04,-21.70198690814257,-14.644823517161948,5.25644753177332,2.2950646119464517,8.718583932901106,4.071447531773258,9.865292233220726,0,0,27.9,king+tour,1,7,9.359921945612825,0.5949178338050842,0.0,0.0
19.06,-21.71089637482017,-14.601312035416978,5.2551747412124845,2.2216253261597894,8.689984992769427,4.070174741212423,9.842628948624126,0,0,27.9,king+tour,1,7,9.40313332680601,0.5727710723876953,0.0,0.0
19.08,-21.71993916680227,-14.55937601628336,5.2539162064499685,2.145918042094729,8.662832609561965,4.068916206449907,9.820852837090065,0,0,28.0,king+tour,1,7,9.444777142538475,0.5507497191429138,0.0,0.0
19.1,-21.729087481350685,-14.519061402260922,5.252637669934675,2.0679666453281356,8.637136200887033,4.067637669934613,9.800913590431154,0,0,28.1,king+tour,1,7,9.484808394841698,0.5288652777671814,0.0,0.0
19.12,-21.738284498014128,-14.480356830723396,5.251347791493946,1.9901587623874097,8.612841714030711,4.066347791493884,9.781857458422284,0,0,28.1,king+tour,1,7,9.523240051281624,0.5071314573287964,0.0,0.0
19.14,-21.747491473120625,-14.443311825899327,5.250019974987151,1.9097538255640754,8.589953218459822,4.065019974987089,9.764380293771701,0,0,28.2,king+tour,1,7,9.56002350484257,0.48556214570999146,0.0,0.0
19.16,-21.75664287866103,-14.407912536393905,5.248658856442185,1.8294196925166293,8.5684081197558,4.063658856442124,9.747784660811762,0,0,28.2,king+tour,1,7,9.595174026455988,0.4641752243041992,0.0,0.0
19.18,-21.76570042064748,-14.374209701582718,5.247234459445536,1.7463884504531766,8.548210540181826,4.062234459445474,9.730491844787716,0,0,28.3,king+tour,1,7,9.628641397517567,0.4429885745048523,0.0,0.0
19.2,-21.774601369868005,-14.342194237756226,5.245758479030664,1.6631260770284357,8.52930245659555,4.060758479030603,9.716539469354634,0,0,28.3,king+tour,1,7,9.660435636331025,0.4220436215400696,0.0,0.0
19.22,-21.783353958610707,-14.311834548918911,5.244242269311421,1.5816268585780666,8.511654041613609,4.059242269311359,9.701610289512386,0,0,28.4,king+tour,1,7,9.690587459734878,0.40134763717651367,0.0,0.0
19.24,-21.79188949271572,-14.283115062317576,5.2426812507050675,1.5000841911302623,8.495198688203077,4.057681250705006,9.688655598031117,0,0,28.4,king+tour,1,7,9.719113276189432,0.3809584379196167,0.0,0.0
19.26,-21.800209750661228,-14.256009195532062,5.241089411091796,1.419937199164268,8.479906923941728,4.056089411091734,9.676319296276608,0,0,28.5,king+tour,1,7,9.746038833356174,0.36090755462646484,0.0,0.0
19.28,-21.80831502123876,-14.2304675871431,5.2394855916114444,1.342238249301926,8.46573159151533,4.054485591611383,9.665758792784674,0,0,28.5,king+tour,1,7,9.771412727796543,0.34124377369880676,0.0,0.0
19.3,-21.81615755954111,-14.206467562090397,5.237872226157047,1.2650193255872186,8.452615191581328,4.052872226156985,9.655229124644247,0,0,28.5,king+tour,1,7,9.795257814641813,0.3220212161540985,0.0,0.0
19.32,-21.82377141470067,-14.183971765388641,5.236254774867839,1.1902182660235507,8.4405427650256,4.051254774867777,9.646469726318557,0,0,28.5,king+tour,1,7,9.817610035897943,0.30331024527549744,0.0,0.0
19.34,-21.83111905688728,-14.162953829807163,5.2346390154183,1.1161901052334748,8.429461622978712,4.049639015418238,9.63764002001983,0,0,28.6,king+tour,1,7,9.838495724827663,0.28518912196159363,0.0,0.0
19.36,-21.83824537791056,-14.14337645721082,5.233029982826126,1.0448049518756644,8.419365291502505,4.048029982826065,9.630570913814072,0,0,28.6,king+tour,1,7,9.85795071107749,0.2677552103996277,0.0,0.0
19.38,-21.845123446537766,-14.125210419741792,5.231435501872877,0.9744936055163811,8.410206964088639,4.046435501872815,9.623358619694194,0,0,28.6,king+tour,1,7,9.876004050282098,0.2511198818683624,0.0,0.0
19.4,-21.851809039483634,-14.108419550669076,5.229859147368156,0.9070768032249216,8.401989585346644,4.044859147368094,9.617893080313241,0,0,28.6,king+tour,1,7,9.892690450345878,0.235414057970047,0.0,0.0
19.42,-21.858286100101342,-14.092972734685688,5.22830966004535,0.8410668065523452,8.394673248883752,4.0433096600452885,9.612240644097133,0,0,28.6,king+tour,1,7,9.9080407783328,0.22079046070575714,0.0,0.0
19.44,-21.8646211772455,-14.078835880714248,5.226787580168367,0.7783003433510473,8.388270966276604,4.041787580168306,9.608277773102456,0,0,28.6,king+tour,1,7,9.922087729276205,0.20741140842437744,0.0,0.0
19.46,-21.8708091911971,-14.06597732553106,5.225302351792226,0.7173560158554293,8.382750828842381,4.040302351792164,9.604114453125609,0,0,28.7,king+tour,1,7,9.934862694669825,0.19546888768672943,0.0,0.0
19.48,-21.876927019827228,-14.054365458390706,5.223848093346221,0.6602616020575328,8.37813587067518,4.038848093346159,9.60143189856138,0,0,28.7,king+tour,1,7,9.946396000245542,0.18512684106826782,0.0,0.0
19.5,-21.882980343419906,-14.043970048124438,5.222436874956431,0.60559643836749,8.374403477083735,4.037436874956369,9.598566816037431,0,0,28.7,king+tour,1,7,9.956717631964333,0.17658841609954834,0.0,0.0
19.52,-21.889055068023417,-14.034764925898049,5.221062227703509,0.5557117267099981,8.371587941524462,4.0360622277034475,9.597388463636994,0,0,28.7,king+tour,1,7,9.96585264089546,0.16993507742881775,0.0,0.0
19.54,-21.89516670944087,-14.026719073726712,5.219727890265253,0.5095791262837928,8.369673578833954,4.0347278902651915,9.596070877980244,0,0,28.7,king+tour,1,7,9.97383188414443,0.1652737557888031,0.0,0.0
19.56,-21.901409826533005,-14.019808062888366,5.218410995179348,0.47029988970111275,8.368702794693773,4.0334109951792865,9.596553765281751,0,0,28.7,king+tour,1,7,9.980678890931834,0.1628776639699936,0.0,0.0
19.58,-21.907810456388667,-14.014006531373896,5.21712433443164,0.43669590776152967,8.368671983806705,4.032124334431578,9.596976061456157,0,0,28.6,king+tour,1,7,9.986419001193294,0.16172689199447632,0.0,0.0
19.6,-21.91440630727545,-14.009287948637086,5.215848227222031,0.4104836220094939,8.36958478191232,4.030848227221969,9.598754577513624,0,0,28.6,king+tour,1,7,9.991078699193716,0.16172826290130615,0.0,0.0
19.62,-21.921168005465255,-14.005617014600407,5.214586811710863,0.38983165662725444,8.371393626514891,4.029586811710801,9.600612087322288,0,0,28.6,king+tour,1,7,9.99469387936455,0.1627475470304489,0.0,0.0
19.64,-21.928141801498985,-14.002971953629352,5.213326595608783,0.37821397146521524,8.374111869669354,4.028326595608721,9.603878627776949,0,0,28.6,king+tour,1,7,9.997286299822225,0.16425064206123352,0.0,0.0
19.66,-21.935307128263908,-14.001317649086076,5.21207123165122,0.3730099524007156,8.377698356020145,4.027071231651158,9.607057979516183,0,0,28.6,king+tour,1,7,9.998891634682868,0.1662338227033615,0.0,0.0
19.68,-21.942717748778186,-14.000635318374691,5.210805294438999,0.37744360052744674,8.382174123330742,4.025805294438937,9.611389604600678,0,0,28.6,king+tour,1,7,9.999528753518371,0.16820870339870453,0.0,0.0
19.7,-21.950362267938868,-14.00089093435184,5.209532605140083,0.3876975328053794,8.387505321905001,4.024532605140021,9.615822177702954,0,0,28.6,king+tour,1,7,9.999232271088184,0.17014047503471375,0.0,0.0
19.72,-21.958273195868163,-14.002021229098201,5.208254229264536,0.40464364506116884,8.393666160224596,4.023254229264475,9.62167764133841,0,0,28.5,king+tour,1,7,9.998065844431418,0.1717127561569214,0.0,0.0
19.74,-21.96643004976539,-14.003968725028988,5.206980355598805,0.42411602191305925,8.40059964479323,4.0219803555987435,9.62727572719495,0,0,28.5,king+tour,1,7,9.996087644261495,0.17449726164340973,0.0,0.0
19.76,-21.97488279819968,-14.006698169567331,5.205700481788892,0.4487117687073699,8.408312795578459,4.02070048178883,9.634667516840713,0,0,28.5,king+tour,1,7,9.993333395216794,0.17746078968048096,0.0,0.0
19.78,-21.983619632217202,-14.010156118262385,5.204433091559086,0.4740673892548154,8.416757699451507,4.019433091559025,9.642687487322938,0,0,28.4,king+tour,1,7,9.989857311190143,0.18124759197235107,0.0,0.0
19.8,-21.992621558320717,-14.01426140669004,5.203174323685725,0.4986796647306824,8.425861222724738,4.018174323685663,9.651044701909171,0,0,28.4,king+tour,1,7,9.985741319267268,0.18402835726737976,0.0,0.0
19.82,-22.001842398715418,-14.019005091062729,5.201924187513227,0.5222290672253689,8.435585252037322,4.016924187513165,9.659143160713437,0,0,28.4,king+tour,1,7,9.980995078982092,0.18753094971179962,0.0,0.0
19.84,-22.01126378306808,-14.024316260374455,5.200703473763375,0.5441992848156123,8.445864738287467,4.015703473763313,9.667976304732026,0,0,28.3,king+tour,1,7,9.975690098726929,0.1907813847064972,0.0,0.0
19.86,-22.020868181888332,-14.030145496037221,5.199519849428585,0.5648571316633416,8.45665112110908,4.014519849428523,9.677138752422268,0,0,28.3,king+tour,1,7,9.96987634382705,0.19371536374092102,0.0,0.0
19.88,-22.030667260117593,-14.036380633278798,5.198375579850571,0.583541394057913,8.467869385038227,4.013375579850509,9.686993945055535,0,0,28.3,king+tour,1,7,9.963666562352683,0.1961078941822052,0.0,0.0
19.9,-22.04064107629719,-14.042978961503954,5.197273063730388,0.600479987898399,8.479474436883425,4.012273063730326,9.697005650961174,0,0,28.2,king+tour,1,7,9.957103979477942,0.1981688141822815,0.0,0.0
19.92,-22.050800103077833,-14.049836425677297,5.196209403501267,0.615146350678998,8.491396605208811,4.011209403501205,9.707666192433985,0,0,28.2,king+tour,1,7,9.95029325227408,0.1992892026901245,0.0,0.0
19.94,-22.061121631981404,-14.056917202276233,5.195184248019827,0.6279376957796653,8.50359410497765,4.010184248019765,9.718317850439439,0,0,28.2,king+tour,1,7,9.943270657901571,0.20000047981739044,0.0,0.0
19.96,-22.071614507560113,-14.064125368316432,5.194192297856372,0.6384396226349389,8.516002288119676,4.00919229785631,9.729599011025016,0,0,28.1,king+tour,1,7,9.936132715207972,0.20039087533950806,0.0,0.0
19.98,-22.08225286995686,-14.071431850833985,5.193232071747398,0.6470731709864521,8.528582286368332,4.0082320717473365,9.740713721809408,0,0,28.1,king+tour,1,7,9.928908853809164,0.20048761367797852,0.0,0.0
20.0,-22.093041380857162,-14.07874898204928,5.19229417876823,0.6534753627876251,8.541272811035881,4.007294178768168,9.752738977171246,0,0,28.0,king+tour,1,7,9.921687278872481,0.2005278617143631,0.0,0.0
20.02,-22.103948791018833,-14.086054634212104,5.191379794223549,0.6579898347517226,8.554036516174518,4.006379794223487,9.764445521117207,0,0,28.0,king+tour,1,7,9.91449030797759,0.20034979283809662,0.0,0.0
20.04,-22.11497889141346,-14.093296724462826,5.190483157665257,0.661277065670749,8.566837786437912,4.0054831576651955,9.776673386911293,0,0,27.9,king+tour,1,7,9.907370485401747,0.20025497674942017,0.0,0.0
20.06,-22.126097858955802,-14.100487301326723,5.189602170101484,0.6635359333351586,8.579662676742648,4.004602170101422,9.788502867176009,0,0,27.9,king+tour,1,7,9.900315769773544,0.20021215081214905,0.0,0.0
20.08,-22.137305633489415,-14.107580882292698,5.188734338140177,0.6646168693882782,8.592477848526732,4.003734338140116,9.800830029993234,0,0,27.9,king+tour,1,7,9.893371964975787,0.20022743940353394,0.0,0.0
20.1,-22.148563083881083,-14.11459509874091,5.187877166904565,0.6645753610960876,8.605269832061033,4.002877166904503,9.812755907703302,0,0,27.8,king+tour,1,7,9.88652118046229,0.20025798678398132,0.0,0.0
20.12,-22.159865901580094,-14.121490617509819,5.187031971283242,0.6633555281064842,8.61800693638906,4.00203197128318,9.82515607558891,0,0,27.8,king+tour,1,7,9.879802868804344,0.20030826330184937,0.0,0.0
20.14,-22.171169506728685,-14.128290140590899,5.186197312972724,0.6608737738417549,8.63067566112792,4.001197312972662,9.837021446500495,0,0,27.8,king+tour,1,7,9.873193735989819,0.20034730434417725,0.0,0.0
20.16,-22.182465106285797,-14.134960051810744,5.185372564650316,0.6571881291353734,8.643245452650566,4.000372564650254,9.849429075134614,0,0,27.7,king+tour,1,7,9.866727253470716,0.20039203763008118,0.0,0.0
20.18,-22.193702247514793,-14.14152794645066,5.18455579398272,0.6520692013216736,8.655702324644402,3.9995557939826583,9.861333869585732,0,0,27.7,king+tour,1,7,9.860374830162677,0.20041505992412567,0.0,0.0
20.2,-22.204869421771313,-14.147974907643462,5.183751012272044,0.6459813524762491,8.668024611591589,3.998751012271982,9.87366597756842,0,0,27.6,king+tour,1,7,9.85415495617964,0.2004391849040985,0.0,0.0
20.22,-22.215912527568904,-14.154342181182498,5.18295238473625,0.6386120965003272,8.68020572680239,3.9979523847361884,9.884925936138073,0,0,27.6,king+tour,1,7,9.848024984980665,0.20044368505477905,0.0,0.0
20.24,-22.22681483325386,-14.160615842438693,5.182160120511025,0.6301721538761246,8.692224024371084,3.997160120510963,9.89699898042504,0,0,27.6,king+tour,1,7,9.841998047584262,0.2004038542509079,0.0,0.0
20.26,-22.237568622463915,-14.166830250146115,5.181375609056577,0.6222505599645041,8.704099336437896,3.996375609056515,9.907861101974184,0,0,27.5,king+tour,1,7,9.836039150990654,0.20040865242481232,0.0,0.0
20.28,-22.248157938394773,-14.172974765374653,5.180599962907322,0.6133724525647639,8.715812909397796,3.99559996290726,9.919956135208476,0,0,27.5,king+tour,1,7,9.830158051850017,0.20038065314292908,0.0,0.0
20.3,-22.258594997856438,-14.179083630737871,5.179834957668902,0.6058788642275619,8.727398023454604,3.9948349576688402,9.930707180762695,0,0,27.5,king+tour,1,7,9.824320317709374,0.20032468438148499,0.0,0.0
20.32,-22.268835546877,-14.185158239751617,5.179076087675682,0.5965433818654947,8.738825394357972,3.9940760876756203,9.942273796418938,0,0,27.4,king+tour,1,7,9.818522869046047,0.20031830668449402,0.0,0.0
20.34,-22.27888582266651,-14.191241759247378,5.178326630527102,0.5885977805726996,8.75013068412844,3.99332663052704,9.952521666330824,0,0,27.4,king+tour,1,7,9.812722126281619,0.2002970278263092,0.0,0.0
20.36,-22.28873445631629,-14.197328726036655,5.177586862598777,0.5800732842692454,8.761301974987779,3.9925868625987153,9.96388211958178,0,0,27.4,king+tour,1,7,9.80692264125961,0.20032283663749695,0.0,0.0
20.38,-22.29841983470919,-14.203456689185021,5.176856395515496,0.5742213621964866,8.772392751798577,3.991856395515434,9.973983879948419,0,0,27.3,king+tour,1,7,9.801087451830107,0.2003202736377716,0.0,0.0
20.4,-22.30792358257192,-14.209616332295921,5.176133807498997,0.5674164258584232,8.78338350752671,3.991133807498935,9.985314573953374,0,0,27.3,king+tour,1,7,9.79522482098041,0.20020367205142975,0.0,0.0
20.42,-22.31727583483494,-14.215842588264895,5.175421226778585,0.5628913240258537,8.79432019145265,3.9904212267785235,9.995432438620682,0,0,27.3,king+tour,1,7,9.789300292307985,0.20009082555770874,0.0,0.0
20.44,-22.326452794461673,-14.222137419500598,5.174719037849428,0.5575270342522969,8.805187826176283,3.9897190378493663,10.006651599015896,0,0,27.2,king+tour,1,7,9.783310690668177,0.2000860869884491,0.0,0.0
20.46,-22.335478302223777,-14.228548105616857,5.1740249873207995,0.5546133630315826,8.816037066040254,3.9890249873207377,10.019022276097093,0,0,27.2,king+tour,1,7,9.77720910155382,0.20005550980567932,0.0,0.0
20.48,-22.344321317336068,-14.235070950252817,5.173340589247685,0.5504880088239075,8.826843837603265,3.988340589247623,10.03010295338118,0,0,27.2,king+tour,1,7,9.770997723680447,0.2000582218170166,0.0,0.0
20.5,-22.353002624671745,-14.241753540237454,5.172664054702871,0.5488164651083629,8.837656923632931,3.987664054702809,10.040113493892118,0,0,27.1,king+tour,1,7,9.764629272148195,0.2000633329153061,0.0,0.0
20.52,-22.361497363825777,-14.248595269096498,5.171995827990278,0.5463889960805068,8.848458732767485,3.9869958279902162,10.051174158086976,0,0,27.1,king+tour,1,7,9.75810302107639,0.1999286264181137,0.0,0.0
20.54,-22.36982450584324,-14.255644483719243,5.171332732075852,0.5465171936184551,8.859297372060206,3.98633273207579,10.061225187520963,0,0,27.1,king+tour,1,7,9.751370908379673,0.19978846609592438,0.0,0.0
20.56,-22.37795269522909,-14.262894011087383,5.170671050893247,0.5455752279500208,8.87014603757774,3.9856710508931856,10.07205887861074,0,0,27.0,king+tour,1,7,9.744438479417319,0.1997765302658081,0.0,0.0
20.58,-22.385892780640614,-14.270387081577548,5.170009682721594,0.5468740018763689,8.88104357721991,3.9850096827215324,10.081925974879972,0,0,27.0,king+tour,1,7,9.737262489040932,0.19976548850536346,0.0,0.0
20.6,-22.393645164004884,-14.278116383529738,5.169353452356076,0.548343402411683,8.891984868363645,3.9843534523560145,10.092839467772166,0,0,27.0,king+tour,1,7,9.729849822445223,0.19983625411987305,0.0,0.0
20.62,-22.40123919314748,-14.286113615065945,5.168700107322086,0.5523853967016745,8.903013071536032,3.983700107322024,10.102848345025558,0,0,26.9,king+tour,1,7,9.722169592715652,0.19983895123004913,0.0,0.0
20.64,-22.408657537048814,-14.294353001013048,5.168050374552283,0.5552960014621419,8.91409752739089,3.9830503745522217,10.113876402790567,0,0,26.9,king+tour,1,7,9.71424647883361,0.19989506900310516,0.0,0.0
20.66,-22.41592242942833,-14.302861348929362,5.1674027194243655,0.560334950533419,8.925273020928717,3.9824027194243037,10.124040891954767,0,0,26.9,king+tour,1,7,9.70605426964993,0.1998729109764099,0.0,0.0
20.68,-22.423011460684503,-14.311606351791983,5.166756734154244,0.5637968077849967,8.936500712506975,3.9817567341541826,10.135106327159473,0,0,26.8,king+tour,1,7,9.697623944993325,0.19990159571170807,0.0,0.0
20.7,-22.429940103908198,-14.32060966106954,5.166113801571566,0.5689442792894166,8.94780705778,3.981113801571504,10.145336808752317,0,0,26.8,king+tour,1,7,9.688934194550447,0.1998623013496399,0.0,0.0
20.72,-22.436692809512955,-14.329835116941437,5.165475248624972,0.5725290798170519,8.959155156064789,3.98047524862491,10.156492474477345,0,0,26.8,king+tour,1,7,9.680020117511086,0.19988341629505157,0.0,0.0
20.74,-22.443290434742924,-14.339301466601086,5.164840809238921,0.5778039197868327,8.970573079387604,3.9798408092388593,10.166846490284636,0,0,26.7,king+tour,1,7,9.670863589294934,0.2000095248222351,0.0,0.0
20.76,-22.449713294091755,-14.348965715628779,5.1642093361880494,0.581054192176032,8.982016151672305,3.9792093361879877,10.177963902678814,0,0,26.7,king+tour,1,7,9.661506342439132,0.1999553143978119,0.0,0.0
20.78,-22.45597620131345,-14.35884120434931,5.163584515988877,0.5855332710833607,8.993504404060152,3.978584515988815,10.188301032085029,0,0,26.7,king+tour,1,7,9.651935413123987,0.20003822445869446,0.0,0.0
20.8,-22.462070041781924,-14.36888259206689,5.162967225271518,0.5881016212774584,9.004998700895946,3.977967225271456,10.19944351047959,0,0,26.6,king+tour,1,7,9.64219535421807,0.2001161426305771,0.0,0.0
20.82,-22.468018644603706,-14.379101719273802,5.162358079611086,0.5920040009112967,9.016524158877754,3.977358079611024,10.209834482208299,0,0,26.6,king+tour,1,7,9.632275181896384,0.20012344419956207,0.0,0.0
20.84,-22.473809597582193,-14.389446504362475,5.161755442996862,0.5935336675764119,9.02803446081519,3.9767554429968,10.220900131360926,0,0,26.6,king+tour,1,7,9.622226043243407,0.20014388859272003,0.0,0.0
20.86,-22.47946149768066,-14.399923205909834,5.161162591371437,0.5959377548982574,9.03954706462748,3.9761625913713754,10.231236004275942,0,0,26.5,king+tour,1,7,9.612042331377172,0.2000974714756012,0.0,0.0
20.88,-22.484959392494666,-14.410473036935635,5.160574526181543,0.5955493319750841,9.051008992493573,3.9755745261814814,10.242190929786299,0,0,26.5,king+tour,1,7,9.601781761095555,0.20008225739002228,0.0,0.0
20.9,-22.490317303368574,-14.421096541856263,5.159997627064577,0.5956065780415594,9.062430377320474,3.974997627064515,10.252409695765488,0,0,26.5,king+tour,1,7,9.591444235276597,0.20013053715229034,0.0,0.0
20.92,-22.495541466275768,-14.431756153474819,5.159431153756855,0.5942223698828769,9.07378816423133,3.974431153756793,10.26326257243081,0,0,26.5,king+tour,1,7,9.581067354494786,0.2001745104789734,0.0,0.0
20.94,-22.500665554358847,-14.44247422604894,5.1588743215058965,0.5946499401811693,9.085121799341504,3.9738743215058348,10.273423963431481,0,0,26.4,king+tour,1,7,9.570630330185168,0.20018905401229858,0.0,0.0
20.96,-22.50569257806681,-14.453206700933169,5.158322375966428,0.5932150292676083,9.096401219009746,3.973322375966366,10.284262502732147,0,0,26.4,king+tour,1,7,9.560177157282139,0.20020590722560883,0.0,0.0
20.98,-22.51065098023447,-14.463970272749552,5.157780337833439,0.5931568840541319,9.107658112197985,3.9727803378333775,10.294438722006392,0,0,26.4,king+tour,1,7,9.549692528171713,0.20020093023777008,0.0,0.0
21.0,-22.515531803615094,-14.47473995497274,5.157246944327557,0.5918044455168309,9.11886816193916,3.9722469443274955,10.305187594018332,0,0,26.3,king+tour,1,7,9.539200803313207,0.20020505785942078,0.0,0.0
21.02,-22.520349820929436,-14.485552018461922,5.156721095491935,0.5924325377908203,9.13006806650632,3.9717210954918736,10.315321373451106,0,0,26.3,king+tour,1,7,9.528666450744055,0.2001946121454239,0.0,0.0
21.04,-22.525092718258048,-14.496373910946062,5.1562014289278855,0.5913511760067928,9.14122567804833,3.9712014289278237,10.32596714711528,0,0,26.3,king+tour,1,7,9.518121201335601,0.20019635558128357,0.0,0.0
21.06,-22.529770069003316,-14.507235000827343,5.1556885849207355,0.5918274503164193,9.152369113183337,3.9706885849206737,10.336036989135247,0,0,26.2,king+tour,1,7,9.507536150629628,0.2001851350069046,0.0,0.0
21.08,-22.534366913111842,-14.518095053786793,5.155180145098904,0.5901911493163519,9.163458781450588,3.9701801450988423,10.346638978738097,0,0,26.2,king+tour,1,8,13.920214569885841,0.200189471244812,0.0,0.0
21.1,-22.538888269295683,-14.528976397609469,5.154678969822539,0.5896979773284275,9.174514547600642,3.9696789698224775,10.356687844533061,0,0,26.2,king+tour,1,8,13.908550295001337,0.20017696917057037,0.0,0.0
21.12,-22.543308869370367,-14.53984838952158,5.154183777371604,0.58733961368354,9.185496845057692,3.9691837773715424,10.367116237682298,0,0,26.1,king+tour,1,8,13.896920340479697,0.20018158853054047,0.0,0.0
21.14,-22.547621565420986,-14.550743422597975,5.153694971157239,0.5863872962384811,9.196424699258918,3.968694971157177,10.377024581854172,0,0,26.1,king+tour,1,8,13.885295075738862,0.2001674920320511,0.0,0.0
21.16,-22.55179895552528,-14.561622305539574,5.153209019041754,0.5831741412283984,9.20725085032042,3.9682090190416925,10.387152580465635,0,0,26.1,king+tour,1,8,13.873719238260808,0.20017287135124207,0.0,0.0
21.18,-22.555829711381968,-14.572509419125058,5.152728708494443,0.5809624196566894,9.217985657966395,3.9677287084943815,10.396780345435666,0,0,26.1,king+tour,1,8,13.862171989860915,0.20015951991081238,0.0,0.0
21.2,-22.559716771430868,-14.583379274785006,5.152253231489457,0.5776873641384682,9.228612523633066,3.967253231489395,10.406733037814586,0,0,26.0,king+tour,1,8,13.850677253370772,0.20016565918922424,0.0,0.0
21.22,-22.563474172760852,-14.59426887657767,5.151784772908242,0.5764567316799943,9.239168310540123,3.9667847729081807,10.416224372422,0,0,26.0,king+tour,1,8,13.839195667190193,0.2001546323299408,0.0,0.0
21.24,-22.5670915740304,-14.605157374377029,5.15132197205912,0.5741497211039307,9.249630825977231,3.966321972059058,10.425958251053235,0,0,26.0,king+tour,1,8,13.82774996976367,0.20015749335289001,0.0,0.0
21.26,-22.57057083226746,-14.616088375525049,5.150863614913586,0.5740255117393198,9.26003359014343,3.9658636149135242,10.435282387357748,0,0,25.9,king+tour,1,8,13.816297434126497,0.2001381516456604,0.0,0.0
21.28,-22.573899556720278,-14.627032844625987,5.150409032182657,0.5724256629542287,9.270347027584696,3.9654090321825954,10.444828486158373,0,0,25.9,king+tour,1,8,13.804869241907134,0.20014502108097076,0.0,0.0
21.3,-22.577075687440846,-14.638026498654433,5.149955486634193,0.5726123008105654,9.28059626082204,3.964955486634131,10.454002738460183,0,0,25.9,king+tour,1,8,13.793431288122967,0.20014412701129913,0.0,0.0
21.32,-22.5800855598619,-14.64903176402148,5.149497817727325,0.5709305093845481,9.290744579556115,3.9644978177272634,10.463195430838441,0,0,25.9,king+tour,1,8,13.782023349855873,0.20015683770179749,0.0,0.0
21.34,-22.582923451561825,-14.660076134956245,5.149039583630947,0.5706175100982191,9.300808622425986,3.9640395836308855,10.472170093958256,0,0,25.8,king+tour,1,8,13.770620206187159,0.20015354454517365,0.0,0.0
21.36,-22.585616186605503,-14.671151168444462,5.148585224402171,0.5703368107735786,9.31080050031371,3.9635852244021095,10.481076428590063,0,0,25.8,king+tour,1,8,13.759223379232921,0.20015744864940643,0.0,0.0
21.38,-22.588151873064383,-14.682280798944907,5.148134386382161,0.5711865628113221,9.320730096676556,3.963134386382099,10.489920962998603,0,0,25.8,king+tour,1,8,13.747812639086465,0.20008814334869385,0.0,0.0
21.4,-22.590579926162988,-14.693480396581997,5.147690790269843,0.5734178376045199,9.330642319738148,3.9626907902697814,10.498698094907114,0,0,25.8,king+tour,1,8,13.736360842524135,0.1997217983007431,0.0,0.0
21.42,-22.592886749224895,-14.704759254795505,5.14725295526107,0.5760333643424314,9.340535115342364,3.9622529552610084,10.507519094459518,0,0,25.7,king+tour,1,8,13.7248623736835,0.19981758296489716,0.0,0.0
21.44,-22.59512389056363,-14.716122727836844,5.146819818836921,0.5794845297603586,9.35044737325477,3.961819818836859,10.516267985640496,0,0,25.7,king+tour,1,8,13.713299263944595,0.19991976022720337,0.0,0.0
21.46,-22.597268921753745,-14.727579034958437,5.1463899957721475,0.5831656701526393,9.360370302830786,3.9613899957720857,10.525117624728248,0,0,25.7,king+tour,1,8,13.701669134238273,0.1999845653772354,0.0,0.0
21.48,-22.599364599380024,-14.739133988620193,5.145964851355712,0.5875575857169748,9.370337168150659,3.9609648513556506,10.533888287468834,0,0,25.7,king+tour,1,8,13.689955752292187,0.20001865923404694,0.0,0.0
21.5,-22.601388354396892,-14.75078640537263,5.145544895418867,0.5917152261215888,9.38033213777607,3.9605448954188054,10.542816023900047,0,0,25.6,king+tour,1,8,13.678165885588893,0.20002588629722595,0.0,0.0
21.52,-22.60338326307155,-14.762534367673096,5.145129532415494,0.5961686113382642,9.390382901165431,3.960129532415432,10.551649614802896,0,0,25.6,king+tour,1,8,13.666290704672516,0.2000301480293274,0.0,0.0
21.54,-22.60531846990813,-14.77437485621593,5.144717627294939,0.6002329969721334,9.400466703119882,3.959717627294877,10.560665820776421,0,0,25.6,king+tour,1,8,13.654340816555015,0.20004379749298096,0.0,0.0
21.56,-22.607228770445104,-14.786305583055313,5.144309714006112,0.6044788753726706,9.410605347141454,3.95930971400605,10.569567314768479,0,0,25.6,king+tour,1,8,13.642309802980236,0.200064018368721,0.0,0.0
21.58,-22.609080697944474,-14.798316724035457,5.143905888487857,0.6079889352550345,9.42076929247912,3.958905888487795,10.578663336671047,0,0,25.5,king+tour,1,8,13.630215516708995,0.2000364065170288,0.0,0.0
21.6,-22.610906642613745,-14.81040070002424,5.143505927961227,0.6113847357752615,9.430974745407843,3.9585059279611654,10.587618110436612,0,0,25.5,king+tour,1,8,13.618057257883764,0.20003142952919006,0.0,0.0
21.62,-22.612669218551698,-14.822542082883682,5.143107939246438,0.6137553394751696,9.441185382487003,3.958107939246376,10.596764860160357,0,0,25.5,king+tour,1,8,13.60585928856824,0.20006287097930908,0.0,0.0
21.64,-22.614396912147253,-14.83472925980501,5.142715968628808,0.6157634436960013,9.45141173645871,3.9577159686287464,10.605745065926126,0,0,25.4,king+tour,1,8,13.593625783105566,0.20009101927280426,0.0,0.0
21.66,-22.6160676061537,-14.846927899612435,5.142328520183184,0.6159304910305567,9.461613582073532,3.957328520183122,10.614817669819715,0,0,25.4,king+tour,1,8,13.581395514604385,0.19995535910129547,0.0,0.0
21.68,-22.617725622347084,-14.859109555147475,5.14194875274493,0.6149918141305356,9.47179933263276,3.956948752744868,10.623685544498146,0,0,25.4,king+tour,1,8,13.569185003136475,0.19984416663646698,0.0,0.0
21.7,-22.61936229896867,-14.871260377835007,5.141575453357749,0.6133118186941705,9.481952867962328,3.9565754533576873,10.632732760355823,0,0,25.4,king+tour,1,8,13.557009822679902,0.19991973042488098,0.0,0.0
21.72,-22.621034523300878,-14.883374257784709,5.141208415313056,0.6117130425682715,9.4921074436881,3.956208415312994,10.641568848312305,0,0,25.3,king+tour,1,8,13.544861703024853,0.1999940127134323,0.0,0.0
21.74,-22.62272601485855,-14.89543525550802,5.140847201183907,0.6092193476459423,9.502240203741673,3.955847201183845,10.650615209444908,0,0,25.3,king+tour,1,8,13.53276012915678,0.20004771649837494,0.0,0.0
21.76,-22.6244859096583,-14.907436373350796,5.14048990882863,0.6067365923725737,9.512378431008118,3.955489908828568,10.659436500618407,0,0,25.3,king+tour,1,8,13.520699600684614,0.20007377862930298,0.0,0.0
21.78,-22.626290308518126,-14.919359139640886,5.140133768690736,0.6031895370678073,9.52249224111336,3.955133768690674,10.668439252846193,0,0,25.3,king+tour,1,8,13.50870394967982,0.20006394386291504,0.0,0.0
21.8,-22.628180673605026,-14.931195075344656,5.13978153769828,0.5995559206979557,9.532602592796936,3.954781537698218,10.677189605238047,0,0,25.2,king+tour,1,8,13.496771011191766,0.2000674605369568,0.0,0.0
21.82,-22.630132173312525,-14.942930764375816,5.139431793515426,0.5950988765279055,9.5426827224654,3.954431793515364,10.686153865127789,0,0,25.2,king+tour,1,8,13.484919955017414,0.20007137954235077,0.0,0.0
21.84,-22.63218483880639,-14.954564260804855,5.139083016984789,0.5909173374137833,9.552757443516514,3.954083016984727,10.694827787560833,0,0,25.2,king+tour,1,8,13.473142639541658,0.20006588101387024,0.0,0.0
21.86,-22.634310970415516,-14.966085007498238,5.138735548694016,0.586022128860171,9.562800220762634,3.9537355486939543,10.703714704364332,0,0,25.2,king+tour,1,8,13.461456187041117,0.20004260540008545,0.0,0.0
21.88,-22.636541235704836,-14.977499703011793,5.138391429387895,0.5817812626424638,9.572836100517911,3.9533914293878336,10.712295704420121,0,0,25.1,king+tour,1,8,13.449846424557117,0.2000470608472824,0.0,0.0
21.9,-22.63884256945619,-14.988810417426569,5.138049805693967,0.5773757536388698,9.582844502439372,3.9530498056939054,10.72114732672104,0,0,25.1,king+tour,1,8,13.4383195983191,0.2000609189271927,0.0,0.0
21.92,-22.64124568960275,-15.000033161324048,5.137711395764013,0.5741068896728052,9.59285750387797,3.9527113957639513,10.729674760660542,0,0,25.1,king+tour,1,8,13.42685250996251,0.2000655084848404,0.0,0.0
21.94,-22.643709787147053,-15.011166131620303,5.1373738937367985,0.5703698623339152,9.602846572647282,3.9523738937367368,10.73848612793749,0,0,25.1,king+tour,1,8,13.415457101912702,0.19969868659973145,0.0,0.0
21.96,-22.646257676847206,-15.02222253951657,5.137039587531529,0.5675554116816294,9.612836495676099,3.952039587531467,10.746942800713887,0,0,25.0,king+tour,1,8,13.404114867604576,0.19955125451087952,0.0,0.0
21.98,-22.648845502338308,-15.033203110421743,5.136707555173891,0.5643137949369192,9.6227987129754,3.9517075551738294,10.75571276090488,0,0,25.0,king+tour,1,8,13.392836071675578,0.19954420626163483,0.0,0.0
22.0,-22.651492536088753,-15.044124888661072,5.1363810685695315,0.5621357066756997,9.632758602313713,3.9513810685694697,10.764099180555545,0,0,25.0,king+tour,1,8,13.381599386339467,0.19963395595550537,0.0,0.0
22.02,-22.65414743022261,-15.05498403853762,5.136056307019031,0.5591848284959307,9.642679330887072,3.951056307018969,10.772703700552183,0,0,25.0,king+tour,1,8,13.370421371864154,0.19981886446475983,0.0,0.0
22.04,-22.656821735592562,-15.06579415187185,5.135735863983915,0.5570303924594502,9.652578649938608,3.9507358639838532,10.780972648489671,0,0,24.9,king+tour,1,8,13.359285977527344,0.19995799660682678,0.0,0.0
22.06,-22.659481332015375,-15.07658782531938,5.135420653565533,0.5560490024090223,9.662458603417472,3.9504206535654713,10.789579792579117,0,0,24.9,king+tour,1,8,13.348170182007609,0.1998807191848755,0.0,0.0
22.08,-22.662138036489555,-15.087381682031383,5.1351126511802985,0.5560132346709143,9.67233947905379,3.9501126511802367,10.79773256738989,0,0,24.9,king+tour,1,8,13.337054934017049,0.19990700483322144,0.0,0.0
22.1,-22.664745772407386,-15.098189133074982,5.134805100279197,0.5560932301190492,9.6822011280537,3.949805100279135,10.806455547751334,0,0,24.9,king+tour,1,8,13.325938781511,0.19997283816337585,0.0,0.0
22.12,-22.66731969674847,-15.109044047521563,5.134500751408647,0.5580028727327734,9.692079116949573,3.9495007514085856,10.814482868378606,0,0,24.9,king+tour,1,8,13.31478514180458,0.2000230997800827,0.0,0.0
22.14,-22.66985933561427,-15.11993366017284,5.134202221621562,0.5592909558032454,9.701963581428123,3.9492022216215004,10.823289729011334,0,0,24.8,king+tour,1,8,13.303606494591758,0.20002776384353638,0.0,0.0
22.16,-22.672373129786745,-15.130896001021716,5.133909197461763,0.5625343127016987,9.711888845241386,3.9489091974617017,10.83121040787065,0,0,24.8,king+tour,1,8,13.292363910301438,0.19995121657848358,0.0,0.0
22.18,-22.67488251140904,-15.141912137911362,5.133619920788794,0.5651016481379252,9.721854743885695,3.9486199207887323,10.840037660493469,0,0,24.8,king+tour,1,8,13.281070355288561,0.1999332159757614,0.0,0.0
22.2,-22.677381364326177,-15.15303212108276,5.133330376165517,0.5700485236418867,9.731895162973194,3.9483303761654556,10.848112104872794,0,0,24.8,king+tour,1,8,13.269678906441495,0.19994965195655823,0.0,0.0
22.22,-22.679889281711993,-15.164245714474971,5.13303928535995,0.5747152778486001,9.742015296106233,3.9480392853598882,10.857185065812795,0,0,24.7,king+tour,1,8,13.258194570154151,0.1999676674604416,0.0,0.0
22.24,-22.682383429469404,-15.175570705784752,5.13275326925007,0.5799957034700975,9.75221375592676,3.9477532692500086,10.865283838465338,0,0,24.7,king+tour,1,8,13.246605845701962,0.1999868005514145,0.0,0.0
22.26,-22.684868339089288,-15.186964872266563,5.132462024022585,0.5832808702005133,9.762461669913014,3.9474620240225233,10.874182914263445,0,0,24.7,king+tour,1,8,13.234952478709685,0.21996185183525085,0.0,0.0
22.28,-22.687318351955646,-15.198453729668394,5.1321866739761886,0.587520691322858,9.772761690758697,3.9471866739761268,10.882116561550685,0,0,24.7,king+tour,1,8,13.223216197761078,0.24143420159816742,0.0,0.0
22.3,-22.689761735883017,-15.21006451256364,5.131934039745163,0.593389055577771,9.783153043941024,3.946934039745101,10.891014567161443,0,0,24.6,king+tour,1,8,13.21136356088985,0.26454979181289673,0.0,0.0
22.32,-22.692184706980367,-15.221864384528542,5.1317145639947155,0.6024033883779287,9.793677803471805,3.9467145639946537,10.898761684135277,0,0,24.6,king+tour,1,8,13.199333006637673,0.2881231904029846,0.0,0.0
22.34,-22.6946196407907,-15.233903005914208,5.13154443356029,0.6141788255321744,9.804394974169755,3.946544433560228,10.907838446542128,0,0,24.6,king+tour,1,8,13.18706835431791,0.3117592930793762,0.0,0.0
22.36,-22.697063657946806,-15.24629579903124,5.131423409445117,0.6316034909999487,9.815390545316628,3.946423409445055,10.915826833948787,0,0,24.6,king+tour,1,8,13.17445859705301,0.3349268436431885,0.0,0.0
22.38,-22.69954649631542,-15.259101276642074,5.131368989857508,0.6522033898596034,9.826728712853729,3.9463689898574463,10.925332992204991,0,0,24.5,king+tour,1,8,13.161439648034232,0.3585922122001648,0.0,0.0
22.4,-22.702071880137947,-15.272437085088498,5.1313665669855775,0.678640840653423,9.838501751865534,3.9463665669855157,10.933667664375728,0,0,24.5,king+tour,1,8,13.147896700111675,0.3823064863681793,0.0,0.0
22.42,-22.70468203965395,-15.286379665151888,5.131451052976707,0.7092524399071599,9.850795840723945,3.946451052976645,10.943885219910428,0,0,24.5,king+tour,1,8,13.133745180962006,0.4060613214969635,0.0,0.0
22.44,-22.707378908400564,-15.301065225646674,5.131606290298858,0.7465970913228217,9.863716560029266,3.9466062902987966,10.953145625730562,0,0,24.5,king+tour,1,8,13.118852772103422,0.42962646484375,0.0,0.0
22.46,-22.710201532273043,-15.316575307019681,5.131839339375098,0.7883275676943294,9.877352232155642,3.9468393393750363,10.964371580785716,0,0,24.4,king+tour,1,8,13.103130767139643,0.45233437418937683,0.0,0.0
22.48,-22.71317715627814,-15.33304320006563,5.132123051348694,0.8368487498892476,9.891823088986456,3.9471230513486324,10.975498423189459,0,0,24.4,king+tour,1,8,13.086443328017566,0.4758566617965698,0.0,0.0
22.5,-22.71631981291831,-15.35056001182336,5.132469863419134,0.8899933476239406,9.907208933078374,3.947469863419072,10.988688763819052,0,0,24.4,king+tour,1,8,13.068698771703138,0.49873533844947815,0.0,0.0
22.52,-22.719699275250523,-15.369248704068694,5.132847730759782,0.9497772991901453,9.923650147829727,3.9478477307597206,11.001537050147006,0,0,24.3,king+tour,1,8,13.04976057805132,0.5223177671432495,0.0,0.0
22.54,-22.72332207381136,-15.389191926070406,5.133252505654106,1.0136821690464541,9.941215688774264,3.948252505654044,11.01673772593159,0,0,24.3,king+tour,1,8,13.02954713370575,0.5458831787109375,0.0,0.0
22.56,-22.727248788405724,-15.410505179971233,5.133644776353798,1.0837755252455887,9.960034760368785,3.948644776353736,11.03204894594039,0,0,24.3,king+tour,1,8,13.007931438800059,0.5695905685424805,0.0,0.0
22.58,-22.731477218943233,-15.433263982124869,5.134017069390553,1.1575634997529163,9.980165777434035,3.949017069390491,11.049976481703258,0,0,24.2,king+tour,1,8,12.984840981438595,0.593066930770874,0.0,0.0
22.6,-22.736056643023794,-15.457552363603673,5.134329999464604,1.2359151720494588,10.001707114122247,3.949329999464542,11.068023330953073,0,0,24.2,king+tour,1,8,12.960182056950162,0.6166340112686157,0.0,0.0
22.62,-22.740974729321373,-15.48341878071731,5.134589413417351,1.3165545969745693,10.02469051993258,3.9495894134172893,11.08886242899044,0,0,24.1,king+tour,1,8,12.933910898634723,0.6397402882575989,0.0,0.0
22.64,-22.74627454130608,-15.510942106516794,5.134757644822966,1.4014722365637258,10.04920692918245,3.9497576448229044,11.110903234888976,0,0,24.1,king+tour,1,8,12.905940354244946,0.6629469990730286,0.0,0.0
22.66,-22.751937161643784,-15.54016111768968,5.134833246071226,1.4881377612295918,10.075277034123182,3.9498332460711643,11.13413975772548,0,0,24.0,king+tour,1,8,12.876237694879771,0.6861757636070251,0.0,0.0
22.68,-22.757994800391277,-15.57107953388666,5.134820843000136,1.575312350901466,10.102927560569706,3.949820843000074,11.159125710212361,0,0,24.0,king+tour,1,8,12.844791227079599,0.7096189260482788,0.0,0.0
22.7,-22.764433227549784,-15.603749215881507,5.134693250175356,1.6649157229787694,10.132192727514473,3.9496932501752946,11.186483245074285,0,0,23.9,king+tour,1,8,12.811554388197486,0.7314956784248352,0.0,0.0
22.72,-22.771288779561587,-15.638165261718155,5.134456448655219,1.7546501641187384,10.163095530179428,3.949456448655157,11.214514482572534,0,0,23.8,king+tour,1,8,12.776522775840721,0.7547809481620789,0.0,0.0
22.74,-22.77853998784954,-15.674313449784625,5.134130146280672,1.8434871815147866,10.195614987134794,3.94913014628061,11.245526825068826,0,0,23.8,king+tour,1,8,12.739715599025144,0.7766340970993042,0.0,0.0
22.76,-22.78622165227245,-15.71219037140877,5.133718421819914,1.9325104637875945,10.229774289507347,3.9487184218198523,11.276626301037233,0,0,23.7,king+tour,1,8,12.70112738054468,0.7997121810913086,0.0,0.0
22.78,-22.794303188836068,-15.751745969214316,5.1332502909609286,2.0187717165917136,10.265519047122847,3.9482502909608668,11.310663634100106,0,0,23.6,king+tour,1,8,12.660814304291979,0.8228598833084106,0.0,0.0
22.8,-22.802812808663784,-15.792968213600444,5.132728101474072,2.104732609918743,10.302861485049787,3.94772810147401,11.344791041425363,0,0,23.5,king+tour,1,8,12.61878088289885,0.8457632660865784,0.0,0.0
22.82,-22.811712789247053,-15.835798186516191,5.132178062445487,2.187417871189198,10.34173575242832,3.947178062445425,11.38178084416672,0,0,23.5,king+tour,1,8,12.575093681456755,0.8686246871948242,0.0,0.0
22.84,-22.821025067146532,-15.880217191733012,5.131604632393582,2.269413672159298,10.382144750356408,3.9466046323935204,11.418849796256117,0,0,23.4,king+tour,1,8,12.529765238952994,0.8920658826828003,0.0,0.0
22.86,-22.83070519933905,-15.926159310164948,5.131034283669816,2.347716179047977,10.424012821575971,3.9460342836697544,11.458680363595251,0,0,23.3,king+tour,1,8,12.482870604833373,0.9155265092849731,0.0,0.0
22.88,-22.840768471717407,-15.973597998504822,5.130470179063056,2.4248797992767,10.467332339534781,3.945470179062994,11.49856534848353,0,0,23.2,king+tour,1,8,12.434431589375608,0.9392498135566711,0.0,0.0
22.9,-22.85116328623425,-16.02245859441057,5.12993338389304,2.4978481489869186,10.512016170384682,3.9449333838929785,11.540556410234489,0,0,23.1,king+tour,1,8,12.384533530681257,0.9623531103134155,0.0,0.0
22.92,-22.861898556072667,-16.072708305971158,5.129428622491378,2.5693064796256975,10.558047540705566,3.9444286224913165,11.582567529205514,0,0,23.0,king+tour,1,8,12.333205902231107,0.9860093593597412,0.0,0.0
22.94,-22.872921665958717,-16.12429321031066,5.12893494214514,2.637591243710692,10.605354762298706,3.943934942145078,11.627116647430949,0,0,22.9,king+tour,1,8,12.28051426699647,1.0,0.0,0.0
22.96,-22.88423689032552,-16.177187991409077,5.128382542234807,2.7047168592947455,10.653923851547125,3.943382542234745,11.672670560624896,0,0,22.8,king+tour,1,8,12.22648205928795,1.0,0.0,0.0
22.98,-22.895787510916836,-16.23133538061144,5.127754510133546,2.76846122322356,10.703677929538397,3.9427545101334847,11.719293498747096,0,0,22.7,king+tour,1,8,12.171179158201063,1.0,0.0,0.0
23.0,-22.907568122854364,-16.286643411841826,5.127052654822618,2.8276552729608624,10.754544306448182,3.9420526548225565,11.767027172313862,0,0,22.6,king+tour,1,8,12.114695929990772,1.0,0.0,0.0
23.02,-22.9195291223098,-16.3430707579658,5.126282594751232,2.884312695895377,10.806462807670663,3.9412825947511703,11.816402749832836,0,0,22.5,king+tour,1,8,12.057085061576426,1.0,0.0,0.0
23.04,-22.931667733798026,-16.400513462102722,5.1254601804628885,2.935850180393148,10.859352325136362,3.9404601804628268,11.865765133286995,0,0,22.4,king+tour,1,8,11.998447851229605,1.0,0.0,0.0
23.06,-22.943925649289927,-16.45886674278009,5.124633169419094,2.981629506362488,10.913096730414052,3.9396331694190323,11.916971884612936,0,0,22.3,king+tour,1,8,11.938900590003062,1.0,0.0,0.0
23.08,-22.95629865984352,-16.51803444454266,5.123804368037541,3.022662416543604,10.967619372551791,3.938804368037479,11.96785968225084,0,0,22.2,king+tour,1,8,11.878537404275795,1.0,0.0,0.0
23.1,-22.96873293353128,-16.57788121072857,5.123008408296291,3.0565013238025296,11.022781833697604,3.938008408296229,12.020130292736708,0,0,22.1,king+tour,1,8,11.817503021556005,1.0,0.0,0.0
23.12,-22.981231808490072,-16.63830515345808,5.122241219692655,3.0853943461768862,11.07850645953843,3.937241219692593,12.071984503269329,0,0,22.0,king+tour,1,8,11.755895167106983,1.0,0.0,0.0
23.14,-22.99374155114572,-16.699165107920543,5.121527544325846,3.106821949763497,11.134649281893093,3.9365275443257843,12.125076804243067,0,0,21.9,king+tour,1,8,11.69386416542232,1.0,0.0,0.0
23.16,-23.00626594314212,-16.76035464112355,5.1208509764544665,3.123090261490236,11.191128167737434,3.9358509764544047,12.177652298412086,0,0,21.8,king+tour,1,8,11.631511999585594,1.0,0.0,0.0
23.18,-23.018769060356057,-16.821731004914092,5.120223950523784,3.132003804967542,11.24780750032125,3.9352239505237225,12.23084822293984,0,0,21.7,king+tour,1,8,11.56898593836077,1.0,0.0,0.0
23.2,-23.03127236411029,-16.883192539405442,5.119674066410687,3.136142215899899,11.304618286935513,3.934674066410625,12.283720189960427,0,0,21.6,king+tour,1,8,11.506378747982621,1.0,0.0,0.0
23.22,-23.043749500010573,-16.944661343806096,5.119169687341392,3.136218755510238,11.361481584070505,3.9341696873413303,12.337032928276164,0,0,21.5,king+tour,1,8,11.443772534519503,1.0,0.0,0.0
23.24,-23.056222646313717,-17.006027696818776,5.11869419258546,3.1311478550362373,11.4183212501443,3.9336941925853983,12.389866203959091,0,0,21.4,king+tour,1,8,11.381267596853704,1.0,0.0,0.0
23.26,-23.06867335592015,-17.06723738160856,5.118272242077474,3.123228987762391,11.475081306002064,3.933272242077412,12.443090036752444,0,0,21.3,king+tour,1,8,11.318921077752494,1.0,0.0,0.0
23.28,-23.081130325834607,-17.128196889777886,5.117920910147238,3.111013166888331,11.531701547560466,3.9329209101471765,12.495710037065916,0,0,21.2,king+tour,1,8,11.256815848284878,1.0,0.0,0.0
23.3,-23.09358146111238,-17.1888664597643,5.117666782518406,3.096728948783509,11.588140784238009,3.9326667825183446,12.548709916394218,0,0,21.1,king+tour,1,8,11.194993396514308,1.0,0.0,0.0
23.32,-23.10606447966866,-17.249199590161474,5.117471029594028,3.080564353737208,11.644381372085032,3.932471029593966,12.60108968696534,0,0,21.0,king+tour,1,8,11.133488772528567,1.0,0.0,0.0
23.34,-23.118576200487553,-17.309204867995106,5.117281929708969,3.064805166934637,11.700426202745,3.932281929708907,12.6537997167304,0,0,20.9,king+tour,1,8,11.072294417459116,1.0,0.0,0.0
23.36,-23.131156445248074,-17.368830830385782,5.1170517460335345,3.04695377950393,11.756254360358344,3.9320517460334727,12.705536772316565,0,0,20.8,king+tour,1,8,11.01144955283352,1.0,0.0,0.0
23.38,-23.14380648034115,-17.428077289015125,5.116768427715605,3.0291279756902054,11.811863971318138,3.931768427715543,12.757947940357456,0,0,20.7,king+tour,1,8,10.950953895838435,1.0,0.0,0.0
23.4,-23.15651852578922,-17.486934101446508,5.116411279039623,3.0107507470038355,11.867239874218232,3.931411279039561,12.809188507078085,0,0,20.6,king+tour,1,8,10.890819137305892,1.0,0.0,0.0
23.42,-23.16931673175066,-17.5454355331686,5.115971488509802,2.9943300607466083,11.92242167406227,3.9309714885097407,12.861242635388942,0,0,20.6,king+tour,1,8,10.831005768453846,1.0,0.0,0.0
23.44,-23.182175378978943,-17.603574880305924,5.115527376749111,2.977299837668239,11.97738686897358,3.9305273767490494,12.912166242236546,0,0,20.5,king+tour,1,8,10.771526858539529,1.0,0.0,0.0
23.46,-23.19512717340021,-17.661390178419392,5.115135447153138,2.9624783895785556,12.03218328220384,3.9301354471530763,12.963971130760768,0,0,20.4,king+tour,1,8,10.712337028691774,1.0,0.0,0.0
23.48,-23.20814933017051,-17.71888272716306,5.114814620750793,2.9474873441515834,12.086796915281617,3.929814620750731,13.014710650739799,0,0,20.3,king+tour,1,8,10.653440877972406,1.0,0.0,0.0
23.5,-23.2212797134836,-17.776099225621678,5.114564782195209,2.935215955052371,12.14128582622994,3.929564782195147,13.064273930634322,0,0,20.2,king+tour,1,9,12.641218024160011,1.0,0.0,0.0
23.52,-23.234499995098517,-17.833047736184724,5.114364917173216,2.9231612371515894,12.195644374476364,3.929364917173154,13.114786445466102,0,0,20.1,king+tour,1,9,12.589547950909594,1.0,0.0,0.0
23.54,-23.24774713734718,-17.889795493565423,5.11419723508536,2.9136844642040622,12.249890528469267,3.929197235085298,13.164117786650202,0,0,20.0,king+tour,1,9,12.538138404716035,1.0,0.0,0.0
23.56,-23.260999315634646,-17.946355948725206,5.114069822459187,2.9046176819083698,12.30402184434577,3.929069822459125,13.21396841538296,0,0,20.0,king+tour,1,9,12.486971268141922,1.0,0.0,0.0
23.58,-23.27418800335079,-18.002800136355052,5.113997289705204,2.898229227419661,12.358057306403307,3.9289972897051424,13.263089607937376,0,0,19.9,king+tour,1,9,12.435960423285714,1.0,0.0,0.0
23.6,-23.28718618993144,-18.05915137543195,5.1139863808581065,2.891545918228614,12.411944226067128,3.9289863808580447,13.312743327241545,0,0,19.8,king+tour,1,9,12.385049815084503,1.0,0.0,0.0
23.62,-23.29991743607402,-18.115471245959185,5.11404597007531,2.8870469321706485,12.465690765908052,3.929045970075248,13.361804729950594,0,0,19.7,king+tour,1,9,12.334159022427441,1.0,0.0,0.0
23.64,-23.312247383034816,-18.17177187073113,5.114182850377984,2.8817558354173998,12.519232355743469,3.929182850377922,13.411383430030234,0,0,19.6,king+tour,1,9,12.283239125102478,1.0,0.0,0.0
23.66,-23.3240926236216,-18.228106657594576,5.114405648268823,2.87835351130159,12.572567933388491,3.9294056482687614,13.46010608382178,0,0,19.6,king+tour,1,9,12.232214216379006,1.0,0.0,0.0
23.68,-23.335314328818043,-18.284477463240226,5.114704564072279,2.8738840213693604,12.625623457163147,3.9297045640722175,13.509278054226362,0,0,19.5,king+tour,1,9,12.181042237072537,1.0,0.0,0.0
23.7,-23.345822863695073,-18.340928349797824,5.115079481412453,2.871094069084315,12.678388146678131,3.930079481412391,13.557560405966345,0,0,19.4,king+tour,1,9,12.129653019759997,1.0,0.0,0.0
23.72,-23.355475014291144,-18.39745444169082,5.115510503662212,2.8672935217746507,12.73078156011222,3.93051050366215,13.606190248244944,0,0,19.3,king+tour,1,9,12.078007948505922,1.0,0.0,0.0
23.74,-23.36417732248356,-18.454094456468233,5.115986814644359,2.8653308334349585,12.782788001069468,3.930986814644297,13.653876528753019,0,0,19.3,king+tour,1,9,12.02603940943444,1.0,0.0,0.0
23.76,-23.371814198652924,-18.510824886964524,5.1163654884295955,2.8621700752035673,12.83432849290224,3.9313654884295337,13.702050626757197,0,0,19.2,king+tour,1,9,11.973732741640395,1.0,0.0,0.0
23.78,-23.378317918712195,-18.567667495034765,5.116539901427509,2.860686493977593,12.88538894954726,3.9315399014274472,13.749254675120623,0,0,19.1,king+tour,1,9,11.921042675201551,1.0,0.0,0.0
23.8,-23.38354132268006,-18.624611447443755,5.116630631347146,2.8591545502504343,12.935885247217264,3.931630631347084,13.796219485270212,0,0,19.1,king+tour,1,9,11.867932280052461,1.0,0.0,0.0
23.82,-23.387424741859224,-18.681681176157376,5.116632988451778,2.860085175970957,12.985811699315827,3.9316329884517165,13.842614598796207,0,0,19.0,king+tour,1,9,11.814355140248253,1.0,0.0,0.0
23.84,-23.389874959219036,-18.738845444792513,5.116509023226243,2.8608445173924117,13.03509843107763,3.931509023226181,13.888624952281475,0,0,18.9,king+tour,1,9,11.760308420930574,1.0,0.0,0.0
23.86,-23.39086637722902,-18.796119084817903,5.116186088891516,2.8641565241851725,13.083751715062439,3.9311860888914545,13.934610072798657,0,0,18.9,king+tour,1,9,11.705764492326159,1.0,0.0,0.0
23.88,-23.390394844014935,-18.853471707476135,5.115683267780906,2.867838253117974,13.131751865042153,3.930683267780844,13.978961573947513,0,0,18.8,king+tour,1,9,11.650745477194068,1.0,0.0,0.0
23.9,-23.38840797788896,-18.910920505338062,5.115002630426716,2.8743587458731903,13.179093557201599,3.930002630426654,14.023785691349426,0,0,18.7,king+tour,1,9,11.595214213784644,1.0,0.0,0.0
23.92,-23.384935837575327,-18.968433084336088,5.114089326027276,2.8812265731316082,13.225774521807178,3.9290893260272144,14.067060576694386,0,0,18.7,king+tour,1,9,11.539205312293927,1.0,0.0,0.0
23.94,-23.379909792219234,-19.026018128135977,5.113063023629012,2.890653774654417,13.271774495260129,3.92806302362895,14.110563684331284,0,0,18.6,king+tour,1,9,11.482685588639082,1.0,0.0,0.0
23.96,-23.373383800660548,-19.083656350484116,5.11188393935803,2.9009237670936248,13.31711552083033,3.9268839393579684,14.152947857644655,0,0,18.5,king+tour,1,9,11.425684965939013,1.0,0.0,0.0
23.98,-23.365427886306605,-19.14127424445884,5.1104580942609985,2.9091026595544243,13.36178177290924,3.9254580942609367,14.194690556086972,0,0,18.5,king+tour,1,9,11.368290543964077,1.0,0.0,0.0
24.0,-23.356068711089044,-19.19886088125205,5.108931468662222,2.91810961224248,13.405787004643525,3.9239314686621602,14.235844107898705,0,0,18.4,king+tour,1,9,11.310517382334822,1.0,0.0,0.0
24.02,-23.345301998659206,-19.25636928849773,5.107396821143348,2.926386057703672,13.449097968945004,3.922396821143286,14.27599527457016,0,0,18.4,king+tour,1,9,11.252406246104343,1.0,0.0,0.0
24.04,-23.333201178924217,-19.313805322333437,5.105878418481871,2.9358275527001627,13.491766963711793,3.9208784184818093,14.317042397501362,0,0,18.3,king+tour,1,9,11.193971001756749,1.0,0.0,0.0
24.06,-23.319839611105504,-19.37112212183189,5.104400755495175,2.9436076875248616,13.533800655048953,3.919400755495113,14.355726917065521,0,0,18.2,king+tour,1,9,11.135276377013577,1.0,0.0,0.0
24.08,-23.305341730376092,-19.428328856388088,5.102907981077402,2.951706031979727,13.575279166634253,3.91790798107734,14.395772640265628,0,0,18.2,king+tour,1,9,11.076349340971618,1.0,0.0,0.0
24.1,-23.289775972918534,-19.48538430323702,5.101362806932133,2.958041743915236,13.616209524237284,3.916362806932071,14.43356427014366,0,0,18.1,king+tour,1,9,11.017248712932215,1.0,0.0,0.0
24.12,-23.273225820862898,-19.542308498099572,5.099851668826499,2.965027416479059,13.656658231285531,3.9148516688264374,14.47234060405783,0,0,18.1,king+tour,1,9,10.957979687117694,1.0,0.0,0.0
24.14,-23.255731810063935,-19.59907029978066,5.098460674414424,2.97063857165917,13.696625218118117,3.9134606744143623,14.508977967475396,0,0,18.0,king+tour,1,9,10.898583772581048,1.0,0.0,0.0
24.16,-23.237388148385822,-19.655688055679413,5.097274299712582,2.976351664246338,13.736179657610801,3.9122742997125206,14.547145502442893,0,0,18.0,king+tour,1,9,10.839071529643235,1.0,0.0,0.0
24.18,-23.218250965540975,-19.71212613735117,5.096349115259528,2.9800775142172813,13.775324065355676,3.9113491152594664,14.583286452989467,0,0,17.9,king+tour,1,9,10.779493860612305,1.0,0.0,0.0
24.2,-23.19843026293629,-19.768415059910044,5.095731688036943,2.983992405719844,13.81414434865949,3.910731688036881,14.621036416076432,0,0,17.9,king+tour,1,9,10.719854781345795,1.0,0.0,0.0
24.22,-23.177993735287643,-19.824529007392655,5.095449166421451,2.9860117978997986,13.852655511338615,3.9104491664213894,14.656904465800341,0,0,17.8,king+tour,1,9,10.660199533916849,1.0,0.0,0.0
24.24,-23.15706054442693,-19.880507968246736,5.09552031714395,2.9882468105642883,13.890954275625742,3.910520317143888,14.694385662226809,0,0,17.8,king+tour,1,9,10.600525942701855,1.0,0.0,0.0
24.26,-23.13570498388715,-19.936334120211896,5.095956747686427,2.98864922700205,13.929063896747909,3.910956747686365,14.730152978017335,0,0,17.7,king+tour,1,9,10.540873620624904,1.0,0.0,0.0
24.28,-23.11405803289934,-19.99204846240916,5.096669164096199,2.9888065974076623,13.967085666453647,3.9116691640961374,14.766832336823574,0,0,17.7,king+tour,1,9,10.481242837136815,1.0,0.0,0.0
24.3,-23.092194691135603,-20.04763553781189,5.097683397933275,2.9870375521506305,14.005043133920658,3.912683397933213,14.802740714535869,0,0,17.6,king+tour,1,9,10.421670998266643,1.0,0.0,0.0
24.32,-23.070150517622253,-20.103126570646236,5.099025988820564,2.986219541996135,14.04298081050919,3.9140259888205025,14.839544430871813,0,0,17.6,king+tour,1,9,10.362139155478696,1.0,0.0,0.0
24.34,-23.048031183318443,-20.158508667175216,5.100700873866646,2.9829711722989267,14.080937841697219,3.9157008738665846,14.87540216386835,0,0,17.6,king+tour,1,9,10.302691189613856,1.0,0.0,0.0
24.36,-23.02588094193302,-20.213806765308306,5.102628352498959,2.9800285336080528,14.11895613624257,3.9176283524988973,14.912171891226919,0,0,17.5,king+tour,1,9,10.243316528423739,1.0,0.0,0.0
24.38,-23.003771043283876,-20.26899749974695,5.104736602865359,2.974604808104655,14.157047481790924,3.9197366028652976,14.948317953289955,0,0,17.5,king+tour,1,9,10.18405862809135,1.0,0.0,0.0
24.4,-22.981710390216488,-20.324093015799477,5.106895997683622,2.9693649526604484,14.195224754657763,3.92189599768356,14.985313494804565,0,0,17.4,king+tour,1,9,10.124908533810338,1.0,0.0,0.0
24.42,-22.959769971025924,-20.379071069958222,5.108993884662125,2.9615745656297774,14.233499447179081,3.923993884662063,15.022256196754624,0,0,17.4,king+tour,1,9,10.065908392107572,1.0,0.0,0.0
24.44,-22.93796231137431,-20.43394293741743,5.110977900350499,2.953993981118407,14.271884667771081,3.9259779003504374,15.059583946305139,0,0,17.4,king+tour,1,9,10.007051027532624,1.0,0.0,0.0
24.46,-22.916295253095573,-20.488724643891235,5.112822159865718,2.9469891719328483,14.310395534453729,3.9278221598656566,15.096524012140616,0,0,17.3,king+tour,1,9,9.948323321190847,1.0,0.0,0.0
24.48,-22.894760082826576,-20.54341852110292,5.114695899458992,2.9405333967773477,14.349027436741174,3.92969589945893,15.134540215524185,0,0,17.3,king+tour,1,9,9.889720380483231,1.0,0.0,0.0
24.5,-22.87338066795043,-20.598080300982144,5.116708179037386,2.9364259011223215,14.387838287681223,3.931708179037324,15.171792343108677,0,0,17.3,king+tour,1,9,9.831195781273571,1.0,0.0,0.0
24.52,-22.852144479281485,-20.652697059997575,5.11892125115975,2.93209130261631,14.426808384333903,3.9339212511596884,15.21023619293395,0,0,17.2,king+tour,1,9,9.77275807450864,1.0,0.0,0.0
24.54,-22.831069203910342,-20.70731622839068,5.121371158849161,2.9297708253422705,14.465985608336155,3.9363711588490995,15.247985277658545,0,0,17.2,king+tour,1,9,9.714366912797804,1.0,0.0,0.0
24.56,-22.81013477378913,-20.761913008639556,5.124065358080881,2.926737726353356,14.505336444184978,3.9390653580808195,15.286955049826757,0,0,17.2,king+tour,1,9,9.656040011661196,1.0,0.0,0.0
24.58,-22.789355519636263,-20.816525663215412,5.127006089316412,2.9253065408477075,14.544899261532795,3.94200608931635,15.325241410528617,0,0,17.1,king+tour,1,9,9.59774479288267,1.0,0.0,0.0
24.6,-22.76870815815419,-20.871119973193508,5.130182369073771,2.9227303036940966,14.584630857337826,3.9451823690737093,15.36472858498047,0,0,17.1,king+tour,1,9,9.539507084166145,1.0,0.0,0.0
24.62,-22.74820403751262,-20.925725334322742,5.133588760451547,2.921372934750371,14.624560480993585,3.948588760451485,15.403526786997096,0,0,17.1,king+tour,1,9,9.481301922202077,1.0,0.0,0.0
24.64,-22.72781593135864,-20.98029575857186,5.137109012165575,2.9180465415261057,14.66463277088031,3.952109012165513,15.443355896999485,0,0,17.0,king+tour,1,9,9.423165304620884,1.0,0.0,0.0
24.66,-22.707552561011937,-21.03485263585704,5.140763553210165,2.915652888790327,14.704868742559574,3.9557635532101036,15.482471734164415,0,0,17.0,king+tour,1,9,9.36507918447259,1.0,0.0,0.0
24.68,-22.687367778536004,-21.089334044696827,5.143072927941372,2.907310855592269,14.745190598016471,3.95807292794131,15.521983196189987,0,0,17.0,king+tour,1,9,9.307089413136232,1.0,0.0,0.0
24.7,-22.66726398657459,-21.14378867598142,5.144515594457788,2.9032527474568472,14.785641467058955,3.9595155944577263,15.561038052366591,0,0,16.9,king+tour,1,9,9.249150025259224,1.0,0.0,0.0
24.72,-22.647213894893397,-21.198240864965655,5.14542090800763,2.901666182653841,14.82622999552226,3.960420908007568,15.600584116901684,0,0,16.9,king+tour,1,9,9.19122980217975,1.0,0.0,0.0
24.74,-22.62719836940114,-21.25272376199442,5.145993947418316,2.9022989609723635,14.866976682097215,3.9609939474182543,15.639319418899165,0,0,16.8,king+tour,1,9,9.133291457966347,1.0,0.0,0.0
24.76,-22.607169875768875,-21.307212043367638,5.146354938647846,2.9026899932874377,14.90783738661937,3.9613549386477844,15.679259275877069,0,0,16.8,king+tour,1,9,9.075345570284876,1.0,0.0,0.0
24.78,-22.587108158647446,-21.36172961143883,5.146583329455501,2.9046040541776184,14.948824465445266,3.961583329455439,15.718412041963594,0,0,16.8,king+tour,1,9,9.01736346891002,1.0,0.0,0.0
24.8,-22.566992452318672,-21.416249331124675,5.1467282749022605,2.9056249262901206,14.989904006945935,3.9617282749021987,15.758514964189814,0,0,16.7,king+tour,1,9,8.959365256293474,1.0,0.0,0.0
24.82,-22.54683248364163,-21.470798519666708,5.146819064510724,2.907768281004556,15.031104383215753,3.961819064510662,15.797856322252246,0,0,16.7,king+tour,1,9,8.901327630856635,1.0,0.0,0.0
24.84,-22.526604908066147,-21.52533992428309,5.146874155795626,2.908574679391828,15.07238153440902,3.961874155795564,15.838108731674748,0,0,16.6,king+tour,1,9,8.84327969479729,1.0,0.0,0.0
24.86,-22.506317491336002,-21.579892747854146,5.1469077710890865,2.9101507551779746,15.113755717103773,3.9619077710890247,15.87759798538959,0,0,16.6,king+tour,1,9,8.78520537637089,1.0,0.0,0.0
24.88,-22.48593963810603,-21.634429755676244,5.146925296658611,2.910988848997689,15.155189157263752,3.961925296658549,15.918053142527967,0,0,16.5,king+tour,1,9,8.727122171542103,1.0,0.0,0.0
24.9,-22.465472093090327,-21.68898073415778,5.146932801993962,2.9132154522935156,15.196709096029323,3.9619328019939006,15.95775347848715,0,0,16.5,king+tour,1,9,8.669001896355066,1.0,0.0,0.0
24.92,-22.444893530325942,-21.743514782974916,5.146929932993881,2.914378035734455,15.238278464802905,3.9619299329938196,15.998253422751338,0,0,16.5,king+tour,1,9,8.610868278726796,1.0,0.0,0.0
24.94,-22.42421410351158,-21.798058502654907,5.146922409267626,2.916614521370033,15.279925568155752,3.9619224092675642,16.03800822914011,0,0,16.4,king+tour,1,9,8.552698892486273,1.0,0.0,0.0
24.96,-22.403417053014014,-21.852576241626853,5.1469099955955215,2.9174909280539634,15.321610907411026,3.9619099955954598,16.07876916558888,0,0,16.4,king+tour,1,9,8.4945233785788,1.0,0.0,0.0
24.98,-22.38251750547834,-21.907089834962438,5.146895416855122,2.919127934029781,15.363360409705345,3.96189541685506,16.118787427175352,0,0,16.3,king+tour,1,9,8.43632530212527,1.0,0.0,0.0
25.0,-22.36151373330191,-21.961565650356725,5.14687929616929,2.9192349889947313,15.405142322013088,3.9618792961692284,16.159636686127353,0,0,16.3,king+tour,1,9,8.378136660743749,1.0,0.0,0.0
25.02,-22.340435964357347,-22.016027728699413,5.146863332054064,2.9199274716756034,15.44699034531972,3.961863332054002,16.199751666520854,0,0,16.2,king+tour,1,9,8.3199431327476,1.0,0.0,0.0
25.04,-22.319275115270134,-22.070453268411732,5.146846843158569,2.9197265192791155,15.488879561417146,3.961846843158507,16.24063305172502,0,0,16.2,king+tour,1,9,8.261764244321759,1.0,0.0,0.0
25.06,-22.298054025158784,-22.12487690236227,5.146830448585603,2.9207305878316485,15.53085035531711,3.961830448585541,16.280805080029296,0,0,16.2,king+tour,1,9,8.203573374176386,1.0,0.0,0.0
25.08,-22.276762437866466,-22.179268856354696,5.146813566118818,2.9205378929052594,15.572870862536972,3.9618135661187566,16.322007294336718,0,0,16.1,king+tour,1,9,8.145396418816167,1.0,0.0,0.0
25.1,-22.255422199323895,-22.233656820973696,5.146798103209274,2.9212397691532344,15.614974564110426,3.9617981032092118,16.362512880263814,0,0,16.1,king+tour,1,9,8.087213096710848,1.0,0.0,0.0
25.12,-22.234044581240237,-22.28801191425937,5.146784643636761,2.920393339169021,15.657138481308976,3.9617846436366992,16.40384804246309,0,0,16.0,king+tour,1,9,8.029054454017253,1.0,0.0,0.0
25.14,-22.21267297736198,-22.3423630391564,5.146774783895082,2.920098597272019,15.699405044714211,3.96177478389502,16.44450165441397,0,0,16.0,king+tour,1,9,7.97090493788666,1.0,0.0,0.0
25.16,-22.191309879552584,-22.39669814577054,5.146767171542104,2.9191975852669976,15.741763117225274,3.961767171542042,16.483829510428485,0,0,16.0,king+tour,1,10,11.176213877220896,1.0,0.0,0.0
25.18,-22.169989819419794,-22.45106243444962,5.146756976325359,2.919769233856845,15.78426655574944,3.9617569763252973,16.52399518566465,0,0,15.9,king+tour,1,10,11.12363214143657,1.0,0.0,0.0
25.2,-22.148714571249418,-22.50544249784413,5.146698495901871,2.919687868361032,15.826902510382858,3.9616984959018096,16.56282188161542,0,0,15.9,king+tour,1,10,11.071130986345226,1.0,0.0,0.0
25.22,-22.127427860223236,-22.559858479994762,5.146613579790493,2.9215708062941737,15.869667993606534,3.9616135797904315,16.603305433219603,0,0,15.8,king+tour,1,10,11.018656427207388,0.9973224997520447,0.0,0.0
25.24,-22.10604088654802,-22.6142724969399,5.146575435372392,2.9233069194350336,15.912494732921516,3.96157543537233,16.64229781412352,0,0,15.8,king+tour,1,10,10.966169322231284,0.9908918738365173,0.0,0.0
25.26,-22.084506126337903,-22.668686594610612,5.146578929574984,2.92602116142143,15.95536731509828,3.961578929574922,16.682104208966177,0,0,15.8,king+tour,1,10,10.913633471710384,0.9795024991035461,0.0,0.0
25.28,-22.062746353410194,-22.723041207033823,5.14663943108839,2.9274200544062188,15.998202606066942,3.9616394310883285,16.7209858975134,0,0,15.7,king+tour,1,10,10.861031628439223,0.9677841663360596,0.0,0.0
25.3,-22.04064424171299,-22.777246125965263,5.146735705768487,2.926895047082116,16.04087502715391,3.961735705768425,16.76042693468738,0,0,15.7,king+tour,1,10,10.808336289488594,0.9565125703811646,0.0,0.0
25.32,-22.018133019784276,-22.83122119745502,5.146871936797147,2.9240733634526914,16.083287130809328,3.9618719367970856,16.798797294759517,0,0,15.6,king+tour,1,10,10.755549574186023,0.9456557035446167,0.0,0.0
25.34,-21.995101923975014,-22.884834979435677,5.147098460566759,2.917584748324922,16.12527831023479,3.962098460566697,16.83745442070512,0,0,15.6,king+tour,1,10,10.702673873598647,0.934872031211853,0.0,0.0
25.36,-21.971477917573456,-22.938016581082522,5.147410941281348,2.9096709764085076,16.16675848386121,3.962410941281286,16.874865895083403,0,0,15.6,king+tour,1,10,10.64969811776027,0.9219473004341125,0.0,0.0
25.38,-21.94720044107329,-22.99064417798806,5.147610945236781,2.8978870849508214,16.207594628628733,3.962610945236719,16.912310671542162,0,0,15.5,king+tour,1,10,10.596653428803274,0.9126970767974854,0.0,0.0
25.4,-21.922227394008548,-23.042654830414172,5.14759005846854,2.8847709968665245,16.247715534372812,3.9625900584684786,16.948334574878285,0,0,15.5,king+tour,1,10,10.543544882587579,0.9042149782180786,0.0,0.0
25.42,-21.89652430657266,-23.09393887490641,5.147241643155568,2.868284904106159,16.287008943239254,3.9622416431555063,16.983557523274662,0,0,15.5,king+tour,1,10,10.490413547035299,0.8965109586715698,0.0,0.0
25.44,-21.87006712224683,-23.144435080964527,5.14653635690876,2.8505906657238618,16.325411667416084,3.961536356908698,17.01754041593893,0,0,15.4,king+tour,1,10,10.43727583557033,0.889466404914856,0.0,0.0
25.46,-21.842815791669064,-23.194022161440426,5.145421776666254,2.8296447910907156,16.362798657708336,3.960421776666192,17.050060215834165,0,0,15.4,king+tour,1,10,10.384175166137062,0.8829630017280579,0.0,0.0
25.48,-21.81473972184644,-23.242624478989885,5.1439073709678755,2.8074652235078736,16.399091054481946,3.9589073709678138,17.082087054453392,0,0,15.3,king+tour,1,10,10.33113163463477,0.8771030306816101,0.0,0.0
25.5,-21.785822801347905,-23.29013311410096,5.141875732501628,2.7827083282718563,16.4341835403087,3.956875732501566,17.111273039096666,0,0,15.3,king+tour,1,10,10.27819781481527,0.8718926310539246,0.0,0.0
25.52,-21.756048650819896,-23.33648099198174,5.1392972516288795,2.75738752595978,16.468010033977283,3.9542972516288177,17.141584153234767,0,0,15.3,king+tour,1,10,10.225398586075055,0.8673252463340759,0.0,0.0
25.54,-21.72545435777006,-23.381597447614336,5.136032947883563,2.730458301736433,16.50051861484038,3.951032947883501,17.168578264711705,0,0,15.2,king+tour,1,10,10.172801845087395,0.8633772730827332,0.0,0.0
25.56,-21.694064223495268,-23.425446132338962,5.13205348911564,2.7036474316906025,16.531685084376893,3.9470534891155786,17.196027961244067,0,0,15.2,king+tour,1,10,10.120443806179972,0.8802921175956726,0.0,0.0
25.58,-21.661831507376522,-23.467923156281365,5.127450148214568,2.6760214399583377,16.561398052510658,3.9424501482145065,17.221241033300615,0,0,15.1,king+tour,1,10,10.068350904675144,0.8998567461967468,0.0,0.0
25.6,-21.628768443596613,-23.509046958489783,5.122161211158502,2.651559046002206,16.589681093498314,3.9371612111584406,17.244925519471227,0,0,15.1,king+tour,1,10,10.016515329849309,0.9204182624816895,0.0,0.0
25.62,-21.594828471026677,-23.548814392092595,5.116313544015421,2.6303829209918845,16.616518616750405,3.9313135440153593,17.26900903660557,0,0,15.1,king+tour,1,10,9.964899159148025,0.9418886303901672,0.0,0.0
25.64,-21.5600068458387,-23.587203758343726,5.1100122741691605,2.6105531136000715,16.641891170523685,3.9250122741690987,17.289930599759085,0,0,15.0,king+tour,1,10,9.913508921977568,0.9631998538970947,0.0,0.0
25.66,-21.524294904288304,-23.624248413116575,5.10341916096524,2.5937995095314523,16.665830415561956,3.918419160965178,17.310138743641772,0,0,15.0,king+tour,1,10,9.862313222786296,0.9844782948493958,0.0,0.0
25.68,-21.48761917074188,-23.66000959903399,5.096641595958511,2.5835572554178072,16.688374685524902,3.911641595958449,17.328477037514673,0,0,14.9,king+tour,1,10,9.811213947845722,1.0,0.0,0.0
25.7,-21.449855028774056,-23.69455193728133,5.0900059254311545,2.5803757834406698,16.709550857587907,3.9050059254310927,17.347014583144617,0,0,14.9,king+tour,1,10,9.76007250082666,1.0,0.0,0.0
25.72,-21.411055907508725,-23.728045946358883,5.083475450408709,2.5835380581036187,16.72954263728141,3.8984754504086476,17.36452275159089,0,0,14.9,king+tour,1,10,9.708818533436766,1.0,0.0,0.0
25.74,-21.371137395933403,-23.760586807468417,5.0773271422793655,2.593355404197641,16.74842036864878,3.8923271422793038,17.382163781041733,0,0,14.8,king+tour,1,10,9.657325897828292,1.0,0.0,0.0
25.76,-21.33010021436678,-23.792337083290228,5.071726893639468,2.609354839094132,16.76634557032974,3.8867268936394064,17.398321426420598,0,0,14.8,king+tour,1,10,9.605490515333072,1.0,0.0,0.0
25.78,-21.28797893304627,-23.82339985060729,5.066774801469339,2.628507689896066,16.783433705916753,3.881774801469277,17.41558432950113,0,0,14.8,king+tour,1,10,9.553273069163483,1.0,0.0,0.0
25.8,-21.244797662184578,-23.85397041086053,5.062599730577125,2.6535883838599035,16.79988543091003,3.877599730577063,17.43042009957025,0,0,14.7,king+tour,1,10,9.500566976584766,1.0,0.0,0.0
25.82,-21.20065737401717,-23.88421533711028,5.059256408288012,2.680624184440723,16.81589684391799,3.87425640828795,17.44698012673225,0,0,14.7,king+tour,1,10,9.44734294184481,1.0,0.0,0.0
25.84,-21.15561294519844,-23.91434642405645,5.056721947867079,2.7126124206144153,16.831693615818924,3.871721947867017,17.462238987025728,0,0,14.7,king+tour,1,10,9.393507122895365,1.0,0.0,0.0
25.86,-21.10977575150295,-23.944533950947832,5.054979770767064,2.7456193685320005,16.847477957340985,3.869979770767002,17.4789700338467,0,0,14.7,king+tour,1,10,9.33903529856713,1.0,0.0,0.0
25.88,-21.063276028456237,-23.974919201845413,5.054041442287153,2.7777545679318383,16.86342895397358,3.8690414422870916,17.495031646935868,0,0,14.7,king+tour,1,10,9.283935958334462,1.0,0.0,0.0
25.9,-21.01619083627824,-24.005637135671623,5.05381574354134,2.8109863575415956,16.87970377658674,3.868815743541278,17.512693666259512,0,0,14.6,king+tour,1,10,9.228180752473039,1.0,0.0,0.0
25.92,-20.96868822545257,-24.036820670905833,5.054200434181301,2.8412404385437946,16.89648232595189,3.8692004341812396,17.530401050593053,0,0,14.6,king+tour,1,10,9.171811342068548,1.0,0.0,0.0
25.94,-20.920869067457087,-24.06857027207587,5.055139962683391,2.8703622417996786,16.913893367835,3.8701399626833295,17.549648861652454,0,0,14.6,king+tour,1,10,9.11483885025876,1.0,0.0,0.0
25.96,-20.87287699850523,-24.10093938627243,5.056559788469119,2.895260843780562,16.932031020626443,3.8715597884690576,17.569027194344514,0,0,14.6,king+tour,1,10,9.057337045788577,1.0,0.0,0.0
25.98,-20.8247707242434,-24.133977857625805,5.058413301242176,2.91941334959699,16.950961658267126,3.873413301242114,17.58997680126208,0,0,14.6,king+tour,1,10,8.999317263732518,1.0,0.0,0.0
26.0,-20.776694530453604,-24.167738410394165,5.060653877395811,2.9394368142722147,16.97077637495859,3.8756538773957496,17.61084110943926,0,0,14.6,king+tour,1,10,8.940853651003989,1.0,0.0,0.0
26.02,-20.728712761492435,-24.202273073145967,5.0632664154862566,2.9587659755790963,16.991543108300554,3.8782664154861948,17.633333638699472,0,0,14.6,king+tour,1,10,8.88195997204668,1.0,0.0,0.0
26.04,-20.680940969410646,-24.237601220357725,5.0662206272284145,2.974453509108445,17.013310720524167,3.8812206272283527,17.6562139187719,0,0,14.6,king+tour,1,10,8.822710010669763,1.0,0.0,0.0
26.06,-20.63341548817725,-24.273727463753534,5.069442856105262,2.989213770916141,17.03609223375907,3.8844428561052,17.6807044097042,0,0,14.6,king+tour,1,10,8.763127192855318,1.0,0.0,0.0
26.08,-20.5862298980008,-24.31058508436907,5.072569924501677,2.997808647368269,17.059845488028344,3.887569924501615,17.704635454154907,0,0,14.5,king+tour,1,10,8.703325016999154,1.0,0.0,0.0
26.1,-20.539420367400997,-24.34819589779726,5.075664147243516,3.006359782228347,17.084598444065342,3.890664147243454,17.730665914244568,0,0,14.5,king+tour,1,10,8.643315819247535,1.0,0.0,0.0
26.12,-20.49302533011823,-24.38651429368252,5.0787927983237475,3.0127177951438755,17.110313823412806,3.8937927983236857,17.75612054958326,0,0,14.5,king+tour,1,10,8.583157910267502,1.0,0.0,0.0
26.14,-20.447057240249602,-24.425543392144654,5.082025383521731,3.0194309977210367,17.13699471025652,3.897025383521669,17.78408291680579,0,0,14.5,king+tour,1,10,8.52285829589563,1.0,0.0,0.0
26.16,-20.401528624766435,-24.465210234923312,5.085413049859975,3.023983104722997,17.164570157064855,3.900413049859913,17.811380916183566,0,0,14.5,king+tour,1,10,8.462474016344258,1.0,0.0,0.0
26.18,-20.356448581748563,-24.50552083814347,5.088995787575163,3.0290225403593696,17.19304477231339,3.9039957875751012,17.840406295186682,0,0,14.5,king+tour,1,10,8.402008083338703,1.0,0.0,0.0
26.2,-20.311827001124186,-24.546406983017643,5.092812890457531,3.0320506981678674,17.222351045724096,3.9078128904574694,17.86968806008023,0,0,14.5,king+tour,1,10,8.341512865601723,1.0,0.0,0.0
26.22,-20.26760997501445,-24.587799999548604,5.096824563990407,3.0350538463327745,17.252406061108566,3.9118245639903453,17.90038558996435,0,0,14.5,king+tour,1,10,8.280992914124896,1.0,0.0,0.0
26.24,-20.223827048224596,-24.62963402406201,5.100994148284871,3.0349694061318595,17.28314899602196,3.915994148284809,17.930564542826783,0,0,14.5,king+tour,1,10,8.220514207865861,1.0,0.0,0.0
26.26,-20.180437057458775,-24.671847727965964,5.1053226514458805,3.0345609384075134,17.314507105946845,3.9203226514458187,17.962447971600273,0,0,14.4,king+tour,1,10,8.16008632645459,1.0,0.0,0.0
26.28,-20.137437597734408,-24.714342312670304,5.109815844393636,3.031060890450613,17.346379987700253,3.9248158443935743,17.99411329026542,0,0,14.4,king+tour,1,10,8.099772679138065,1.0,0.0,0.0
26.3,-20.094779583063207,-24.7570494110621,5.114491558649034,3.0271540977182054,17.37868654758636,3.929491558648972,18.027013861209067,0,0,14.4,king+tour,1,10,8.039581397322152,1.0,0.0,0.0
26.32,-20.052494736635566,-24.799900097807754,5.1193608984938495,3.0198924080617617,17.41136293952251,3.9343608984937877,18.05910814197765,0,0,14.4,king+tour,1,10,7.979582165112471,1.0,0.0,0.0
26.34,-20.010538928571233,-24.84282118145873,5.124371769842862,3.011485548604575,17.44432453694176,3.9393717698428006,18.089594168954527,0,0,14.4,king+tour,1,11,3.157196408407477,0.9988134503364563,0.0,0.0
26.36,-19.968883679739093,-24.88577121173507,5.129348585567157,3.0019300253167707,17.477521377463624,3.944348585567095,18.122075885479664,0,0,14.4,king+tour,1,12,6.732458193551132,1.0,0.0,0.0
26.38,-19.92747978978978,-24.928704486378038,5.1342731392180765,2.9924068085591666,17.510895302911287,3.9492731392180147,18.15346024246218,0,0,14.4,king+tour,1,13,1.073747297270395,0.9943313598632812,0.0,0.0
26.4,-19.886294033043406,-24.971595850076692,5.139099186275619,2.9829626082567544,17.544411994594302,3.954099186275557,18.185842120656197,0,0,14.4,king+tour,1,14,5.975455843617446,0.9849846363067627,0.0,0.0
26.42,-19.84534585927095,-25.014407449216613,5.144082665792959,2.97254984159906,17.57803563285431,3.959082665792897,18.217411036043025,0,0,14.4,king+tour,1,15,1.026128830250274,0.9717149138450623,0.0,0.0
26.44,-19.804555247655742,-25.057087107238303,5.147213414726449,2.95602300129564,17.61169633538517,3.9622134147263877,18.2493425518251,0,0,14.3,king+tour,1,16,5.900024980911288,0.9506353735923767,0.0,0.0
26.46,-19.76394905330244,-25.09960693482627,5.149179485925876,2.9413705113135626,17.645369753231197,3.964179485925814,18.27920788643604,0,0,14.3,king+tour,1,17,3.1085821848328083,0.9315464496612549,0.0,0.0
26.48,-19.72355906514354,-25.141887761570132,5.150348467146237,2.9242032977865025,17.678981856469242,3.9653484671461756,18.31069570474847,0,0,14.3,king+tour,1,18,6.529210295165179,0.9109833240509033,0.0,0.0
26.5,-19.683372233820506,-25.183825542953773,5.151125119077479,2.9044629914109517,17.712425179576833,3.966125119077417,18.33968901206163,0,0,14.3,king+tour,1,19,5.193486343690123,0.889373779296875,0.0,0.0
26.52,-19.643421827667343,-25.225322753527685,5.151675873351927,2.8802590020210004,17.745607334513664,3.966675873351865,18.37042522015884,0,0,14.2,king+tour,1,20,7.691047250116616,0.8667705059051514,0.0,0.0
26.54,-19.60367749496819,-25.266273050418246,5.152098315625961,2.853382753242681,17.778414977730186,3.9670983156258997,18.398894179469046,0,0,14.2,king+tour,1,21,7.277073283348819,0.8437640070915222,0.0,0.0
26.56,-19.564170054338312,-25.30657816009842,5.152466105493381,2.822000620499882,17.810754047933596,3.967466105493319,18.428995093262618,0,0,14.2,king+tour,1,22,9.184011803303742,0.8206225633621216,0.0,0.0
26.58,-19.52492459430173,-25.34613341958962,5.152819129224164,2.7861036020998373,17.842522726222036,3.967819129224102,18.456241664794277,0,0,14.2,king+tour,1,22,9.191869667871256,0.7974739074707031,0.0,0.0
26.6,-19.486025511858017,-25.384854299851174,5.153171466727295,2.744343876461332,17.873649182083714,3.9681714667272336,18.484687723781356,0,0,14.2,king+tour,1,22,9.199595042543308,0.7743668556213379,0.0,0.0
26.62,-19.44748771049637,-25.4226428743037,5.153539815387968,2.6987377483185946,17.904035300596636,3.9685398153879063,18.51015199872109,0,0,14.1,king+tour,1,22,9.20710321412009,0.7513099312782288,0.0,0.0
26.64,-19.409395489566496,-25.459414212083008,5.153948001660779,2.6473171294178415,17.933607557699332,3.968948001660717,18.536956786879365,0,0,14.1,king+tour,1,22,9.214359443280271,0.7283121347427368,0.0,0.0
26.66,-19.371763003013495,-25.4950708078078,5.15441145743065,2.5922054577587352,17.962267231221563,3.9694114574305885,18.56154809175802,0,0,14.1,king+tour,1,22,9.221275626213394,0.7053788304328918,0.0,0.0
26.68,-19.334671672608636,-25.52953859220255,5.154923941919254,2.531826214729321,17.989949861870492,3.969923941919192,18.586203616400415,0,0,14.1,king+tour,1,22,9.227820613015869,0.6825211048126221,0.0,0.0
26.7,-19.298174357719027,-25.562783859119833,5.155512130487333,2.4686270133134793,18.016625327072987,3.970512130487271,18.608911591705763,0,0,14.1,king+tour,1,22,9.233978082308562,0.6597434282302856,0.0,0.0
26.72,-19.26236056142989,-25.59474194762534,5.156157777363358,2.4001897245083295,18.042238606966013,3.9711577773632962,18.631590556388705,0,0,14.0,king+tour,1,22,9.239726399061428,0.6370569467544556,0.0,0.0
26.74,-19.22730227626296,-25.62541609527887,5.156873147766647,2.329430428200183,18.066798157273954,3.971873147766585,18.65225181152521,0,0,14.0,king+tour,1,22,9.245088410262065,0.6144664287567139,0.0,0.0
26.76,-19.193079370254523,-25.654765213035912,5.1575654054727105,2.2544717948505992,18.09026952731103,3.9725654054726487,18.672740707464058,0,0,14.0,king+tour,1,22,9.250054259974254,0.5914652347564697,0.0,0.0
26.78,-19.159754696279276,-25.682806374437956,5.158202241824917,2.177869480060491,18.11267253245007,3.973202241824855,18.69073574050999,0,0,14.0,king+tour,1,22,9.254651928240225,0.5684091448783875,0.0,0.0
26.8,-19.12733785360406,-25.709523490837068,5.158749548388653,2.100568698107722,18.133985713096063,3.973749548388591,18.709437931753456,0,0,14.0,king+tour,1,22,9.258852300407955,0.545435905456543,0.0,0.0
26.82,-19.09588528044345,-25.73497111885329,5.159062219482587,2.022958163982063,18.154264779127168,3.9740622194825255,18.72482448850419,0,0,14.0,king+tour,1,22,9.262711536096477,0.5474591851234436,0.0,0.0
26.84,-19.065400286976022,-25.759192177259653,5.159024516890877,1.9467896127463422,18.17354577680358,3.9740245168908155,18.74071907370835,0,0,13.9,king+tour,1,22,9.26624753127954,0.5529100298881531,0.0,0.0
26.86,-19.035837897509037,-25.78218875540377,5.1585777038879534,1.872816808443719,18.191817433997933,3.9735777038878917,18.753104368619038,0,0,13.9,king+tour,1,22,9.269418814290415,0.5591447949409485,0.0,0.0
26.88,-19.00714683303281,-25.80399856827757,5.157732607919521,1.80247004521929,18.209103348844035,3.9727326079194594,18.766674470626963,0,0,13.9,king+tour,1,22,9.272211875341766,0.5661382079124451,0.0,0.0
26.9,-18.979212555693355,-25.82462586020852,5.1564760254140385,1.7373744720665,18.225385352070443,3.9714760254139767,18.777593039451556,0,0,13.9,king+tour,1,22,9.274552686087793,0.5720099806785583,0.0,0.0
26.92,-18.951987625086055,-25.84408148599627,5.154868402636199,1.6750393072710394,18.240662502997438,3.969868402636137,18.789228505665324,0,0,13.9,king+tour,1,22,9.276410717403303,0.5779229402542114,0.0,0.0
26.94,-18.925359622639238,-25.862347299527865,5.15292619914676,1.617453718559753,18.254896318258066,3.9679261991466985,18.797880861665757,0,0,13.9,king+tour,1,22,9.277697584569033,0.582099437713623,0.0,0.0
26.96,-18.89918240194849,-25.879439089023666,5.150731657029745,1.566997260977346,18.268077943577264,3.965731657029683,18.808033046573414,0,0,13.9,king+tour,1,22,9.278337597069632,0.5856184363365173,0.0,0.0
26.98,-18.873336224981745,-25.89534651593189,5.148248435184283,1.5225287233502285,18.280177375881593,3.963248435184221,18.81679175788272,0,0,13.8,king+tour,1,22,9.278248895581385,0.5868864059448242,0.0,0.0
27.0,-18.847663827283395,-25.9100822305689,5.145543936465209,1.486209610693558,18.29118294797727,3.9605439364651476,18.82648301787706,0,0,13.8,king+tour,1,22,9.277351210163047,0.5858376622200012,0.0,0.0
27.02,-18.822033721122864,-25.92359486863795,5.142703889270411,1.455643841616035,18.301024121154228,3.9577038892703493,18.832497171020705,0,0,13.8,king+tour,1,22,9.275525044435579,0.5826818943023682,0.0,0.0
27.04,-18.796266978746097,-25.935927630249978,5.139692397128765,1.4362199575700851,18.30971835481564,3.954692397128703,18.839690127297605,0,0,13.8,king+tour,1,22,9.272708573225799,0.5757886171340942,0.0,0.0
27.06,-18.770239640306652,-25.947099693000784,5.136361174108437,1.4259508925279667,18.317267805517993,3.951361174108375,18.846810815339637,0,0,13.8,king+tour,1,22,9.268849969464718,0.5680540204048157,0.0,0.0
27.08,-18.743855039123144,-25.957085464611072,5.132831940785782,1.4215469585203087,18.323634652313324,3.9478319407857203,18.851365260628338,0,0,13.8,king+tour,1,22,9.263874444493451,0.5618882775306702,0.0,0.0
27.1,-18.716986471445438,-25.965873777646912,5.129040917130267,1.4261190653518885,18.328791997504233,3.944040917130205,18.85653787812409,0,0,13.7,king+tour,1,22,9.257705245534769,0.5576375126838684,0.0,0.0
27.12,-18.689563286771552,-25.973493958820956,5.124949958159009,1.4377362102345765,18.332761161651177,3.939949958158947,18.859289137027407,0,0,13.7,king+tour,1,22,9.250330249887831,0.555931031703949,0.0,0.0
27.14,-18.661524048802683,-25.97990697419168,5.120753013610422,1.4533925618737922,18.33549734688484,3.93575301361036,18.86152219344542,0,0,13.7,king+tour,1,22,9.241683925255115,0.5567074418067932,0.0,0.0
27.16,-18.632783141492173,-25.98516585698226,5.116518595962647,1.4761655513966567,18.337044407745385,3.9315185959625856,18.861811734142965,0,0,13.7,king+tour,1,22,9.231768703753865,0.5597497820854187,0.0,0.0
27.18,-18.603309415133275,-25.989283054228718,5.112292662662529,1.5029224621569743,18.33741339892519,3.9272926626624676,18.863257196803797,0,0,13.7,king+tour,1,22,9.220580312108387,0.5649881958961487,0.0,0.0
27.2,-18.573141552174576,-25.992338976038994,5.108076010812755,1.5307014457655534,18.33669173122941,3.923076010812693,18.86189214609572,0,0,13.7,king+tour,1,22,9.208208618625978,0.5720746517181396,0.0,0.0
27.22,-18.54226244110715,-25.994436052850908,5.1038872399053075,1.561620178840292,18.334981751052194,3.9188872399052457,18.86085189250209,0,0,13.7,king+tour,1,22,9.194735226585653,0.5803367495536804,0.0,0.0
27.24,-18.510711942596046,-25.99569355388965,5.099727503156474,1.5924185026094961,18.33240964349332,3.9147275031564126,18.85777431699619,0,0,13.7,king+tour,1,22,9.180285269902626,0.5896517038345337,0.0,0.0
27.26,-18.478488811426462,-25.996172627868184,5.0956275253042715,1.6243225608216094,18.329038910181804,3.9106275253042098,18.85512767589954,0,0,13.6,king+tour,1,22,9.16491345997006,0.5995202660560608,0.0,0.0
27.28,-18.44563983768264,-25.99599448062395,5.091583395089175,1.6548729571023952,18.324998436806187,3.906583395089113,18.85074449130454,0,0,13.6,king+tour,1,22,9.148750805468449,0.6098243594169617,0.0,0.0
27.3,-18.412152148886964,-25.995224235811158,5.087632361273178,1.686437996312699,18.32035437847656,3.902632361273116,18.84691405709373,0,0,13.6,king+tour,1,22,9.131850697740845,0.6201500296592712,0.0,0.0
27.32,-18.378077435227343,-25.99398536448782,5.083776238484374,1.7157291424516703,18.31523837943392,3.898776238484312,18.84151117169913,0,0,13.6,king+tour,1,22,9.114349347950862,0.6305951476097107,0.0,0.0
27.34,-18.34341260076163,-25.99235031368976,5.080033658521228,1.7452299593663054,18.30972506953054,3.8950336585211662,18.83677527174532,0,0,13.6,king+tour,1,22,9.09631225042279,0.640777587890625,0.0,0.0
27.36,-18.308195989990264,-25.99044862797987,5.076361574394775,1.7729285691991559,18.30395050959837,3.891361574394713,18.830873235683345,0,0,13.6,king+tour,1,22,9.0778754102793,0.6508078575134277,0.0,0.0
27.38,-18.272407151283627,-25.98835733011573,5.072766256404371,1.8014860630729381,18.297992100956996,3.8877662564043094,18.82574391222877,0,0,13.6,king+tour,1,22,9.059101263367861,0.6604848504066467,0.0,0.0
27.4,-18.236088160714118,-25.986205341317056,5.0692130683302095,1.8277891544623892,18.291985728144063,3.8842130683301477,18.819407264725484,0,0,13.6,king+tour,1,22,9.040128243505366,0.6662524342536926,0.0,0.0
27.42,-18.19922611595431,-25.984072962163044,5.065700837884918,1.8545168827968341,18.286013058030974,3.8807008378848566,18.810358618307973,0,0,13.6,king+tour,1,22,9.021026606659337,0.6570361256599426,0.0,0.0
27.44,-18.16186279992477,-25.98206109261016,5.062208162157117,1.8790049145497665,18.280182021667166,3.8772081621570553,18.803199067394303,0,0,13.6,king+tour,1,22,9.001910977762362,0.6434117555618286,0.0,0.0
27.46,-18.12398774073386,-25.980219614475505,5.058712642026475,1.9040284999305521,18.274544382504207,3.8737126420264136,18.794899045518495,0,0,13.6,king+tour,1,22,8.98282694818189,0.6261612176895142,0.0,0.0
27.48,-18.08563619642312,-25.978546033795237,5.055239448523304,1.927242133478874,18.269104402288885,3.8702394485232423,18.78867225654029,0,0,13.6,king+tour,1,22,8.96379495207875,0.606238603591919,0.0,0.0
27.5,-18.046890143045932,-25.977017404215598,5.051839965982071,1.9462462859616545,18.26385018257023,3.8668399659820096,18.781011706401678,0,0,13.6,king+tour,1,22,8.944837980480187,0.5844370126724243,0.0,0.0
27.52,-18.007881787317306,-25.975578544657647,5.048551967014407,1.9586558341690654,18.258741736449988,3.8635519670143452,18.77522846119002,0,0,13.6,king+tour,1,22,8.925971630198763,0.5621020197868347,0.0,0.0
27.54,-17.968695505821596,-25.974226586928445,5.045422465618097,1.9667144086979873,18.253785673526547,3.8604224656180355,18.768878447879853,0,0,13.6,king+tour,1,22,8.907234906389581,0.5396723747253418,0.0,0.0
27.56,-17.929474820304748,-25.972906333591986,5.042511116987582,1.9675372881679014,18.24894102954198,3.85751111698752,18.76331890556399,0,0,13.5,king+tour,1,22,8.88864487802501,0.517316460609436,0.0,0.0
27.58,-17.890404227283458,-25.971625547738398,5.03985183051509,1.9590963835278183,18.24423185834521,3.8548518305150283,18.75631675216047,0,0,13.5,king+tour,1,22,8.870290802731358,0.495087206363678,0.0,0.0
27.6,-17.85162381917663,-25.97033808844018,5.037490373438559,1.9436782680660325,18.239623183850927,3.8524903734384974,18.75120526403986,0,0,13.5,king+tour,1,22,8.852191552857915,0.473050594329834,0.0,0.0
27.62,-17.813330004955816,-25.96898469936646,5.035426987790125,1.9186619229929724,18.235070407314648,3.8504269877900636,18.74423992617721,0,0,13.5,king+tour,1,22,8.83437620126249,0.451201856136322,0.0,0.0
27.64,-17.77565687302517,-25.96755877950231,5.033671579337062,1.8870476780939838,18.230574744690244,3.848671579337,18.738370964627066,0,0,13.5,king+tour,1,22,8.816891613695073,0.42961809039115906,0.0,0.0
27.66,-17.738797545253533,-25.96601468493015,5.032221834383491,1.8460065223714883,18.22610207894126,3.8472218343834292,18.73059491338087,0,0,13.5,king+tour,1,22,8.799772556431028,0.40832462906837463,0.0,0.0
27.68,-17.70288890064905,-25.964322354587846,5.031086419943994,1.798321373717609,18.221628034704203,3.8460864199439326,18.724968787537783,0,0,13.5,king+tour,1,22,8.783041430981504,0.38739946484565735,0.0,0.0
27.7,-17.668122543285076,-25.962417001532472,5.030222484671748,1.7414622869731353,18.217096744836624,3.8452224846716865,18.716992064499948,0,0,13.5,king+tour,1,22,8.766710186771862,0.3668776750564575,0.0,0.0
27.72,-17.634623053151,-25.960283820305857,5.029609474871971,1.6786468377857426,18.212496010100235,3.844609474871909,18.70988626254335,0,0,13.5,king+tour,1,22,8.7508058622232,0.3468548655509949,0.0,0.0
27.74,-17.602542657238608,-25.957864225057776,5.029212472681516,1.608698117888763,18.207771263017566,3.8442124726814546,18.700745683272487,0,0,13.5,king+tour,1,22,8.735325787953085,0.3274116814136505,0.0,0.0
27.76,-17.571967596032177,-25.955147518958974,5.029017909795792,1.5348067586187986,18.20291034251882,3.8440179097957303,18.69364702163756,0,0,13.5,king+tour,1,22,8.720282366730048,0.30868276953697205,0.0,0.0
27.78,-17.543038209450188,-25.952094301954983,5.028960731334764,1.4545057678297209,18.197875911392906,3.843960731334702,18.68382263234767,0,0,13.5,king+tour,1,22,8.70568340458168,0.2907707989215851,0.0,0.0
27.8,-17.515826293484906,-25.94870823850853,5.029012360149841,1.3710912275442322,18.19266857299834,3.8440123601497795,18.676529785339476,0,0,13.5,king+tour,1,22,8.691547456402294,0.27384287118911743,0.0,0.0
27.82,-17.490406178749172,-25.944938583948883,5.029136275361326,1.284920117805638,18.18723485696664,3.8441362753612642,18.667203800018985,0,0,13.6,king+tour,1,22,8.677844455587463,0.258073627948761,0.0,0.0
27.84,-17.466870418914755,-25.940808253004427,5.029276368019525,1.1947920850999234,18.181596058032788,3.8442763680194636,18.658683631310332,0,0,13.6,king+tour,1,22,8.664619219130717,0.24368532001972198,0.0,0.0
27.86,-17.44525589970763,-25.936353774175874,5.029414340323867,1.103459172948973,18.175783678714154,3.844414340323805,18.6483048474434,0,0,13.6,king+tour,1,22,8.651907272003431,0.23089373111724854,0.0,0.0
27.88,-17.425553274238737,-25.931573413326255,5.02953826733626,1.0137315449915236,18.16978862789168,3.8445382673361985,18.639626028931936,0,0,13.6,king+tour,1,22,8.63969166380558,0.2199522852897644,0.0,0.0
27.9,-17.407802715783937,-25.92645218502232,5.029593188270144,0.9237319972634332,18.163592238179344,3.844593188270082,18.62831124135283,0,0,13.6,king+tour,1,22,8.627964046700097,0.21111637353897095,0.0,0.0
27.92,-17.391970415027945,-25.920999394064776,5.0295597719438385,0.8372511467679375,18.157196133794162,3.8445597719437767,18.61859937217474,0,0,13.6,king+tour,1,22,8.616710201532799,0.20467936992645264,0.0,0.0
27.94,-17.378040607681754,-25.915165895777818,5.029416449397817,0.7551320684458069,18.15054539306748,3.8444164493977553,18.609053460369143,0,0,13.6,king+tour,1,22,8.605870641883433,0.2008700668811798,0.0,0.0
27.96,-17.366017180381956,-25.908978601627048,5.029142078575043,0.6762408821752177,18.1436628137686,3.844142078574981,18.596605083744162,0,0,13.6,king+tour,1,22,8.595464744830323,0.19990433752536774,0.0,0.0
27.98,-17.355815092441972,-25.902480146881363,5.028714214441187,0.6051767926274928,18.136582346185275,3.8437142144411256,18.58663187564354,0,0,13.6,king+tour,1,22,8.585492845871773,0.19985821843147278,0.0,0.0
28.0,-17.34733748327257,-25.895633236166564,5.028095349783881,0.5457404076793094,18.129258223253938,3.8430953497838196,18.575764503283565,0,0,13.6,king+tour,1,22,8.575878522167839,0.1999444216489792,0.0,0.0
28.02,-17.3405524455997,-25.8884582973863,5.027369849966488,0.4950829039358086,18.121706698240317,3.842369849966426,18.56508532000036,0,0,13.6,king+tour,1,22,8.566625061913525,0.19993969798088074,0.0,0.0
28.04,-17.335369843125825,-25.880943530865224,5.026602820750895,0.45803771156443934,18.11390907403386,3.8416028207508335,18.55450304938499,0,1,13.6,king+tour,1,22,8.557684437224804,0.19994840025901794,0.0,0.0
28.06,-17.331665188802763,-25.873134818653934,5.025818178383896,0.4339242839949598,18.105902839354943,3.8408181783838344,18.54296483166056,0,1,13.6,king+tour,1,22,8.54904935083317,0.19997194409370422,0.0,0.0
28.08,-17.32930629195829,-25.86500436563739,5.02501245862421,0.42519949702535836,18.097651968275503,3.840012458624148,18.533092480661413,0,1,13.6,king+tour,1,22,8.54064248503403,0.19996972382068634,0.0,0.0
28.1,-17.328143497698044,-25.85656402034798,5.024206724284838,0.42790398140747743,18.089159410280864,3.839206724284776,18.521374942867723,0,1,13.6,king+tour,1,22,8.532416852633034,0.19997534155845642,0.0,0.0
28.12,-17.328030754006004,-25.847858201611757,5.023398222245279,0.4372003732730824,18.0804611235965,3.8383982222452175,18.510760691918918,0,1,13.6,king+tour,1,22,8.524357280887205,0.19997049868106842,0.0,0.0
28.14,-17.328831847165425,-25.8388504645044,5.022601876340632,0.45391421228353107,18.071513082417457,3.83760187634057,18.499947140699927,0,1,13.6,king+tour,1,22,8.516378225018169,0.1999664306640625,0.0,0.0
28.16,-17.330408985931562,-25.829570847139294,5.021849561633781,0.4721351568898313,18.062337667200083,3.836849561633719,18.488133585722757,0,1,13.6,king+tour,1,22,8.50845483410162,0.1999731957912445,0.0,0.0
28.18,-17.332583702441895,-25.820014742376653,5.021247143704837,0.49094663023588364,18.052920409806795,3.8362471437047754,18.47733786202065,0,1,13.6,king+tour,1,22,8.50051437883435,0.19991937279701233,0.0,0.0
28.2,-17.335233936701645,-25.81018125450484,5.020831987515088,0.5096410011432416,18.04325373314093,3.835831987515026,18.46593261812065,0,1,13.6,king+tour,1,22,8.492509443076596,0.19994311034679413,0.0,0.0
28.22,-17.338179075361904,-25.800087969586624,5.020599366215952,0.5258382708525411,18.033345123215575,3.83559936621589,18.454838168748175,0,1,13.6,king+tour,1,22,8.48438635803875,0.1999521255493164,0.0,0.0
28.24,-17.341309340162713,-25.7897581367651,5.020519719427306,0.5396997949201535,18.023211669631277,3.8355197194272446,18.443045391923913,0,1,13.6,king+tour,1,22,8.476124110462086,0.1999591588973999,0.0,0.0
28.26,-17.34444064672989,-25.779199290958022,5.020539206199425,0.5506693321078221,18.012850410647957,3.835539206199363,18.432205694892417,0,1,13.7,king+tour,1,22,8.467657577390623,0.19996264576911926,0.0,0.0
28.28,-17.347460076337512,-25.76842395326365,5.020621008400001,0.5595345145367797,18.00226732692633,3.835621008399939,18.41985678485042,0,1,13.7,king+tour,1,22,8.458953817128569,0.19997717440128326,0.0,0.0
28.3,-17.35027653783771,-25.757450755877045,5.0207356835100265,0.5664730060832076,17.991475675664063,3.8357356835099647,18.40880450010256,0,1,13.7,king+tour,1,22,8.449993793479566,0.19997262954711914,0.0,0.0
28.32,-17.352769641117284,-25.746275851658392,5.020844104440479,0.5725072125240939,17.980464501864272,3.835844104440417,18.39651484234375,0,1,13.7,king+tour,1,22,8.44072590695751,0.19994547963142395,0.0,0.0
28.34,-17.354890218451406,-25.734913043341365,5.0209332295371265,0.5779667039767905,17.969244554270695,3.8359332295370647,18.385464174991156,0,1,13.7,king+tour,1,22,8.431142755635994,0.19996513426303864,0.0,0.0
28.36,-17.356532093796744,-25.72336981346312,5.020997848363148,0.5829796014106167,17.95781692744601,3.8359978483630863,18.37251495911533,0,1,13.7,king+tour,1,22,8.421208284575373,0.2199644148349762,0.0,0.0
28.38,-17.35765994010103,-25.71167528969747,5.0210343995587285,0.5874420383776946,17.946208449871897,3.8360343995586668,18.35975700116143,0,1,13.7,king+tour,1,22,8.410934314753018,0.2419450879096985,0.0,0.0
28.4,-17.35823065067798,-25.699798414070774,5.021081250205021,0.5945335991299431,17.934385436902073,3.836081250204959,18.346651117830163,0,1,13.7,king+tour,1,22,8.400274324120604,0.2650914192199707,0.0,0.0
28.42,-17.358192920262347,-25.687690042595566,5.021162257213002,0.6054350615491678,17.922295703308055,3.8361622572129406,18.333264475405137,0,1,13.7,king+tour,1,22,8.38916192958052,0.2886780798435211,0.0,0.0
28.44,-17.35755245564359,-25.67531056229737,5.021286156592272,0.6198327968845786,17.90989997252007,3.8362861565922106,18.319417600562378,0,1,13.7,king+tour,1,22,8.377562337584356,0.3124036490917206,0.0,0.0
28.46,-17.356248228005807,-25.662593927276383,5.021430874888351,0.6392080243811863,17.89712872416284,3.836430874888289,18.304939903614958,0,1,13.7,king+tour,1,22,8.365389881070996,0.33615604043006897,0.0,0.0
28.48,-17.35427137199121,-25.649478147606207,5.021630305458682,0.6632710769577064,17.883919615340357,3.8366303054586206,18.29060715698249,0,1,13.8,king+tour,1,22,8.352583574419635,0.3599104881286621,0.0,0.0
28.5,-17.35163424488571,-25.63584353758436,5.02189345535003,0.6944895205899766,17.87015401902271,3.8368934553499683,18.275462702100235,0,1,13.8,king+tour,1,22,8.33903823243181,0.38370099663734436,0.0,0.0
28.52,-17.348326231725522,-25.62164006430254,5.022191561093697,0.7293326939227036,17.855781562230295,3.8371915610936354,18.260187375271713,0,1,13.8,king+tour,1,22,8.324703347497907,0.4074743986129761,0.0,0.0
28.54,-17.344356781717707,-25.60674572106873,5.022553520307544,0.7709231612223107,17.84068125975303,3.837553520307482,18.24399716938709,0,1,13.8,king+tour,1,22,8.30947066595813,0.43122202157974243,0.0,0.0
28.56,-17.33969573899505,-25.5910697567463,5.022968598402684,0.8179753457861545,17.824761089053368,3.8379685984026226,18.22784658519502,0,1,13.8,king+tour,1,22,8.293244701614082,0.45499172806739807,0.0,0.0
28.58,-17.334362683416376,-25.57449516158925,5.023400698448803,0.8708406812890154,17.807905773872157,3.8384006984487415,18.210007094624334,0,1,13.8,king+tour,1,22,8.275926018126228,0.4787282943725586,0.0,0.0
28.6,-17.32837765485271,-25.556939882976355,5.023890360683725,0.9276962638555946,17.790035006173344,3.8388903606836635,18.19233640219593,0,1,13.8,king+tour,1,22,8.257447439023847,0.5023780465126038,0.0,0.0
28.62,-17.3217689209277,-25.538281780265244,5.024408923557933,0.9900367017496293,17.77102896128515,3.839408923557871,18.17265304556259,0,1,13.8,king+tour,1,22,8.237708477648388,0.5261107087135315,0.0,0.0
28.64,-17.314550981817874,-25.518436452377,5.0249944790331975,1.0562653066343342,17.75080472528992,3.8399944790331357,18.152715696220476,0,1,13.9,king+tour,1,22,8.216637688221446,0.5496951341629028,0.0,0.0
28.66,-17.306728902445723,-25.497284833039966,5.025621868649802,1.128017668316896,17.729244269251485,3.84062186864974,18.131018033517087,0,1,13.9,king+tour,1,22,8.194128135561526,0.5733564496040344,0.0,0.0
28.68,-17.298380990608702,-25.474751688964325,5.026258836562643,1.201910918178103,17.706277465301525,3.841258836562581,18.10887651279732,0,1,13.9,king+tour,1,22,8.170142591833015,0.5970861315727234,0.0,0.0
28.7,-17.289529744463984,-25.45076169220726,5.026855970954881,1.2788872821723616,17.681830899140415,3.8418559709548195,18.084622902482838,0,1,13.9,king+tour,1,22,8.144621276264258,0.6207897663116455,0.0,0.0
28.72,-17.280208416489113,-25.425264655612033,5.027440666959366,1.3576891210538011,17.65585684258626,3.8424406669593045,18.059551808981894,0,1,13.9,king+tour,1,22,8.117531796148832,0.6444911360740662,0.0,0.0
28.74,-17.27038860417029,-25.39818637927035,5.02800728602428,1.4404711215242603,17.628280186685416,3.8430072860242186,18.03237651206662,0,1,14.0,king+tour,1,22,8.088794924134758,0.6682267189025879,0.0,0.0
28.76,-17.260115822176935,-25.36949601535118,5.028548620889258,1.5239423177512694,17.599073194740434,3.8435486208891962,18.00430922490341,0,1,14.0,king+tour,1,22,8.058401001084851,0.6920185685157776,0.0,0.0
28.78,-17.24937512841432,-25.3391495931669,5.029040419293301,1.6097435413436827,17.56819171887829,3.844040419293239,17.973984904293527,0,1,14.0,king+tour,1,22,8.026303973563392,0.7158153653144836,0.0,0.0
28.8,-17.238225762386534,-25.30714565424118,5.0294619802679295,1.6946520168152581,17.53563806098069,3.8444619802678677,17.942574053407924,0,1,14.0,king+tour,1,22,7.99252674067967,0.7395997643470764,0.0,0.0
28.82,-17.22666688893188,-25.273474373688686,5.029730702029032,1.7800525982188202,17.501402908859184,3.8447307020289703,17.90952120819593,0,1,14.1,king+tour,1,23,9.679292510530278,0.7405162453651428,0.0,0.0
28.84,-17.214765413206326,-25.23815316051496,5.0297994522713365,1.8636241245928737,17.465507695413915,3.8447994522712747,17.875179751557578,0,1,14.1,king+tour,1,23,9.648886232130849,0.7366253733634949,0.0,0.0
28.86,-17.202549635819544,-25.201266440744767,5.029645000040849,1.9428581832313603,17.42803866630276,3.844645000040787,17.839327664322877,0,1,14.1,king+tour,1,23,9.61712184874608,0.7283090949058533,0.0,0.0
28.88,-17.190096060897247,-25.16287157368674,5.029271659916962,2.0182893298514966,17.389057445353025,3.8442716599169,17.80280876974297,0,1,14.2,king+tour,1,23,9.584037542855395,0.7161716222763062,0.0,0.0
28.9,-17.1774654098795,-25.123077019051888,5.028717288961119,2.0877303770332953,17.348675735728737,3.8437172889610576,17.764317290094336,0,1,14.2,king+tour,1,23,9.549724383875137,0.7004634737968445,0.0,0.0
28.92,-17.164785862080954,-25.082021436702934,5.028029227257184,2.1487235765074355,17.30703862241391,3.843029227257122,17.725560032991883,0,1,14.2,king+tour,1,23,9.51428150648212,0.6817978024482727,0.0,0.0
28.94,-17.152135868507468,-25.039801122175888,5.027267644248191,2.204062898859579,17.26424614881432,3.842267644248129,17.68633582232035,0,1,14.2,king+tour,1,23,9.4777810926363,0.6609199643135071,0.0,0.0
28.96,-17.13966466216142,-24.996545760649227,5.0265096061339944,2.2511840830496315,17.220434956394865,3.8415096061339327,17.64663736604195,0,1,14.3,king+tour,1,23,9.440304755056571,0.6385467648506165,0.0,0.0
28.98,-17.127482224392875,-24.952458600249464,5.025843393506081,2.2872108239974476,17.175812952566854,3.8408433935060193,17.60717099085136,0,1,14.3,king+tour,1,23,9.40201432461999,0.6156301498413086,0.0,0.0
29.0,-17.115751135784336,-24.90772265782952,5.025342378367917,2.312560269652786,17.130570099381373,3.840342378367855,17.56708664013655,0,1,14.3,king+tour,1,23,9.363034468565132,0.5926150679588318,0.0,0.0
29.02,-17.104588529260266,-24.86260172838969,5.025059935346804,2.3241029624272898,17.08497460948771,3.8400599353467424,17.527895489724337,0,1,14.4,king+tour,1,23,9.323578550156972,0.5695980787277222,0.0,0.0
29.04,-17.094133942660964,-24.817301756949753,5.025031751814442,2.324535753507057,17.039237767516212,3.8400317518143803,17.488377910310426,0,1,14.4,king+tour,1,23,9.283795980971593,0.5466505885124207,0.0,0.0
29.06,-17.084476740704858,-24.77210572397473,5.025271390178806,2.3108442033411043,16.9936453319106,3.840271390178744,17.449665426893244,0,1,14.5,king+tour,1,23,9.243923123224315,0.5237706303596497,0.0,0.0
29.08,-17.07569031017795,-24.727242302860645,5.0257731225799205,2.2859241297920048,16.948428041685194,3.8407731225798587,17.410535451793546,0,1,14.5,king+tour,1,23,9.204148269928485,0.5010029673576355,0.0,0.0
29.1,-17.06778886471716,-24.682977669462378,5.026519399573344,2.2485259280269925,16.903851447097104,3.841519399573282,17.37352807898869,0,1,14.5,king+tour,1,23,9.16471294423666,0.47834324836730957,0.0,0.0
29.12,-17.06082719301952,-24.639512769374463,5.027494821444716,2.201484646951483,16.860117865078006,3.842494821444654,17.336694887997517,0,1,14.6,king+tour,1,23,9.125783127024109,0.4557509422302246,0.0,0.0
29.14,-17.054795819570643,-24.59711328113273,5.028640830563806,2.1420827515187173,16.817491498316866,3.8436408305637446,17.300023998288847,0,1,14.6,king+tour,1,23,9.087606089232047,0.433279812335968,0.0,0.0
29.16,-17.049724475399053,-24.555977201130062,5.029888608631982,2.0733141101869013,16.776170824419058,3.84488860863192,17.266380156570754,0,1,14.6,king+tour,1,23,9.050352011790304,0.411063551902771,0.0,0.0
29.18,-17.045582081310236,-24.516284800797276,5.031212923000796,1.996496857944344,16.736334048758522,3.846212923000734,17.23289887190442,0,1,14.7,king+tour,1,23,9.014193921065036,0.38907116651535034,0.0,0.0
29.2,-17.042386317552843,-24.478245905010752,5.032519142195304,1.9097622281550997,16.698191205456375,3.8475191421952424,17.19961968977998,0,1,14.7,king+tour,1,23,8.979316918364683,0.3673788607120514,0.0,0.0
29.22,-17.040090845156342,-24.44203208122583,5.033756142360328,1.8153790210703094,16.661911419243634,3.8487561423602665,17.16872040475816,0,1,14.8,king+tour,1,23,8.945891116337902,0.34592533111572266,0.0,0.0
29.24,-17.03861442863898,-24.407716202001126,5.034802788271264,1.7181784252224739,16.62756381255515,3.8498027882712025,17.138246614344965,0,1,14.8,king+tour,1,23,8.914005622370757,0.32512181997299194,0.0,0.0
29.26,-17.03790972750411,-24.375381916056917,5.035527647314057,1.6175043059010104,16.595229871187357,3.850527647313995,17.109603061036406,0,1,14.8,king+tour,1,23,8.883749266060361,0.3049158453941345,0.0,0.0
29.28,-17.037877695282937,-24.34507066990481,5.0358550100784445,1.5156515395501164,16.564946717100973,3.8508550100783827,17.081846748675247,0,1,14.8,king+tour,1,23,8.85518904562787,0.28523653745651245,0.0,0.0
29.3,-17.038471264950115,-24.31682621414152,5.035717062787394,1.4125514466465503,16.53675611286331,3.850717062787332,17.056302967431442,0,1,14.9,king+tour,1,23,8.828377581682705,0.26617270708084106,0.0,0.0
29.32,-17.039594496982115,-24.29066491043405,5.035082587178329,1.3096545548071088,16.510670323170498,3.8500825871782673,17.0309374333449,0,1,14.9,king+tour,1,23,8.803358756713315,0.24840860068798065,0.0,0.0
29.34,-17.041199214755167,-24.266605239867797,5.033910448536582,1.207079922667932,16.48670584627686,3.84891044853652,17.00895847930276,0,0,14.9,king+tour,1,23,8.780163112298949,0.23171593248844147,0.0,0.0
29.36,-17.043193502825893,-24.24462085001641,5.03220490633967,1.1070224209926633,16.46483243362546,3.8472049063396083,16.986944889953826,0,1,14.9,king+tour,1,23,8.758794301857781,0.21629995107650757,0.0,0.0
29.38,-17.045561123157487,-24.224918695962856,5.0302745542222445,0.9968785779645244,16.44525626415414,3.8452745542221827,16.96574621554079,0,1,14.9,king+tour,1,23,8.73945059098098,0.20623356103897095,0.0,0.0
29.4,-17.048213485778145,-24.20752746353059,5.028269486734433,0.8853110874366552,16.42800215704986,3.8432694867343713,16.9453861194369,0,1,14.9,king+tour,1,23,8.722187265253531,0.201703280210495,0.0,0.0
29.42,-17.051133934893677,-24.192394180365724,5.026309937280667,0.7768286755233633,16.413016554119416,3.841309937280605,16.926398087853407,0,1,14.9,king+tour,1,23,8.706958910918658,0.19990023970603943,0.0,0.0
29.44,-17.05424701730602,-24.17931206725135,5.0243452087194935,0.6795092419577616,16.400089562047842,3.8393452087194317,16.9104905594351,0,1,15.0,king+tour,1,23,8.693595719179378,0.2194930613040924,0.0,0.0
29.46,-17.057566981034274,-24.168057475041163,5.0223520018017345,0.5951068786181718,16.388998488707717,3.8373520018016727,16.895537194973603,0,1,15.0,king+tour,1,23,8.681881995666354,0.24131345748901367,0.0,0.0
29.48,-17.06104835425562,-24.15847592330018,5.020357590699693,0.5193836946694308,16.379587011054365,3.8353575906996316,16.88013450905946,0,1,15.0,king+tour,1,23,8.671687619321416,0.2644270956516266,0.0,0.0
29.5,-17.06473083144883,-24.15038446164576,5.018406541969106,0.4550796115313281,16.371674275432184,3.833406541969044,16.86625495371616,0,1,15.0,king+tour,1,23,8.662827019194355,0.2879880666732788,0.0,0.0
29.52,-17.068630093329322,-24.143553459886878,5.016637495920653,0.40310157579703804,16.36503173050068,3.8316374959205914,16.85477801221848,0,1,15.0,king+tour,1,23,8.655078999279556,0.31165969371795654,0.0,0.0
29.54,-17.072846768638886,-24.137703151278284,5.015100568744798,0.36867535388855377,16.35938475334844,3.8301005687447365,16.843910846677897,0,1,15.0,king+tour,1,23,8.648146542363417,0.33538156747817993,0.0,0.0
29.56,-17.07742130154427,-24.132591196511353,5.013873235524318,0.34844217481406475,16.354493404734708,3.828873235524256,16.835043393027277,0,1,15.0,king+tour,1,23,8.641788346068257,0.3591158092021942,0.0,0.0
29.58,-17.082378906277977,-24.127894592458496,5.012973929160774,0.3444005163342375,16.350036527842118,3.827973929160712,16.82644111238204,0,1,15.0,king+tour,1,23,8.63569240725072,0.38279637694358826,0.0,0.0
29.6,-17.087781139113194,-24.12337612891907,5.012459066904552,0.3530783040130293,16.345780471482648,3.82745906690449,16.818998592500936,0,1,15.0,king+tour,1,23,8.629615195684975,0.4065708816051483,0.0,0.0
29.62,-17.09367360025931,-24.118722908027472,5.012326059934269,0.37547055103789784,16.341415347533385,3.827326059934207,16.81169807823752,0,1,15.0,king+tour,1,23,8.62324734651394,0.4303629994392395,0.0,0.0
29.64,-17.10013170242024,-24.11370250387623,5.01260278375324,0.40923134482453427,16.336713225895796,3.8276027837531785,16.804741360833223,0,1,15.0,king+tour,1,23,8.616345191826726,0.45406514406204224,0.0,0.0
29.66,-17.107213828694917,-24.108012991993224,5.013252495725542,0.4553822122247189,16.331376126014145,3.82825249572548,16.7973773452111,0,1,15.0,king+tour,1,23,8.608605375507976,0.4776753783226013,0.0,0.0
29.68,-17.11500498700563,-24.10143089015725,5.014272474994725,0.5125099270046356,16.32518593848245,3.8292724749946636,16.78955079613338,0,1,15.0,king+tour,1,23,8.599789456317897,0.5009850263595581,0.0,0.0
29.7,-17.123568340786605,-24.093668085197944,5.015588077641288,0.5816420272341046,16.31785919886027,3.8305880776412264,16.782018918515814,0,1,15.0,king+tour,1,23,8.589605471933906,0.5243133902549744,0.0,0.0
29.72,-17.132988765794888,-24.08451543469442,5.017156359018749,0.6613904388771878,16.309192704812634,3.832156359018687,16.772878871556355,0,1,15.0,king+tour,1,23,8.577828584838393,0.5478224158287048,0.0,0.0
29.74,-17.14329432516675,-24.0737512338253,5.018932540806891,0.7503788977280916,16.29896817493479,3.8339325408068294,16.763486034239868,0,1,15.0,king+tour,1,23,8.564241139664391,0.5712131261825562,0.0,0.0
29.76,-17.1545268914557,-24.061249631864477,5.020775332888321,0.8453645362768624,16.287064050451086,3.835775332888259,16.751711001369472,0,1,15.0,king+tour,1,23,8.54871117997818,0.5948637127876282,0.0,0.0
29.78,-17.166673542363007,-24.046865140476633,5.022594354730449,0.9457319403682389,16.27333660115787,3.8375943547303875,16.739373445814614,0,1,15.1,king+tour,1,23,8.531106458400565,0.6186185479164124,0.0,0.0
29.8,-17.17979711183851,-24.030437529211603,5.024311383380822,1.054801729046203,16.25763163089555,3.8393113833807604,16.724489341634502,0,1,15.1,king+tour,1,23,8.51125556195821,0.6423342227935791,0.0,0.0
29.82,-17.193868897226725,-24.011848641191957,5.0258236953846875,1.1681705669721776,16.239832422369563,3.8408236953846258,16.708738801842006,0,1,15.1,king+tour,1,23,8.489057098130568,0.6661249399185181,0.0,0.0
29.84,-17.208877696509774,-23.99106488558485,5.027059481016348,1.2833118475084382,16.219907817836983,3.8420594810162862,16.69011559317233,0,1,15.1,king+tour,1,23,8.4644835470729,0.6897510886192322,0.0,0.0
29.86,-17.224821531894978,-23.96804198546001,5.027927387514428,1.400904242478932,16.197816709760623,3.842927387514366,16.67013077801219,0,1,15.1,king+tour,1,23,8.43749421403578,0.7133539915084839,0.0,0.0
29.88,-17.24172533636081,-23.942790162007665,5.028408596278969,1.5195597676321724,16.173574193845706,3.8434085962789073,16.647167359292457,0,1,15.2,king+tour,1,23,8.40809102458814,0.7369715571403503,0.0,0.0
29.9,-17.259563686665967,-23.91527593762275,5.028545748419131,1.639556415484544,16.147149132239203,3.8435457484190696,16.622687276226838,0,1,15.2,king+tour,1,23,8.376251211380273,0.7605770230293274,0.0,0.0
29.92,-17.27838461588003,-23.885457804880676,5.028370034919493,1.7630791898965372,16.118506943275893,3.843370034919431,16.595192638121176,0,1,15.2,king+tour,1,23,8.341920347955384,0.7841371297836304,0.0,0.0
29.94,-17.29815693235363,-23.853338501828738,5.027897388309904,1.8860126736663385,16.0876528543998,3.842897388309842,16.566369458375792,0,1,15.2,king+tour,1,23,8.305111774473259,0.8078039288520813,0.0,0.0
29.96,-17.318874406127257,-23.818979883508995,5.027214203431752,2.0063618280238558,16.054652778535353,3.8422142034316904,16.53459302544379,0,1,15.3,king+tour,1,23,8.26588657488341,0.8313407897949219,0.0,0.0
29.98,-17.340451643829574,-23.78246506004903,5.026333800552206,2.1211345009244393,16.019588954310137,3.8413338005521442,16.50168197434535,0,1,15.3,king+tour,1,23,8.224351638256524,0.8549157977104187,0.0,0.0
30.0,-17.36288915205669,-23.743847737352457,5.025307590401825,2.233714672337432,15.98251968165021,3.840307590401763,16.46595917144612,0,1,15.3,king+tour,1,23,8.18055813521541,0.8786335587501526,0.0,0.0
30.02,-17.386121194876814,-23.703194244188115,5.024222694330807,2.341800226078366,15.943511607057488,3.8392226943307453,16.429330658011406,0,1,15.4,king+tour,1,23,8.134590584139138,0.9023129343986511,0.0,0.0
30.04,-17.410144602371822,-23.66059738666232,5.023121915653539,2.445827105725388,15.902661923650829,3.8381219156534776,16.389984642746235,0,1,15.4,king+tour,1,23,8.086538400401087,0.9260954856872559,0.0,0.0
30.06,-17.434868006175066,-23.61615389797334,5.022073157087688,2.5434082826962348,15.86006564347218,3.8370731570876266,16.349692847863015,0,1,15.4,king+tour,1,23,8.036523025746819,0.9498217105865479,0.0,0.0
30.08,-17.460276579043615,-23.569965467551427,5.021106144428888,2.6362387000889176,15.815827841388673,3.8361061444288262,16.306839146952818,0,1,15.5,king+tour,1,23,7.984646030656305,0.9736156463623047,0.0,0.0
30.1,-17.486258337487456,-23.522195074540356,5.020155620171925,2.719359169284862,15.770107491703241,3.8351556201718635,16.263836031501285,0,1,15.5,king+tour,1,24,8.290803093497034,0.9747627377510071,0.0,0.0
30.12,-17.512788561748863,-23.472981211650204,5.019169862032462,2.7959027249891872,15.72304510998726,3.8341698620324003,16.219023518941142,0,1,15.5,king+tour,1,24,8.257428877636828,0.9713234901428223,0.0,0.0
30.14,-17.539765554250266,-23.42245527388672,5.018137675036703,2.864303545931518,15.674767975237524,3.8331376750366415,16.174449614823374,0,1,15.6,king+tour,1,24,8.223307270916335,0.9636335968971252,0.0,0.0
30.16,-17.567142154938892,-23.37076797626756,5.017056579235677,2.9249887899642957,15.625426288903205,3.8320565792356156,16.127404454400217,0,1,15.6,king+tour,1,24,8.188572751921637,0.9524068236351013,0.0,0.0
30.18,-17.594795062703177,-23.31806782209904,5.015956010886838,2.9762395770067327,15.575161398111312,3.8309560108867764,16.0809511072082,0,1,15.7,king+tour,1,24,8.15332252469363,0.9380281567573547,0.0,0.0
30.2,-17.622638515027596,-23.264461628653752,5.0148866736534075,3.020771960589838,15.524075288446069,3.8298866736533457,16.033832997921806,0,1,15.7,king+tour,1,24,8.11762973809129,0.9208828210830688,0.0,0.0
30.22,-17.65050735745483,-23.21006143448685,5.013923309132294,3.0565428079904837,15.47226753951963,3.8289233091322323,15.986499147487194,0,1,15.8,king+tour,1,24,8.081533880143448,0.9015734195709229,0.0,0.0
30.24,-17.678249388111116,-23.155067013234966,5.013130127400196,3.0800307510737444,15.419924859848265,3.828130127400134,15.938941743778747,0,1,15.8,king+tour,1,24,8.045153977707507,0.8805861473083496,0.0,0.0
30.26,-17.70569688208115,-23.099606461765255,5.012559565257793,3.094173248105923,15.367159768551153,3.8275595652577312,15.89137764111479,0,1,15.9,king+tour,1,24,8.008533030075165,0.8584548234939575,0.0,0.0
30.28,-17.732699207335024,-23.043896808416136,5.012238042238623,3.0954783242848394,15.314173436051048,3.8272380422385615,15.844034502017127,0,1,15.9,king+tour,1,24,7.97179563335981,0.8355430364608765,0.0,0.0
30.3,-17.759091870257343,-22.988081678017007,5.012171116939905,3.0870317120975503,15.261091237839072,3.8271711169398435,15.797435577208883,0,1,16.0,king+tour,1,25,9.263221982477358,0.8119552731513977,0.0,0.0
30.32,-17.7847330057107,-22.9323895271382,5.012335212898944,3.065579237407283,15.208123742050027,3.8273352128988822,15.750873962692557,0,1,16.0,king+tour,1,25,9.202988129977987,0.7882477641105652,0.0,0.0
30.34,-17.809522729917244,-22.877005555971035,5.012699189085548,3.0339937240979373,15.155441362034583,3.827699189085486,15.704189596465959,0,1,16.1,king+tour,1,25,9.143271750937398,0.8042812347412109,0.0,0.0
30.36,-17.83338499617259,-22.822154786538007,5.013164432338182,2.9909158754134966,15.103255679488981,3.82816443233812,15.65639584308576,0,1,16.1,king+tour,1,25,9.08430710910004,0.8243014216423035,0.0,0.0
30.38,-17.85623227010793,-22.76798252179883,5.013636276041836,2.939751192587819,15.051697138299259,3.828636276041774,15.609643660849093,0,1,16.2,king+tour,1,25,9.026253795584102,0.8467088937759399,0.0,0.0
30.4,-17.878058466785347,-22.714613923293832,5.014006743321857,2.8830224651373757,15.000884051763562,3.829006743321795,15.560780158286196,0,1,16.2,king+tour,1,25,8.96923250353385,0.8695655465126038,0.0,0.0
30.42,-17.89890021888497,-22.66213944746947,5.0141937304945765,2.8231118503463812,14.950904785891654,3.8291937304945147,15.512506877053962,0,1,16.3,king+tour,1,25,8.913320374451281,0.8927941918373108,0.0,0.0
30.44,-17.918766666768168,-22.610585126013962,5.014176678500031,2.7624826257390382,14.901781022024329,3.8291766784999695,15.462221995822203,0,1,16.3,king+tour,1,25,8.858538728237754,0.9162284731864929,0.0,0.0
30.46,-17.9377185514346,-22.55997581102353,5.014021381548135,2.7020829064601286,14.853539125806316,3.829021381548073,15.41313586524733,0,1,16.4,king+tour,1,25,8.804895834614113,0.9396718144416809,0.0,0.0
30.48,-17.955802378857612,-22.51025886848701,5.0137874752883755,2.645209775038337,14.80612738872209,3.8287874752883138,15.362295683663367,0,1,16.4,king+tour,1,25,8.75232825726652,0.9626984596252441,0.0,0.0
30.5,-17.973145625041617,-22.4613534830777,5.013502317977608,2.5945164409403265,14.75947569784272,3.828502317977546,15.31262296890222,0,1,16.5,king+tour,1,25,8.70072648822379,0.985921323299408,0.0,0.0
30.52,-17.98985489837342,-22.413118249582816,5.013253608445597,2.5524005475308584,14.713452291104314,3.828253608445535,15.263315516061887,0,1,16.5,king+tour,1,25,8.649927283570467,1.0,0.0,0.0
30.54,-18.00611202445146,-22.36538595945952,5.013135162741095,2.521249540464478,14.667909289495402,3.8281351627410336,15.215029204626664,0,1,16.6,king+tour,1,25,8.59972508338258,1.0,0.0,0.0
30.56,-18.022029321517063,-22.31799936344057,5.013233654052572,2.499429699289455,14.622701761572166,3.82823365405251,15.166984261769622,0,1,16.6,king+tour,1,25,8.549940433426187,1.0,0.0,0.0
30.58,-18.037798976795113,-22.270770475785547,5.013613573745359,2.4896757799422065,14.577664511899087,3.8286135737452973,15.121529267612187,0,1,16.7,king+tour,1,25,8.500345705828215,1.0,0.0,0.0
30.6,-18.053549360866498,-22.22353454337042,5.014193075492834,2.489801062232632,14.532648978294093,3.829193075492772,15.074946786354383,0,1,16.7,king+tour,1,25,8.450750882412152,1.0,0.0,0.0
30.62,-18.069430282571428,-22.1761952398018,5.014963978299686,2.496901894197024,14.487577987206345,3.8299639782996246,15.030103615860053,0,1,16.8,king+tour,1,25,8.401027796240758,1.0,0.0,0.0
30.64,-18.08557343946027,-22.128569485316483,5.016063737719083,2.514966935873011,14.442287003352584,3.8310637377190213,14.9852810529229,0,1,16.8,king+tour,1,25,8.350968263220635,1.0,0.0,0.0
30.66,-18.102120439985036,-22.080566861286055,5.017379584257892,2.539579981161815,14.396705623929268,3.83237958425783,14.94146033604286,0,1,16.9,king+tour,1,25,8.300452254186935,1.0,0.0,0.0
30.68,-18.11916293456317,-22.032095167312228,5.019023517768874,2.5703376507409006,14.350756374685128,3.834023517768812,14.896955164493846,0,1,17.0,king+tour,1,25,8.24936972401416,1.0,0.0,0.0
30.7,-18.13679877821884,-21.98313126747449,5.020757843571485,2.603600562085543,14.304431824685027,3.8357578435714235,14.85261684329995,0,1,17.0,king+tour,1,25,8.19767672127754,1.0,0.0,0.0
30.72,-18.1550722680583,-21.933656679369875,5.022499311290088,2.638507157868415,14.257723005355095,3.837499311290026,14.80815192616756,0,1,17.1,king+tour,1,25,8.145346318125323,1.0,0.0,0.0
30.74,-18.174031325033027,-21.88362608859336,5.024171664436238,2.676426077749729,14.210595297441051,3.8391716644361766,14.764147367665066,0,1,17.1,king+tour,1,25,8.092324876493187,1.0,0.0,0.0
30.76,-18.193746619156222,-21.833065787331705,5.025695671725013,2.7144794548170186,14.163088639073367,3.8406956717249514,14.719670848981742,0,1,17.2,king+tour,1,25,8.03862369466789,1.0,0.0,0.0
30.78,-18.21423487214919,-21.781996428568974,5.02700207788082,2.752069499569572,14.115230788530095,3.8420020778807586,14.675447791741709,0,1,17.2,king+tour,1,25,7.984261112094736,0.9823241233825684,0.0,0.0
30.8,-18.235555297851803,-21.730466095239176,5.028131569270468,2.7889117752358845,14.067082831758277,3.8431315692704064,14.630598498326744,0,1,17.3,king+tour,1,26,8.814762318452093,0.9698826670646667,0.0,0.0
30.82,-18.257720566645094,-21.678507559557215,5.029124956442905,2.824878488079988,14.018684876616295,3.844124956442843,14.584467983998126,0,1,17.4,king+tour,1,26,8.779958016175813,0.9553255438804626,0.0,0.0
30.84,-18.280677657179215,-21.626181725059475,5.030008474971223,2.8573596057665154,13.970095923586687,3.845008474971161,14.53965581018897,0,1,17.4,king+tour,1,26,8.745447324654378,0.9389699697494507,0.0,0.0
30.86,-18.304331085776617,-21.57353395799894,5.030817159864671,2.886141902319407,13.921353225445275,3.845817159864609,14.493584055767682,0,1,17.5,king+tour,1,26,8.711238873371915,0.9208795428276062,0.0,0.0
30.88,-18.328528862798322,-21.520639652826244,5.031586154975102,2.9085783838391364,13.872514823613722,3.84658615497504,14.449025832133323,0,1,17.5,king+tour,1,26,8.677337316466415,0.9011892080307007,0.0,0.0
30.9,-18.353182584468243,-21.467558896752866,5.032356945261541,2.926587934423439,13.823631728351728,3.8473569452614793,14.40410785679105,0,1,17.6,king+tour,1,26,8.643762750688527,0.8801326751708984,0.0,0.0
30.92,-18.378136539695415,-21.414384866198763,5.033183178854047,2.93720107789614,13.774776765308117,3.8481831788539855,14.359389536314149,0,1,17.7,king+tour,1,26,8.610527423121848,0.8580152988433838,0.0,0.0
30.94,-18.403250091045887,-21.36123226606714,5.034109577895641,2.9397055878816722,13.726044831013184,3.849109577895579,14.315674547853398,0,1,17.7,king+tour,1,26,8.577665873609416,0.8351061344146729,0.0,0.0
30.96,-18.428340990158752,-21.308181474928173,5.035174453483637,2.9347374749627306,13.677489001211773,3.850174453483575,14.27173506280268,0,1,17.8,king+tour,1,26,8.545157716250971,0.8119765520095825,0.0,0.0
30.98,-18.45326656602044,-21.255389768212197,5.036397224537796,2.9196505780115896,13.62924268311952,3.8513972245377346,14.229090352268113,0,1,17.9,king+tour,1,26,8.513064301220432,0.788803219795227,0.0,0.0
31.0,-18.477850702031553,-21.20295492888601,5.037789961277784,2.89643394288678,13.581373610828162,3.852789961277722,14.186234408058915,0,1,17.9,king+tour,1,26,8.481374099593047,0.7656517028808594,0.0,0.0
31.02,-18.501961966139955,-21.151050518477263,5.039352778877647,2.8626313400591186,13.534029720052665,3.854352778877585,14.144952632213315,0,1,18.0,king+tour,1,26,8.450158877937424,0.7425408363342285,0.0,0.0
31.04,-18.525435105403727,-21.09978955765418,5.0410702100486935,2.8202942848350205,13.487292173491031,3.8560702100486317,14.103834066301019,0,1,18.1,king+tour,1,26,8.419416527063843,0.7194876670837402,0.0,0.0
31.06,-18.548156845425464,-21.049356497278595,5.042907789371326,2.767285559094725,13.441319567152135,3.8579077893712643,14.0621044221297,0,1,18.1,king+tour,1,26,8.389228672310372,0.6964948773384094,0.0,0.0
31.08,-18.570007199249286,-20.999873490156496,5.044798656366218,2.7062803504369146,13.396206724562866,3.8597986563661566,14.02243574701047,0,1,18.2,king+tour,1,26,8.359616897883896,0.6735800504684448,0.0,0.0
31.1,-18.590921507686293,-20.95144279460811,5.046734484158608,2.6394544881189863,13.352037207341386,3.8617344841585464,13.982878682865795,0,1,18.2,king+tour,1,26,8.330613255724069,0.650751531124115,0.0,0.0
31.12,-18.61078616457376,-20.904207002522355,5.048660117275483,2.5639484736077285,13.308925274968045,3.863660117275421,13.944508615660368,0,1,18.3,king+tour,1,26,8.302254114943937,0.6280168890953064,0.0,0.0
31.14,-18.629551904961975,-20.85826694169948,5.050542709479054,2.4830356190218352,13.266954403167286,3.8655427094789925,13.906762985762256,0,1,18.4,king+tour,1,26,8.27457408476986,0.6053623557090759,0.0,0.0
31.16,-18.647196582956283,-20.813743197620585,5.052322912759398,2.3962823143595684,13.226232038204277,3.8673229127593363,13.86996682826256,0,1,18.4,king+tour,1,26,8.247637991798703,0.582822322845459,0.0,0.0
31.18,-18.66375239598889,-20.77071431324626,5.053994213002689,2.3067146985339066,13.186833933811922,3.868994213002627,13.833725153669704,0,1,18.5,king+tour,1,26,8.221505867095752,0.5603928565979004,0.0,0.0
31.2,-18.67920999660642,-20.72926553825871,5.055517938234046,2.2131765086636115,13.148835368607935,3.8705179382339843,13.799408328412005,0,1,18.5,king+tour,1,26,8.196219913883333,0.5380741953849792,0.0,0.0
31.22,-18.693625655561025,-20.689414117192168,5.056849728745061,2.1199767982712716,13.112256841931336,3.8718497287449996,13.765499309220909,0,1,18.6,king+tour,1,26,8.171804147544808,0.5159245133399963,0.0,0.0
31.24,-18.70701156563241,-20.65121618998755,5.05792061446331,2.024482049432561,13.07714964488025,3.872920614463248,13.731905172232203,0,1,18.6,king+tour,1,26,8.148290292137963,0.49395471811294556,0.0,0.0
31.26,-18.719426321898965,-20.61467737900534,5.058705379729074,1.929913688273419,13.043524325448008,3.873705379729012,13.7014735493639,0,1,18.7,king+tour,1,26,8.125696378536288,0.4721686840057373,0.0,0.0
31.28,-18.73086881412316,-20.579798842248383,5.05919798447952,1.8355418914092791,13.011376545989295,3.8741979844794585,13.670910425291185,0,1,18.7,king+tour,1,26,8.104003488455335,0.4505736231803894,0.0,0.0
31.3,-18.74139034783989,-20.546636392046484,5.059415648817731,1.7396106984825275,12.980765775141078,3.874415648817669,13.640247732497501,0,1,18.8,king+tour,1,26,8.083268551783782,0.42921268939971924,0.0,0.0
31.32,-18.750988579149148,-20.51519474107764,5.059360712514252,1.6437050206089838,12.951691670014563,3.87436071251419,13.612846872837439,0,1,18.8,king+tour,1,26,8.063476607107592,0.4081757962703705,0.0,0.0
31.34,-18.759697888471763,-20.48542207739737,5.059057091776014,1.5510929671106424,12.92410564097758,3.874057091775952,13.585378507486809,0,1,18.9,king+tour,1,26,8.044589704361297,0.3874444365501404,0.0,0.0
31.36,-18.767515884223354,-20.45732772007689,5.058497301554814,1.458361525749387,12.898012569212824,3.8734973015547522,13.560940105345361,0,1,18.9,king+tour,1,26,8.026598843270753,0.36707594990730286,0.0,0.0
31.38,-18.774472179366956,-20.430863321068763,5.057702588542971,1.3687457997720696,12.87336714685564,3.872702588542909,13.53635732089113,0,1,18.9,king+tour,1,26,8.009468624435495,0.34719160199165344,0.0,0.0
31.4,-18.780569425185057,-20.406048714190803,5.0566890012619545,1.2786403718895463,12.85018620655954,3.8716890012618927,13.511617010430003,0,1,18.9,king+tour,1,26,7.993203622928657,0.3278326392173767,0.0,0.0
31.42,-18.785826709078556,-20.382864424551023,5.0555599679753405,1.189984281619286,12.828451469802275,3.8705599679752787,13.489682844104962,0,1,19.0,king+tour,1,27,8.470338407690107,0.3053126037120819,0.0,0.0
31.44,-18.790184717184285,-20.36125677850456,5.054420220187868,1.1036095633622516,12.808096254720882,3.8694202201878065,13.469855618452058,0,1,19.0,king+tour,1,27,8.448329298424804,0.28349319100379944,0.0,0.0
31.46,-18.793667837954512,-20.34116774010308,5.053298502385482,1.0209797317091802,12.78906605258504,3.8682985023854206,13.449781040695404,0,1,19.0,king+tour,1,27,8.427948537676395,0.2608857750892639,0.0,0.0
31.48,-18.79635899396738,-20.322555160771085,5.05225081452187,0.941764407820497,12.771333730537968,3.8672508145218085,13.431601030563368,0,1,19.0,king+tour,1,27,8.409142410227135,0.23853999376296997,0.0,0.0
31.5,-18.798278345536946,-20.305339194541148,5.051290758589353,0.8674605337874651,12.754823367756211,3.866290758589291,13.41548555824911,0,1,19.1,king+tour,1,27,8.391829006312438,0.21951079368591309,0.0,0.0
31.52,-18.799515979787962,-20.28941600592966,5.05037712778126,0.7998662315502476,12.73944950521971,3.8653771277811986,13.398938345751981,0,1,19.1,king+tour,1,27,8.375892764484709,0.20847520232200623,0.0,0.0
31.54,-18.800115766295857,-20.27476112523867,5.049514090729486,0.7346259335112652,12.72519581138937,3.8645140907294246,13.383431840463865,0,1,19.1,king+tour,1,27,8.361303358571133,0.20281271636486053,0.0,0.0
31.56,-18.80015157372465,-20.261269926287188,5.048688153515982,0.6758252429457086,12.711973474245376,3.8636881535159207,13.368719285754532,0,1,19.1,king+tour,1,27,8.347946875790031,0.20038823783397675,0.0,0.0
31.58,-18.79966352622909,-20.248897214328224,5.048105238657583,0.6198023501680867,12.699745563377693,3.8631052386575213,13.35394803997698,0,1,19.1,king+tour,1,27,8.33577308369276,0.19883275032043457,0.0,0.0
31.6,-18.79876529705509,-20.237537165992027,5.047848038052081,0.5699203146080799,12.688430307247097,3.862848038052019,13.341218800132841,0,1,19.1,king+tour,1,27,8.324661156627283,0.19865649938583374,0.0,0.0
31.62,-18.79750380037086,-20.227035135134756,5.0478926736660865,0.5288809373324665,12.677885100470807,3.8628926736660247,13.328455652708866,0,1,19.2,king+tour,1,27,8.314451528805991,0.19918473064899445,0.0,0.0
31.64,-18.796000793949496,-20.217267107011985,5.048197906700315,0.49438489285956866,12.668012170884023,3.863197906700253,13.317394718254517,0,1,19.2,king+tour,1,27,8.305004081645677,0.1995508074760437,0.0,0.0
31.66,-18.79430028243896,-20.20809503991168,5.048753530022677,0.46724530914263795,12.658684776630079,3.863753530022615,13.306244589214277,0,1,19.2,king+tour,1,27,8.296175986148647,0.19982200860977173,0.0,0.0
31.68,-18.79251884045152,-20.19940514818691,5.049480641438539,0.4450181028731589,12.649814250155808,3.864480641438477,13.296491224558368,0,1,19.2,king+tour,1,27,8.287837808184866,0.19994542002677917,0.0,0.0
31.7,-18.790701284743015,-20.191076729388016,5.050374548294752,0.4285590330132014,12.641291051110441,3.8653745482946906,13.286205958022856,0,1,19.2,king+tour,1,27,8.279863608142593,0.199988454580307,0.0,0.0
31.72,-18.788959182996738,-20.183016003535986,5.051358134869261,0.4152639591437052,12.633045154470542,3.8663581348691993,13.277068567699459,0,1,19.2,king+tour,1,27,8.27214426703101,0.19998778402805328,0.0,0.0
31.74,-18.787332822049738,-20.17510432473221,5.052435894838829,0.40743489656642407,12.624968143117572,3.867435894838767,13.268815204459843,0,1,19.2,king+tour,1,27,8.264556394915164,0.1999792903661728,0.0,0.0
31.76,-18.785926067447043,-20.167253443647624,5.053570168816288,0.4028084835640131,12.616993898120082,3.868570168816226,13.259397535184206,0,1,19.3,king+tour,1,27,8.256997294808723,0.19997720420360565,0.0,0.0
31.78,-18.784802676322,-20.15940619339326,5.0547800063117245,0.4009521509477048,12.609078906694936,3.8697800063116627,13.251487334441777,0,1,19.3,king+tour,1,27,8.24940082456044,0.19998057186603546,0.0,0.0
31.8,-18.784056173974125,-20.15145214285509,5.056015368066994,0.4041976756041833,12.601133310029693,3.8710153680669324,13.243117792353184,0,1,19.3,king+tour,1,27,8.241643733218954,0.19998352229595184,0.0,0.0
31.82,-18.783754045773772,-20.143339923169844,5.057287136425702,0.41084298834623184,12.593120095439568,3.8722871364256406,13.23605186388114,0,1,19.3,king+tour,1,27,8.233664999589399,0.19987499713897705,0.0,0.0
31.84,-18.78389953552783,-20.13502726545406,5.058481108341276,0.4199613509107498,12.584998604351663,3.873481108341214,13.227738629193517,0,1,19.3,king+tour,1,27,8.225422113750174,0.19941076636314392,0.0,0.0
31.86,-18.78455042497122,-20.126507473492666,5.059601274852147,0.43088654291187456,12.576773859789164,3.8746012748520853,13.22028813352458,0,1,19.3,king+tour,1,27,8.216899742979088,0.19958411157131195,0.0,0.0
31.88,-18.785710854629816,-20.117743180329324,5.060671525775631,0.4452664053260535,12.56841034276647,3.8756715257755694,13.21131270408822,0,1,19.4,king+tour,1,27,8.20806021361607,0.19976861774921417,0.0,0.0
31.9,-18.787351796104453,-20.108738445027726,5.06175198049607,0.4608289519386619,12.55990667449412,3.8767519804960084,13.203451957713035,0,1,19.4,king+tour,1,27,8.198911808056101,0.1994853913784027,0.0,0.0
31.92,-18.789478600930746,-20.09943312209892,5.062873038325113,0.4805442337458366,12.551205377910323,3.877873038325051,13.195413348164045,0,1,19.4,king+tour,1,27,8.189394297318795,0.199668750166893,0.0,0.0
31.94,-18.79205823681819,-20.089826145897323,5.0640423785983195,0.5007890517082663,12.542299367237847,3.8790423785982577,13.18824251287348,0,1,19.4,king+tour,1,27,8.179511621978584,0.19981437921524048,0.0,0.0
31.96,-18.795096293063782,-20.07991757012027,5.065196453431973,0.5213960788179189,12.533190341788037,3.8801964534319113,13.179780997219027,0,1,19.4,king+tour,1,27,8.16926317870387,0.19974346458911896,0.0,0.0
31.98,-18.798565725152542,-20.069753580082203,5.066322637703295,0.5399350505509357,12.52391878833246,3.8813226377032333,13.17236815061426,0,1,19.4,king+tour,1,27,8.15869886440404,0.19982917606830597,0.0,0.0
32.0,-18.80240712430278,-20.059335778542337,5.067418963192451,0.557872893080612,12.51447504864789,3.8824189631923893,13.163778620753265,0,1,19.5,king+tour,1,27,8.147829274549961,0.19986329972743988,0.0,0.0
32.02,-18.80662337445833,-20.048706697714128,5.068497266417762,0.5742753313361473,12.504901959853969,3.8834972664177005,13.156212173506331,0,1,19.5,king+tour,1,27,8.136696336733815,0.19987723231315613,0.0,0.0
32.04,-18.811164346933296,-20.03786947394724,5.069595312198778,0.5900668490290484,12.495193167634202,3.884595312198716,13.147526543598946,0,1,19.5,king+tour,1,27,8.125310818068156,0.19991053640842438,0.0,0.0
32.06,-18.81601561786201,-20.026873763057747,5.070755563720175,0.6037107568653787,12.485394995031172,3.885755563720113,13.139954766204623,0,1,19.5,king+tour,1,27,8.113724263567965,0.19993732869625092,0.0,0.0
32.08,-18.82110014507054,-20.015732738011597,5.071918191395664,0.6150743026762576,12.475505386102247,3.886918191395602,13.13133118886896,0,1,19.5,king+tour,1,27,8.101961256090009,0.19984886050224304,0.0,0.0
32.1,-18.826403657533124,-20.00450312406466,5.073060641587825,0.6235717005277235,12.465577467554203,3.8880606415877637,13.122812061120182,0,1,19.6,king+tour,1,27,8.090080261543301,0.1998704969882965,0.0,0.0
32.12,-18.831860398981583,-19.993199203950365,5.074188686401622,0.6301331650683978,12.45561232110468,3.8891886864015603,13.113459654679271,0,1,19.6,king+tour,1,27,8.078105201190452,0.19990383088588715,0.0,0.0
32.14,-18.837455178195636,-19.981838956838804,5.075318353318969,0.6356746735436,12.445624775527298,3.890318353318907,13.10518036998395,0,1,19.6,king+tour,1,27,8.066056260379895,0.19993501901626587,0.0,0.0
32.16,-18.843121995036384,-19.970403695579165,5.076470399514848,0.6407129302975503,12.435583360435578,3.8914703995147866,13.095963670510908,0,1,19.6,king+tour,1,27,8.05392462026251,0.19996145367622375,0.0,0.0
32.18,-18.84885080658323,-19.958923309642486,5.077656657265932,0.6442548999549264,12.425515453186664,3.89265665726587,13.087799239638516,0,1,19.6,king+tour,1,27,8.041741398122337,0.1999773234128952,0.0,0.0
32.2,-18.85458059065152,-19.94738347105922,5.078892983733305,0.6471607279707662,12.415394653381032,3.8938929837332434,13.078743992276598,0,1,19.7,king+tour,1,27,8.029501208629183,0.1999829113483429,0.0,0.0
32.22,-18.860305831961803,-19.935820093497565,5.080185635170008,0.6483846012035155,12.405255007844918,3.8951856351699465,13.070717521547307,0,1,19.7,king+tour,1,27,8.017240382639152,0.19997766613960266,0.0,0.0
32.24,-18.86597040752444,-19.924223425531356,5.081548167342163,0.6488964057218417,12.395075399708949,3.896548167342101,13.061850075318594,0,1,19.7,king+tour,1,27,8.004957215023087,0.19994120299816132,0.0,0.0
32.26,-18.871573243358558,-19.912635757188507,5.0829824853351475,0.6475397576847111,12.384896891333183,3.8979824853350857,13.053939842785697,0,1,19.7,king+tour,1,27,7.992693636756163,0.19995959103107452,0.0,0.0
32.28,-18.877065512650212,-19.901052716085523,5.084407967672642,0.6449105811272314,12.374704956582413,3.8994079676725804,13.044298658308808,0,1,19.7,king+tour,1,28,9.285063383577114,0.19159434735774994,0.0,0.0
32.3,-18.8824516932634,-19.88951759483359,5.08575290810192,0.6400758327203231,12.364542677481511,3.9007529081018584,13.035574917625432,0,1,19.8,king+tour,1,28,9.278082906303403,0.18435336649417877,0.0,0.0
32.32,-18.887684989590362,-19.8780225392283,5.086988826795136,0.6345297251325452,12.354392396399238,3.9019888267950744,13.025963470427241,0,1,19.8,king+tour,1,28,9.271068098447776,0.17914386093616486,0.0,0.0
32.34,-18.89267123619022,-19.866608914247543,5.088127766517774,0.6253612436980265,12.344274555265203,3.903127766517712,13.017018220855409,0,1,19.8,king+tour,1,28,9.264003866318388,0.17674632370471954,0.0,0.0
32.36,-18.897363464413623,-19.855268484121794,5.089184510648109,0.6159120661556211,12.334170790150123,3.9041845106480473,13.007205101148575,0,1,19.8,king+tour,1,28,9.25685755860003,0.17790809273719788,0.0,0.0
32.38,-18.90167277890383,-19.844041456915136,5.0901520584856454,0.6032256627757749,12.324101184702373,3.9051520584855837,12.998456006059978,0,1,19.8,king+tour,1,28,9.249615257363418,0.18203140795230865,0.0,0.0
32.4,-18.905494373166633,-19.832919864884804,5.090787712739174,0.5888515269757328,12.314035201592292,3.9057877127391123,12.988773667963525,0,1,19.9,king+tour,1,28,9.242213406694116,0.18460772931575775,0.0,0.0
32.42,-18.90878343988439,-19.82194318497514,5.090880747138947,0.5729618597966201,12.304001216504453,3.905880747138885,12.979477439459549,0,1,19.9,king+tour,1,28,9.234660256266187,0.18762582540512085,0.0,0.0
32.44,-18.911441794562815,-19.81111755611191,5.090338788088849,0.5580206302026517,12.293983687426472,3.9053387880887875,12.969252451029556,0,1,19.9,king+tour,1,28,9.226907281249666,0.1928313672542572,0.0,0.0
32.46,-18.913343600060703,-19.800489008973923,5.089151840412046,0.543119975704508,12.284000123006786,3.904151840411984,12.959537370063954,0,1,19.9,king+tour,1,28,9.218924780655303,0.1966046541929245,0.0,0.0
32.48,-18.914382069066363,-19.790061996540963,5.087381146675758,0.53135760665623,12.27403140419628,3.9023811466756966,12.948905370566349,0,1,19.9,king+tour,1,28,9.210657795766423,0.19880583882331848,0.0,0.0
32.5,-18.91440619442868,-19.779891597921523,5.085153179935677,0.5205800272444686,12.26409854142542,3.9001531799356153,12.939161889030286,0,1,19.9,king+tour,1,28,9.202070501753878,0.19981446862220764,0.0,0.0
32.52,-18.91328029480596,-19.76998738230525,5.082647805348407,0.5139018358514514,12.25418146364192,3.8976478053483454,12.928575744226503,0,1,19.9,king+tour,1,28,9.19309671310551,0.20002759993076324,0.0,0.0
32.54,-18.910946304689432,-19.760398121312765,5.079965440735006,0.5113621910281331,12.244315185032251,3.8949654407349446,12.918963235228517,0,1,19.9,king+tour,1,28,9.183745020895206,0.2000797688961029,0.0,0.0
32.56,-18.90739465342399,-19.75111222334361,5.077196189024805,0.5160205491047285,12.234486418094983,3.8921961890247436,12.908479245534195,0,1,19.9,king+tour,1,28,9.17399929056685,0.2000553458929062,0.0,0.0
32.58,-18.902680154456018,-19.742158572658212,5.074386981915608,0.5250857208529713,12.224735489331936,3.889386981915546,12.898525162280475,0,1,19.9,king+tour,1,28,9.16391248654645,0.20004096627235413,0.0,0.0
32.6,-18.89683032428912,-19.73352003111644,5.07156835654654,0.5403460972414605,12.215052287697139,3.886568356546478,12.888521127852767,0,1,19.9,king+tour,1,28,9.1534845439623,0.2000100463628769,0.0,0.0
32.62,-18.8898421547585,-19.725219509197334,5.069107933897715,0.5562977106035093,12.20545969249155,3.8841079338976536,12.877438956574927,0,1,19.9,king+tour,1,28,9.14273333110708,0.1986633986234665,0.0,0.0
32.64,-18.881868963258537,-19.717219665921498,5.066733369361504,0.577078486580685,12.195955059347733,3.8817333693614424,12.867839645095092,0,1,19.9,king+tour,1,28,9.13170980411185,0.1987283080816269,0.0,0.0
32.66,-18.872990010503973,-19.709448241361137,5.064624665977427,0.5993276893260713,12.186485987982797,3.8796246659773654,12.857187882152342,0,1,19.9,king+tour,1,28,9.120396034641141,0.19883133471012115,0.0,0.0
32.68,-18.86327272976893,-19.70189455552706,5.062836115439396,0.6218573542033214,12.177057821871136,3.877836115439334,12.84794295875787,0,1,19.9,king+tour,1,28,9.108819977833104,0.1992340385913849,0.0,0.0
32.7,-18.85282748152937,-19.694479242632784,5.061406893393419,0.6444624732339705,12.167617745074399,3.876406893393357,12.83758561552153,0,1,19.9,king+tour,1,28,9.09697451798088,0.19950257241725922,0.0,0.0
32.72,-18.841850026401314,-19.687165626617883,5.05990029581165,0.6638210161166744,12.158172303301585,3.874900295811588,12.828361922626883,0,1,20.0,king+tour,1,28,9.08493406961316,0.19844505190849304,0.0,0.0
32.74,-18.83042420474124,-19.67987614109847,5.058553408308739,0.6809921175957129,12.148664286662937,3.873553408308677,12.81927458232536,0,1,20.0,king+tour,1,28,9.07267852072163,0.19858606159687042,0.0,0.0
32.76,-18.818631874310952,-19.672589923615366,5.0575098829741165,0.6950485006678238,12.139091299583527,3.8725098829740547,12.810555509046385,0,1,20.0,king+tour,1,28,9.060234504475561,0.1989259570837021,0.0,0.0
32.78,-18.806619406027608,-19.665269696895898,5.056837324972531,0.7041616429278301,12.129447943316391,3.8718373249724696,12.800878220748906,0,1,20.0,king+tour,1,28,9.047648846001469,0.1992550939321518,0.0,0.0
32.8,-18.794490073686223,-19.657913706231113,5.056531283540364,0.7094451407022349,12.119754248635617,3.8715312835403024,12.792402225790086,0,1,20.0,king+tour,1,28,9.03497522955974,0.1996256560087204,0.0,0.0
32.82,-18.78237544977782,-19.65045381272558,5.0564370834095245,0.7113771805810363,12.109970710261877,3.8714370834094627,12.783017132998495,0,1,20.0,king+tour,1,28,9.022225805381119,0.1998356580734253,0.0,0.0
32.84,-18.770358425273287,-19.6429047972999,5.056141757029015,0.7097248225734626,12.100128607628898,3.871141757028953,12.77449404279924,0,1,20.0,king+tour,1,28,9.009456878534113,0.19879484176635742,0.0,0.0
32.86,-18.7585038861806,-19.6352263996873,5.055491521065437,0.7069488910196469,12.090201409214549,3.870491521065375,12.76499058901656,0,1,20.0,king+tour,1,28,8.99666835052164,0.19898438453674316,0.0,0.0
32.88,-18.746870079651472,-19.627423281225568,5.054800565920581,0.7012694401889433,12.080205005362664,3.869800565920519,12.75636421776125,0,1,20.1,king+tour,1,28,8.983894559937365,0.1988682597875595,0.0,0.0
32.9,-18.73550253296843,-19.619469573651642,5.05372291068032,0.6957799985979851,12.07012265049858,3.8687229106802583,12.74679579528515,0,1,20.1,king+tour,1,28,8.971137097578742,0.19827544689178467,0.0,0.0
32.92,-18.72443070573632,-19.61139316860719,5.052149277415649,0.6897282043518468,12.059986905754641,3.867149277415587,12.737867371631118,0,1,20.1,king+tour,1,28,8.958434654582485,0.19863060116767883,0.0,0.0
32.94,-18.71372505196136,-19.603158784241504,5.050227873559907,0.6821068490493036,12.049776571820104,3.865227873559845,12.728235490776703,0,1,20.1,king+tour,1,28,8.945793836428207,0.19922606647014618,0.0,0.0
32.96,-18.703434094649243,-19.594791525132177,5.048080371203881,0.6718009261894695,12.03952506853286,3.863080371203819,12.718797204140552,0,1,20.1,king+tour,1,28,8.93326091597735,0.19959424436092377,0.0,0.0
32.98,-18.693543983348018,-19.58629340083416,5.045821565461976,0.6616921896072223,12.029230724758284,3.8608215654619142,12.70880340722699,0,1,20.1,king+tour,1,28,8.920829708449897,0.1998118907213211,0.0,0.0
33.0,-18.6840785174016,-19.577689699619114,5.043386665002511,0.6510519572739684,12.01892221493694,3.858386665002449,12.699158199226932,0,1,20.1,king+tour,1,28,8.908533703191383,0.19984179735183716,0.0,0.0
33.02,-18.675003121960142,-19.56897922774148,5.040782731396144,0.6422919760052308,12.008590735727044,3.855782731396082,12.689020503691136,0,1,20.1,king+tour,1,28,8.896353227043038,0.19990867376327515,0.0,0.0
33.04,-18.666322255216194,-19.56018833147974,5.0379260089392455,0.6340310869874688,11.998262283705696,3.8529260089391837,12.677536771566361,0,1,20.1,king+tour,1,28,8.884312635030824,0.21991616487503052,0.0,0.0
33.06,-18.657978582209523,-19.551321353506665,5.034749415976616,0.6291480757092631,11.987929198322487,3.8497494159765546,12.666577964760638,0,1,20.1,king+tour,1,28,8.87238517289733,0.24185073375701904,0.0,0.0
33.08,-18.64994312462991,-19.542343600521104,5.031214274774831,0.6278253150758895,11.977551239406214,3.846214274774769,12.653913625748016,0,1,20.1,king+tour,1,28,8.860525833753583,0.26498091220855713,0.0,0.0
33.1,-18.64216765411764,-19.53323207329292,5.027561120914413,0.6261457562840994,11.967095948786442,3.8425611209143513,12.64260085232599,0,1,20.1,king+tour,1,28,8.848689507436974,0.2857985198497772,0.0,0.0
33.12,-18.6345526168848,-19.523940412945866,5.023711979355367,0.6307527938980576,11.956498066247578,3.8387119793553053,12.629746756460108,0,1,20.1,king+tour,1,28,8.836784330073568,0.3091747462749481,0.0,0.0
33.14,-18.627043630595303,-19.514434420727177,5.019862688514432,0.635542687660957,11.945713214310254,3.83486268851437,12.616297956211096,0,1,20.1,king+tour,1,28,8.824752541734071,0.33067500591278076,0.0,0.0
33.16,-18.619517805656926,-19.50468185440563,5.015898456780723,0.6470427422084464,11.934685749984274,3.8308984567806617,12.60326246068739,0,1,20.1,king+tour,1,28,8.812502169794143,0.353853315114975,0.0,0.0
33.18,-18.611856027710793,-19.494550233434058,5.01219693614547,0.6615395676387318,11.923262625492356,3.827196936145408,12.58960977637838,0,1,20.1,king+tour,1,28,8.799857909182334,0.36833539605140686,0.0,0.0
33.2,-18.60393937110909,-19.48403103408099,5.0085344379077545,0.6832658708734305,11.911412629979361,3.8235344379076928,12.575999005235932,0,1,20.1,king+tour,1,28,8.786750153039275,0.39040619134902954,0.0,0.0
33.22,-18.59566781833405,-19.473048288684673,5.0047740353719545,0.7127059509043087,11.899042234340952,3.8197740353718928,12.561566793269385,0,1,20.1,king+tour,1,28,8.773061804266751,0.4131198525428772,0.0,0.0
33.24,-18.58696211743914,-19.461579753155032,5.000785290520949,0.74703852101595,11.886114803422558,3.8157852905208873,12.545837621327182,0,1,20.1,king+tour,1,28,8.758732435661845,0.4360243082046509,0.0,0.0
33.26,-18.577706991635843,-19.449489150330173,4.996804954701258,0.7868975529585653,11.872475067428578,3.811804954701196,12.530945630785297,0,1,20.1,king+tour,1,28,8.743585643324977,0.45660001039505005,0.0,0.0
33.28,-18.56778329006421,-19.43670021273683,4.99271505919354,0.8348113902452589,11.858026167784784,3.8077150591934785,12.514168460699056,0,1,20.1,king+tour,1,28,8.727494155776322,0.4798544943332672,0.0,0.0
33.3,-18.55713289986897,-19.423143753957522,4.988478352379059,0.8876345962413554,11.842690116333703,3.8034783523789972,12.4976071746527,0,1,20.1,king+tour,1,28,8.710368732664923,0.5033796429634094,0.0,0.0
33.32,-18.54566157913566,-19.408767130021378,4.983932229046834,0.9472931865578629,11.826398529146182,3.7989322290467724,12.479016549553497,0,1,20.1,king+tour,1,28,8.692115368477072,0.5260327458381653,0.0,0.0
33.34,-18.533305097207485,-19.39349317831277,4.979099762620903,1.0115940121856783,11.809064949121803,3.7940997626208413,12.460642692994469,0,1,20.2,king+tour,1,28,8.67263492152903,0.5496271252632141,0.0,0.0
33.36,-18.51995347316707,-19.37724958113201,4.973930665277014,1.0826355356698447,11.790599371960461,3.7889306652769523,12.440522964893582,0,1,20.2,king+tour,1,28,8.651808526655422,0.5732030868530273,0.0,0.0
33.38,-18.505443389792795,-19.359856580646237,4.968796593974971,1.161268351373818,11.770796767157032,3.783796593974909,12.420396041284889,0,1,20.2,king+tour,1,28,8.629397952714275,0.5822990536689758,0.0,0.0
33.4,-18.48970727472651,-19.34129593997473,4.96357285500292,1.2443975935812186,11.749629295722812,3.7785728550028583,12.39906628883808,0,1,20.2,king+tour,1,28,8.605352839426262,0.6043950915336609,0.0,0.0
33.42,-18.472754189467782,-19.32156036024163,4.958169670074851,1.3286220442231436,11.727094547065018,3.7731696700747897,12.375646330473524,0,1,20.2,king+tour,1,28,8.579672263441251,0.6270975470542908,0.0,0.0
33.44,-18.454576284072445,-19.300714717763125,4.952529121129346,1.4113759663091783,11.703258189063622,3.767529121129284,12.351532615874252,0,1,20.2,king+tour,1,28,8.552408155647377,0.6503636837005615,0.0,0.0
33.46,-18.435172457892495,-19.2787469041081,4.946597661989577,1.495221985802071,11.678111809347758,3.761597661989515,12.325311665280434,0,1,20.2,king+tour,1,28,8.523550388500757,0.6739091277122498,0.0,0.0
33.48,-18.41455990275261,-19.255683230395285,4.940354423950374,1.5778058306871374,11.651688385256392,3.755354423950312,12.29901288472578,0,1,20.2,king+tour,1,28,8.493131240881098,0.6975278854370117,0.0,0.0
33.5,-18.39276498413115,-19.231524286276326,4.933693485477581,1.6606031735467333,11.623997473268641,3.748693485477519,12.270247885842778,0,1,20.3,king+tour,1,28,8.461165859904478,0.7175792455673218,0.0,0.0
33.52,-18.369788532940934,-19.206290960383097,4.926620289130862,1.7426044814369568,11.595064209137224,3.7416202891308004,12.24128846999304,0,1,20.3,king+tour,1,28,8.427673535936309,0.7409416437149048,0.0,0.0
33.54,-18.345600215400598,-19.180001030906382,4.91907561252632,1.825621293142338,11.564905494463062,3.734075612526258,12.210112156515375,0,1,20.3,king+tour,1,28,8.392654886024234,0.7638326287269592,0.0,0.0
33.56,-18.320212614080095,-19.152658320678846,4.911092843183847,1.9077989344864177,11.533532527038206,3.7260928431837854,12.178763625934733,0,1,20.3,king+tour,1,28,8.356120995009173,0.7874712347984314,0.0,0.0
33.58,-18.293582726503796,-19.124268106833323,4.902690245265146,1.9910793594832765,11.500948588666901,3.717690245265084,12.145096910783636,0,1,20.3,king+tour,1,28,8.318055583330413,0.8110798597335815,0.0,0.0
33.6,-18.26573781649671,-19.094845560778037,4.8939047640340805,2.0725647819427313,11.467179397855425,3.7089047640340187,12.111331201595792,0,1,20.3,king+tour,1,28,8.278487340715207,0.7948562502861023,0.0,0.0
33.62,-18.236638043157857,-19.064395303683295,4.884768039271098,2.1549331224558546,11.432229128444444,3.699768039271036,12.076516377906136,0,1,20.3,king+tour,1,28,8.237401466204924,0.8146370053291321,0.0,0.0
33.64,-18.206354090485277,-19.032964284399842,4.87522398117459,2.2338955926929454,11.396162840065815,3.690223981174528,12.040163866709145,0,1,20.4,king+tour,1,28,8.19487653111296,0.8353995680809021,0.0,0.0
33.66,-18.174963012206586,-19.000683921483386,4.865171420973317,2.3067702487012305,11.359129817866322,3.680171420973255,12.002682129046612,0,1,20.4,king+tour,1,28,8.151066894696,0.823115885257721,0.0,0.0
33.68,-18.14246924789151,-18.967555662886706,4.854735845524069,2.3781439569384206,11.32113919839104,3.6697358455240074,11.965765661047223,0,1,20.4,king+tour,1,28,8.10597824973343,0.8430724143981934,0.0,0.0
33.7,-18.109003473848688,-18.9336418481341,4.843859633128949,2.443561365825957,11.28228072006976,3.6588596331288876,11.926162509980951,0,1,20.4,king+tour,1,28,8.059733173393338,0.8622109889984131,0.0,0.0
33.72,-18.074577157181817,-18.89896545529172,4.832868284808105,2.504213068868681,11.242585668658212,3.647868284808043,11.887546222640765,0,1,20.4,king+tour,1,28,8.01235941300291,0.8516029715538025,0.0,0.0
33.74,-18.039287530962515,-18.8635414784058,4.821834666510949,2.5602522287069793,11.202090941954339,3.636834666510887,11.848004474553475,0,1,20.4,king+tour,1,28,7.963921482761248,0.8317480087280273,0.0,0.0
33.76,-18.003236068676866,-18.827462132483454,4.810783448976143,2.609385245665758,11.160909712357839,3.6257834489760814,11.806246886990502,0,1,20.5,king+tour,1,29,9.050478103275116,0.8146530985832214,0.0,0.0
33.78,-17.96658506003776,-18.790826468983468,4.799767107819244,2.6489752956723143,11.11917031204185,3.6147671078191825,11.765542547499964,0,1,20.5,king+tour,1,29,9.022937787984686,0.7956007719039917,0.0,0.0
33.8,-17.92947342522726,-18.75368330198658,4.788855906730769,2.6813907781502544,11.076946543048606,3.6038559067307077,11.725248064814583,0,1,20.5,king+tour,1,29,8.995223824247999,0.7751001715660095,0.0,0.0
33.82,-17.892116609676922,-18.716092579960637,4.778154457444829,2.703292005737362,11.034332900925172,3.5931544574447676,11.684423233552,0,1,20.5,king+tour,1,29,8.96735425025937,0.7533258199691772,0.0,0.0
33.84,-17.85471838863608,-18.678206230483926,4.767759200577219,2.7120397208718194,10.99151105699924,3.582759200577157,11.64435559522131,0,1,20.6,king+tour,1,29,8.939434913397278,0.7305684089660645,0.0,0.0
33.86,-17.817502609632363,-18.64011116749564,4.757736063084778,2.70957160642019,10.94859903447868,3.572736063084716,11.603959463370792,0,1,20.6,king+tour,1,29,8.911499079596227,0.7076632380485535,0.0,0.0
33.88,-17.78066936452441,-18.60198410021758,4.748110282154316,2.69398258296584,10.905798221050588,3.5631102821542546,11.564119156053389,0,1,20.6,king+tour,1,29,8.88366810106932,0.6847079396247864,0.0,0.0
33.9,-17.74443535592309,-18.563930474899404,4.73888430241682,2.667442820986604,10.86323957761442,3.5538843024167583,11.524007948045275,0,1,20.6,king+tour,1,29,8.855985379534031,0.6617751121520996,0.0,0.0
33.92,-17.708972058453856,-18.526115947512483,4.730037694747397,2.6295657512906465,10.821105648620607,3.545037694747335,11.485550971503475,0,1,20.7,king+tour,1,29,8.828559462300282,0.6388776302337646,0.0,0.0
33.94,-17.67448950681263,-18.488645003908,4.721689753876174,2.580119231299946,10.779521585102504,3.5366897538761126,11.447374542158098,0,1,20.7,king+tour,1,29,8.801425626357178,0.6162446141242981,0.0,0.0
33.96,-17.641161861022773,-18.45171883136335,4.713888175103488,2.5175081052689183,10.738702002096181,3.5288881751034262,11.408170549423977,0,1,20.8,king+tour,1,29,8.774717577809296,0.5937246084213257,0.0,0.0
33.98,-17.609124387982096,-18.41548346661319,4.706626958908983,2.4454685635031006,10.698800634935209,3.5216269589089215,11.37183300943658,0,1,20.8,king+tour,1,29,8.748522627791615,0.5713172554969788,0.0,0.0
34.0,-17.578471101836055,-18.38004527501119,4.699922313474691,2.366665188599118,10.659925940422228,3.514922313474629,11.335132881370857,0,1,20.8,king+tour,1,29,8.722898659039924,0.5490328073501587,0.0,0.0
34.02,-17.54927277164998,-18.345585749511113,4.693753529518792,2.279284580104094,10.622257754637117,3.5087535295187307,11.29815171177589,0,1,20.9,king+tour,1,29,8.697980538620396,0.5268726348876953,0.0,0.0
34.04,-17.52161855864249,-18.312198225521954,4.68806986528993,2.186198924078438,10.58589031292727,3.503069865289868,11.264865014260556,0,1,20.9,king+tour,1,29,8.673811959527116,0.504866898059845,0.0,0.0
34.06,-17.495519904170127,-18.279951853013152,4.682866172798405,2.0904824328313327,10.55088474616314,3.497866172798343,11.230581737881376,0,1,20.9,king+tour,1,29,8.650434858353883,0.48301225900650024,0.0,0.0
34.08,-17.47097811228454,-18.248976128512698,4.678099107051644,1.9903014678166462,10.517361420777943,3.4930991070515818,11.19858744533121,0,1,21.0,king+tour,1,29,8.627952183300287,0.46133100986480713,0.0,0.0
34.1,-17.448031363266633,-18.2193145029984,4.673732060663864,1.8877476081261304,10.485359709798246,3.4887320606638026,11.165830086497783,0,1,21.0,king+tour,1,29,8.606374080997794,0.43988507986068726,0.0,0.0
34.12,-17.4266516237649,-18.191023988205426,4.669735907227652,1.7842475519803909,10.454925578651256,3.4847359072275905,11.136783270435542,0,1,21.1,king+tour,1,29,8.585743755833187,0.41868284344673157,0.0,0.0
34.14,-17.40684447120114,-18.16408521123854,4.6660984728294155,1.6817044375850707,10.426033277506505,3.4810984728293537,11.107574609032275,0,1,21.1,king+tour,1,29,8.566022585360368,0.3977442979812622,0.0,0.0
34.16,-17.388567773191696,-18.138554372758588,4.662804870959074,1.5785350937642109,10.398727677722869,3.4778048709590124,11.080545435982001,0,1,21.1,king+tour,1,29,8.54725953470239,0.37711355090141296,0.0,0.0
34.18,-17.371766456786002,-18.114429151984044,4.659873050770229,1.4772492003758113,10.372994859582244,3.4748730507701673,11.053405257462527,0,1,21.2,king+tour,1,29,8.529453207576891,0.35683614015579224,0.0,0.0
34.2,-17.356379976567748,-18.091718723759673,4.6573120828415515,1.3775575127492525,10.348832524412753,3.4723120828414897,11.029679814086517,0,1,21.2,king+tour,1,29,8.512616444591805,0.33699095249176025,0.0,0.0
34.22,-17.342372170658727,-18.07035811573521,4.655128320159102,1.2818570718031688,10.3261677652144,3.4701283201590405,11.00615943250268,0,1,21.2,king+tour,1,29,8.49668557706488,0.31769028306007385,0.0,0.0
34.24,-17.32964588061749,-18.050345793624203,4.653307959443284,1.189290973252745,10.304985273664254,3.468307959443222,10.98309636450468,0,1,21.3,king+tour,1,29,8.481677812781268,0.29901638627052307,0.0,0.0
34.26,-17.31816306107433,-18.031616286675476,4.651840386468112,1.1009125142815368,10.285212685329885,3.46684038646805,10.963235090163124,0,1,21.3,king+tour,1,29,8.467532671526987,0.28106820583343506,0.0,0.0
34.28,-17.30788928954201,-18.01406900248871,4.650731659371845,1.0181930558634558,10.266743483007456,3.465731659371783,10.943171251195428,0,1,21.3,king+tour,1,29,8.454156495713397,0.2640395164489746,0.0,0.0
34.3,-17.29873324285708,-17.99766355547042,4.64998603716106,0.9401167949353372,10.249525968056673,3.4649860371609984,10.926100251061289,0,1,21.3,king+tour,1,29,8.441532114476923,0.24807564914226532,0.0,0.0
34.32,-17.290661728532314,-17.982288275501496,4.64957127498711,0.8685053328544023,10.233443621988357,3.4645712749870485,10.908549778425083,0,1,21.4,king+tour,1,29,8.429557519967947,0.2332983762025833,0.0,0.0
34.34,-17.283653768175846,-17.967890944568655,4.649430709017711,0.8006472462003842,10.21844059963458,3.464430709017649,10.893752089786624,0,1,21.4,king+tour,1,29,8.418184065205777,0.2200281322002411,0.0,0.0
34.36,-17.27763003104892,-17.954351066987275,4.6495074491019315,0.7409783784524825,10.20438783243194,3.4645074491018697,10.88003361695869,0,1,21.4,king+tour,1,29,8.407318189811084,0.20852112770080566,0.0,0.0
34.38,-17.272573918222616,-17.94161450337995,4.649762576784135,0.6852908498769039,10.191228619445267,3.4647625767840733,10.866091892576524,0,1,21.5,king+tour,1,29,8.396909785858979,0.1989840716123581,0.0,0.0
34.4,-17.268524588911195,-17.929641791980515,4.650149450096001,0.6322431436677354,10.178926384516323,3.4651494500959394,10.854440002653755,0,1,21.5,king+tour,1,29,8.386905082955614,0.19197779893875122,0.0,0.0
34.42,-17.265469984871093,-17.918332280103073,4.6505968775097815,0.5861651986394641,10.167378995760352,3.4655968775097197,10.842671129299704,0,1,21.5,king+tour,1,29,8.377209589222609,0.18729011714458466,0.0,0.0
34.44,-17.263434231047977,-17.907648287669918,4.650983118499523,0.5441534021812788,10.156550675347331,3.4659831184994614,10.832879952788097,0,1,21.5,king+tour,1,29,8.367777103226937,0.18512506783008575,0.0,0.0
34.46,-17.26241744125336,-17.897515941646752,4.6512602083361845,0.509350263073397,10.146367602476012,3.4662602083361227,10.822849944825375,0,1,21.5,king+tour,1,29,8.358535536475177,0.18620285391807556,0.0,0.0
34.48,-17.262484477141935,-17.88793896880336,4.651455164093379,0.4789595765841405,10.136839587716931,3.4664551640933174,10.814734363891207,0,1,21.6,king+tour,1,29,8.349465396865568,0.1903918832540512,0.0,0.0
34.5,-17.26360174415803,-17.878849305351114,4.651395586693869,0.45791324704277653,10.12789599195993,3.4663955866938077,10.805877807124125,0,1,21.6,king+tour,1,29,8.340512082061071,0.19442668557167053,0.0,0.0
34.52,-17.265768268176664,-17.870242165216286,4.650896705836101,0.44448163554338554,10.119532542574621,3.4658967058360393,10.798798776219614,0,1,21.6,king+tour,1,29,8.331670594932206,0.19723203778266907,0.0,0.0
34.54,-17.268983958619515,-17.862075280691204,4.649898543537539,0.4416870946850033,10.111708036919692,3.464898543537477,10.791295995240471,0,1,21.6,king+tour,1,29,8.322900716549082,0.19895963370800018,0.0,0.0
34.56,-17.273355073640044,-17.85439407841906,4.648571712746625,0.446844477464039,10.104479046125416,3.463571712746563,10.785321967611582,0,1,21.6,king+tour,1,29,8.314210659680741,0.19974952936172485,0.0,0.0
34.58,-17.278884381496635,-17.847188530589875,4.646887849039755,0.4618673020331356,10.097837526652096,3.4618878490396936,10.778178247994859,0,1,21.6,king+tour,1,29,8.30559077031154,0.20001491904258728,0.0,0.0
34.6,-17.285596636166176,-17.84049440443726,4.645069767530546,0.4826259112140131,10.091823523290008,3.4600697675304843,10.773058935713259,0,1,21.6,king+tour,1,29,8.297068044050521,0.19989663362503052,0.0,0.0
34.62,-17.293474423880614,-17.834292700603932,4.643351350736882,0.5086099340034506,10.086418889768547,3.4583513507368204,10.767422237367997,0,1,21.6,king+tour,1,29,8.288632143660642,0.1996145397424698,0.0,0.0
34.64,-17.302475787131165,-17.82858369557446,4.641758633191251,0.5388738905696342,10.081622559693605,3.456758633191189,10.762075096205974,0,1,21.6,king+tour,1,29,8.280299484778789,0.19977998733520508,0.0,0.0
34.66,-17.312489831440725,-17.82332236452932,4.640237584952945,0.5706931652465168,10.0773817045429,3.455237584952883,10.758286084708729,0,1,21.6,king+tour,1,29,8.272066472499732,0.19987142086029053,0.0,0.0
34.68,-17.32340563083075,-17.81842898839633,4.638879742093768,0.6019625061670488,10.073608834551765,3.453879742093706,10.75410507072334,0,1,21.6,king+tour,1,29,8.263896736023788,0.1998576521873474,0.0,0.0
34.7,-17.335115803889494,-17.813886950116324,4.637649456926962,0.6310147906239488,10.070279372846674,3.4526494569269,10.751283326875669,0,1,21.6,king+tour,1,29,8.255812319080281,0.19992168247699738,0.0,0.0
34.72,-17.347515220926855,-17.8096189963909,4.636658316170112,0.6575396031203679,10.067308345343642,3.4516583161700503,10.748194262080078,0,1,21.6,king+tour,1,29,8.247776935150727,0.19981029629707336,0.0,0.0
34.74,-17.360470626258582,-17.80560021126946,4.63565709481001,0.6800654479047422,10.06465953404282,3.450657094809948,10.746015524562011,0,1,21.6,king+tour,1,29,8.239812496229122,0.19948631525039673,0.0,0.0
34.76,-17.373884661171086,-17.801759141252415,4.634776431787879,0.6990452754799094,10.062253664155326,3.449776431787817,10.743519317415096,0,1,21.6,king+tour,1,29,8.231884806710315,0.19956174492835999,0.0,0.0
34.78,-17.387675847326072,-17.798090301004176,4.634327693819946,0.7138952480798865,10.060078330616003,3.4493276938198845,10.742076000174217,0,1,21.6,king+tour,1,29,8.224016647676423,0.19878576695919037,0.0,0.0
34.8,-17.40168184665621,-17.794493153895747,4.633917970560434,0.7233176302719242,10.058017429749507,3.4489179705603723,10.7402825144913,0,1,21.6,king+tour,1,29,8.216165818197899,0.19842024147510529,0.0,0.0
34.82,-17.415804162947968,-17.79095948981575,4.6336681860021285,0.7279920871826848,10.056052826894268,3.4486681860020667,10.737012747861911,0,1,21.6,king+tour,1,29,8.208356589244108,0.21758627891540527,0.0,0.0
34.84,-17.429918825802968,-17.78740966214208,4.633538626678931,0.7277392555739592,10.054092001234867,3.448538626678869,10.736182433031296,0,1,21.6,king+tour,1,29,8.200552815998796,0.2394808530807495,0.0,0.0
34.86,-17.443970463024712,-17.783745949437613,4.633532411303557,0.7260704821559564,10.052031580244076,3.4485324113034954,10.733097924559692,0,1,21.6,king+tour,1,29,8.192678926900317,0.26251932978630066,0.0,0.0
34.88,-17.457927426793134,-17.77993943821638,4.633533054242249,0.7233366535089281,10.049839013817978,3.448533054242187,10.730427690784591,0,1,21.6,king+tour,1,29,8.184716893684545,0.2856062054634094,0.0,0.0
34.9,-17.471761699152786,-17.775896864648086,4.633629534478411,0.72065734092574,10.047418099322012,3.448629534478349,10.727649959273059,0,1,21.7,king+tour,1,29,8.176586143098765,0.30891433358192444,0.0,0.0
34.92,-17.485522687319744,-17.77149875214217,4.633949780531853,0.7225142671266845,10.044655598080144,3.448949780531791,10.724796305681476,0,1,21.7,king+tour,1,29,8.168157014316693,0.33145037293434143,0.0,0.0
34.94,-17.499255271109632,-17.76668395702442,4.634584909474059,0.7283019606342344,10.041496013992376,3.449584909473997,10.721670717687704,0,1,21.7,king+tour,1,29,8.159356830496717,0.3543654978275299,0.0,0.0
34.96,-17.51300934179656,-17.761363157639924,4.635347830907933,0.7383552933129833,10.037856777482476,3.4503478309078712,10.718428518690983,0,1,21.7,king+tour,1,29,8.150084698870408,0.37712347507476807,0.0,0.0
34.98,-17.526857358890314,-17.755490888631606,4.63627394047373,0.7535064692204554,10.033701944700598,3.4512739404736683,10.714121888160212,0,1,21.7,king+tour,1,29,8.140274777114275,0.40070027112960815,0.0,0.0
35.0,-17.540877206781925,-17.748986922439865,4.637268518482951,0.7743495601852787,10.028962200746502,3.4522685184828896,10.707662948044666,0,1,21.7,king+tour,1,29,8.129826765452554,0.4241524934768677,0.0,0.0
35.02,-17.555204362545002,-17.741757487764875,4.638549069942335,0.8049408829528483,10.023562501758265,3.453549069942273,10.703024841213686,0,1,21.7,king+tour,1,29,8.118610392689288,0.44532403349876404,0.0,0.0
35.04,-17.569925697574572,-17.733709773775654,4.639962200787035,0.841843727020296,10.01742355588899,3.454962200786973,10.696141579368296,0,1,21.7,king+tour,1,29,8.106511455632536,0.4682955741882324,0.0,0.0
35.06,-17.585144407133416,-17.724815394270493,4.641433674040838,0.8844268496530976,10.01053274234646,3.4564336740407766,10.689629717506616,0,1,21.8,king+tour,1,29,8.093472703973086,0.4916140139102936,0.0,0.0
35.08,-17.601039633122575,-17.71497291637253,4.643130454333757,0.9386315088743727,10.002815638115008,3.458130454333695,10.681426720741065,0,1,21.8,king+tour,1,29,8.079345143154262,0.5129950642585754,0.0,0.0
35.1,-17.617684197338374,-17.704138024929016,4.6450254783830145,0.9975313361919161,9.99424197931857,3.4600254783829527,10.6742050413992,0,1,21.8,king+tour,1,29,8.064066672019054,0.5365289449691772,0.0,0.0
35.12,-17.635174659753094,-17.692318619126812,4.646971956403716,1.0599568454458044,9.984837215099443,3.461971956403654,10.664682066317441,0,1,21.8,king+tour,1,29,8.04761856874684,0.5596303939819336,0.0,0.0
35.14,-17.653564958170204,-17.67948979946826,4.649024531966556,1.1258272027082536,9.974589556874122,3.464024531966494,10.65609303381422,0,1,21.9,king+tour,1,29,8.029963946722543,0.5831968188285828,0.0,0.0
35.16,-17.67296926337842,-17.66562762457341,4.651171156644387,1.197178924531089,9.963497227851864,3.466171156644325,10.645208407517535,0,1,21.9,king+tour,1,29,8.01104980185522,0.6068956851959229,0.0,0.0
35.18,-17.693439539205222,-17.650703930098583,4.653486148775361,1.2719159148405224,9.951547005830541,3.468486148775299,10.635276043126181,0,1,21.9,king+tour,1,29,7.990837990181488,0.6302552819252014,0.0,0.0
35.2,-17.714951726485516,-17.63481721710025,4.655512516355717,1.3409586282252213,9.938841262136696,3.4705125163556554,10.62346146010685,0,1,22.0,king+tour,1,30,8.490659589728475,0.6217506527900696,0.0,0.0
35.22,-17.737432985460526,-17.618046406625208,4.656945885188723,1.4042094175217752,9.925456089424856,3.471945885188661,10.61005440148619,0,1,22.0,king+tour,1,30,8.485460292423955,0.6089593172073364,0.0,0.0
35.24,-17.760873932517146,-17.600459042838093,4.6575536362312695,1.4655738852248619,9.91146525324206,3.4725536362312077,10.597005376869731,0,1,22.0,king+tour,1,30,8.480044245058297,0.5929595828056335,0.0,0.0
35.26,-17.78524592995792,-17.582097475310867,4.657230577697434,1.525816001461411,9.896914952575864,3.4722305776973723,10.582957414655302,0,1,22.1,king+tour,1,30,8.474449178287545,0.574776291847229,0.0,0.0
35.28,-17.810500928700765,-17.56298619118511,4.655989802870781,1.5847678572956372,9.881830809484178,3.4709898028707196,10.569608178381717,0,1,22.1,king+tour,1,30,8.468688059887793,0.5547019243240356,0.0,0.0
35.3,-17.836593443608344,-17.543163401688396,4.653927298867688,1.641657881834742,9.86625220779036,3.4689272988676265,10.555759778454403,0,1,22.1,king+tour,1,30,8.462786973338616,0.5330893397331238,0.0,0.0
35.32,-17.863428099056556,-17.522678575808776,4.651179113078731,1.6935756179407102,9.850221524272328,3.4661791130786694,10.541983587252567,0,1,22.1,king+tour,1,30,8.456758813606552,0.5112712979316711,0.0,0.0
35.34,-17.890923229976124,-17.50162849067069,4.647872065495012,1.7392705887280935,9.833829115397902,3.46287206549495,10.527519107072692,0,1,22.1,king+tour,1,30,8.450663500199854,0.4893583059310913,0.0,0.0
35.36,-17.91901536623825,-17.48004459321089,4.644471265399647,1.7794649410801526,9.817102949121788,3.4594712653995856,10.513160535809545,0,1,22.2,king+tour,1,30,8.444509965488525,0.4676820635795593,0.0,0.0
35.38,-17.947535788994955,-17.458027321094175,4.64132157349607,1.8083800380244883,9.800120743618526,3.456321573496008,10.498522549471392,0,1,22.2,king+tour,1,30,8.438317979762505,0.4462102949619293,0.0,0.0
35.4,-17.97635873868537,-17.43567712608184,4.638692574951477,1.8283908767637,9.782965348200289,3.4536925749514156,10.484117433226455,0,1,22.2,king+tour,1,30,8.432124473823675,0.4249947667121887,0.0,0.0
35.42,-18.005267987789438,-17.413148261082675,4.636752091593771,1.8351157440152654,9.765755100190551,3.4517520915937094,10.4698178518593,0,1,22.2,king+tour,1,30,8.425968122109408,0.4040686786174774,0.0,0.0
35.44,-18.034096766822294,-17.390563073932345,4.635611468232336,1.8320004099299205,9.748582571329424,3.4506114682322746,10.456094809071802,0,1,22.3,king+tour,1,30,8.419878815865369,0.3835406005382538,0.0,0.0
35.46,-18.062600357137786,-17.36808839208033,4.635297141189716,1.8149826353937348,9.731567563190433,3.4502971411896546,10.442753677741917,0,1,22.3,king+tour,1,30,8.413884252550957,0.36342403292655945,0.0,0.0
35.48,-18.090622451604077,-17.345855821628327,4.6358421312485065,1.7887299833576642,9.714807934713447,3.4508421312484447,10.429996682801185,0,1,22.3,king+tour,1,30,8.408019374009442,0.3437628746032715,0.0,0.0
35.5,-18.117936704752807,-17.32403710333895,4.637208755089756,1.7492802474072693,9.698425610748382,3.4522087550896945,10.41557564881839,0,1,22.4,king+tour,1,30,8.402316477938449,0.32459670305252075,0.0,0.0
35.52,-18.144407246299075,-17.302764844847026,4.639377358543889,1.7013975079630408,9.682518123399403,3.4543773585438275,10.404151955627558,0,1,22.4,king+tour,1,30,8.396814026897934,0.30573469400405884,0.0,0.0
35.54,-18.169856205323033,-17.282109793883553,4.642320202117459,1.6454034262190447,9.667112413029098,3.4573202021173977,10.390747884085934,0,1,22.5,king+tour,1,30,8.391473280851567,0.2878369092941284,0.0,0.0
35.56,-18.194151461263022,-17.262228668403434,4.645998887038146,1.5803886660340716,9.652326692135185,3.460998887038084,10.380609285129156,0,1,22.5,king+tour,1,30,8.386350321337373,0.2703559398651123,0.0,0.0
35.58,-18.217125670441288,-17.243196182970866,4.650365128412141,1.5075757467235422,9.638190357352396,3.4653651284120794,10.369387845968035,0,1,22.6,king+tour,1,30,8.381410374471507,0.2537574768066406,0.0,0.0
35.6,-18.238670497016667,-17.225148291619163,4.655350375731254,1.4271988519813021,9.624803212887944,3.4703503757311926,10.358926224196702,0,1,22.6,king+tour,1,30,8.376699554010925,0.23832307755947113,0.0,0.0
35.62,-18.258754412502388,-17.208170901629213,4.660883683724825,1.3437009799990638,9.612230944703361,3.4758836837247635,10.348553766029523,0,1,22.7,king+tour,1,30,8.372258768880872,0.2246679961681366,0.0,0.0
35.64,-18.27728404059863,-17.19230183208582,4.666923589881774,1.2566373302816076,9.6004797514472,3.4819235898817125,10.341054865960723,0,1,22.7,king+tour,1,30,8.368056190525062,0.21219879388809204,0.0,0.0
35.66,-18.2942302084825,-17.17758617615856,4.6734586072153395,1.1687916697040572,9.58957620627408,3.4884586072152777,10.332398460538275,0,1,22.8,king+tour,1,30,8.364099258116568,0.20148390531539917,0.0,0.0
35.68,-18.309598008881217,-17.164108251444627,4.680406932833012,1.0794709034735874,9.579593003283707,3.4954069328329505,10.324104417163964,0,1,22.8,king+tour,1,30,8.36044747824959,0.19313865900039673,0.0,0.0
35.7,-18.32335684016444,-17.15188982833014,4.6877268262780385,0.9901718812046637,9.570535022620376,3.5027268262779767,10.317158570311754,0,1,22.9,king+tour,1,30,8.357089354791462,0.18775910139083862,0.0,0.0
35.72,-18.335523122551248,-17.14091478363668,4.695474138591698,0.9062158700115734,9.562380848427896,3.5104741385916363,10.310862452643414,0,1,23.0,king+tour,1,30,8.354006505464156,0.18433642387390137,0.0,0.0
35.74,-18.346076141590473,-17.131199530875158,4.703600003383174,0.824290643025779,9.555134040562452,3.5186000033831126,10.304331504430401,0,1,23.0,king+tour,1,30,8.35119060838968,0.18563760817050934,0.0,0.0
35.76,-18.355023672100682,-17.122727800990166,4.712198112806874,0.7512589352833976,9.54877324851673,3.527198112806812,10.301252237017929,0,1,23.1,king+tour,1,30,8.348621593506051,0.18784719705581665,0.0,0.0
35.78,-18.36232742434582,-17.11544918997199,4.721285377194654,0.6872069362020897,9.54323494742706,3.5362853771945923,10.297845473714645,0,1,23.1,king+tour,1,30,8.346227754636983,0.19238121807575226,0.0,0.0
35.8,-18.36804795158003,-17.109350932241867,4.730787731186303,0.6328663179592454,9.538514685810721,3.545787731186241,10.295947438591497,0,1,23.2,king+tour,1,30,8.344022626112109,0.19626851379871368,0.0,0.0
35.82,-18.372315039371625,-17.10434267290891,4.740621322909812,0.5915873265038406,9.534548474321515,3.55562132290975,10.294125463065384,0,1,23.2,king+tour,1,30,8.341991585804303,0.19860301911830902,0.0,0.0
35.84,-18.37520408143487,-17.1003686002615,4.750649878900061,0.5583720818138477,9.531295465903884,3.5656498788999995,10.29328935380242,0,1,23.3,king+tour,1,30,8.34012260184368,0.1997036188840866,0.0,0.0
35.86,-18.376828666740565,-17.097315434993828,4.760797036395124,0.5360174922444749,9.528667949168264,3.5757970363950626,10.293323339978379,0,1,23.4,king+tour,1,30,8.338376074620502,0.20008918642997742,0.0,0.0
35.88,-18.377326017310914,-17.09509619437828,4.771018407730061,0.5235666587603222,9.52660983337228,3.5860184077299992,10.292327258070094,0,1,23.4,king+tour,1,30,8.336748351084381,0.200063094496727,0.0,0.0
35.9,-18.376814411591806,-17.093621838053565,4.7812897904856495,0.5194631139355538,9.525059523683915,3.5962897904855877,10.293548759475712,0,1,23.5,king+tour,1,30,8.33522496246071,0.19995035231113434,0.0,0.0
35.92,-18.37543524834666,-17.092742751157147,4.791593036345338,0.5216123087921847,9.523901757937647,3.6065930363452763,10.29380833455369,0,1,23.5,king+tour,1,30,8.333752656910729,0.19993385672569275,0.0,0.0
35.94,-18.373287291932705,-17.092376486133574,4.80190771572372,0.527115920606087,9.523077842848014,3.6169077157236584,10.295827832702862,0,1,23.6,king+tour,1,30,8.332313361776578,0.19970905780792236,0.0,0.0
35.96,-18.370497497960645,-17.09238169151619,4.812240939243565,0.5351599896610965,9.522477851129121,3.627240939243503,10.296681675799302,0,1,23.6,king+tour,1,30,8.330853884076609,0.19971416890621185,0.0,0.0
35.98,-18.367250038191397,-17.092645003956967,4.822380392991534,0.5325031706514831,9.522031568935477,3.6373803929914725,10.298871343331463,0,1,23.7,king+tour,1,30,8.329374889404276,0.19649292528629303,0.0,0.0
36.0,-18.363656413588735,-17.093025668505422,4.8320522652370075,0.516246443125949,9.521626165598603,3.6470522652369457,10.2997785782572,0,1,23.7,king+tour,1,30,8.327815465650694,0.17983557283878326,0.0,0.0
36.02,-18.3598548870467,-17.093428901332214,4.841067491574871,0.48961338494086365,9.52119931542618,3.6560674915748095,10.301578091720874,0,1,23.8,king+tour,1,30,8.326167678731922,0.1623874306678772,0.0,0.0
36.04,-18.355954090406357,-17.093732640367694,4.849262449188013,0.45405341676993083,9.520655450394411,3.6642624491879516,10.302042952980877,0,1,23.8,king+tour,1,30,8.324384590511535,0.14529509842395782,0.0,0.0
36.06,-18.35202594535489,-17.093863200114395,4.85653817216861,0.4134716262430381,9.51993815162353,3.671538172168548,10.303136564857825,0,1,23.9,king+tour,1,30,8.322441044007423,0.1300179660320282,0.0,0.0
36.08,-18.348156719987173,-17.093714380094426,4.862819600465342,0.3689491624584038,9.518962179966481,3.6778196004652806,10.303232858632192,0,1,23.9,king+tour,1,30,8.320291495370101,0.11811156570911407,0.0,0.0
36.1,-18.3444065320659,-17.09322012456082,4.8680410348008865,0.3223801114281381,9.51767574523279,3.6830410348008247,10.303839519791246,0,1,23.9,king+tour,1,30,8.31791078644941,0.11003725230693817,0.0,0.0
36.12,-18.340802209091684,-17.092316541253343,4.872158121268874,0.2772995126252668,9.516021954308739,3.687158121268812,10.302679108294274,0,1,24.0,king+tour,1,30,8.315258128271848,0.10714882612228394,0.0,0.0
36.14,-18.337352418259112,-17.090973715742038,4.875151845510695,0.238047379624288,9.513973191578422,3.6901518455106332,10.301790843518742,0,1,24.0,king+tour,1,30,8.312312207654536,0.10973668843507767,0.0,0.0
36.16,-18.33402924300969,-17.089145267972743,4.8770112937487315,0.21121235009665576,9.511477954789916,3.6920112937486698,10.300391293699345,0,1,24.0,king+tour,1,30,8.309018600874804,0.11695154011249542,0.0,0.0
36.18,-18.330789188301676,-17.086819146411045,4.877758521470599,0.20289865265118334,9.508515004807402,3.6927585214705374,10.298137735374489,0,1,24.0,king+tour,1,30,8.305344099280227,0.1285281777381897,0.0,0.0
36.2,-18.32756565350434,-17.084009510294056,4.877419019565709,0.21447898057234774,9.505083858647822,3.692419019565647,10.295662063336998,0,1,24.0,king+tour,1,30,8.301265881016406,0.14281800389289856,0.0,0.0
36.22,-18.32428891418521,-17.080732573802475,4.8759866874676,0.24252272354699603,9.501185457827832,3.6909866874675386,10.291765671684171,0,1,24.0,king+tour,1,30,8.296761319638678,0.15900149941444397,0.0,0.0
36.24,-18.320871074380268,-17.07703988209446,4.873504359445759,0.2805332127872856,9.496851494138694,3.688504359445697,10.287734196314885,0,1,24.0,king+tour,1,30,8.291828527783945,0.1770891696214676,0.0,0.0
36.26,-18.317230488206448,-17.072934033722895,4.870109631004199,0.3226299727677108,9.492067252704762,3.6851096310041376,10.282327249852509,0,1,24.0,king+tour,1,30,8.286427151293548,0.18914398550987244,0.0,0.0
36.28,-18.313199576669295,-17.068400167434785,4.866525115207207,0.35232422865061597,9.486782871804506,3.681525115207145,10.276890126553157,0,1,24.0,king+tour,1,30,8.280457204476832,0.18430998921394348,0.0,0.0
36.3,-18.308714843445344,-17.06349814297667,4.862524696197864,0.38776935196154166,9.481043727395408,3.6775246961978025,10.27164767893348,0,1,24.0,king+tour,1,30,8.273936766616066,0.1902218759059906,0.0,0.0
36.32,-18.30374674560105,-17.058289875014687,4.858040575327346,0.4240147147674042,9.47490450494593,3.673040575327284,10.265240341175854,0,1,24.0,king+tour,1,30,8.266903411193727,0.1943412870168686,0.0,0.0
36.34,-18.29822261670618,-17.05285744538358,4.853098295335235,0.45949271828964516,9.468430651800347,3.668098295335173,10.259409852603527,0,1,24.0,king+tour,1,30,8.25938955417815,0.19727127254009247,0.0,0.0
36.36,-18.292105511474887,-17.047260510555553,4.847710939462435,0.4943891664977141,9.461673415829011,3.6627109394623734,10.251936274062889,0,1,23.9,king+tour,1,30,8.25142717505698,0.19888152182102203,0.0,0.0
36.38,-18.285391016544196,-17.041564193680422,4.842028160973608,0.5239905520838282,9.454696389557894,3.657028160973546,10.245618571274383,0,1,23.9,king+tour,1,30,8.243069965637796,0.1996997445821762,0.0,0.0
36.4,-18.278021974435458,-17.03582135757508,4.836172010596434,0.5513108138184366,9.447540310697244,3.6511720105963725,10.237486243563719,0,1,23.9,king+tour,1,30,8.23433386434278,0.19999541342258453,0.0,0.0
36.42,-18.270024287538238,-17.0301101098168,4.8301773086932185,0.5755818742170645,9.440288176675036,3.6451773086931567,10.23077229962366,0,1,23.9,king+tour,1,30,8.225299725378694,0.20008008182048798,0.0,0.0
36.44,-18.26141446389398,-17.024457660253283,4.824103558224682,0.5978496759373308,9.432971347811954,3.63910355822462,10.222499072823364,0,1,23.9,king+tour,1,30,8.216000161500476,0.200076624751091,0.0,0.0
36.46,-18.252243076948016,-17.018929829888428,4.818006551355215,0.6161264882748493,9.425666088206127,3.6330065513551535,10.215821213085183,0,1,23.9,king+tour,1,30,8.20651857625083,0.20004874467849731,0.0,0.0
36.48,-18.24254543627532,-17.01355209122634,4.811817308630441,0.6349626627617013,9.418406032527471,3.626817308630379,10.207748801839285,0,1,23.9,king+tour,1,30,8.196896041502901,0.1999397724866867,0.0,0.0
36.5,-18.23240964599664,-17.00837420927932,4.805605045616483,0.6483381019678376,9.411259395869472,3.620605045616421,10.199859298590479,0,1,23.8,king+tour,1,30,8.187221779628114,0.19992616772651672,0.0,0.0
36.52,-18.221871626611932,-17.003425676901642,4.799352152533432,0.6607505148568276,9.404263713914252,3.61435215253337,10.19289252245775,0,1,23.8,king+tour,1,30,8.17754065984854,0.19994330406188965,0.0,0.0
36.54,-18.211005792156882,-16.998703448216123,4.793038791746559,0.6712382710114122,9.397432412463516,3.6080387917464973,10.185185620002464,0,1,23.8,king+tour,1,30,8.167889552243656,0.19994404911994934,0.0,0.0
36.56,-18.199854589495683,-16.99426758617917,4.786728356546717,0.6779524046964129,9.390834034231615,3.601728356546655,10.177814843681778,0,1,23.8,king+tour,1,30,8.15834282437215,0.19993194937705994,0.0,0.0
36.58,-18.18848293590377,-16.99010993465514,4.780430924914279,0.682382254998848,9.384474709605398,3.5954309249142176,10.16980113495731,0,1,23.8,king+tour,1,30,8.148927917396348,0.19995689392089844,0.0,0.0
36.6,-18.176956931617475,-16.9862343063409,4.773914332156255,0.6898102108764473,9.3783722758351,3.588914332156193,10.162128561661998,0,1,23.8,king+tour,1,30,8.139682978573662,0.21995949745178223,0.0,0.0
36.62,-18.165347387467794,-16.982588027912797,4.767017646857486,0.6993588668361267,9.372489870762513,3.582017646857424,10.153958379913126,0,1,23.7,king+tour,1,30,8.130599881056495,0.24195878207683563,0.0,0.0
36.64,-18.153692520966224,-16.97916178832721,4.75961242308832,0.7113585065539616,9.366826360083556,3.574612423088258,10.143871468171767,0,1,23.7,king+tour,1,30,8.121690761558053,0.2651524841785431,0.0,0.0
36.66,-18.141978251585705,-16.97593060821431,4.751606991571088,0.7275843006458025,9.36135481348616,3.5666069915710263,10.135578390584,0,1,23.7,king+tour,1,30,8.112927442497574,0.28874725103378296,0.0,0.0
36.68,-18.130199880450586,-16.972818601002892,4.74300085102073,0.7457886273151584,9.356000241892717,3.558000851020668,10.125721681275518,0,1,23.7,king+tour,1,30,8.104242734208173,0.31228530406951904,0.0,0.0
36.7,-18.11834131702386,-16.969799977239894,4.733788113348711,0.7658527132904076,9.350734551043047,3.5487881133486496,10.115273889477287,0,1,23.6,king+tour,1,30,8.095606643497389,0.33599159121513367,0.0,0.0
36.72,-18.106338118171397,-16.966840427930695,4.7239405209807535,0.7902701915338591,9.345512028151095,3.5389405209806917,10.105373970268113,0,1,23.6,king+tour,1,30,8.086957294866652,0.3597584664821625,0.0,0.0
36.74,-18.09412438295898,-16.96386795124059,4.713383647774546,0.820759583258376,9.340249963467038,3.5283836477744845,10.094550447137344,0,1,23.5,king+tour,1,30,8.078199756471431,0.38330841064453125,0.0,0.0
36.76,-18.081618769455037,-16.960866291808923,4.702157916402271,0.8535475576911422,9.33491770201492,3.5171579164022093,10.082248548201687,0,1,23.5,king+tour,1,30,8.069279479086678,0.40704432129859924,0.0,0.0
36.78,-18.068727754008723,-16.9577669802257,4.690443815049057,0.884596210200407,9.329431422677077,3.505443815048995,10.071420541262492,0,1,23.4,king+tour,1,30,8.060090997461499,0.4286844730377197,0.0,0.0
36.8,-18.055327836772054,-16.95450135902897,4.678231262856392,0.9210978433487078,9.323701945544297,3.4932312628563302,10.058923335168188,0,1,23.4,king+tour,1,30,8.050513835553238,0.4522009789943695,0.0,0.0
36.82,-18.04135846747239,-16.951043673589364,4.665326708859989,0.9664708752411565,9.317694614234572,3.480326708859927,10.046738347655396,0,1,23.3,king+tour,1,30,8.040496652244654,0.47358688712120056,0.0,0.0
36.84,-18.026688808495173,-16.94735737256489,4.651683929946757,1.01847082214727,9.311351574010517,3.4666839299466954,10.032820940863903,0,1,23.3,king+tour,1,30,8.029943787013208,0.4969977140426636,0.0,0.0
36.86,-18.01119621938109,-16.943397670076667,4.6374427501917,1.0706432202990006,9.30460922497315,3.452442750191638,10.01984027395086,0,1,23.2,king+tour,1,30,8.018757155270587,0.5194814801216125,0.0,0.0
36.88,-17.994740023154122,-16.939112781974757,4.622614880182711,1.1280873074698468,9.297394693151306,3.4376148801826494,10.006026578469998,0,1,23.2,king+tour,1,30,8.006824217725455,0.5428264141082764,0.0,0.0
36.9,-17.97723225421328,-16.93445755069294,4.607235356651824,1.1881949499242703,9.289652207389926,3.422235356651762,9.991090359233976,0,1,23.1,king+tour,1,30,7.994065169006117,0.5659520626068115,0.0,0.0
36.92,-17.958623728266957,-16.929442118360228,4.591149037722909,1.2551906788031513,9.281388179644118,3.406149037722847,9.975399062101998,0,1,23.0,king+tour,1,31,9.159811877322607,0.5607824921607971,0.0,0.0
36.94,-17.938850345444372,-16.924020963756128,4.574300742889619,1.3268766184912786,9.272552332453666,3.3893007428895574,9.958918474821978,0,1,23.0,king+tour,1,31,9.158956712422745,0.5482881665229797,0.0,0.0
36.96,-17.91785306699939,-16.91813565406054,4.556771095510048,1.3989380879449917,9.26308338941126,3.3717710955099864,9.94292694697712,0,1,22.9,king+tour,1,31,9.15797354193763,0.5302065014839172,0.0,0.0
36.98,-17.89558839478463,-16.91171545405931,4.538755174021638,1.4675728465419187,9.252911469921129,3.3537551740215763,9.926681182755301,0,1,22.8,king+tour,1,31,9.156812793668145,0.5089347958564758,0.0,0.0
37.0,-17.872073958067183,-16.904692578913313,4.520490707836412,1.5295752960269384,9.241980708367649,3.3354907078363505,9.911086620392329,0,1,22.8,king+tour,1,31,9.155414745651322,0.4864565134048462,0.0,0.0
37.02,-17.847334784809554,-16.897067198636158,4.50222244275179,1.584221123331811,9.230303681422898,3.317222442751728,9.89519131338378,0,1,22.7,king+tour,1,31,9.153784587029476,0.4635084271430969,0.0,0.0
37.04,-17.8214818143959,-16.888860474485416,4.484221823080777,1.6276890896575733,9.217928014992115,3.299221823080715,9.878496482524461,0,1,22.6,king+tour,1,31,9.1519277761506,0.4402475357055664,0.0,0.0
37.06,-17.794728401931884,-16.880133876345294,4.466721069871998,1.6569361457547864,9.204956984033094,3.281721069871936,9.861959379973817,0,1,22.5,king+tour,1,31,9.14986341335548,0.41678282618522644,0.0,0.0
37.08,-17.76724170998752,-16.87092372299845,4.449937057540867,1.6748494175956574,9.191459833165409,3.2649370575408057,9.844899144632357,0,1,22.5,king+tour,1,31,9.147595163805413,0.3931235373020172,0.0,0.0
37.1,-17.739292216309178,-16.861312672003283,4.434022406391931,1.6784089335585781,9.177566152329998,3.2490224063918696,9.828415917594004,0,1,22.4,king+tour,1,31,9.14514417350794,0.3693654537200928,0.0,0.0
37.12,-17.711064602690442,-16.851359560224406,4.4191360999658045,1.6714250833525857,9.163366081904071,3.2341360999657427,9.811759290788888,0,1,22.4,king+tour,1,31,9.142526528122993,0.345597505569458,0.0,0.0
37.14,-17.682840117451274,-16.841171588462508,4.405368844055488,1.6507223198780463,9.149010172441372,3.220368844055426,9.796093144882752,0,1,22.3,king+tour,1,31,9.139778168967226,0.3219295144081116,0.0,0.0
37.16,-17.654811404784375,-16.830833418758694,4.392835771283327,1.6198490668119405,9.134610613872912,3.207835771283265,9.780261328841458,0,1,22.3,king+tour,1,31,9.136932111874028,0.29866823554039,0.0,0.0
37.18,-17.62726094151983,-16.820480272968197,4.381571638791997,1.5756715509844395,9.12034060439844,3.1965716387919354,9.765812325059414,0,1,22.3,king+tour,1,31,9.134044169230762,0.2759919762611389,0.0,0.0
37.2,-17.60037415207264,-16.810209750661095,4.371643013248226,1.5223014488157043,9.106319416944967,3.1866430132481645,9.751383440966336,0,1,22.3,king+tour,1,31,9.131155461423539,0.25469285249710083,0.0,0.0
37.22,-17.57441901443659,-16.80017012056186,4.363032834113861,1.4565357247264237,9.092726219305122,3.1780328341137993,9.735621689092891,0,1,22.2,king+tour,1,31,9.12833157090366,0.23508387804031372,0.0,0.0
37.24,-17.549558340531757,-16.790464213212505,4.355728910125379,1.383478451319454,9.079678328778316,3.170728910125317,9.723019956076508,0,1,22.2,king+tour,1,31,9.125619179553091,0.2180800437927246,0.0,0.0
37.26,-17.52596979102027,-16.781092133832875,4.349586586130507,1.3057408663397534,9.067192021588625,3.1645865861304454,9.709711819199278,0,1,22.2,king+tour,1,31,9.122960294652492,0.20771823823451996,0.0,0.0
37.28,-17.50374306128229,-16.77213480997593,4.344341398509956,1.226553258829535,9.055350718450459,3.159341398509894,9.698512535246936,0,1,22.2,king+tour,1,31,9.120397350361868,0.20258009433746338,0.0,0.0
37.3,-17.482880039742096,-16.763631950737807,4.339789549848551,1.1492210505884226,9.044185297555261,3.1547895498484895,9.686581527252013,0,1,22.2,king+tour,1,31,9.117956890790902,0.20038722455501556,0.0,0.0
37.32,-17.463438548467632,-16.755634633765798,4.335690596678251,1.0708992469159853,9.033745595423598,3.1506905966781895,9.674750228397182,0,1,22.2,king+tour,1,31,9.115661349424908,0.1996810883283615,0.0,0.0
37.34,-17.445398543575262,-16.748154642256413,4.331843588434562,0.9952280164919716,9.024032758297418,3.1468435884345,9.664085717862404,0,1,22.2,king+tour,1,31,9.113517336681806,0.19961072504520416,0.0,0.0
37.36,-17.428686544258973,-16.741169458441117,4.328130954587478,0.9244827799418649,9.015007944640343,3.1431309545874164,9.653175782455307,0,1,22.2,king+tour,1,31,9.111514494794958,0.1996976137161255,0.0,0.0
37.38,-17.413290132131042,-16.734679556059127,4.324421158735697,0.8557612467896105,9.006663623146036,3.139421158735635,9.642643717411623,0,1,22.2,king+tour,1,31,9.109648450273365,0.1998143196105957,0.0,0.0
37.4,-17.399142548673996,-16.728645549877097,4.320636745946849,0.7919676894217816,8.998946662993525,3.135636745946787,9.633512280661677,0,1,22.2,king+tour,1,31,9.107892874727241,0.19987569749355316,0.0,0.0
37.42,-17.386171699379897,-16.72303472740075,4.316724425066227,0.7331959406330035,8.991810734438797,3.1317244250661656,9.623164665627673,0,1,22.2,king+tour,1,31,9.106230462741545,0.19989332556724548,0.0,0.0
37.44,-17.37426941076222,-16.71784102855883,4.312652547942162,0.6804762400564117,8.985232460458956,3.1276525479421,9.614834305822324,0,1,22.2,king+tour,1,31,9.104680847041408,0.19989565014839172,0.0,0.0
37.46,-17.36337494363141,-16.712996836897737,4.308386787886511,0.633151474305562,8.979133797907505,3.1233867878864494,9.605362515072633,0,1,22.2,king+tour,1,31,9.103192053761179,0.1998962163925171,0.0,0.0
37.48,-17.35339579133852,-16.70848785527527,4.303918514999659,0.5913540782556297,8.973486495794605,3.1189185149995975,9.597642360641338,0,1,22.2,king+tour,1,31,9.101773154873808,0.199900820851326,0.0,0.0
37.5,-17.34428031079118,-16.704243203007444,4.299232293118948,0.5546839956203177,8.968211465159895,3.114232293118886,9.588893542937633,0,1,22.2,king+tour,1,31,9.10036794886628,0.19990327954292297,0.0,0.0
37.52,-17.335939872490712,-16.700241153839006,4.294326597056778,0.5235579300442325,8.963274590807146,3.1093265970567163,9.581693581334699,0,1,22.2,king+tour,1,31,9.098978651361847,0.19988365471363068,0.0,0.0
37.54,-17.32828035379747,-16.696411261796122,4.289203768833964,0.49894806511483497,8.95859322020898,3.1042037688339024,9.573430314036184,0,1,22.1,king+tour,1,31,9.097563118890628,0.19988353550434113,0.0,0.0
37.56,-17.3212185100317,-16.692727999604507,4.28386409732984,0.47944798861899823,8.954130989121616,3.098864097329778,9.566570697891748,0,1,22.1,king+tour,1,31,9.09611952131814,0.19986791908740997,0.0,0.0
37.58,-17.31465797535461,-16.68911893376281,4.278344744825738,0.46510542773524777,8.949803801546523,3.093344744825676,9.558475677248035,0,1,22.1,king+tour,1,31,9.094605523847747,0.18866080045700073,0.0,0.0
37.6,-17.30855006532147,-16.68555450582616,4.272680461462358,0.4530337115192278,8.945575834798152,3.0876804614622966,9.551757691702703,0,1,22.1,king+tour,1,31,9.09300609394705,0.17788486182689667,0.0,0.0
37.62,-17.302804861474556,-16.681955470288365,4.2668784862536,0.44615955769190474,8.94135747712638,3.0818784862535384,9.543833801267924,0,1,22.1,king+tour,1,31,9.091271220426512,0.16854563355445862,0.0,0.0
37.64,-17.29737746651991,-16.678284845350813,4.260926723536324,0.44258779600389936,8.937106352772838,3.075926723536262,9.537205978778145,0,1,22.0,king+tour,1,31,9.089378219411927,0.16173429787158966,0.0,0.0
37.66,-17.292269950895143,-16.674464238513497,4.254814370379581,0.4417143125804554,8.932744238683979,3.069814370379519,9.530015577740661,0,1,22.0,king+tour,1,31,9.087251060913577,0.15801972150802612,0.0,0.0
37.68,-17.287527956540576,-16.670463522904534,4.2485237832199845,0.4417683857380964,8.928245686180578,3.0635237832199227,9.523641620564234,0,1,22.0,king+tour,1,31,9.084846850033689,0.15771371126174927,0.0,0.0
37.7,-17.283155113922373,-16.666246150328707,4.242041338550784,0.4442129919761804,8.923574217139004,3.0570413385507225,9.516191784652513,0,1,22.0,king+tour,1,31,9.082129071594021,0.1608038991689682,0.0,0.0
37.72,-17.279196656598558,-16.661806459835198,4.235340122073885,0.4480137786186961,8.91872863011121,3.0503401220738233,9.509819409590008,0,1,21.9,king+tour,1,31,9.079078256139619,0.1675100028514862,0.0,0.0
37.74,-17.27574342207133,-16.657116549349553,4.22839045979781,0.453370419234937,8.913690561337088,3.043390459797748,9.501945885013852,0,1,21.9,king+tour,1,31,9.075639969247874,0.17707419395446777,0.0,0.0
37.76,-17.27283410630848,-16.65219353703187,4.221162343386581,0.4608303249089921,8.908480706414124,3.0361623433865192,9.495259901394567,0,1,21.9,king+tour,1,31,9.071818274963974,0.18754976987838745,0.0,0.0
37.78,-17.270558100821685,-16.64701600450769,4.213647003467293,0.47028549339017056,8.903087003811022,3.0286470034672313,9.488246439377658,0,1,21.8,king+tour,1,31,9.06756521141162,0.19438254833221436,0.0,0.0
37.8,-17.26903307632548,-16.641611176388835,4.205848227831217,0.4805173465397548,8.897548870980946,3.020848227831155,9.480150514894087,0,1,21.8,king+tour,1,31,9.062870630329702,0.19807641208171844,0.0,0.0
37.82,-17.268333216778554,-16.636014944545764,4.197781128640186,0.4921526785072719,8.89190977145858,3.012781128640124,9.472853740299072,0,1,21.8,king+tour,1,31,9.057745720485489,0.19969341158866882,0.0,0.0
37.84,-17.268504790855324,-16.630216032173966,4.189470451493894,0.5067646815572205,8.88616347793507,3.004470451493832,9.465348530824583,0,1,21.7,king+tour,1,31,9.05216520173891,0.20022834837436676,0.0,0.0
37.86,-17.269628581941625,-16.624258419549385,4.180932506178225,0.5235756029543,8.880362711727393,2.995932506178163,9.458376927944018,0,1,21.7,king+tour,1,31,9.046146216357469,0.2003077119588852,0.0,0.0
37.88,-17.271747623826563,-16.61816837908251,4.172212079241601,0.5422747858681298,8.874538844374719,2.987212079241539,9.450447133266195,0,1,21.7,king+tour,1,31,9.03970061663071,0.2002352923154831,0.0,0.0
37.9,-17.274854908820178,-16.612008904530782,4.1633688853124955,0.5607950286260744,8.868754668571249,2.9783688853124337,9.44360328917927,0,1,21.6,king+tour,1,31,9.03289063034082,0.20013093948364258,0.0,0.0
37.92,-17.278904751523527,-16.60578937295221,4.154469315978519,0.5794094694363012,8.863015754233553,2.969469315978457,9.435926806486469,0,1,21.6,king+tour,1,31,9.025739309491408,0.20005151629447937,0.0,0.0
37.94,-17.283886246801654,-16.599582230496026,4.145554091236937,0.5975473723276629,8.857394409148474,2.960554091236875,9.428994655756295,0,1,21.6,king+tour,1,31,9.01831960286262,0.1999967396259308,0.0,0.0
37.96,-17.2897549495409,-16.593403553204382,4.136694704896499,0.6146268202028373,8.851903443756646,2.951694704896437,9.42146771977394,0,1,21.5,king+tour,1,31,9.010661066856514,0.19994312524795532,0.0,0.0
37.98,-17.296398475365066,-16.587306444371936,4.127929467953696,0.6287697316079419,8.846585000727702,2.9429294679536344,9.414776011387572,0,1,21.5,king+tour,1,31,9.00284916976621,0.19992923736572266,0.0,0.0
38.0,-17.3037713475506,-16.581299522966653,4.119305663676452,0.6418963102513688,8.841444403642287,2.9343056636763905,9.407648160259331,0,1,21.5,king+tour,1,31,8.994906917203581,0.19991309940814972,0.0,0.0
38.02,-17.311759943347855,-16.575427027851944,4.110835248980868,0.6520195296142922,8.83651462971172,2.925835248980806,9.401255833317613,0,1,21.4,king+tour,1,31,8.98691177836985,0.19992318749427795,0.0,0.0
38.04,-17.32031975665694,-16.569689296525063,4.102539597915458,0.661456331258662,8.831792660918696,2.917539597915396,9.394566287230843,0,1,21.4,king+tour,1,31,8.978878596213413,0.19992366433143616,0.0,0.0
38.06,-17.32934091752123,-16.56412040475613,4.09441248421283,0.6679144331590389,8.827301344493709,2.909412484212768,9.388538292762252,0,1,21.3,king+tour,1,31,8.970873883963963,0.1999373883008957,0.0,0.0
38.08,-17.338784559521386,-16.558712669007676,4.086464013123099,0.6738029623275862,8.823029949981109,2.9014640131230376,9.382333569109415,0,1,21.3,king+tour,1,31,8.962902999099917,0.1999397873878479,0.0,0.0
38.1,-17.348547446509148,-16.55349034718736,4.078678411527046,0.6767610356382145,8.818991746884771,2.8936784115269845,9.376688306706512,0,1,21.3,king+tour,1,31,8.955020813088069,0.199949249625206,0.0,0.0
38.12,-17.358597917714118,-16.548438401531413,4.071060328491103,0.6792814503117997,8.815169077830056,2.886060328491041,9.37097232599157,0,1,21.2,king+tour,1,31,8.94722326004449,0.19995051622390747,0.0,0.0
38.14,-17.368840663402896,-16.543571918148302,4.0635892482802145,0.6789947335595116,8.811566399304144,2.8785892482801527,9.365692782514927,0,1,21.2,king+tour,1,31,8.939553712302107,0.19995570182800293,0.0,0.0
38.16,-17.379251965838442,-16.538869185253528,4.056267104814016,0.6784627845791832,8.808159905866193,2.8712671048139544,9.360436488228885,0,1,21.2,king+tour,1,31,8.931999060760917,0.19995681941509247,0.0,0.0
38.18,-17.389745018501767,-16.534336824315442,4.0490710737210796,0.6753319801380532,8.804946052115696,2.8640710737210178,9.355477174156325,0,1,21.1,king+tour,1,31,8.924591648882481,0.19995898008346558,0.0,0.0
38.2,-17.40030446919083,-16.52994711252927,4.042001565223928,0.6722155882075548,8.801895662545611,2.8570015652238663,9.350624521613497,0,1,21.1,king+tour,1,31,8.917309829508877,0.199960857629776,0.0,0.0
38.22,-17.41085231537042,-16.525698917392887,4.035034745880397,0.6667848091972424,8.798998018948271,2.8500347458803352,9.345916144436936,0,1,21.1,king+tour,1,31,8.910175518072412,0.1999606043100357,0.0,0.0
38.24,-17.421381879427656,-16.521559170650782,4.028170029250375,0.6616901781323001,8.796219377568315,2.843170029250313,9.341388400161343,0,1,21.0,king+tour,1,31,8.90315910846518,0.1999635398387909,0.0,0.0
38.26,-17.431824210771214,-16.51751962292479,4.021380364904799,0.6547132418945115,8.793542626963754,2.8363803649047377,9.337068915737103,0,1,21.0,king+tour,1,31,8.896272669567281,0.19996100664138794,0.0,0.0
38.28,-17.442181659550887,-16.51354249492109,4.014658957716339,0.6485977315994687,8.790930252110265,2.829658957716277,9.333256514171639,0,1,21.0,king+tour,1,31,8.889479201593593,0.1999722272157669,0.0,0.0
38.3,-17.452422134514396,-16.509627925911058,4.007977685613474,0.6419318011384431,8.788377879241015,2.822977685613412,9.32927867555674,0,1,20.9,king+tour,1,31,8.88278787420692,0.19997361302375793,0.0,0.0
38.32,-17.462582535636287,-16.505757965209803,4.001073966152165,0.6439559169450604,8.785872128708982,2.8160739661521035,9.32549821177915,0,1,20.9,king+tour,1,31,8.87617068060253,0.2199716866016388,0.0,0.0
38.34,-17.47263942934056,-16.5019359569744,3.9937460395114144,0.6508597521409181,8.783412906948127,2.8087460395113526,9.321192994155508,0,1,20.9,king+tour,1,31,8.869637335912794,0.24194645881652832,0.0,0.0
38.36,-17.482628314617862,-16.498145770512888,3.9858630305004463,0.6638621347146527,8.780988604051899,2.800863030500384,9.317036352096402,0,1,20.8,king+tour,1,31,8.863162062111343,0.26511287689208984,0.0,0.0
38.38,-17.492577508503498,-16.49439185666687,3.977323553326301,0.6819109152686429,8.778607211433018,2.7923235533262387,9.311092804557545,0,1,20.8,king+tour,1,31,8.85674096750441,0.2886413335800171,0.0,0.0
38.4,-17.502566476588324,-16.490664218724085,3.96804557265522,0.706674772022256,8.776269508445834,2.7830455726551584,9.305855313345063,0,1,20.7,king+tour,1,31,8.850341975256207,0.3122231066226959,0.0,0.0
38.42,-17.512646188503897,-16.486925656758746,3.9579832705367166,0.7362529487100421,8.773945792092162,2.7729832705366544,9.298895502517857,0,1,20.7,king+tour,1,31,8.843915201250748,0.3357155919075012,0.0,0.0
38.44,-17.522897024784324,-16.483158613451113,3.9470850821636554,0.7714284956241673,8.771630158766726,2.762085082163593,9.293529229748568,0,1,20.6,king+tour,1,31,8.837421525014644,0.3590262532234192,0.0,0.0
38.46,-17.533420230766737,-16.479331904864782,3.935339121973096,0.8114017863413201,8.76930653897281,2.7503391219730338,9.2863491334871,0,1,20.6,king+tour,1,31,8.830803208703534,0.38255488872528076,0.0,0.0
38.48,-17.544292077174116,-16.475442647164748,3.922735844945717,0.8546431442301081,8.766983898382646,2.7377358449456546,9.279429757747403,0,1,20.5,king+tour,1,31,8.824037027778658,0.4061102569103241,0.0,0.0
38.5,-17.555635482532477,-16.471477314330517,3.9092832214823576,0.9019004762960798,8.764667747669323,2.7242832214822954,9.271269738423765,0,1,20.4,king+tour,1,31,8.81707694088414,0.4296746253967285,0.0,0.0
38.52,-17.567540615677753,-16.467412592329296,3.894985610486131,0.9522024999355809,8.762349931385343,2.7099856104860693,9.264061878467913,0,1,20.3,king+tour,1,31,8.809877108400212,0.4532841742038727,0.0,0.0
38.54,-17.58014135975391,-16.463231701212134,3.879880403063737,1.0055171468949664,8.76003573942756,2.6948804030636753,9.255144660045447,0,1,20.3,king+tour,1,31,8.802386418873901,0.47684574127197266,0.0,0.0
38.56,-17.593529363149056,-16.458919540307615,3.863996957338816,1.0607983016005194,8.757726874823389,2.6789969573387538,9.247144534628916,0,1,20.2,king+tour,1,31,8.794567682121947,0.5004441738128662,0.0,0.0
38.58,-17.607775664119924,-16.454464196325794,3.8471287613749965,1.1262140298614214,8.755425923828685,2.6621287613749347,9.237491334440927,0,1,20.1,king+tour,1,31,8.78639300965599,0.5188917517662048,0.0,0.0
38.6,-17.62290334227578,-16.449864866912566,3.8291207231371684,1.1982173411089059,8.753139979824812,2.6441207231371067,9.22905872771267,0,1,20.0,king+tour,1,31,8.777858781573498,0.5364938974380493,0.0,0.0
38.62,-17.63896495855713,-16.445114788246116,3.8098231135220817,1.2776311104569749,8.750875170592067,2.6248231135220195,9.21943489609222,0,1,19.9,king+tour,1,31,8.76894806995539,0.5539966225624084,0.0,0.0
38.64,-17.65597733502829,-16.440216141736045,3.789136951102793,1.361373393364578,8.748641652004332,2.6041369511027312,9.209617707679026,0,1,19.8,king+tour,1,31,8.759662708867435,0.5718793272972107,0.0,0.0
38.66,-17.67394943544939,-16.435165367189164,3.767004566666454,1.4477129877046047,8.746443130514997,2.5820045666663916,9.200013618918138,0,1,19.6,king+tour,1,31,8.750001485752657,0.59028160572052,0.0,0.0
38.68,-17.69288317086437,-16.429941953298314,3.7433853844111447,1.5359330713356938,8.744265864801923,2.558385384411083,9.19045697494462,0,1,19.5,king+tour,1,31,8.7399490501524,0.6092405319213867,0.0,0.0
38.7,-17.712792957888166,-16.42456000698947,3.718260165701602,1.6253011879391532,8.742132670641032,2.53326016570154,9.180357216123856,0,1,19.4,king+tour,1,31,8.729520454460966,0.6289691925048828,0.0,0.0
38.72,-17.733660273785606,-16.419029765477962,3.691607468244567,1.7149305566665516,8.740057618744228,2.506607468244505,9.170075239019614,0,1,19.2,king+tour,1,31,8.718736029185735,0.6447886824607849,0.0,0.0
38.74,-17.755462282202448,-16.41335728690243,3.663473720620887,1.8020906883053673,8.73805007962292,2.4784737206208254,9.160204894688455,0,1,19.1,king+tour,1,31,8.707613358647135,0.6661517024040222,0.0,0.0
38.76,-17.77814875463064,-16.407537207469623,3.6338704613542294,1.8873939142692027,8.736103626314728,2.4488704613541676,9.148957525132552,0,1,18.9,king+tour,1,31,8.696166100732867,0.6863651275634766,0.0,0.0
38.78,-17.80170030428865,-16.401598423602575,3.602868705235656,1.9691708455266088,8.734250637790275,2.417868705235594,9.138588898497456,0,1,18.7,king+tour,1,31,8.68443306288015,0.709221363067627,0.0,0.0
38.8,-17.82625569590146,-16.39550748063606,3.571014035207375,2.0339535676179294,8.732489619404339,2.386014035207313,9.126664147620287,0,1,18.5,king+tour,1,31,8.672353207579642,0.7214101552963257,0.0,0.0
38.82,-17.851924763890107,-16.389248796355314,3.538935690822468,2.077915036044945,8.73083351964031,2.3539356908224063,9.116587115024908,0,1,18.3,king+tour,1,31,8.65989160365981,0.7183545231819153,0.0,0.0
38.84,-17.87867688767876,-16.382827339752758,3.5067024802379474,2.118897765754648,8.729291956397855,2.321702480237885,9.10504279640701,0,1,18.2,king+tour,1,31,8.647069211876042,0.7349870204925537,0.0,0.0
38.86,-17.90643072296747,-16.376259634025466,3.474470776631482,2.151913595574993,8.727876640299147,2.28947077663142,9.093980108524661,0,1,18.0,king+tour,1,31,8.633930609770902,0.7489839196205139,0.0,0.0
38.88,-17.935217931699842,-16.369543329721072,3.442590162385644,2.1738132939619317,8.726601121478854,2.257590162385582,9.083586693385962,0,1,17.8,king+tour,1,31,8.620474496085025,0.7496240139007568,0.0,0.0
38.9,-17.964913606617742,-16.362645437506657,3.4109418564071086,2.197173921849508,8.725419903070312,2.2259418564070463,9.07351695212481,0,1,17.6,king+tour,1,31,8.606707578509944,0.7671666145324707,0.0,0.0
38.92,-17.995446995239327,-16.355610126357547,3.379547170544588,2.2177746301686065,8.724372366997505,2.194547170544526,9.062861300283886,0,1,17.4,king+tour,1,31,8.592697674920482,0.7821616530418396,0.0,0.0
38.94,-18.02681600624791,-16.348416503684163,3.348680560311223,2.2296360051150037,8.723446795529284,2.1636805603111613,9.052964164181647,0,1,17.2,king+tour,1,31,8.57843302661888,0.78326416015625,0.0,0.0
38.96,-18.05896783574804,-16.341087932288236,3.318135624899003,2.2474658942057957,8.722664912078868,2.133135624898941,9.043642005393773,0,1,17.0,king+tour,1,31,8.563956664814757,0.8018931150436401,0.0,0.0
38.98,-18.091849073148985,-16.33359047983409,3.287862184088349,2.2659814566958696,8.721991605744053,2.102862184088287,9.033903993565621,0,1,16.9,king+tour,1,31,8.54925553748534,0.8184685707092285,0.0,0.0
39.0,-18.125491643795662,-16.32595883629774,3.2581597888340808,2.276124352173728,8.721476172694661,2.073159788834019,9.024249224167045,0,1,16.7,king+tour,1,31,8.534364189627972,0.8174526691436768,0.0,0.0
39.02,-18.15990596395589,-16.318169193214345,3.2292008089236117,2.2823488388676147,8.72110675297031,2.0442008089235495,9.016987129335,0,1,16.5,king+tour,1,31,8.519265507567264,0.7997021675109863,0.0,0.0
39.04,-18.195068376801792,-16.310237393714768,3.2006689308988694,2.2985738970424694,8.7209032690717,2.0156689308988076,9.00834782714333,0,1,16.3,king+tour,1,31,8.50398869380223,0.8169187307357788,0.0,0.0
39.06,-18.230909109827923,-16.302191454725502,3.172472967051347,2.3153334831942813,8.720887099027111,1.987472967051285,8.999443748980278,0,1,16.2,king+tour,1,31,8.488584424308153,0.8333460688591003,0.0,0.0
39.08,-18.26750403184332,-16.294030815910766,3.144889310354767,2.327360339489932,8.721083436081809,1.9598893103547048,8.991792022806953,0,1,16.0,king+tour,1,31,8.473044875070388,0.8325160145759583,0.0,0.0
39.1,-18.304877410844817,-16.2856909865891,3.11806277141928,2.3377261400564042,8.721444867023465,1.9330627714192181,8.985020550957696,0,1,15.8,king+tour,1,31,8.457311376407281,0.8153237104415894,0.0,0.0
39.12,-18.342994529625244,-16.277211613148573,3.091722916072124,2.355102172823032,8.722012336753393,1.9067229160720618,8.978533048393528,0,1,15.7,king+tour,1,31,8.441439404372542,0.8323264122009277,0.0,0.0
39.14,-18.381811510054018,-16.268574957653914,3.065761951214708,2.374511257116437,8.722768294015392,1.880761951214646,8.971603253884634,0,1,15.5,king+tour,1,31,8.425429711257172,0.8494588732719421,0.0,0.0
39.16,-18.42134247115825,-16.259811794184458,3.040452413913395,2.3875000514259095,8.723755778116466,1.8554524139133328,8.964429598991455,0,1,15.4,king+tour,1,31,8.409319263098377,0.8489687442779541,0.0,0.0
39.18,-18.46154586630791,-16.2508800348753,3.015893527587169,2.397513401162127,8.72493375053347,1.8308935275871072,8.95961417997734,0,1,15.2,king+tour,1,31,8.393084204949819,0.8310001492500305,0.0,0.0
39.2,-18.502384860428858,-16.241756038257968,2.991796384328212,2.4144062770826653,8.72627979593369,1.8067963843281498,8.95344340993911,0,1,15.1,king+tour,1,31,8.376717358275517,0.8485466241836548,0.0,0.0
39.22,-18.543826416145304,-16.23241484512921,2.9684308299782542,2.424154264557507,8.72777076752655,1.7834308299781922,8.9493137556272,0,1,14.9,king+tour,1,31,8.360209069671644,0.8453734517097473,0.0,0.0
39.24,-18.585903861477004,-16.222811561792756,2.9460040455180607,2.4319205978538863,8.72938123620757,1.7610040455179987,8.943825643653122,0,1,14.8,king+tour,1,31,8.34351831482009,0.8380643725395203,0.0,0.0
39.26,-18.628542849790733,-16.212931561650958,2.9246585596388015,2.4348139018423147,8.731087321641759,1.7396585596387395,8.940676962978108,0,1,14.6,king+tour,1,31,8.326652361617036,0.8253288865089417,0.0,0.0
39.28,-18.67174326052587,-16.202741664390533,2.904434676222555,2.438808599652895,8.732866159491438,1.719434676222493,8.936804224765824,0,1,14.5,king+tour,1,31,8.309587040201626,0.8079439401626587,0.0,0.0
39.3,-18.715406081154224,-16.19223756274933,2.8854086302686555,2.4386310099893875,8.734695673152219,1.7004086302685935,8.934146317377547,0,1,14.4,king+tour,1,31,8.292342119139601,0.8053228855133057,0.0,0.0
39.32,-18.759503880715418,-16.181434941321438,2.8676642689386607,2.4373012302868147,8.736591248842599,1.6826642689385987,8.930108287707549,0,1,14.3,king+tour,1,31,8.274944611357554,0.8012443780899048,0.0,0.0
39.34,-18.80392583487219,-16.170339169691072,2.8512508707125894,2.431987767499638,8.738534007983946,1.6662508707125274,8.928408532355297,0,1,14.2,king+tour,1,32,9.477982146783177,0.7944300174713135,0.0,0.0
39.36,-18.848654635312823,-16.158929743655058,2.8361827709343324,2.427904560653542,8.740505326031219,1.6511827709342703,8.925301033013586,0,1,14.1,king+tour,1,32,9.490921258467994,0.7830272912979126,0.0,0.0
39.38,-18.89356366839115,-16.147224996829195,2.8224442830775276,2.4200043382602443,8.742491165894284,1.6374442830774656,8.924462372972602,0,1,14.0,king+tour,1,32,9.503906592846771,0.7689172625541687,0.0,0.0
39.4,-18.93862286815657,-16.13521525913964,2.809990998014167,2.413322187225343,8.744477208855558,1.6249909980141048,8.922424336167644,0,1,13.9,king+tour,1,32,9.516917733511068,0.752225399017334,0.0,0.0
39.42,-18.983697745781043,-16.122931083032633,2.7987461513914504,2.402650698217302,8.746454951531227,1.6137461513913884,8.922551851786833,0,1,13.8,king+tour,1,32,9.529913567341561,0.733288049697876,0.0,0.0
39.44,-19.0287433863685,-16.11039067815957,2.7886160110259897,2.3921701622891964,8.748429127384542,1.6036160110259277,8.92122666977901,0,1,13.8,king+tour,1,32,9.5428872464429,0.7125419974327087,0.0,0.0
39.46,-19.073619153745266,-16.097651100947182,2.779469003697828,2.3768671966821873,8.750410043370307,1.594469003697766,8.92192703915834,0,1,13.7,king+tour,1,32,9.555813134941575,0.6904202699661255,0.0,0.0
39.48,-19.118280729390566,-16.08474327458325,2.771047698714239,2.362301154694806,8.75241099795106,1.5860476987141772,8.92151460695836,0,1,13.7,king+tour,1,32,9.568692253425748,0.6671472787857056,0.0,0.0
39.5,-19.162593672919947,-16.07172287759801,2.763318518615398,2.3414247408852087,8.754438214055803,1.5783185186153361,8.922657939399336,0,1,13.6,king+tour,1,32,9.581496941731608,0.6442931294441223,0.0,0.0
39.52,-19.206505132035154,-16.05864310206971,2.756115508174412,2.31904081945008,8.756519569145388,1.5711155081743502,8.921899347277774,0,1,13.6,king+tour,1,32,9.594239122329821,0.6208693385124207,0.0,0.0
39.54,-19.249884941574095,-16.045587335474114,2.7493113129636413,2.2905010311609857,8.758684046571519,1.5643113129635793,8.923074974853709,0,1,13.5,king+tour,1,32,9.606912483858062,0.5973941087722778,0.0,0.0
39.56,-19.292629210537942,-16.03258895359561,2.742844369701262,2.2571286050378787,8.760919545824214,1.5578443697011999,8.922817644882622,0,1,13.5,king+tour,1,32,9.619480716632562,0.5738601684570312,0.0,0.0
39.58,-19.3345406103169,-16.019721879680397,2.7368232195087883,2.2126800899652834,8.763217640122251,1.5518232195087263,8.924358030087744,0,1,13.4,king+tour,1,32,9.631887797858978,0.5513331890106201,0.0,0.0
39.6,-19.375484824189424,-16.007037383876106,2.731367537229077,2.1604915832891303,8.765566752611493,1.5463675372290149,8.924481523638791,0,1,13.4,king+tour,1,32,9.644090665370186,0.5290504693984985,0.0,0.0
39.62,-19.41529663316978,-15.994639504803754,2.726515833049628,2.0989441233784554,8.767991197700018,1.541515833049566,8.925180564911326,0,1,13.4,king+tour,1,32,9.656070548467879,0.5070003271102905,0.0,0.0
39.64,-19.45388879707457,-15.982602379059692,2.722307340796609,2.032214874266472,8.770512167421526,1.537307340796547,8.925592313059635,0,1,13.3,king+tour,1,32,9.66782518217127,0.4851657748222351,0.0,0.0
39.66,-19.491166703511176,-15.970937191646753,2.718616631937364,1.9617213344147744,8.77308807537755,1.5336166319373021,8.92641723794326,0,1,13.3,king+tour,1,32,9.6792949887338,0.46282249689102173,0.0,0.0
39.68,-19.527090219746498,-15.959697264473387,2.715351728572078,1.8891099594495597,8.775735514766977,1.5303517285720158,8.92739367985136,0,1,13.3,king+tour,1,32,9.690485376867482,0.4405415654182434,0.0,0.0
39.7,-19.561607071709744,-15.948872357725257,2.7124404243933062,1.8145711391260835,8.7784072663787,1.5274404243932442,8.92847894080764,0,1,13.3,king+tour,1,32,9.701342431823573,0.4183333218097687,0.0,0.0
39.72,-19.594686787636142,-15.938528639110393,2.709835170842997,1.7378488618231442,8.781135128170751,1.524835170842935,8.928099106324975,0,1,13.2,king+tour,1,32,9.711887417269947,0.39624229073524475,0.0,0.0
39.74,-19.62626152254774,-15.928663294587482,2.7074727430668752,1.6582143802075642,8.78387286479681,1.5224727430668132,8.92815450871063,0,1,13.2,king+tour,1,32,9.722063585424651,0.37431082129478455,0.0,0.0
39.76,-19.656311757748718,-15.919239726916395,2.7053569891997973,1.578208381133238,8.786561356655943,1.5203569891997353,8.928913673418053,0,1,13.2,king+tour,1,32,9.731814864310627,0.352552205324173,0.0,0.0
39.78,-19.684760918021052,-15.910266448563506,2.703442710092029,1.4946060593863657,8.789162016568918,1.518442710091967,8.929043108077849,0,1,13.2,king+tour,1,32,9.741089363224683,0.3310491144657135,0.0,0.0
39.8,-19.711555724140617,-15.901713570398321,2.7018282464371652,1.408651707117871,8.791609809086433,1.5168282464371032,8.929785215016528,0,1,13.2,king+tour,1,32,9.749817748993078,0.3119317293167114,0.0,0.0
39.82,-19.736604526172798,-15.893598450695722,2.700555339308966,1.3180648159252113,8.793868747284156,1.5155553393089038,8.929362654616774,0,1,13.2,king+tour,1,32,9.757946914721975,0.29374563694000244,0.0,0.0
39.84,-19.7598809246423,-15.885883092025233,2.699698844421486,1.2268364485716257,8.795877537224188,1.5146988444214242,8.930404705692458,0,1,13.1,king+tour,1,32,9.765417574643067,0.27656713128089905,0.0,0.0
39.86,-19.781386485291915,-15.878522613988723,2.699316089743076,1.1366752800646625,8.797580617718179,1.5143160897430141,8.930135327549921,0,1,13.1,king+tour,1,32,9.772182369944172,0.26048487424850464,0.0,0.0
39.88,-19.801155368388148,-15.871535327747353,2.699435965480795,1.0483859953326977,8.798994663589406,1.5144359654807331,8.92908542594099,0,1,13.1,king+tour,1,32,9.778265287061569,0.24565963447093964,0.0,0.0
39.9,-19.81916753813845,-15.86486944493659,2.7000841311766703,0.9608490666201402,8.800051739963449,1.5150841311766083,8.92968505488811,0,1,13.1,king+tour,1,32,9.783602722045774,0.23233374953269958,0.0,0.0
39.92,-19.83547515573141,-15.858458266471123,2.701274313312581,0.8781488119772651,8.800700272587463,1.516274313312519,8.928901580561682,0,1,13.2,king+tour,1,32,9.7881630870673,0.22076337039470673,0.0,0.0
39.94,-19.85012222815076,-15.852301086819642,2.703020300129478,0.7992122084952248,8.800947392874518,1.5180203001294161,8.927955432926753,0,1,13.2,king+tour,1,32,9.791964176934703,0.21125337481498718,0.0,0.0
39.96,-19.863175972507538,-15.846329858156341,2.7053309067284674,0.7269709697381885,8.800749231349162,1.5203309067284054,8.926519524106762,0,1,13.2,king+tour,1,32,9.794984672146528,0.20404255390167236,0.0,0.0
39.98,-19.87463512583297,-15.840500252813337,2.7082205824178014,0.6588754035864995,8.800057256468731,1.5232205824177394,8.924385213568714,0,1,13.2,king+tour,1,32,9.797182353923834,0.1992269903421402,0.0,0.0
40.0,-19.88456769883318,-15.83469894641139,2.7117012857952068,0.6008877981272578,8.79878896500067,1.5267012857951447,8.923518790199989,0,1,13.2,king+tour,1,32,9.798502160179922,0.1974886953830719,0.0,0.0
40.02,-19.893009901203932,-15.82887550364433,2.7156712220797266,0.5498719410760863,8.796907589950237,1.5306712220796646,8.921502933040392,0,1,13.2,king+tour,1,32,9.798921233852727,0.19802945852279663,0.0,0.0
40.04,-19.900045041782455,-15.82302073270488,2.720085565731868,0.5080796581054513,8.794434141153676,1.535085565731806,8.918792297329176,0,1,13.3,king+tour,1,32,9.798478702298235,0.19891585409641266,0.0,0.0
40.06,-19.905745626840282,-15.817068162362778,2.7248084697906876,0.4749620680328693,8.791333842426194,1.5398084697906256,8.916634097052542,0,1,13.3,king+tour,1,32,9.797162143394836,0.1996164321899414,0.0,0.0
40.08,-19.91014316090589,-15.81095875985397,2.730043949199817,0.4584576030459285,8.787562710410748,1.5450439491997552,8.91317186017424,0,1,13.3,king+tour,1,32,9.79494098657782,0.1977696567773819,0.0,0.0
40.1,-19.913244351534356,-15.804687293012382,2.7358836577680985,0.45566126624302783,8.783116234794111,1.5508836577680365,8.910164016557943,0,1,13.4,king+tour,1,32,9.791813034502953,0.19794894754886627,0.0,0.0
40.12,-19.91526379506466,-15.798206815952193,2.741858323785953,0.45213761490452486,8.778037787826667,1.5568583237858908,8.9061988704887,0,1,13.4,king+tour,1,32,9.78786878281304,0.19747294485569,0.0,0.0
40.14,-19.916390645259803,-15.791519066142753,2.7477071513865776,0.4477850298351929,8.772405407374166,1.5627071513865156,8.902049291232158,0,1,13.5,king+tour,1,32,9.78322276273947,0.19786807894706726,0.0,0.0
40.16,-19.916701019342266,-15.784589299761803,2.753369541681695,0.44771826526243114,8.76621784210508,1.5683695416816328,8.897032669780144,0,1,13.5,king+tour,1,32,9.777892488581156,0.19879192113876343,0.0,0.0
40.18,-19.916312589183587,-15.777420024769688,2.758851177797364,0.4516572716268146,8.75952518009437,1.5738511777973019,8.891926274628737,0,1,13.6,king+tour,1,32,9.771950516382118,0.1994391679763794,0.0,0.0
40.2,-19.91525206966328,-15.769954074136972,2.76442813633194,0.4689551870900679,8.752285877762827,1.579428136331878,8.886350401587228,0,1,13.6,king+tour,1,32,9.76536703671979,0.19927483797073364,0.0,0.0
40.22,-19.913673179421533,-15.762202110221873,2.769987426069444,0.4834551202593967,8.74457270311301,1.5849874260693821,8.880536297909066,0,1,13.7,king+tour,1,32,9.758243288263644,0.19941213726997375,0.0,0.0
40.24,-19.911617044125823,-15.754126535742525,2.7758807466909468,0.5103278933038711,8.736368167068457,1.5908807466908848,8.874863906299018,0,1,13.7,king+tour,1,32,9.750574055341835,0.19610929489135742,0.0,0.0
40.26,-19.90921979512635,-15.745724396523089,2.7822752903545855,0.5413707945910042,8.727725621312585,1.5972752903545235,8.868141991729644,0,1,13.8,king+tour,1,32,9.742439376973618,0.19689196348190308,0.0,0.0
40.28,-19.906605127052643,-15.737060694555892,2.788718689793022,0.5554584080633798,8.718755265412998,1.60371868979296,8.862409726180974,0,1,13.8,king+tour,1,32,9.733965909030413,0.19661490619182587,0.0,0.0
40.3,-19.903871426786214,-15.72815209794663,2.794996407409183,0.5617961132863977,8.709512879827498,1.609996407409121,8.855331220267445,0,1,13.9,king+tour,1,32,9.725226612939135,0.19751645624637604,0.0,0.0
40.32,-19.90109762434992,-15.719034741643078,2.8014164064884874,0.574535799797942,8.700063979694301,1.6164164064884254,8.848926559117398,0,1,13.9,king+tour,1,32,9.716298189886984,0.19781163334846497,0.0,0.0
40.34,-19.898413740655023,-15.709689215187158,2.808260120428511,0.5945134921069721,8.690444650707057,1.623260120428449,8.84100563560346,0,1,14.0,king+tour,1,32,9.707244328372557,0.19755919277668,0.0,0.0
40.36,-19.895905582525703,-15.700158985608486,2.8155259092417118,0.6121842453499875,8.680730036955907,1.6305259092416498,8.834439940473167,0,1,14.0,king+tour,1,32,9.698151939503981,0.19862426817417145,0.0,0.0
40.38,-19.89358270583204,-15.69044469161142,2.8231547543525375,0.6284157495646829,8.670924809354489,1.6381547543524755,8.82741756115611,0,1,14.1,king+tour,1,32,9.689027642917361,0.19939370453357697,0.0,0.0
40.4,-19.891518954678254,-15.680583447236277,2.8310675231399887,0.6405371170640776,8.661093481244334,1.6460675231399267,8.821032541230117,0,1,14.2,king+tour,1,32,9.679946161177398,0.19980843365192413,0.0,0.0
40.42,-19.889732244785403,-15.67061507371663,2.8392015592016975,0.6494677542449261,8.651279946130959,1.6542015592016355,8.813543628353417,0,1,14.2,king+tour,1,32,9.670950394061263,0.1999886929988861,0.0,0.0
40.44,-19.888282905093426,-15.660579609718278,2.8474663679299406,0.65406075122925,8.64154590620311,1.6624663679298786,8.807400192441248,0,1,14.3,king+tour,1,32,9.662109269059574,0.20003287494182587,0.0,0.0
40.46,-19.88716776135262,-15.65048490167814,2.8558259521674922,0.6577030572435487,8.63189751723719,1.6708259521674302,8.800099535523717,0,1,14.4,king+tour,1,32,9.65342755093313,0.20003467798233032,0.0,0.0
40.48,-19.88642496542553,-15.640376844580445,2.864251036365283,0.65898901322298,8.622392737654819,1.679251036365221,8.794124611653103,0,1,14.4,king+tour,1,32,9.644965381005054,0.20002180337905884,0.0,0.0
40.5,-19.88602044146364,-15.63026721372802,2.872664006854231,0.6579254290114251,8.613028542069891,1.6876640068541688,8.78707552841169,0,1,14.5,king+tour,1,32,9.636711803837478,0.19996368885040283,0.0,0.0
40.52,-19.885982885756228,-15.620194073372033,2.881007636465259,0.6539987044111766,8.603851899623795,1.696007636465197,8.781294094292122,0,1,14.6,king+tour,1,32,9.628714984216195,0.1999368667602539,0.0,0.0
40.54,-19.88628011540686,-15.61016485368316,2.8892825412546435,0.6502838655276865,8.594856628716979,1.7042825412545815,8.774517967960795,0,1,14.6,king+tour,1,32,9.620961630589148,0.19996194541454315,0.0,0.0
40.56,-19.886940997850285,-15.600212008971043,2.897503067349842,0.6462834764045196,8.586084715947347,1.71250306734978,8.769000423475163,0,1,14.7,king+tour,1,32,9.613495560589715,0.19997641444206238,0.0,0.0
40.58,-19.887926871546494,-15.590339671481875,2.9056729546001376,0.6426158497256822,8.577524276974701,1.7206729546000756,8.76257110523452,0,1,14.8,king+tour,1,32,9.606296850147348,0.19997546076774597,0.0,0.0
40.6,-19.88926074399496,-15.58057560580707,2.9138054395104667,0.6388534750382844,8.569210620256202,1.7288054395104047,8.757020723400416,0,1,14.8,king+tour,1,32,9.599401993151307,0.19998593628406525,0.0,0.0
40.62,-19.89089823745978,-15.570921584675101,2.921918913176143,0.6358261629318026,8.561127286591898,1.736918913176081,8.750635190868678,0,1,14.9,king+tour,1,32,9.59278560614205,0.19999100267887115,0.0,0.0
40.64,-19.892854307452623,-15.561388038101084,2.9300734394866037,0.6348445074265597,8.55329047039021,1.7450734394865417,8.745453328845773,0,1,15.0,king+tour,1,32,9.58646550880986,0.19995270669460297,0.0,0.0
40.66,-19.895070058337716,-15.551960040177544,2.9382940136825613,0.6351663895041739,8.545662387287747,1.7532940136824993,8.739495182969712,0,1,15.0,king+tour,1,32,9.58039411721398,0.199957937002182,0.0,0.0
40.68,-19.897547786710334,-15.542642486069111,2.946560913147406,0.6350149195371297,8.538248856324616,1.761560913147344,8.734648499292762,0,1,15.1,king+tour,1,32,9.574577043879628,0.1999759078025818,0.0,0.0
40.7,-19.900218109863157,-15.533417973311185,2.9548569757620893,0.6345213082875815,8.531005292386592,1.7698569757620273,8.729051968408346,0,1,15.2,king+tour,1,32,9.568958151469007,0.19998851418495178,0.0,0.0
40.72,-19.90307882425564,-15.524289260269684,2.963216383108686,0.6352101617098008,8.523933578770267,1.7782163831086242,8.72446705238367,0,1,15.2,king+tour,1,32,9.563538491457285,0.19997133314609528,0.0,0.0
40.74,-19.906053631648827,-15.515238468338751,2.971644876629715,0.6360145765578685,8.516985577735943,1.786644876629653,8.719562219908594,0,1,15.3,king+tour,1,32,9.558257097186226,0.19997647404670715,0.0,0.0
40.76,-19.909132552217297,-15.506265693780163,2.9801823128176443,0.6381188208499087,8.51015732575837,1.7951823128175823,8.715571516632563,0,1,15.3,king+tour,1,32,9.55310798563981,0.19994710385799408,0.0,0.0
40.78,-19.912240619280123,-15.497367817584825,2.9888325084630227,0.639644757576235,8.503414364128803,1.8038325084629607,8.710895138270514,0,1,15.4,king+tour,1,32,9.54804238220707,0.1999579221010208,0.0,0.0
40.8,-19.915368965484788,-15.488555080060898,2.9974661554316264,0.636377939239656,8.496762197064681,1.8124661554315644,8.707003236327395,0,1,15.5,king+tour,1,32,9.543062778004053,0.1998034417629242,0.0,0.0
40.82,-19.918442757101342,-15.47981735210499,3.005713157033354,0.6200990246572538,8.490159792114852,1.820713157033292,8.702299653377931,0,1,15.5,king+tour,1,32,9.538114713607518,0.1971730887889862,0.0,0.0
40.84,-19.92145238607213,-15.471158149307394,3.0133128296067593,0.5953878627723264,8.483606060768016,1.8283128296066973,8.698234254758473,0,1,15.6,king+tour,1,32,9.53319476631426,0.19650381803512573,0.0,0.0
40.86,-19.92438909747806,-15.462539089822805,3.020021057446333,0.5654926635868965,8.47706235971553,1.8350210574462709,8.693294296966052,0,1,15.7,king+tour,1,32,9.52826720056959,0.19119173288345337,0.0,0.0
40.88,-19.927242784621807,-15.45396736169949,3.0256660372493482,0.5326439953450774,8.470530691980779,1.8406660372492862,8.686999955228723,0,1,15.7,king+tour,1,32,9.523331163890738,0.18769145011901855,0.0,0.0
40.9,-19.930009884708255,-15.445410949707945,3.0301414116669085,0.5022399955072522,8.463980399327362,1.8451414116668465,8.681516121534493,0,1,15.7,king+tour,1,32,9.518359178071007,0.18629314005374908,0.0,0.0
40.92,-19.93264453401625,-15.436811992187227,3.033883252124807,0.48704419058130394,8.457339369253996,1.8488832521247451,8.67506856353104,0,1,15.8,king+tour,1,32,9.513277236269984,0.19181516766548157,0.0,0.0
40.94,-19.93514327660301,-15.428115856443025,3.037199377455171,0.4818277145493768,8.45055657014518,1.8521993774551089,8.669618790236438,0,1,15.8,king+tour,1,32,9.50804032861379,0.19563841819763184,0.0,0.0
40.96,-19.93746629263422,-15.419274261148939,3.0401968073657,0.4810270181969887,8.443571127197059,1.855196807365638,8.662798307594572,0,1,15.8,king+tour,1,32,9.502585781686724,0.19801576435565948,0.0,0.0
40.98,-19.939637438902984,-15.410247715398288,3.0429438781826845,0.48409400528847096,8.43635748178164,1.8579438781826225,8.656964270814262,0,1,15.9,king+tour,1,32,9.496897604438175,0.19927433133125305,0.0,0.0
41.0,-19.941624001359735,-15.400991793085518,3.0454650233716145,0.48983339340602955,8.428861333994888,1.8604650233715525,8.649827730366825,0,1,15.9,king+tour,1,32,9.490920676881315,0.19982227683067322,0.0,0.0
41.02,-19.94345965119191,-15.391470295192974,3.0477720512163664,0.49837463293327355,8.42106444823645,1.8627720512163044,8.643710471022425,0,1,15.9,king+tour,1,32,9.484647898054329,0.20001772046089172,0.0,0.0
41.04,-19.945139939782056,-15.381680112169391,3.049489614432955,0.5040363994405197,8.412962063573328,1.864489614432893,8.63603448488577,0,1,16.0,king+tour,1,32,9.478074181076497,0.19826336205005646,0.0,0.0
41.06,-19.94668195058732,-15.37163255989312,3.050456044162024,0.5105513943012221,8.40457174078704,1.8654560441619619,8.629082238479016,0,1,16.0,king+tour,1,32,9.471219183374302,0.19826790690422058,0.0,0.0
41.08,-19.948038642624564,-15.361300437755299,3.0508812562327545,0.5214742718003217,8.395848552420052,1.8658812562326925,8.621125175149286,0,1,16.0,king+tour,1,32,9.464032323964846,0.18467457592487335,0.0,0.0
41.1,-19.94922050971412,-15.35066175008651,3.050952585603333,0.5352185838760247,8.386777166885109,1.865952585603271,8.614151702868094,0,1,16.0,king+tour,1,32,9.456503203477913,0.17102032899856567,0.0,0.0
41.12,-19.950201589003107,-15.339716196637669,3.050846159359767,0.5494974599988041,8.377345984199527,1.865846159359705,8.605545848600547,0,1,16.0,king+tour,1,32,9.448615390466502,0.15838667750358582,0.0,0.0
41.14,-19.950957744661455,-15.328533712076691,3.0506693899714716,0.5604707390952427,8.36760736202896,1.8656693899714096,8.598048508735285,0,1,16.0,king+tour,1,32,9.440408065745396,0.14805953204631805,0.0,0.0
41.16,-19.95140201726851,-15.317184394834195,3.050525631546704,0.5679459624490868,8.357586271302488,1.8655256315466422,8.589003077135656,0,1,16.1,king+tour,1,32,9.431880694705207,0.14059701561927795,0.0,0.0
41.18,-19.951525693056713,-15.305745905598155,3.050475942407753,0.5719632870957025,8.347348385634373,1.8654759424076912,8.581529900780048,0,1,16.1,king+tour,1,32,9.42308767402057,0.13734246790409088,0.0,0.0
41.2,-19.951250358071228,-15.294298887654156,3.0505855433146083,0.5725426654915066,8.336931505964076,1.8655855433145463,8.571992507501632,0,1,16.1,king+tour,1,32,9.414041485296076,0.13773588836193085,0.0,0.0
41.22,-19.950502991208033,-15.282996412633803,3.0509235575143365,0.5666099902338314,8.326440711552893,1.8659235575142745,8.564298805338174,0,1,16.1,king+tour,1,32,9.4048137990506,0.14184170961380005,0.0,0.0
41.24,-19.949206328328103,-15.27191428628865,3.0515472979619114,0.558757351405955,8.315909561276591,1.8665472979618494,8.554622933394858,0,1,16.1,king+tour,1,32,9.395413419544035,0.14992213249206543,0.0,0.0
41.26,-19.947285566700337,-15.261208120145493,3.0525206242471192,0.5460281191775815,8.305444348839623,1.8675206242470572,8.547028874731817,0,1,16.2,king+tour,1,32,9.385912261253512,0.16062647104263306,0.0,0.0
41.28,-19.944650877020536,-15.250956839509907,3.0539529026892853,0.5340453302723887,8.295075831778309,1.8689529026892233,8.53763481096061,0,1,16.2,king+tour,1,32,9.376313195392767,0.17233960330486298,0.0,0.0
41.3,-19.941229154641878,-15.24131639546869,3.0558753897486004,0.5204380410810091,8.28491143424976,1.8708753897485384,8.530568834245466,0,1,16.2,king+tour,1,32,9.366689223372916,0.18518319725990295,0.0,0.0
41.32,-19.93695717580377,-15.232345656575474,3.0582428606054632,0.5107075428794883,8.2749759121005,1.8732428606054012,8.52169502382818,0,1,16.3,king+tour,1,32,9.357044629770341,0.20731541514396667,0.0,0.0
41.34,-19.931790068382533,-15.224177784158503,3.0609636996222886,0.5020361139349468,8.265369215616802,1.8759636996222266,8.514760264080255,0,1,16.3,king+tour,1,32,9.347453025957975,0.23027506470680237,0.0,0.0
41.36,-19.925667571367157,-15.216860577985146,3.063988352967695,0.5004373181192254,8.25610833644599,1.8789883529676328,8.50627053183922,0,1,16.3,king+tour,1,32,9.337912655857757,0.2537923753261566,0.0,0.0
41.38,-19.918571639443822,-15.210462405537337,3.067258426632928,0.5049312881683986,8.247247861258153,1.882258426632866,8.498202852717169,0,1,16.4,king+tour,1,32,9.32846495158212,0.27746185660362244,0.0,0.0
41.4,-19.910456685958334,-15.204990021006932,3.0707140340234296,0.5189910523254361,8.238775588290858,1.8857140340233676,8.490865520699794,0,1,16.4,king+tour,1,32,9.31908683506056,0.3010157644748688,0.0,0.0
41.42,-19.901236686737377,-15.200444759929185,3.074272122873867,0.5438928666725434,8.230657513995489,1.8892721228738052,8.483442273666242,0,1,16.4,king+tour,1,32,9.309726052558517,0.32454589009284973,0.0,0.0
41.44,-19.89088198787093,-15.196834202197845,3.0779331069159492,0.5780543224960005,8.222890762767163,1.8929331069158872,8.476762350853898,0,1,16.5,king+tour,1,32,9.30037166617264,0.3481886386871338,0.0,0.0
41.46,-19.8793061954122,-15.194150878525853,3.08165945138897,0.6226653196296656,8.21543509116249,1.896659451388908,8.469726211533537,0,1,16.5,king+tour,1,32,9.290965945605796,0.371838241815567,0.0,0.0
41.48,-19.866487270521738,-15.192384864611943,3.08546185089123,0.6743550297622719,8.208277102951268,1.900461850891168,8.463177870624172,0,1,16.6,king+tour,1,32,9.281490878942487,0.3955892026424408,0.0,0.0
41.5,-19.852359306298904,-15.191492246864033,3.089339938055128,0.733886400569407,8.201354722057083,1.904339938055066,8.456108474641516,0,1,16.6,king+tour,1,32,9.271875224933137,0.4193408191204071,0.0,0.0
41.52,-19.836891346011328,-15.191413142382098,3.0933662584054327,0.7991797490871483,8.19460765330311,1.9083662584053707,8.450716981394846,0,1,16.6,king+tour,1,32,9.262058279322577,0.4431222379207611,0.0,0.0
41.54,-19.819984926705896,-15.192090043260563,3.0975545081513896,0.8715311877162841,8.18794970531465,1.9125545081513275,8.444071941098795,0,1,16.7,king+tour,1,32,9.251939458159654,0.46691200137138367,0.0,0.0
41.56,-19.801606623010354,-15.193461885235466,3.101981085576132,0.9476795144284468,8.181320709796777,1.9169810855760698,8.439233831991675,0,1,16.7,king+tour,1,32,9.241457314866146,0.4905211627483368,0.0,0.0
41.58,-19.781663009603058,-15.195473389150573,3.1066611366585324,1.029194760327336,8.174641262304347,1.9216611366584704,8.433151629859529,0,1,16.8,king+tour,1,32,9.230518103042012,0.5141496062278748,0.0,0.0
41.6,-19.760118379906924,-15.198065972315383,3.111702396762765,1.1138972794299342,8.167854991738679,1.926702396762703,8.42875830401524,0,1,16.8,king+tour,1,32,9.219062723094261,0.5371502637863159,0.0,0.0
41.62,-19.736931980075845,-15.201164737473823,3.1170926546724993,1.200277429354715,8.160889775464028,1.9320926546724373,8.422842283566597,0,1,16.9,king+tour,1,32,9.207017004451192,0.5608096122741699,0.0,0.0
41.64,-19.712122970452405,-15.204686598426814,3.122915302685085,1.2862675586232242,8.153692248756824,1.9379153026850229,8.4185112084221,0,1,16.9,king+tour,1,32,9.194338356353922,0.58395916223526,0.0,0.0
41.66,-19.68575666325679,-15.208536541902475,3.1289059883334422,1.365551659986583,8.146217808980296,1.9439059883333802,8.41254962885808,0,1,17.0,king+tour,1,32,9.181003643922176,0.6047362089157104,0.0,0.0
41.68,-19.657960139317435,-15.212615795538332,3.1348779322361553,1.4360981576079077,8.138443616754676,1.9498779322360933,8.406558714437875,0,1,17.0,king+tour,1,32,9.167024574645472,0.6255182027816772,0.0,0.0
41.7,-19.628663514280674,-15.216863940038303,3.140949483673634,1.5109621993081093,8.130300125535014,1.955949483673572,8.399269057819943,0,1,17.1,king+tour,1,32,9.15232091253468,0.6486496329307556,0.0,0.0
41.72,-19.59795493032868,-15.22117821467341,3.1469737579915904,1.5794951527480232,8.121744498733035,1.9619737579915284,8.39289858497002,0,1,17.1,king+tour,1,32,9.136876611296938,0.6697465181350708,0.0,0.0
41.74,-19.56584973004924,-15.225490108038278,3.1528398529243926,1.6460159318286895,8.112734996376487,1.9678398529243306,8.384740353760943,0,1,17.2,king+tour,1,32,9.120657351246576,0.6913409233093262,0.0,0.0
41.76,-19.5324304442997,-15.22971345216951,3.1584402904543576,1.7073738578495756,8.103240510469474,1.9734402904542956,8.375578534151966,0,1,17.2,king+tour,1,33,9.241549204466564,0.6828764081001282,0.0,0.0
41.78,-19.497710427743133,-15.233781541683852,3.163669946000385,1.7673272186517721,8.093219438998053,1.9786699460003232,8.366655059412214,0,1,17.3,king+tour,1,33,9.247432961310906,0.6691825985908508,0.0,0.0
41.8,-19.461746061433903,-15.237614685168657,3.16849415355152,1.8244188194436668,8.082634991859543,1.9834941535514579,8.35761944563113,0,1,17.3,king+tour,1,33,9.253282789044412,0.6525055170059204,0.0,0.0
41.82,-19.42462082453707,-15.241102589584608,3.1729134660175524,1.8774843638053202,8.071431769014465,1.9879134660174904,8.34853628342724,0,1,17.4,king+tour,1,33,9.25899769234142,0.633814811706543,0.0,0.0
41.84,-19.386423032391594,-15.24420228845296,3.1769585038172807,1.9268119969684836,8.059616826712602,1.9919585038172187,8.338295999006894,0,1,17.4,king+tour,1,33,9.264542765027235,0.6135610938072205,0.0,0.0
41.86,-19.347264408463484,-15.246832571126241,3.180690795384824,1.9711964737372405,8.047169320952806,1.995690795384762,8.328515245115087,0,1,17.5,king+tour,1,33,9.26984230453246,0.5919253826141357,0.0,0.0
41.88,-19.307319687651987,-15.248904183300818,3.1841910075187707,2.0075630641981634,8.034082368061615,1.9991910075187087,8.317710257626668,0,1,17.5,king+tour,1,33,9.274806445796802,0.569817066192627,0.0,0.0
41.9,-19.266751829121578,-15.25035172177971,3.187546665297405,2.036606830317559,8.020363509593299,2.002546665297343,8.306671327407106,0,1,17.6,king+tour,1,33,9.279367427617542,0.5476604104042053,0.0,0.0
41.92,-19.22579302764347,-15.251120681022723,3.190816423798093,2.054815099646028,8.006052540951384,2.0058164237980307,8.294605781585698,0,1,17.6,king+tour,1,33,9.283460038740502,0.5255735516548157,0.0,0.0
41.94,-19.184610003521666,-15.251152824622356,3.1940630855187675,2.065540680643132,7.991157812290316,2.0090630855187053,8.283964149388515,0,1,17.7,king+tour,1,33,9.287017251565496,0.5036072731018066,0.0,0.0
41.96,-19.143442185605128,-15.250388527142084,3.1973434103880605,2.0652686955307282,7.975708951595259,2.0123434103879987,8.270865574209918,0,1,17.7,king+tour,1,33,9.289961205111828,0.4818028211593628,0.0,0.0
41.98,-19.102538977868644,-15.248837747825762,3.200697341504611,2.0534886008670514,7.959799654770797,2.0156973415045494,8.259413921253591,0,1,17.8,king+tour,1,33,9.292278298235141,0.460176944732666,0.0,0.0
42.0,-19.062136461572052,-15.246456049605134,3.2041296621592656,2.030896744412986,7.943463744761032,2.0191296621592034,8.245776198370713,0,1,17.9,king+tour,1,33,9.293897863329034,0.4387653172016144,0.0,0.0
42.02,-19.022473776881405,-15.243270834420308,3.2076306933194756,1.9972051546023797,7.926799353839275,2.022630693319414,8.233506178032735,0,1,17.9,king+tour,1,33,9.294816471309673,0.4175848066806793,0.0,0.0
42.04,-18.98375976114657,-15.239269816503361,3.211193415155978,1.9541469657968895,7.909853369126267,2.026193415155916,8.219245077519059,0,1,18.0,king+tour,1,33,9.294990638253216,0.39667385816574097,0.0,0.0
42.06,-18.946202900753004,-15.234521062038223,3.214796983847062,1.9013509269091406,7.892745129465279,2.0297969838469996,8.206352697952076,0,1,18.0,king+tour,1,33,9.294453591879886,0.37606602907180786,0.0,0.0
42.08,-18.910005519116062,-15.229022031565854,3.2184022775383867,1.8394890024863546,7.875522860231821,2.0334022775383245,8.192821869517985,0,1,18.1,king+tour,1,33,9.293166071231342,0.3558036983013153,0.0,0.0
42.1,-18.875368474317654,-15.222852645159309,3.2219705365807987,1.7681336725443209,7.858309787516813,2.0369705365807365,8.178331483928035,0,1,18.2,king+tour,1,33,9.291168224872512,0.3359536826610565,0.0,0.0
42.12,-18.84243192814778,-15.21607629933568,3.2254675039363407,1.690387320266685,7.8411921948279675,2.040467503936279,8.16565293972645,0,1,18.2,king+tour,1,33,9.288488908113553,0.3165542781352997,0.0,0.0
42.14,-18.811280750281558,-15.208769425968203,3.2286640125512003,1.6077965886471832,7.824250389212777,2.0436640125511385,8.151615461303752,0,1,18.3,king+tour,1,33,9.285175700830756,0.29702475666999817,0.0,0.0
42.16,-18.781968616311683,-15.201047589307226,3.231366867943324,1.5216219853806319,7.807592254233111,2.046366867943262,8.139212312700252,0,1,18.3,king+tour,1,33,9.281318720545373,0.27786946296691895,0.0,0.0
42.18,-18.75452044206023,-15.193009028141235,3.233495268504098,1.4340073433429397,7.791301178861182,2.048495268504036,8.12689077158489,0,1,18.4,king+tour,1,33,9.276994897095292,0.259040504693985,0.0,0.0
42.2,-18.728981764053643,-15.184793200861124,3.234975114967278,1.3434227162133665,7.775507416918317,2.049975114967216,8.11494317981287,0,1,18.4,king+tour,1,33,9.27231974743607,0.24062471091747284,0.0,0.0
42.22,-18.70555648904691,-15.176517228581377,3.2361530748963356,1.2436064649948337,7.760370133780626,2.0511530748962734,8.103469370982888,0,1,18.5,king+tour,1,33,9.26736491401409,0.2240234911441803,0.0,0.0
42.24,-18.684461689071856,-15.168336325851177,3.23726363869369,1.1326419418955762,7.746088553206534,2.0522636386936277,8.091010995819195,0,1,18.5,king+tour,1,33,9.262236880551152,0.2087804675102234,0.0,0.0
42.26,-18.665809690861416,-15.160406478906346,3.238524400867422,1.0153435761720362,7.732830861564335,2.05352440086736,8.07866768864083,0,1,18.5,king+tour,1,33,9.257057342362565,0.1954769641160965,0.0,0.0
42.28,-18.649620810609566,-15.152878018765529,3.2401839409833624,0.896537268183912,7.720733261898828,2.0551839409833006,8.067412702685052,0,1,18.6,king+tour,1,33,9.251956548835492,0.1846194565296173,0.0,0.0
42.3,-18.635770931117086,-15.145876289549477,3.2424578796029673,0.7842419441997532,7.709866511259519,2.0574578796029055,8.056859190949815,0,1,18.6,king+tour,1,33,9.247062996223637,0.17654693126678467,0.0,0.0
42.32,-18.62417880147928,-15.139518997087954,3.2454966847777795,0.6782827099953559,7.700309554557212,2.0604966847777177,8.047608508242636,0,1,18.7,king+tour,1,33,9.242493790554073,0.17183254659175873,0.0,0.0
42.34,-18.614636075559112,-15.133883296658494,3.249448011576808,0.5882978004182783,7.692066547784321,2.0644480115767463,8.040179345376178,0,1,18.7,king+tour,1,33,9.238347107579326,0.17068786919116974,0.0,0.0
42.36,-18.606994375843822,-15.129025684542658,3.254409912993721,0.5162664904817328,7.68514198571611,2.0694099129936587,8.032256496389792,0,1,18.8,king+tour,1,33,9.234694072787159,0.17346690595149994,0.0,0.0
42.38,-18.60101906980197,-15.125009476932993,3.260487960569861,0.471107387427519,7.679522599488659,2.0754879605697987,8.027829296697618,0,1,18.8,king+tour,1,33,9.231627462001198,0.18021053075790405,0.0,0.0
42.4,-18.596488909951447,-15.121765989702535,3.2676876442019105,0.4551867805831573,7.675074472460762,2.0826876442018483,8.023238673780675,0,1,18.9,king+tour,1,33,9.22910928263303,0.18886698782444,0.0,0.0
42.42,-18.593215833486028,-15.119260798011938,3.275842192641748,0.45685247950722424,7.67170718413991,2.090842192641686,8.021830918085833,0,1,18.9,king+tour,1,33,9.227131688304429,0.1948852837085724,0.0,0.0
42.44,-18.59092315978281,-15.117401063402408,3.284729918697961,0.468259116242247,7.669248783528551,2.099729918697899,8.020014711486864,0,1,19.0,king+tour,1,33,9.225643592322859,0.19818119704723358,0.0,0.0
42.46,-18.58944706927737,-15.116145650437844,3.2941252405295973,0.47965346139653836,7.667610749385847,2.1091252405295355,8.019980795324376,0,1,19.1,king+tour,1,33,9.224628506902976,0.19960874319076538,0.0,0.0
42.48,-18.58858364083007,-15.115412805318629,3.303855613996122,0.489802864554726,7.666654089607154,2.11885561399606,8.019446287423573,0,1,19.1,king+tour,1,33,9.224036358899466,0.20008531212806702,0.0,0.0
42.5,-18.58821423256813,-15.115142457997502,3.3137911179068054,0.4973021920754862,7.666286042909468,2.1287911179067436,8.021005520827599,0,1,19.2,king+tour,1,33,9.223825729203254,0.20012257993221283,0.0,0.0
42.52,-18.588171035059947,-15.11523938717842,3.3238375525179706,0.5023497528795144,7.666365722998566,2.1388375525179084,8.0219396947107,0,1,19.3,king+tour,1,33,9.223928128070627,0.20007449388504028,0.0,0.0
42.54,-18.588363049801682,-15.115655751373309,3.333928804278787,0.5050831389583545,7.666820367002498,2.148928804278725,8.023077212001134,0,1,19.3,king+tour,1,33,9.224310199506004,0.19998107850551605,0.0,0.0
42.56,-18.58864917874805,-15.116306249042642,3.344019726662698,0.5057957382923354,7.667526545633432,2.1590197266626356,8.025076611855198,0,1,19.4,king+tour,1,33,9.224909255216687,0.1999184489250183,0.0,0.0
42.58,-18.588939515987523,-15.117090760377783,3.3540741495353226,0.504458058338714,7.668361917419515,2.169074149535261,8.026244094307584,0,1,19.5,king+tour,1,33,9.225640119932462,0.19986167550086975,0.0,0.0
42.6,-18.58911643443649,-15.117926414808151,3.3636943550590948,0.4829026112587197,7.6692123567485515,2.178694355059033,8.02869015709214,0,1,19.5,king+tour,1,33,9.226438887319063,0.18579936027526855,0.0,0.0
42.62,-18.589115772529624,-15.118707134106169,3.3725832912501805,0.4461577906683082,7.6699575009577,2.1875832912501183,8.029823455129943,0,1,19.6,king+tour,1,33,9.227210526530941,0.17139685153961182,0.0,0.0
42.64,-18.58885287390608,-15.11938142037407,3.3805232241871837,0.3986424234243383,7.67052300909506,2.195523224187122,8.031746878224562,0,1,19.6,king+tour,1,33,9.227917083597301,0.15769800543785095,0.0,0.0
42.66,-18.588276800150958,-15.11986819328915,3.3873556846517907,0.34369799549392055,7.6708163574383335,2.202355684651729,8.032194978788691,0,1,19.7,king+tour,1,33,9.228486238596183,0.14572513103485107,0.0,0.0
42.68,-18.58731162050123,-15.120123332408934,3.392973546868061,0.2852938993726254,7.670772909891167,2.207973546867999,8.033248173314874,0,1,19.7,king+tour,1,33,9.22888606798896,0.13619975745677948,0.0,0.0
42.7,-18.585910754085717,-15.120075015837688,3.397282296459079,0.2265506799993486,7.670310364686833,2.2122822964590174,8.032801447894592,0,1,19.7,king+tour,1,33,9.229052859850638,0.12988324463367462,0.0,0.0
42.72,-18.58405438523834,-15.119671953533768,3.400232021880271,0.17542409026969838,7.669374029649095,2.215232021880209,8.032736120498976,0,1,19.8,king+tour,1,33,9.228939187362391,0.12710925936698914,0.0,0.0
42.74,-18.58170183269762,-15.118857247973926,3.4017641147903612,0.14616392587798374,7.667897711982468,2.2167641147902994,8.031574261989778,0,1,19.8,king+tour,1,33,9.228495392007297,0.12826843559741974,0.0,0.0
42.76,-18.578837712240606,-15.117594215934242,3.4018443776779894,0.15656370952978169,7.665842092978244,2.216844377677927,8.03053501822829,0,1,19.8,king+tour,1,33,9.22768803843016,0.1334332674741745,0.0,0.0
42.78,-18.575416571005054,-15.115798163782882,3.400720233292056,0.2012070530847365,7.6631131477642365,2.215720233291994,8.02770394735346,0,1,19.8,king+tour,1,33,9.226441031567608,0.12419654428958893,0.0,0.0
42.8,-18.57140434463235,-15.113422081639293,3.398575296312602,0.25663437739681166,7.659656297679083,2.2135752963125404,8.024742619982595,0,1,19.8,king+tour,1,33,9.224713956792698,0.11624777317047119,0.0,0.0
42.82,-18.566805037237746,-15.110401600603643,3.39557199313359,0.31343565600395584,7.655411709043456,2.210571993133528,8.021604344798913,0,1,19.8,king+tour,1,33,9.22244355502209,0.11137662082910538,0.0,0.0
42.84,-18.561666048639577,-15.106713454730082,3.3918555529976477,0.3668226788272781,7.650371632819074,2.2068555529975855,8.017143752544246,0,1,19.8,king+tour,1,33,9.219600560881041,0.11121270060539246,0.0,0.0
42.86,-18.55607963910825,-15.102381410470642,3.387560194719006,0.413596063990323,7.644586413388566,2.202560194718944,8.012099592129509,0,1,19.7,king+tour,1,33,9.216195166676933,0.11619371920824051,0.0,0.0
42.88,-18.550193170164995,-15.097406885188464,3.3827672870546874,0.45378514266569586,7.638101075622762,2.197767287054625,8.007146202972528,0,1,19.7,king+tour,1,33,9.212206678017525,0.1263427585363388,0.0,0.0
42.9,-18.544200747585585,-15.09184580383487,3.3775229369611464,0.48563865706706094,7.631026168644415,2.192522936961084,8.000228514043583,0,1,19.7,king+tour,1,33,9.207660483751566,0.14041990041732788,0.0,0.0
42.92,-18.53825192065958,-15.085782100198891,3.371823210769639,0.511478059741304,7.623485620070139,2.1868232107695773,7.9940924009377055,0,1,19.7,king+tour,1,33,9.202616139976174,0.15789826214313507,0.0,0.0
42.94,-18.532535191601795,-15.079268662936402,3.3656217982395478,0.532830586258114,7.615584821073596,2.1806217982394855,7.986130015712679,0,1,19.7,king+tour,1,33,9.197095868678662,0.17734093964099884,0.0,0.0
42.96,-18.52719364206943,-15.072390053529231,3.358956575746848,0.548344348152483,7.6074459256019304,2.173956575746786,7.979314893855822,0,1,19.6,king+tour,1,33,9.19115987519186,0.18953697383403778,0.0,0.0
42.98,-18.522421245288534,-15.065195771000058,3.351882471365046,0.5580690480320049,7.5991722772987975,2.1668824713649837,7.970747343967799,0,1,19.6,king+tour,1,33,9.1848251667047,0.1961316168308258,0.0,0.0
43.0,-18.518365069673592,-15.057781656733905,3.344453443090787,0.5626102382435019,7.590897794351232,2.159453443090725,7.962910120827332,0,1,19.6,king+tour,1,33,9.17816161373445,0.19907709956169128,0.0,0.0
43.02,-18.515204805118408,-15.050209375354834,3.3366887946652484,0.5648373272783694,7.582733298519123,2.151688794665186,7.953765886708975,0,1,19.5,king+tour,1,33,9.171199840179256,0.2001432180404663,0.0,0.0
43.04,-18.513071902422208,-15.0425549912817,3.328601686856334,0.5668778134737547,7.574789555292083,2.1436016868562717,7.945655490909831,0,1,19.5,king+tour,1,33,9.163992358012957,0.20037919282913208,0.0,0.0
43.06,-18.512190396688847,-15.034863385625775,3.3206385819506257,0.5553127264513325,7.5671748714899785,2.1356385819505634,7.936671582556277,0,1,19.5,king+tour,1,33,9.156545954268243,0.1874149888753891,0.0,0.0
43.08,-18.512706300378323,-15.027208112294897,3.313139863314177,0.5364236841711012,7.560002878596577,2.1281398633141153,7.928181714999415,0,1,19.4,king+tour,1,33,9.148908615327684,0.1744416356086731,0.0,0.0
43.1,-18.514682762408302,-15.019640956910841,3.306361227033537,0.5174894988973077,7.553342997818436,2.121361227033475,7.921733381420757,0,1,19.4,king+tour,1,33,9.141120844178277,0.16263878345489502,0.0,0.0
43.12,-18.51810236378164,-15.012178204976664,3.300515497024466,0.5038821770080848,7.547207933504749,2.115515497024404,7.914458681705415,0,1,19.4,king+tour,1,33,9.13320188118526,0.1529909372329712,0.0,0.0
43.14,-18.522950222632804,-15.004914854740532,3.2957526326469737,0.4973501512312876,7.541687048877785,2.1107526326469115,7.91019781727027,0,1,19.4,king+tour,1,33,9.12524890542429,0.1461157500743866,0.0,0.0
43.16,-18.52913932664474,-14.997859099712977,3.2921995856394872,0.5017789117649389,7.536766041551993,2.1071995856394254,7.904336922851275,0,1,19.4,king+tour,1,33,9.117285752827469,0.14226610958576202,0.0,0.0
43.18,-18.53655965705825,-14.991090091173588,3.2899473343573216,0.5146683784001908,7.532491840076361,2.1049473343572593,7.901978433801972,0,1,19.3,king+tour,1,33,9.109410445520025,0.1416231393814087,0.0,0.0
43.2,-18.545029532803763,-14.98458773769012,3.289013479368251,0.5359372190588672,7.528795209680742,2.104013479368189,7.897860776780098,0,1,19.4,king+tour,1,33,9.101634791435266,0.1545848846435547,0.0,0.0
43.22,-18.55442319802176,-14.97841468755547,3.289402822683118,0.5623590543627112,7.5257020779909745,2.1044028226830562,7.896761503480067,0,1,19.4,king+tour,1,33,9.094043247760009,0.17025727033615112,0.0,0.0
43.24,-18.564539532462163,-14.972526868327414,3.2910022287630154,0.5906876026733736,7.523113431395792,2.1060022287629536,7.894441505384093,0,1,19.4,king+tour,1,33,9.086626720445894,0.19172579050064087,0.0,0.0
43.26,-18.575173478200334,-14.966899201254293,3.293081080401803,0.6104774008600644,7.520946269351135,2.1080810804017407,7.8943944413025635,0,1,19.4,king+tour,1,33,9.079394908399932,0.20037466287612915,0.0,0.0
43.28,-18.586217222969648,-14.961469848209022,3.295109638635023,0.623612903822432,7.51911095296176,2.1101096386349614,7.892970276315269,0,1,19.4,king+tour,1,33,9.072305306865895,0.21020662784576416,0.0,0.0
43.3,-18.597532226403438,-14.956215393718677,3.296709718486779,0.6288856220128753,7.517544577979733,2.1117097184867166,7.8917426703774485,0,1,19.4,king+tour,1,33,9.065357689283987,0.22159260511398315,0.0,0.0
43.32,-18.609102606955975,-14.951120276294715,3.298297971287832,0.6370959006589585,7.5162284922237195,2.1132979712877704,7.891058400254299,0,1,19.4,king+tour,1,33,9.058540156044517,0.2385045886039734,0.0,0.0
43.34,-18.62095574882117,-14.946120012157596,3.300213499276747,0.6503246516042961,7.515110766480639,2.1152134992766847,7.8905416418992145,0,1,19.5,king+tour,1,33,9.051785808261043,0.2562920153141022,0.0,0.0
43.36,-18.633045246597067,-14.941172415429108,3.3027163456085327,0.6650167471982537,7.514138157024202,2.1177163456084704,7.890500192570088,0,1,19.5,king+tour,1,33,9.04506105343028,0.27528589963912964,0.0,0.0
43.38,-18.64539590397009,-14.936189410343525,3.305965789188773,0.6854340975066816,7.513235778970505,2.120965789188711,7.890780057273565,0,1,19.5,king+tour,1,33,9.0382760211512,0.295158714056015,0.0,0.0
43.4,-18.65802601418881,-14.931146728806535,3.310067499511298,0.7102329702118122,7.512387693668942,2.1250674995112364,7.891788524031743,0,1,19.5,king+tour,1,33,9.031404988708326,0.31579646468162537,0.0,0.0
43.42,-18.67095311779078,-14.925952384355252,3.315059094871375,0.7399446703189699,7.511513660065301,2.1300590948713127,7.892009960888425,0,1,19.6,king+tour,1,33,9.024355466341474,0.3370656669139862,0.0,0.0
43.44,-18.684235129642445,-14.920605193543658,3.320984492889037,0.7747816306402785,7.510632729246375,2.1359844928889746,7.892877235421902,0,1,19.6,king+tour,1,33,9.017118953032899,0.3588908314704895,0.0,0.0
43.46,-18.69789001984056,-14.915019280499255,3.327844081863098,0.8134992497772596,7.509671425194851,2.1428440818630357,7.893835016446314,0,1,19.7,king+tour,1,33,9.009609268559002,0.38118597865104675,0.0,0.0
43.48,-18.71197299437974,-14.909202711924511,3.335629445765511,0.8555327769127118,7.508657611198226,2.150629445765449,7.895065640772702,0,1,19.7,king+tour,1,33,9.00182795488617,0.40385863184928894,0.0,0.0
43.5,-18.726502137900354,-14.903081139091542,3.3443221922746122,0.9001854076571211,7.507529660193816,2.1593221922745505,7.8964054403293655,0,1,19.8,king+tour,1,33,8.993700605091318,0.42687830328941345,0.0,0.0
43.52,-18.741525034217403,-14.896663762194073,3.3537694975660504,0.9435593744785887,7.506314996245091,2.1687694975659886,7.898229170670972,0,1,19.8,king+tour,1,33,8.98523151271233,0.42559054493904114,0.0,0.0
43.54,-18.757076522202986,-14.889871517103304,3.363974482778047,0.9901074374984116,7.504953946188639,2.178974482777985,7.9000508634048545,0,1,19.9,king+tour,1,33,8.976339697352348,0.4456002712249756,0.0,0.0
43.56,-18.773210519235402,-14.882724771355889,3.3748095630507895,1.0353511476028052,7.503487695200757,2.1898095630507273,7.9016313425309175,0,1,20.0,king+tour,1,33,8.967040302896725,0.44368892908096313,0.0,0.0
43.58,-18.789942009132993,-14.875169871861301,3.3861297207913,1.0783844767017847,7.501875285316674,2.201129720791238,7.903119626868098,0,1,20.1,king+tour,1,33,8.95728087064683,0.43754351139068604,0.0,0.0
43.6,-18.80724675554501,-14.867190306181161,3.3978859269466035,1.1195267973498704,7.500098205795317,2.2128859269465417,7.905243508820494,0,1,20.2,king+tour,1,33,8.947051147064661,0.4352166950702667,0.0,0.0
43.62,-18.825067037015895,-14.858700650263112,3.410001652020212,1.158045210006674,7.4980618151216385,2.2250016520201497,7.907184985369019,0,1,20.2,king+tour,1,33,8.936276891327768,0.43017852306365967,0.0,0.0
43.64,-18.843388113359417,-14.849687581248235,3.422477215009235,1.1963871899861902,7.4957537866551265,2.2374772150091733,7.908363837248975,0,1,20.3,king+tour,1,33,8.924949374759361,0.430277943611145,0.0,0.0
43.66,-18.862159946229976,-14.840073422044403,3.435262145825338,1.2331547170665227,7.493089345561963,2.2502621458252756,7.910944001618351,0,1,20.4,king+tour,1,33,8.913000510215356,0.4277808666229248,0.0,0.0
43.68,-18.88126991365533,-14.829799774446759,3.4483931686989076,1.2680323849027824,7.489980260548293,2.2633931686988458,7.911443921160422,0,1,20.5,king+tour,1,33,8.900388815266037,0.4302517771720886,0.0,0.0
43.7,-18.900579726856403,-14.818840851638141,3.461836349332965,1.297773073909235,7.48635917400171,2.2768363493329034,7.913332697397595,0,1,20.6,king+tour,1,33,8.887107454257594,0.4302263855934143,0.0,0.0
43.72,-18.92000957160791,-14.807125724423736,3.475612610426616,1.3271665705910691,7.482135560307874,2.290612610426554,7.913503669610291,0,1,20.7,king+tour,1,33,8.87309657623678,0.4349464774131775,0.0,0.0
43.74,-18.939401126525176,-14.794626467931984,3.4896803021828964,1.3510771316857433,7.477231002617804,2.3046803021828346,7.914839685377569,0,1,20.8,king+tour,1,33,8.858347739892913,0.43711721897125244,0.0,0.0
43.76,-18.95866149031255,-14.7813242446947,3.5039281732421594,1.3701392137279327,7.47159720933351,2.3189281732420977,7.913500382302129,0,1,20.9,king+tour,1,33,8.842852559113547,0.4333830177783966,0.0,0.0
43.78,-18.97761944325229,-14.767199705417184,3.5183994912175107,1.385934372013416,7.465156472539389,2.333399491217449,7.913354754266805,0,1,21.1,king+tour,1,33,8.826610486335223,0.4402054250240326,0.0,0.0
43.8,-18.99612643274713,-14.752196718438743,3.533070077144358,1.3989499364472555,7.457803137821379,2.348070077144296,7.910902483138724,0,1,21.2,king+tour,1,33,8.809580553992278,0.4448195993900299,0.0,0.0
43.82,-19.01401152273273,-14.736325624955844,3.5478018790553625,1.4042738690164935,7.449483955118387,2.3628018790553007,7.90911638127847,0,1,21.3,king+tour,1,33,8.791789277647863,0.4434073269367218,0.0,0.0
43.84,-19.03114957288177,-14.71953298256747,3.5626307789852527,1.41032077417296,7.440101197055879,2.377630778985191,7.90489685510465,0,1,21.4,king+tour,1,33,8.773193636539043,0.4526197612285614,0.0,0.0
43.86,-19.04735905993625,-14.70181618356195,3.5774883046491666,1.4118945661993305,7.4295825218867675,2.3924883046491043,7.901291932254305,0,0,21.5,king+tour,1,33,8.75380658075024,0.459428608417511,0.0,0.0
43.88,-19.062545396183772,-14.683164370196799,3.5922454518939926,1.4109290779807757,7.417878407863132,2.407245451893931,7.895139659641827,0,0,21.7,king+tour,1,33,8.733622651229638,0.45954927802085876,0.0,0.0
43.9,-19.076539023791625,-14.663573675582024,3.6068914806848924,1.4090094822786543,7.404916988643308,2.42189148068483,7.889265808881313,0,0,21.8,king+tour,1,33,8.712651089468551,0.470742791891098,0.0,0.0
43.92,-19.089246279062277,-14.643025366464487,3.621384762631601,1.4086896089008765,7.390639719098043,2.4363847626315387,7.881130060228112,0,0,21.9,king+tour,1,33,8.690877966324834,0.4794429838657379,0.0,0.0
43.94,-19.100575898756958,-14.62157073889376,3.6355577727374686,1.4049337547423495,7.3750532084176585,2.4505577727374064,7.872107732908539,0,0,22.1,king+tour,1,33,8.668358882720879,0.480191707611084,0.0,0.0
43.96,-19.11053093040916,-14.599250524468241,3.649198214218086,1.39942512392023,7.35818952038676,2.4641982142180243,7.863093797359026,0,0,22.2,king+tour,1,33,8.64512954259947,0.4668694734573364,0.0,0.0
43.98,-19.11886085792621,-14.576006690280364,3.6625898339665244,1.4044563002098738,7.339892561177505,2.477589833966462,7.852690424079721,0,0,22.3,king+tour,1,33,8.621154037565278,0.46865570545196533,0.0,0.0
44.0,-19.125466572988202,-14.55192498203159,3.6757164948025336,1.4105613850191727,7.320195799711368,2.490716494802472,7.839939609134785,0,0,22.5,king+tour,1,33,8.596524275150802,0.47721412777900696,0.0,0.0
44.02,-19.130411505924705,-14.527105851401204,3.6883771794985933,1.4148626646849225,7.299208685017938,2.503377179498531,7.8273743959169435,0,0,22.6,king+tour,1,33,8.57133118891277,0.4769812822341919,0.0,0.0
44.04,-19.133829652159008,-14.501666149821158,3.7003401422476174,1.4159578188415594,7.277083943686108,2.515340142247555,7.812986755522353,0,0,22.8,king+tour,1,33,8.545676005705687,0.4634392559528351,0.0,0.0
44.06,-19.13569911558309,-14.475702251818078,3.7115949815810327,1.4180006183261904,7.25389573892313,2.5265949815809705,7.797089788480068,0,0,22.9,king+tour,1,33,8.51965637102095,0.4741707146167755,0.0,0.0
44.08,-19.136088719544514,-14.449297480675739,3.7220678562643905,1.4204267267790809,7.229741896724269,2.5370678562643283,7.780518169532167,0,0,23.1,king+tour,1,33,8.493348610380457,0.48155519366264343,0.0,0.0
44.1,-19.136941687771838,-14.450707640823076,3.728560318427486,0.33491854001081733,7.231373405571899,2.5435603184274242,7.774279798623346,0,0,23.1,king+tour,1,33,8.494664753889447,0.48151254653930664,0.0,0.0
