t,x,y,z,speed,v_horiz,v_height,v_dist,v_visible,v_in_frustum,v_depr_deg,route,tour_on,wp_idx,wp_dist,cmd_speed,rgb_req,dwell
0.02,-25.092960941897235,36.36655810255856,5.8907149580952405,0.2435302024811882,49.33647483453846,4.8794269580952365,49.51725392286031,0,0,6.2,king,0,-1,nan,0.699999988079071,0.0,0.0
0.04,-25.092960941897235,36.36655810255856,5.900451320800005,0.4868181352381902,49.33647483453846,4.889163320800001,49.51831322030313,0,0,6.2,king,0,-1,nan,0.699999988079071,0.0,0.0
0.06,-25.092960941897235,36.36655810255856,5.915046706594138,0.7297692897066932,49.33647483453846,4.903758706594134,49.51990471336419,0,0,6.2,king,0,-1,nan,0.699999988079071,0.0,0.0
0.08,-25.092960941897235,36.36655810255856,5.934492499118253,0.9722896262057291,49.33647483453846,4.923204499118249,49.52203170282876,0,0,6.2,king,0,-1,nan,0.699999988079071,0.0,0.0
0.1,-25.092960941897235,36.36655810255856,5.958778213504782,1.214285719326461,49.33647483453846,4.9474902135047785,49.52469867926026,0,0,6.2,king,0,-1,nan,0.699999988079071,0.0,0.0
0.12,-25.092960941897235,36.36655810255856,5.987891511533457,1.4556649014337388,49.33647483453846,4.976603511533453,49.52791131001035,0,0,6.3,king,0,-1,nan,0.699999988079071,0.0,0.0
0.14,-25.092960941897235,36.36655810255856,6.021429600819947,1.6769044643245077,49.33647483453846,5.010141600819943,49.530856842210994,0,0,6.3,king,0,-1,nan,0.699999988079071,0.0,0.0
0.16,-25.092960941897235,36.36655810255856,6.058029994715676,1.8300196947864558,49.33647483453846,5.046741994715672,49.53408996973723,0,0,6.4,king,0,-1,nan,0.699999988079071,0.0,0.0
0.18,-25.092960941897235,36.36655810255856,6.0965479743976125,1.9258989840968128,49.33647483453846,5.085259974397609,49.537812653746265,0,0,6.4,king,0,-1,nan,0.699999988079071,0.0,0.0
0.2,-25.092960941897235,36.36655810255856,6.136268786471127,1.9860406036757041,49.33647483453846,5.124980786471123,49.541226768726,0,0,6.5,king,0,-1,nan,0.699999988079071,0.0,0.0
0.22,-25.092960941897235,36.36655810255856,6.176752679090608,2.0241946309740575,49.33647483453846,5.165464679090604,49.545718092922264,0,0,6.5,king,0,-1,nan,0.699999988079071,0.0,0.0
0.24,-25.092960941897235,36.36655810255856,6.217713971261262,2.0480646085326857,49.33647483453846,5.206425971261258,49.549410430925725,0,0,6.5,king,0,-1,nan,0.699999988079071,0.0,0.0
0.26,-25.092960941897235,36.36655810255856,6.258972770017414,2.062939937807611,49.33647483453846,5.24768477001741,49.554010782818864,0,0,6.6,king,0,-1,nan,0.699999988079071,0.0,0.0
0.28,-25.092960941897235,36.36655810255856,6.300418812410532,2.0723021196558897,49.33647483453846,5.289130812410528,49.55784757642685,0,0,6.6,king,0,-1,nan,0.699999988079071,0.0,0.0
0.3,-25.092960941897235,36.36655810255856,6.341981979712341,2.0781583650904247,49.33647483453846,5.330693979712337,49.56255436627449,0,0,6.7,king,0,-1,nan,0.699999988079071,0.0,0.0
0.32,-25.092960941897235,36.36655810255856,6.3836184097292685,2.081821500846371,49.33647483453846,5.372330409729265,49.56653342442765,0,0,6.7,king,0,-1,nan,0.699999988079071,0.0,0.0
0.34,-25.092960941897235,36.36655810255856,6.42530066569508,2.084112798290611,49.33647483453846,5.414012665695076,49.57133027686864,0,0,6.8,king,0,-1,nan,0.699999988079071,0.0,0.0
0.36,-25.092960941897235,36.36655810255856,6.467011585649048,2.0855459976983655,49.33647483453846,5.455723585649044,49.57543585245683,0,0,6.8,king,0,-1,nan,0.699999988079071,0.0,0.0
0.38,-25.092960941897232,36.36655810255856,6.508740434752832,2.086442455189248,49.33647483453845,5.497452434752828,49.58031609709072,0,0,6.9,king,0,-1,nan,0.699999988079071,0.0,0.0
0.4,-25.09296094189724,36.366558102558564,6.550480498397094,2.087003182213061,49.336474834538464,5.53919249839709,49.58454201239326,0,0,6.9,king,0,-1,nan,0.699999988079071,0.0,0.0
0.42,-25.092960941897214,36.36655810255854,6.592227383750871,2.0873442676889047,49.33647483453843,5.580939383750867,49.58949813590444,0,0,7.0,king,0,-1,nan,0.699999988079071,0.0,0.0
0.44,-25.092960941897314,36.36655810255865,6.633978728899969,2.087567257454869,49.33647483453857,5.622690728899965,49.59383769376218,0,0,7.0,king,0,-1,nan,0.699999988079071,0.0,0.0
0.46,-25.092960941897033,36.36655810255838,6.675732863605105,2.087706735256797,49.33647483453819,5.664444863605101,49.59887357896568,0,0,7.1,king,0,-1,nan,0.699999988079071,0.0,0.0
0.48,-25.092960941898163,36.36655810255961,6.717488743148003,2.0877939771449068,49.33647483453979,5.706200743147999,49.60333083654198,0,0,7.1,king,0,-1,nan,0.699999988079071,0.0,0.0
0.5,-25.092960941894894,36.36655810255651,6.759245664903147,2.0878460877571645,49.33647483453541,5.747957664903143,49.60844481256523,0,0,7.2,king,0,-1,nan,0.699999988079071,0.0,0.0
0.52,-25.09296094190784,36.36655810257075,6.801003287715689,2.087881140627144,49.336474834553734,5.789715287715685,49.613018421556426,0,0,7.2,king,0,-1,nan,0.699999988079071,0.0,0.0
0.54,-25.09296094186987,36.36655810253501,6.8427612539714,2.0878983127855455,49.336474834502994,5.831473253971396,49.618209354511656,0,0,7.3,king,0,-1,nan,0.699999988079071,0.0,0.0
0.56,-25.09296094201836,36.366558102699976,6.8845195301076245,2.087913806811229,49.336474834713975,5.873231530107621,49.62289860844904,0,0,7.3,king,0,-1,nan,0.699999988079071,0.0,0.0
0.58,-25.09296094157707,36.36655810228789,6.92627798823795,2.087922906516272,49.33647483412596,5.914989988237946,49.62816797325507,0,0,7.4,king,0,-1,nan,0.699999988079071,0.0,0.0
0.6,-25.09296094327976,36.366558104198994,6.968036572040386,2.087929190121801,49.336474836554906,5.956748572040382,49.632975212472566,0,0,7.4,king,0,-1,nan,0.699999988079071,0.0,0.0
0.62,-25.092960938152757,36.366558099449556,7.00979507679698,2.0879252378296904,49.33647482974234,5.998507076796976,49.63831835799698,0,0,7.5,king,0,-1,nan,0.699999988079071,0.0,0.0
0.64,-25.092960957672418,36.366558121580105,7.051553690306885,2.087930675495781,49.33647485769837,6.040265690306881,49.64324819130512,0,0,7.5,king,0,-1,nan,0.699999988079071,0.0,0.0
0.66,-25.092960898073184,36.36655806674568,7.093312378535453,2.087934411432325,49.33647477869263,6.082024378535449,49.648645744793725,0,0,7.5,king,0,-1,nan,0.699999988079071,0.0,0.0
0.68,-25.092961121830196,36.366558323053155,7.13507117937435,2.087940042014179,49.336475100464476,6.123783179374346,49.653780653537765,0,0,7.6,king,0,-1,nan,0.699999988079071,0.0,0.0
0.7,-25.09296042915276,36.36655769052013,7.176830872976633,2.0879846806409303,49.33647418461695,6.165542872976629,49.65897286946127,0,0,7.6,king,0,-1,nan,0.699999988079071,0.0,0.0
0.72,-25.09296299734424,36.36656066160965,7.218595678613091,2.08824029105494,49.33647789239408,6.207307678613087,49.664808427390035,0,0,7.7,king,0,-1,nan,0.699999988079071,0.0,0.0
0.74,-25.092954941244724,36.36655335344485,7.260364961820142,2.088464231164171,49.33646726489723,6.249076961820138,49.670140987246896,0,0,7.7,king,0,-1,nan,0.699999988079071,0.0,0.0
0.76,-25.09296049436743,36.366578247062336,7.302135668117264,2.0885357042015107,49.336484493401514,6.29084766811726,49.67603576505767,0,0,7.8,king,0,-1,nan,0.699999988079071,0.0,0.0
0.78,-25.092973886235935,36.36661646019879,7.343908227515593,2.088628951174027,49.336515159093246,6.332620227515589,49.68141377190242,0,0,7.8,king,0,-1,nan,0.699999988079071,0.0,0.0
0.8,-25.093012296748263,36.3667135459593,7.38567830585651,2.0885104414502607,49.33659687170678,6.374390305856506,49.68743729515218,0,0,7.9,king,0,-1,nan,0.699999988079071,0.0,0.0
0.82,-25.093064346290056,36.3668531839146,7.427449783775772,2.088587187234883,49.33671162846235,6.416161783775768,49.69292148335464,0,0,7.9,king,0,-1,nan,0.699999988079071,0.0,0.0
0.84,-25.093153754564927,36.36706012179892,7.4692202878890885,2.0885556199250623,49.33689233131475,6.457932287889085,49.698996537349814,0,0,8.0,king,0,-1,nan,0.699999988079071,0.0,0.0
0.86,-25.09327559624217,36.367295378334134,7.5108224507388925,2.080150321979931,49.33711526991179,6.499534450738889,49.70450054450631,0,0,8.0,king,0,-1,nan,0.6927419900894165,0.0,0.0
0.88,-25.0934394339681,36.36758075784861,7.552067479229861,2.0623170582433086,49.337399607549884,6.540779479229857,49.709171768446176,0,0,8.1,king,0,-1,nan,0.6821935176849365,0.0,0.0
0.9,-25.093632399164488,36.36788263291375,7.592822352951949,2.0378224261606563,49.33771741901559,6.581534352951945,49.71337827794905,0,0,8.1,king,0,-1,nan,0.6712486147880554,0.0,0.0
0.92,-25.093792183325956,36.36818965378151,7.633018107958793,2.0098622548334686,49.338009038024126,6.621730107958789,49.71828058714906,0,0,8.2,king,0,-1,nan,0.6610555648803711,0.0,0.0
0.94,-25.09384315231887,36.36844195138371,7.672598727251978,1.9790728104028534,49.33817904945058,6.661310727251974,49.72250364287567,0,0,8.2,king,0,-1,nan,0.6512081027030945,0.0,0.0
0.96,-25.09373459851712,36.36863466735276,7.711518068122478,1.9459984694025383,49.33818107986007,6.700230068122474,49.72598527248504,0,0,8.2,king,0,-1,nan,0.6415936350822449,0.0,0.0
0.98,-25.093397073981112,36.36871303148743,7.749778682493333,1.9131091682032138,49.33792761907296,6.738490682493329,49.7299161176607,0,0,8.3,king,0,-1,nan,0.6329815983772278,0.0,0.0
1.0,-25.092711280852512,36.36864058493514,7.787362400017602,1.8795021838656125,49.33729708310844,6.776074400017598,49.732942027383366,0,0,8.3,king,0,-1,nan,0.624668538570404,0.0,0.0
1.02,-25.09160856124094,36.36836132313944,7.824280420215438,1.8467770527463239,49.336202031085406,6.812992420215434,49.73572983256435,0,0,8.4,king,0,-1,nan,0.6174469590187073,0.0,0.0
1.04,-25.089973898558338,36.3678368712456,7.860513291501054,1.8136759174910653,49.33452363475941,6.84922529150105,49.7378676158439,0,0,8.4,king,0,-1,nan,0.6104016304016113,0.0,0.0
1.06,-25.087710848634497,36.36699620725783,7.896052286644065,1.7810448384818554,49.33214287990221,6.884764286644061,49.73983035727585,0,0,8.5,king,0,-1,nan,0.604446530342102,0.0,0.0
1.08,-25.084704508356285,36.36579963832544,7.930862961595057,1.7480367198817746,49.328940380053005,6.919574961595053,49.74061599210747,0,0,8.5,king,0,-1,nan,0.5987969040870667,0.0,0.0
1.1,-25.080885174073313,36.364185981603406,7.964935427112511,1.7161906281207124,49.32482520552277,6.953647427112507,49.74096773857128,0,0,8.5,king,0,-1,nan,0.5942573547363281,0.0,0.0
1.12,-25.07614243641836,36.3621129088097,7.998225975767522,1.6845265069325435,49.31968055093076,6.986937975767518,49.74000691159103,0,0,8.6,king,0,-1,nan,0.5900639295578003,0.0,0.0
1.14,-25.070415530041895,36.359518476399074,8.030719653988958,1.6548169540286983,49.31342285395433,7.0194316539889545,49.73828279403862,0,0,8.6,king,0,-1,nan,0.5870173573493958,0.0,0.0
1.16,-25.063605320198512,36.356361109988754,8.062364627880658,1.6261551996706067,49.3059454575211,7.051076627880654,49.73523558020462,0,0,8.7,king,0,-1,nan,0.5843535661697388,0.0,0.0
1.18,-25.055659275899497,36.352577994318935,8.093144000299429,1.6006415515867953,49.29717150039755,7.081856000299425,49.73107374874259,0,0,8.7,king,0,-1,nan,0.5830367207527161,0.0,0.0
1.2,-25.046509756929872,36.34814091328611,8.123021200950676,1.5780118062155741,49.28702828513031,7.111733200950672,49.72530658516012,0,0,8.7,king,0,-1,nan,0.5823279023170471,0.0,0.0
1.22,-25.03614493367073,36.343004807821515,8.15196944402314,1.5586932968989906,49.27548308196384,7.140681444023135,49.718241771152634,0,0,8.8,king,0,-1,nan,0.5819869041442871,0.0,0.0
1.24,-25.02449989854892,36.33713789486049,8.179965422836057,1.5441845261931841,49.26246378151016,7.168677422836053,49.70959396775338,0,0,8.8,king,0,-1,nan,0.5832826495170593,0.0,0.0
1.26,-25.01154983737704,36.33051450251543,8.206997899370187,1.5348682338236486,49.247936070862124,7.195709899370183,49.69934985870764,0,0,8.8,king,0,-1,nan,0.5853977799415588,0.0,0.0
1.28,-24.997271671795218,36.323154732020896,8.233064506959666,1.5309313058870673,49.231889977657914,7.221776506959662,49.68748646654658,0,0,8.9,king,0,-1,nan,0.5881959199905396,0.0,0.0
1.3,-24.98164529055818,36.31503806057231,8.258147024402426,1.5323159165426012,49.21429783435559,7.246859024402422,49.67399028691107,0,0,8.9,king,0,-1,nan,0.5919222235679626,0.0,0.0
1.32,-24.964662117392226,36.30619594492771,8.282253576847667,1.539266912082283,49.1951679042565,7.270965576847663,49.65885307330197,0,0,8.9,king,0,-1,nan,0.5965010523796082,0.0,0.0
1.34,-24.94631779715112,36.296618941445224,8.305385880800245,1.5518831842040444,49.174491703516296,7.294097880800241,49.64204445582835,0,0,9.0,king,0,-1,nan,0.6022440195083618,0.0,0.0
1.36,-24.926622534807613,36.286352100378835,8.327564428486342,1.5693942794327826,49.152300556949285,7.316276428486338,49.62363784423364,0,0,9.0,king,0,-1,nan,0.6089426875114441,0.0,0.0
1.38,-24.905573385012698,36.27539147290316,8.348796231696754,1.5921616825207945,49.1285899460201,7.33750823169675,49.603617610415995,0,0,9.0,king,0,-1,nan,0.6169114708900452,0.0,0.0
1.4,-24.88319006871782,36.263792074489054,8.369088834384884,1.618138294293763,49.1034044186249,7.35780083438488,49.582071502638144,0,0,9.0,king,0,-1,nan,0.6246746778488159,0.0,0.0
1.42,-24.859488207992975,36.25156310918041,8.388457378728468,1.648079415812037,49.07676211339973,7.377169378728464,49.55890720963415,0,0,9.1,king,0,-1,nan,0.6337975263595581,0.0,0.0
1.44,-24.834507372824994,36.238750640871544,8.406931721537505,1.6804038295015646,49.04872031742668,7.3956437215375015,49.534374441598445,0,0,9.1,king,0,-1,nan,0.6440765261650085,0.0,0.0
1.46,-24.808267710286746,36.22534800692819,8.424544115597438,1.716352900238617,49.01929317518714,7.413256115597434,49.50826262823764,0,0,9.1,king,0,-1,nan,0.6558842658996582,0.0,0.0
1.48,-24.780806032868004,36.211405654537046,8.441339798860113,1.7540153171438113,48.988537775469915,7.430051798860109,49.48091499153574,0,0,9.1,king,0,-1,nan,0.668926477432251,0.0,0.0
1.5,-24.752154628778634,36.19692723841454,8.457331156033094,1.7932170768918954,48.95648393514581,7.44604315603309,49.452040015005096,0,0,9.2,king,0,-1,nan,0.6818689703941345,0.0,0.0
1.52,-24.72236431236448,36.181969224298406,8.472542555390609,1.832069737187673,48.923203885192535,7.461254555390605,49.42176996791133,0,0,9.2,king,0,-1,nan,0.6959015130996704,0.0,0.0
1.54,-24.69146629748354,36.166534119784075,8.487003780433513,1.8722024494512726,48.88872594167495,7.475715780433509,49.390247227053734,0,0,9.2,king,0,-1,nan,0.7109835147857666,0.0,0.0
1.56,-24.659478090880484,36.15063971021204,8.500744201451504,1.9135547987157515,48.85307417050993,7.4894562014515,49.3574008387592,0,0,9.2,king,0,-1,nan,0.7270902395248413,0.0,0.0
1.58,-24.626433406595854,36.134265840186515,8.51379789703639,1.9560507071051996,48.81626773924246,7.502509897036386,49.32328012741026,0,0,9.3,king,0,-1,nan,0.7441508769989014,0.0,0.0
1.6,-24.592344529402514,36.1174276270961,8.526197047027633,1.9995723848402012,48.77832485629745,7.514909047027629,49.28807514114887,0,0,9.3,king,0,-1,nan,0.7620028853416443,0.0,0.0
1.62,-24.557246232419022,36.100104637383495,8.537932367997938,2.0430945780851486,48.739265462534235,7.526644367997934,49.25143207015001,0,0,9.3,king,0,-1,nan,0.7789156436920166,0.0,0.0
1.64,-24.521171934113212,36.08232464070848,8.549003386918766,2.0856957711789423,48.699132392477445,7.537715386918762,49.21389107167897,0,0,9.3,king,0,-1,nan,0.7962985038757324,0.0,0.0
1.66,-24.484135565558592,36.064060718628156,8.559414287457333,2.12934866537495,48.6579242850503,7.548126287457329,49.17494031622064,0,0,9.3,king,0,-1,nan,0.8145446181297302,0.0,0.0
1.68,-24.446163197061832,36.04534180055279,8.569186677119266,2.1724400238386603,48.615678186334,7.557898677119262,49.13471583798955,0,0,9.4,king,0,-1,nan,0.8333345055580139,0.0,0.0
1.7,-24.407266949768054,36.02614475602508,8.57833011525924,2.2164425512276456,48.572393054070304,7.567042115259236,49.09361299374713,0,0,9.4,king,0,-1,nan,0.8524975776672363,0.0,0.0
1.72,-24.3674253446869,36.00647472464101,8.586860764977043,2.2622088844208927,48.52805285870136,7.575572764977039,49.05102968128499,0,0,9.4,king,0,-1,nan,0.8722309470176697,0.0,0.0
1.74,-24.326661397950836,35.9863114650521,8.59479375741567,2.308240000401709,48.48266743455288,7.583505757415667,49.0077112035574,0,0,9.4,king,0,-1,nan,0.8921367526054382,0.0,0.0
1.76,-24.28494414109892,35.9656513186572,8.602140643019727,2.3564527877651873,48.4362081354893,7.590852643019723,48.962897942112164,0,0,9.4,king,0,-1,nan,0.9126049876213074,0.0,0.0
1.78,-24.24230365172138,35.944472114323396,8.60892046599468,2.404545710805209,48.38868994148649,7.597632465994677,48.91700084848624,0,0,9.4,king,0,-1,nan,0.9332461953163147,0.0,0.0
1.8,-24.198718805207616,35.92277056310678,8.615137603390087,2.454205048599796,48.34009291484515,7.603849603390083,48.869871891426925,0,0,9.5,king,0,-1,nan,0.9540182948112488,0.0,0.0
1.82,-24.154160820798296,35.90048997292606,8.620878950586727,2.5073899482604025,48.29036379334933,7.609590950586723,48.821786664731015,0,0,9.5,king,0,-1,nan,0.9765744209289551,0.0,0.0
1.84,-24.108581520365654,35.87761198789196,8.626213566863306,2.563851086728654,48.239451672788746,7.6149255668633025,48.77215040654001,0,0,9.5,king,0,-1,nan,0.9994224905967712,0.0,0.0
1.86,-24.062019332113817,35.85411367007081,8.63108746121478,2.619142589366114,48.187378363612794,7.619799461214775,48.721654687240324,0,0,9.5,king,0,-1,nan,1.0,0.0,0.0
1.88,-24.01444751244173,35.82998669962495,8.635464489298071,2.675979776012187,48.13411653781049,7.624176489298067,48.6701594917179,0,0,9.5,king,0,-1,nan,1.0,0.0,0.0
1.9,-23.96588646837403,35.80519228748218,8.639369493600359,2.733215566439877,48.07966446242955,7.628081493600355,48.61741018615398,0,0,9.5,king,0,-1,nan,1.0,0.0,0.0
1.92,-23.916392118865595,35.779765679609476,8.642793135547283,2.7874380465562885,48.024088174064055,7.631505135547279,48.563794574681374,0,0,9.6,king,0,-1,nan,1.0,0.0,0.0
1.94,-23.86600314812544,35.75370430524106,8.645768252524409,2.8403762634775696,47.9674198708,7.634480252524405,48.50899316168579,0,0,9.6,king,0,-1,nan,1.0,0.0,0.0
1.96,-23.81476686337333,35.727062435967426,8.648381914253621,2.890405378674152,47.90972764779249,7.637093914253617,48.45355927064374,0,0,9.6,king,0,-1,nan,1.0,0.0,0.0
1.98,-23.762749421300235,35.69985467116523,8.650665223805015,2.9373841457438004,47.851076079277675,7.6393772238050115,48.39687631135967,0,0,9.6,king,0,-1,nan,1.0,0.0,0.0
2.0,-23.71003178779254,35.67215864802215,8.652685242074876,2.9792192997511964,47.79157409759299,7.641397242074872,48.339847814395604,0,0,9.6,king,0,-1,nan,1.0,0.0,0.0
2.02,-23.656688080142644,35.643998733333355,8.654455794559597,3.0173112191234086,47.731298056358135,7.643167794559593,48.28169622565302,0,0,9.6,king,0,-1,nan,1.0,0.0,0.0
2.04,-23.602807654996628,35.61546348668086,8.656026527473156,3.0495195184321964,47.67036962321012,7.644738527473152,48.22350891911696,0,0,9.6,king,0,-1,nan,1.0,0.0,0.0
2.06,-23.54845430182347,35.58657490027685,8.657488439851367,3.078544547911122,47.60885502328743,7.646200439851363,48.164326249224054,0,0,9.7,king,0,-1,nan,1.0,0.0,0.0
2.08,-23.493729156695668,35.55743529195225,8.65885082098818,3.1007315124546757,47.54689301418712,7.647562820988176,48.10543868791999,0,0,9.7,king,0,-1,nan,1.0,0.0,0.0
2.1,-23.438706729771276,35.52807830670965,8.66017481336075,3.118915277378862,47.48456493726665,7.648886813360747,48.045701630396366,0,0,9.7,king,0,-1,nan,1.0,0.0,0.0
2.12,-23.383493666236955,35.498615005954875,8.6614382642273,3.1297622850240376,47.422018703733734,7.650150264227296,47.985873402599665,0,0,9.7,king,0,-1,nan,1.0,0.0,0.0
2.14,-23.328171982042736,35.46908881073179,8.662665116753834,3.1359966970479167,47.35934705043845,7.65137711675383,47.92529666040351,0,0,9.7,king,0,-1,nan,1.0,0.0,0.0
2.16,-23.27280746245543,35.439592162214566,8.663878246277541,3.1371778663805054,47.29665320513558,7.652590246277537,47.86555790671056,0,0,9.7,king,0,-1,nan,1.0,0.0,0.0
2.18,-23.21744956923544,35.41015486526357,8.66504779252405,3.1354499804489855,47.23399491314034,7.6537597925240455,47.80516925493739,0,0,9.7,king,0,-1,nan,1.0,0.0,0.0
2.2,-23.162170970379808,35.38086905758188,8.66616036702673,3.1283461465425355,47.17148121938503,7.6548723670267265,47.744585985895185,0,0,9.8,king,0,-1,nan,1.0,0.0,0.0
2.22,-23.10702460078721,35.35176416156361,8.667230467312018,3.118237549521608,47.10917269111303,7.655942467312014,47.68434076338093,0,0,9.8,king,0,-1,nan,1.0,0.0,0.0
2.24,-23.05204363082723,35.32287552643163,8.668286338075273,3.10587152044201,47.047115756998195,7.656998338075269,47.62343463039726,0,0,9.8,king,0,-1,nan,1.0,0.0,0.0
2.26,-22.99728739601256,35.294195649992,8.669343773545162,3.091075352302625,46.985358033087905,7.658055773545158,47.5638885571718,0,0,9.8,king,0,-1,nan,1.0,0.0,0.0
2.28,-22.942752104152532,35.265735686849794,8.670342544503347,3.076144138260064,46.92390183666178,7.659054544503343,47.50371228233885,0,0,9.8,king,0,-1,nan,1.0,0.0,0.0
2.3,-22.888502914753452,35.23748511090641,8.671237640016138,3.058541640867041,46.86279830208702,7.6599496400161335,47.443726369262095,0,0,9.8,king,0,-1,nan,1.0,0.0,0.0
2.32,-22.83454425233175,35.20945456424204,8.672008046875408,3.0404943361943046,46.802056597607944,7.660720046875404,47.384127043649336,0,0,9.8,king,0,-1,nan,1.0,0.0,0.0
2.34,-22.780885846687237,35.18162350410742,8.67264801568932,3.0224997785815257,46.741674858702225,7.661360015689317,47.324036741124395,0,0,9.8,king,0,-1,nan,1.0,0.0,0.0
2.36,-22.727519764959673,35.154015101562536,8.673140199203461,3.0043322114260436,46.681657836645776,7.661852199203457,47.265237193126126,0,0,9.9,king,0,-1,nan,1.0,0.0,0.0
2.38,-22.674420447457315,35.12659385666418,8.673482641450619,2.988134642918718,46.62196563086841,7.662194641450615,47.20591539007255,0,0,9.9,king,0,-1,nan,1.0,0.0,0.0
2.4,-22.621586245674756,35.099393538688645,8.673759799378862,2.9712737136149703,46.56261374702411,7.662471799378858,47.14767347148316,0,0,9.9,king,0,-1,nan,1.0,0.0,0.0
2.42,-22.56899651394777,35.072387336481675,8.674044011076791,2.955966684965015,46.503570892486735,7.662756011076787,47.08889929800132,0,0,9.9,king,0,-1,nan,1.0,0.0,0.0
2.44,-22.516656340513666,35.04558649264367,8.67436134503495,2.940186935546032,46.44484711574749,7.663073345034945,47.03083562695182,0,0,9.9,king,0,-1,nan,1.0,0.0,0.0
2.46,-22.464551403996747,35.0189386238949,8.674734722705807,2.92624876299388,46.38640377180777,7.663446722705803,46.97224271883434,0,0,9.9,king,0,-1,nan,1.0,0.0,0.0
2.48,-22.412662892632692,34.99244573013862,8.675148660674765,2.913100743109048,46.32822559156624,7.663860660674761,46.91486825620417,0,0,9.9,king,0,-1,nan,1.0,0.0,0.0
2.5,-22.360952819650088,34.9660466914279,8.675584337066574,2.903028895238095,46.27024906407145,7.66429633706657,46.856907609793154,0,0,10.0,king,0,-1,nan,1.0,0.0,0.0
2.52,-22.309406729497553,34.93975139888354,8.67601058107592,2.8933646088777003,46.21246664386383,7.664722581075916,46.80005187895232,0,0,10.0,king,0,-1,nan,1.0,0.0,0.0
2.54,-22.25799157202559,34.91350766786481,8.676402260948148,2.8863494455681034,46.154823564671766,7.665114260948144,46.74256133725838,0,0,10.0,king,0,-1,nan,1.0,0.0,0.0
2.56,-22.20669725429271,34.88733297560181,8.676727216259186,2.8793780329693717,46.097319860322315,7.665439216259182,46.68590174325776,0,0,10.0,king,0,-1,nan,1.0,0.0,0.0
2.58,-22.155495439366526,34.861183716449055,8.67696598525343,2.874659378346301,46.03990914052239,7.665677985253426,46.628577238466214,0,0,10.0,king,0,-1,nan,1.0,0.0,0.0
2.6,-22.104369108892374,34.83507814559224,8.67719407449663,2.8703024763146154,45.98258584116331,7.665906074496625,46.572196970557656,0,0,10.0,king,0,-1,nan,1.0,0.0,0.0
2.62,-22.053282665446428,34.80897308655206,8.677462502470648,2.8685235161248737,45.9252975044198,7.6661745024706445,46.5151156148322,0,0,10.0,king,0,-1,nan,1.0,0.0,0.0
2.64,-22.00222749735547,34.78288816533415,8.67778876240645,2.866687875094768,45.868046529490705,7.6665007624064465,46.458945541391905,0,0,10.0,king,0,-1,nan,1.0,0.0,0.0
2.66,-21.951176078030915,34.75677920900089,8.678183138595053,2.867089355270389,45.81078693642014,7.666895138595049,46.40204514248979,0,0,10.1,king,0,-1,nan,1.0,0.0,0.0
2.68,-21.900124455330282,34.73067417453056,8.67863548201933,2.8670305281068256,45.7535293388531,7.667347482019325,46.34594843787032,0,0,10.1,king,0,-1,nan,1.0,0.0,0.0
2.7,-21.84904954180642,34.70453664987201,8.679139843235038,2.8688287535954813,45.69623548966179,7.667851843235034,46.28909814338855,0,0,10.1,king,0,-1,nan,1.0,0.0,0.0
2.72,-21.797955571023067,34.67838814328456,8.67968020552873,2.8699434831424604,45.63891984782757,7.6683922055287255,46.23301714869705,0,0,10.1,king,0,-1,nan,1.0,0.0,0.0
2.74,-21.746827483906937,34.652186111479324,8.680246144007013,2.872693879113321,45.58154802624424,7.668958144007009,46.17616747387751,0,0,10.1,king,0,-1,nan,1.0,0.0,0.0
2.76,-21.695670363870686,34.62595786746898,8.680819910439304,2.8745873278559815,45.52413813395223,7.6695319104393,46.12003930291343,0,0,10.1,king,0,-1,nan,1.0,0.0,0.0
2.78,-21.644469846164387,34.599666881682076,8.6813980857242,2.877952064272591,45.46665939956169,7.670110085724197,46.063134203619015,0,0,10.1,king,0,-1,nan,1.0,0.0,0.0
2.8,-21.593230275367596,34.57334496636354,8.681968085003898,2.8803913539023185,45.40913155575117,7.6706800850038945,46.00698988446696,0,0,10.1,king,0,-1,nan,1.0,0.0,0.0
2.82,-21.54193687953572,34.54696058315626,8.682528255223067,2.8842078305267718,45.35152598383289,7.671240255223063,45.95005943956874,0,0,10.2,king,0,-1,nan,1.0,0.0,0.0
2.84,-21.49060117312822,34.52054442383276,8.683072147785472,2.886807945153752,45.29386805681607,7.671784147785468,45.89367321755672,0,0,10.2,king,0,-1,nan,1.0,0.0,0.0
2.86,-21.439215626731098,34.49406406845984,8.683600938596532,2.8904857805083575,45.23613497210564,7.672312938596528,45.83650654985458,0,0,10.2,king,0,-1,nan,1.0,0.0,0.0
2.88,-21.387783781991907,34.46755063240214,8.684106559193529,2.89329077222227,45.17834542501386,7.672818559193525,45.78008895636635,0,0,10.2,king,0,-1,nan,1.0,0.0,0.0
2.9,-21.336290125282638,34.44097237254264,8.684590060917612,2.8975137412823693,45.1204700479666,7.673302060917608,45.72287976647917,0,0,10.2,king,0,-1,nan,1.0,0.0,0.0
2.92,-21.28474433251365,34.41436181747481,8.685047322539791,2.900560067207944,45.062533553825844,7.673759322539787,45.66642651022423,0,0,10.2,king,0,-1,nan,1.0,0.0,0.0
2.94,-21.233136934426884,34.387688544480454,8.685484934543572,2.9047282720521634,45.00451246192308,7.674196934543568,45.609180427688464,0,0,10.2,king,0,-1,nan,1.0,0.0,0.0
2.96,-21.181480930999577,34.36099241002657,8.685901511552805,2.907404263800657,44.9464380463796,7.674613511552801,45.55259572538233,0,0,10.3,king,0,-1,nan,1.0,0.0,0.0
2.98,-21.129769930506292,34.33424992629621,8.686313312776928,2.910909474860592,44.8882929725072,7.675025312776924,45.495221723097806,0,0,10.3,king,0,-1,nan,1.0,0.0,0.0
3.0,-21.07802586814783,34.30748473628903,8.686724497601372,2.9128990964487125,44.83010808867414,7.675436497601368,45.438600057718205,0,0,10.3,king,0,-1,nan,1.0,0.0,0.0
3.02,-21.02625146296613,34.280656870065535,8.6871475095334,2.915691331879511,44.771865640485565,7.675859509533396,45.381198811146795,0,0,10.3,king,0,-1,nan,1.0,0.0,0.0
3.04,-20.974469741202974,34.253796255636175,8.687585380310484,2.9167752086410186,44.713600577046364,7.67629738031048,45.32425761600033,0,0,10.3,king,0,-1,nan,1.0,0.0,0.0
3.06,-20.92268451280006,34.226868713982874,8.688051266437377,2.9184839515214045,44.65529899154005,7.676763266437373,45.266557402837776,0,0,10.3,king,0,-1,nan,1.0,0.0,0.0
3.08,-20.87090359602036,34.19990044405958,8.688541028618515,2.9192425354003637,44.59698081279703,7.6772530286185106,45.2096909521448,0,0,10.3,king,0,-1,nan,1.0,0.0,0.0
3.1,-20.819115701087604,34.17285369723041,8.689056943760592,2.9213775620591376,44.53861728298917,7.677768943760588,45.1520583825772,0,0,10.3,king,0,-1,nan,1.0,0.0,0.0
3.12,-20.767332248678755,34.14576230308803,8.689595845806409,2.9222251775710877,44.48023528513786,7.678307845806405,45.09525952639769,0,0,10.4,king,0,-1,nan,1.0,0.0,0.0
3.14,-20.715545539634956,34.118595933607736,8.690163730591681,2.9241226707578876,44.42181289534596,7.6788757305916775,45.0376955855038,0,0,10.4,king,0,-1,nan,1.0,0.0,0.0
3.16,-20.663770506603566,34.09139600004824,8.690758466019876,2.924399143957631,44.36338385080887,7.679470466019872,44.98084728808338,0,0,10.4,king,0,-1,nan,1.0,0.0,0.0
3.18,-20.612002821697526,34.064139339982695,8.691394416298259,2.9254158470277245,44.3049327464563,7.680106416298255,44.92324757459949,0,0,10.4,king,0,-1,nan,1.0,0.0,0.0
3.2,-20.560253520593285,34.03687020644904,8.692072190807226,2.9249167452847566,44.246491388363715,7.680784190807222,44.866425232718704,0,0,10.4,king,0,-1,nan,1.0,0.0,0.0
3.22,-20.508514705474767,34.00956834756364,8.692801506627822,2.9252471647846803,44.18804275315775,7.681513506627818,44.80886193517283,0,0,10.4,king,0,-1,nan,1.0,0.0,0.0
3.24,-20.456796606956605,33.98228159238264,8.693579476495168,2.9240100716980244,44.12961975904215,7.682291476495164,44.751872504978124,0,0,10.4,king,0,-1,nan,1.0,0.0,0.0
3.26,-20.405090291034423,33.95499306669317,8.694416722711571,2.923571327065617,44.0712061907373,7.683128722711567,44.69415020827758,0,0,10.5,king,0,-1,nan,1.0,0.0,0.0
3.28,-20.353405991662303,33.92772586790529,8.695305951990928,2.922138626090487,44.012822521705424,7.684017951990924,44.63734110169401,0,0,10.5,king,0,-1,nan,1.0,0.0,0.0
3.3,-20.301734490358005,33.900438558365394,8.696247729050704,2.9220832692603462,43.9544399180668,7.6849597290507,44.57979181287581,0,0,10.5,king,0,-1,nan,1.0,0.0,0.0
3.32,-20.250089586783325,33.87316190340576,8.697236351262115,2.9206974102523544,43.89608579511583,7.685948351262111,44.523137558615176,0,0,10.5,king,0,-1,nan,1.0,0.0,0.0
3.34,-20.198465709427264,33.84586204407967,8.698276465198164,2.920354802715631,43.8377382820086,7.68698846519816,44.465744420060574,0,0,10.5,king,0,-1,nan,1.0,0.0,0.0
3.36,-20.146879319781,33.81857684281804,8.69936126054095,2.918396214344195,43.77943067018255,7.688073260540946,44.40865645931679,0,0,10.5,king,0,-1,nan,1.0,0.0,0.0
3.38,-20.09532765378164,33.79127944418597,8.700496079386289,2.9171947369003774,43.72114703951377,7.689208079386285,44.35085522304987,0,0,10.5,king,0,-1,nan,1.0,0.0,0.0
3.4,-20.043799840094294,33.76399627869832,8.701661221900522,2.915837898230341,43.662891315134495,7.6903732219005185,44.2939524832547,0,0,10.6,king,0,-1,nan,1.0,0.0,0.0
3.42,-19.992266204241126,33.73669011811073,8.702842624723221,2.9166495088164317,43.604619104986725,7.691554624723217,44.236305861665095,0,0,10.6,king,0,-1,nan,1.0,0.0,0.0
3.44,-19.940720117949837,33.709394823317304,8.704018315523014,2.916939482859363,43.54634174894209,7.69273031552301,44.17948949287887,0,0,10.6,king,0,-1,nan,1.0,0.0,0.0
3.46,-19.88913599721622,33.68208106637908,8.705178683768828,2.919036349725234,43.48802237073195,7.693890683768824,44.12190586369888,0,0,10.6,king,0,-1,nan,1.0,0.0,0.0
3.48,-19.83751419619776,33.65478244073344,8.706307931359813,2.920316978793526,43.42967821260262,7.695019931359809,44.06512842418674,0,0,10.6,king,0,-1,nan,1.0,0.0,0.0
3.5,-19.785836040413574,33.627469876527634,8.707402754556016,2.923100488600053,43.37127849691825,7.696114754556012,44.00756980477406,0,0,10.6,king,0,-1,nan,1.0,0.0,0.0
3.52,-19.73410664566461,33.60018118670181,8.708452021419069,2.924766586607318,43.31284671112199,7.697164021419065,43.950781597134416,0,0,10.7,king,0,-1,nan,1.0,0.0,0.0
3.54,-19.682311719453594,33.57289162460664,8.709465009335098,2.927652952908161,43.2543580425707,7.698177009335094,43.893203342850384,0,0,10.7,king,0,-1,nan,1.0,0.0,0.0
3.56,-19.63046840083826,33.54562627557021,8.710441183851918,2.9291986360679783,43.1958399486002,7.699153183851914,43.83643988027431,0,0,10.7,king,0,-1,nan,1.0,0.0,0.0
3.58,-19.57857468226604,33.51834757342146,8.711391267138438,2.9317180442634463,43.13727175689062,7.700103267138434,43.778890415092825,0,0,10.7,king,0,-1,nan,1.0,0.0,0.0
3.6,-19.526650961573147,33.4910881752168,8.712319473988599,2.9325795509373083,43.07868755644625,7.7010314739885946,43.722183290940194,0,0,10.7,king,0,-1,nan,1.0,0.0,0.0
3.62,-19.474698388882818,33.463817562043175,8.713246157063491,2.934116090720963,43.02007295044515,7.701958157063487,43.66470425004451,0,0,10.7,king,0,-1,nan,1.0,0.0,0.0
3.64,-19.42274054923381,33.43657579182698,8.714180510806921,2.9336854647447153,42.961468514354166,7.702892510806917,43.6075397616701,0,0,10.7,king,0,-1,nan,1.0,0.0,0.0
3.66,-19.370782353249094,33.40933930562167,8.715136813738953,2.93359626827561,42.90286660591978,7.703848813738949,43.549634853728925,0,0,10.8,king,0,-1,nan,1.0,0.0,0.0
3.68,-19.318823465335598,33.38213892684316,8.716108355897722,2.932801788848014,42.844282492046446,7.704820355897718,43.49260037930508,0,0,10.8,king,0,-1,nan,1.0,0.0,0.0
3.7,-19.266844481036056,33.35494198150946,8.71709769674857,2.9336272085999706,42.785682937031446,7.705809696748567,43.43480792713007,0,0,10.8,king,0,-1,nan,1.0,0.0,0.0
3.72,-19.2148541117268,33.327775513227685,8.718096670042883,2.933433759035769,42.72708911488517,7.706808670042879,43.3778917229226,0,0,10.8,king,0,-1,nan,1.0,0.0,0.0
3.74,-19.16284179666393,33.300602974066216,8.71910798444688,2.934557274745483,42.66847346623783,7.707819984446877,43.320211018825304,0,0,10.8,king,0,-1,nan,1.0,0.0,0.0
3.76,-19.11081965559391,33.273458842159926,8.720126071132638,2.934341305538065,42.609863861838534,7.708838071132634,43.26340089058405,0,0,10.8,king,0,-1,nan,1.0,0.0,0.0
3.78,-19.058780471364425,33.24631385706895,8.721161220178278,2.935131361798907,42.5512393042054,7.709873220178274,43.20582807861673,0,0,10.9,king,0,-1,nan,1.0,0.0,0.0
3.8,-19.006742067281365,33.21920424064612,8.72221510748674,2.934296116858174,42.49263347116752,7.710927107486736,43.149110156885186,0,0,10.9,king,0,-1,nan,1.0,0.0,0.0
3.82,-18.954703143254044,33.19210225631525,8.723300934373842,2.9341720248737757,42.43403123916575,7.712012934373838,43.09164083738523,0,0,10.9,king,0,-1,nan,1.0,0.0,0.0
3.84,-18.902684634992887,33.16504697173576,8.72441973334622,2.9322198657900294,42.37547041255,7.713131733346216,43.034494060894495,0,0,10.9,king,0,-1,nan,1.0,0.0,0.0
3.86,-18.85068836012011,33.138013138536735,8.725583888667206,2.9307831699435822,42.31693981227108,7.714295888667202,42.97662149782851,0,0,10.9,king,0,-1,nan,1.0,0.0,0.0
3.88,-18.798715027441446,33.111018447723026,8.72678158954444,2.9288970318390097,42.25844899040834,7.715493589544437,42.919680494809164,0,0,10.9,king,0,-1,nan,1.0,0.0,0.0
3.9,-18.746746203316153,33.084016795602146,8.728006079854396,2.928885144018803,42.19995874939799,7.716718079854392,42.86199147086296,0,0,11.0,king,0,-1,nan,1.0,0.0,0.0
3.92,-18.69478648631494,33.057033607017516,8.729242649500547,2.9280683741716587,42.14148590501439,7.717954649500543,42.805198030181685,0,0,11.0,king,0,-1,nan,1.0,0.0,0.0
3.94,-18.642821259846194,33.03003064314549,8.730488227168292,2.928778023147474,42.08299852180356,7.7192002271682885,42.7476436096894,0,0,11.0,king,0,-1,nan,1.0,0.0,0.0
3.96,-18.59085849603421,33.00304057566918,8.731732590288432,2.92837028265331,42.024519990969786,7.720444590288428,42.69095627267483,0,0,11.0,king,0,-1,nan,1.0,0.0,0.0
3.98,-18.538887019921983,32.976032541863226,8.732979637486144,2.9291736659255636,41.96602507148622,7.72169163748614,42.633501894561014,0,0,11.0,king,0,-1,nan,1.0,0.0,0.0
4.0,-18.486922129701313,32.94903771526396,8.734225737628437,2.9285761234494765,41.907542721910644,7.722937737628433,42.5769401413756,0,0,11.0,king,0,-1,nan,1.0,0.0,0.0
4.02,-18.43495994443377,32.922023641910705,8.735481609090671,2.928910236778817,41.84905318604913,7.724193609090667,42.51961722099199,0,0,11.1,king,0,-1,nan,1.0,0.0,0.0
4.04,-18.383018978368153,32.89502880259757,8.736748315120726,2.927537296747182,41.790591893618235,7.725460315120722,42.462709665188854,0,0,11.1,king,0,-1,nan,1.0,0.0,0.0
4.06,-18.331098901628287,32.86802788853183,8.738035628024146,2.926773352845484,41.73214576150871,7.7267476280241425,42.40506215946831,0,0,11.1,king,0,-1,nan,1.0,0.0,0.0
4.08,-18.27920155939867,32.84104558897036,8.739335315321823,2.9253494693774766,41.67372886778096,7.7280473153218185,42.3483282197133,0,0,11.1,king,0,-1,nan,1.0,0.0,0.0
4.1,-18.227309858868697,32.814043169748835,8.740645111299552,2.925574641506652,41.615306874485995,7.729357111299548,42.29083786709427,0,0,11.1,king,0,-1,nan,1.0,0.0,0.0
4.12,-18.17542949308931,32.78705296844336,8.741952993389706,2.9247879732873243,41.55690105041062,7.730664993389702,42.23422881452346,0,0,11.1,king,0,-1,nan,1.0,0.0,0.0
4.14,-18.12354688832206,32.76004372734956,8.743265167437142,2.9253314267909682,41.49848387267649,7.7319771674371385,42.176855240724784,0,0,11.2,king,0,-1,nan,1.0,0.0,0.0
4.16,-18.07167494728112,32.733045938772364,8.744577733323183,2.9245947089380104,41.44008189902642,7.733289733323179,42.120378026260674,0,0,11.2,king,0,-1,nan,1.0,0.0,0.0
4.18,-18.019807562461022,32.70602658899166,8.745896821500777,2.9248978034575477,41.38167315407016,7.734608821500773,42.063139469613105,0,0,11.2,king,0,-1,nan,1.0,0.0,0.0
4.2,-17.96796107860237,32.6790236734807,8.747222074306316,2.9235986513182484,41.32329096378734,7.7359340743063125,42.00638062978162,0,0,11.2,king,0,-1,nan,1.0,0.0,0.0
4.22,-17.916132934729262,32.65201155360114,8.748561880122356,2.923014795268691,41.26492014120591,7.737273880122352,41.94887799759947,0,0,11.2,king,0,-1,nan,1.0,0.0,0.0
4.24,-17.864324861394337,32.6250185819903,8.74990870029626,2.9216908219564255,41.206576531731805,7.738620700296256,41.89228614009099,0,0,11.2,king,0,-1,nan,1.0,0.0,0.0
4.26,-17.812519646681906,32.598009803109726,8.751261514200616,2.9219362217032123,41.14822759445111,7.739973514200612,41.834936080473035,0,0,11.3,king,0,-1,nan,1.0,0.0,0.0
4.28,-17.76072284476257,32.57102114542755,8.752609505441587,2.9210928660959157,41.089896312406694,7.741321505441583,41.77845024197203,0,0,11.3,king,0,-1,nan,1.0,0.0,0.0
4.3,-17.708920685788556,32.544025035822834,8.753961346435364,2.9215069237600444,41.031556850256656,7.74267334643536,41.721196009178904,0,0,11.3,king,0,-1,nan,1.0,0.0,0.0
4.32,-17.65713171432521,32.51704330355889,8.755314497880597,2.9205917465592974,40.97323625538561,7.7440264978805935,41.664850155942474,0,0,11.3,king,0,-1,nan,1.0,0.0,0.0
4.34,-17.60535525014234,32.490034212481454,8.75667630636471,2.9206796154564305,40.91491279811998,7.745388306364706,41.607739782908055,0,0,11.3,king,0,-1,nan,1.0,0.0,0.0
4.36,-17.553613242834075,32.46302722372541,8.758047272979494,2.9191147251418985,40.856620324191006,7.7467592729794905,41.550875296977246,0,0,11.3,king,0,-1,nan,1.0,0.0,0.0
4.38,-17.5019087606912,32.435988134573336,8.759431432553754,2.918210801828608,40.79834414345371,7.74814343255375,41.49329427219926,0,0,11.4,king,0,-1,nan,1.0,0.0,0.0
4.4,-17.45023504188235,32.408934433502004,8.760811609413938,2.917182221493228,40.7400872814759,7.749523609413934,41.43661265365679,0,0,11.4,king,0,-1,nan,1.0,0.0,0.0
4.42,-17.39856749306558,32.38182111706114,8.762178795188698,2.918277199863902,40.68180572174685,7.750890795188694,41.37916162119588,0,0,11.4,king,0,-1,nan,1.0,0.0,0.0
4.44,-17.346904242381946,32.35467359842682,8.763515153183526,2.9188461298479873,40.62351072338589,7.752227153183522,41.32255574008776,0,0,11.4,king,0,-1,nan,1.0,0.0,0.0
4.46,-17.295224665652345,32.3274546331916,8.764812289139686,2.9211869510165314,40.56516562075354,7.753524289139682,41.26515888488328,0,0,11.4,king,0,-1,nan,1.0,0.0,0.0
4.48,-17.243530512257863,32.300196864235964,8.766055311910081,2.9226770986625827,40.50678846361074,7.7547673119100775,41.208578084781145,0,0,11.5,king,0,-1,nan,1.0,0.0,0.0
4.5,-17.191804567374504,32.2728703402183,8.767246930503804,2.9256333689635183,40.44834922156996,7.7559589305038,41.15119612444498,0,0,11.5,king,0,-1,nan,1.0,0.0,0.0
4.52,-17.140051507616835,32.24551428372742,8.76838227973701,2.927465644074333,40.389871810072414,7.7570942797370055,41.09462030204785,0,0,11.5,king,0,-1,nan,1.0,0.0,0.0
4.54,-17.088257425834396,32.218105659010234,8.769467834298425,2.930459880837493,40.331332557774466,7.758179834298421,41.03724224413461,0,0,11.5,king,0,-1,nan,1.0,0.0,0.0
4.56,-17.036430366087025,32.190690932016224,8.770503542221046,2.9320146951859147,40.27276196444075,7.7592155422210425,40.9806376678022,0,0,11.5,king,0,-1,nan,1.0,0.0,0.0
4.58,-16.98455942831232,32.16325405945447,8.77150717436062,2.934443490284415,40.21414250056377,7.760219174360616,40.923230569594296,0,0,11.5,king,0,-1,nan,1.0,0.0,0.0
4.6,-16.93266859035029,32.13582120812793,8.772486728456897,2.9352086478362653,40.15550810659291,7.761198728456893,40.86668639500921,0,0,11.6,king,0,-1,nan,1.0,0.0,0.0
4.62,-16.88076277543137,32.10835545938347,8.773460971153328,2.936635032363777,40.096844293456186,7.7621729711533245,40.80935406267712,0,0,11.6,king,0,-1,nan,1.0,0.0,0.0
4.64,-16.82886956001757,32.080890815623476,8.774438513817888,2.93605519894777,40.03819207564587,7.763150513817884,40.75232944889693,0,0,11.6,king,0,-1,nan,1.0,0.0,0.0
4.66,-16.776997602949553,32.05339753955122,8.775437226315049,2.93580380215684,39.97954381943818,7.764149226315045,40.69454916320075,0,0,11.6,king,0,-1,nan,1.0,0.0,0.0
4.68,-16.725149469959923,32.02589996805414,8.776451715485894,2.9348656362025363,39.92091408333443,7.76516371548589,40.63767975748852,0,0,11.6,king,0,-1,nan,1.0,0.0,0.0
4.7,-16.673308739201,31.998358884799643,8.777482741646613,2.9355730477174617,39.86226880721046,7.7661947416466095,40.580039802846834,0,0,11.7,king,0,-1,nan,1.0,0.0,0.0
4.72,-16.62148176012839,31.970806327627997,8.778522966817462,2.9352432756483746,39.803629720892985,7.767234966817458,40.52329411190238,0,0,11.7,king,0,-1,nan,1.0,0.0,0.0
4.74,-16.569655849744912,31.943210647555343,8.779575052206589,2.9362192652348367,39.74496982442663,7.768287052206585,40.46577105204995,0,0,11.7,king,0,-1,nan,1.0,0.0,0.0
4.76,-16.51784089764976,31.915611356781884,8.78063298248892,2.9358258328378946,39.68631769704769,7.769344982488915,40.409149736824325,0,0,11.7,king,0,-1,nan,1.0,0.0,0.0
4.78,-16.466027572219176,31.8879840275169,8.78170915426553,2.9364298732407397,39.627652892359734,7.7704211542655255,40.351755542904705,0,0,11.7,king,0,-1,nan,1.0,0.0,0.0
4.8,-16.41422880685416,31.860375135197998,8.782805140162413,2.9353722990035043,39.56901015468817,7.771517140162409,40.295166583048534,0,0,11.7,king,0,-1,nan,1.0,0.0,0.0
4.82,-16.362438695955444,31.832767175363117,8.783933859710142,2.934999591551723,39.510375507015105,7.772645859710138,40.23781902875629,0,0,11.8,king,0,-1,nan,1.0,0.0,0.0
4.84,-16.310668829112792,31.805209550942077,8.785094553466593,2.932954562652292,39.45178403199557,7.7738065534665886,40.181037646392326,0,0,11.8,king,0,-1,nan,1.0,0.0,0.0
4.86,-16.258911730699126,31.777687471381068,8.786301274523325,2.9316029213014336,39.39322178266816,7.775013274523321,40.12350772764854,0,0,11.8,king,0,-1,nan,1.0,0.0,0.0
4.88,-16.207178980809918,31.750220655669214,8.787548299541486,2.929273991898014,39.33470875883132,7.776260299541482,40.066950695526835,0,0,11.8,king,0,-1,nan,1.0,0.0,0.0
4.9,-16.15546272902407,31.722764631876956,8.788838018634063,2.9283388279859164,39.2762156047367,7.777550018634059,40.00963772742939,0,0,11.8,king,0,-1,nan,1.0,0.0,0.0
4.92,-16.103778150217956,31.695346863635415,8.79016506374534,2.9260855893325415,39.21776934951208,7.778877063745336,39.95329675881005,0,0,11.9,king,0,-1,nan,1.0,0.0,0.0
4.94,-16.052124452726332,31.667932611594782,8.79143503945955,2.9245762589725652,39.15935165542783,7.780147039459546,39.89619505393802,0,0,11.9,king,0,-1,nan,1.0,0.0,0.0
4.96,-16.000518772350294,31.640555587887818,8.792677338942683,2.9215539453052704,39.1009944164717,7.781389338942679,39.8392110430131,0,0,11.9,king,0,-1,nan,1.0,0.0,0.0
4.98,-15.948960205854299,31.613187287431696,8.793918666347137,2.919268120053154,39.04268236298386,7.782630666347133,39.7820394044415,0,0,11.9,king,0,-1,nan,1.0,0.0,0.0
5.0,-15.897430090598343,31.5858453914476,8.795169899146162,2.9174036564274832,38.984408414743996,7.783881899146158,39.7258155445071,0,0,11.9,king,0,-1,nan,1.0,0.0,0.0
5.02,-15.845918263548588,31.55849745145989,8.796444042131393,2.916762583722812,38.92614732062034,7.785156042131389,39.66883110668738,0,0,11.9,king,0,-1,nan,1.0,0.0,0.0
5.04,-15.794437284474977,31.53118235063294,8.797742544493033,2.9146578049348806,38.86792967020589,7.786454544493029,39.612198132573596,0,0,12.0,king,0,-1,nan,1.0,0.0,0.0
5.06,-15.742980920410064,31.503875164007013,8.799070090895171,2.913418191598036,38.80973742101255,7.787782090895167,39.55482612843569,0,0,12.0,king,0,-1,nan,1.0,0.0,0.0
5.08,-15.691537312598008,31.47660509790277,8.80041000457695,2.9119995959499896,38.75157522293747,7.789122004576946,39.4983792693734,0,0,12.0,king,0,-1,nan,1.0,0.0,0.0
5.1,-15.64007578642319,31.449338192976708,8.801751500161059,2.9127188290713564,38.6933993957419,7.790463500161055,39.44116082088217,0,0,12.0,king,0,-1,nan,1.0,0.0,0.0
5.12,-15.588590149451944,31.422108055651307,8.803073350068793,2.9129016805728116,38.63522171434662,7.791785350068789,39.38478792908613,0,0,12.0,king,0,-1,nan,1.0,0.0,0.0
5.14,-15.53705507708694,31.394885480659266,8.804369387097177,2.914880780084494,38.577005525569916,7.793081387097173,39.3276156440974,0,0,12.1,king,0,-1,nan,1.0,0.0,0.0
5.16,-15.485476854572209,31.367691892279865,8.805622962031991,2.9160657300738575,38.5187671526914,7.7943349620319875,39.27129608477518,0,0,12.1,king,0,-1,nan,1.0,0.0,0.0
5.18,-15.433842314787658,31.34048627331339,8.806833815543554,2.9187915171941308,38.46047439257824,7.79554581554355,39.21416392657398,0,0,12.1,king,0,-1,nan,1.0,0.0,0.0
5.2,-15.382160624458976,31.313297031053988,8.807994695089238,2.9204450222482388,38.402149603512385,7.7967066950892345,39.15786796860649,0,0,12.1,king,0,-1,nan,1.0,0.0,0.0
5.22,-15.330421936206598,31.286090309382004,8.80910978382214,2.923329005216372,38.34376707997836,7.797821783822137,39.100755647233775,0,0,12.1,king,0,-1,nan,1.0,0.0,0.0
5.24,-15.27863853237268,31.25890182198189,8.81017957642238,2.9248415409814217,38.28535558478213,7.798891576422376,39.04448676255518,0,0,12.2,king,0,-1,nan,1.0,0.0,0.0
5.26,-15.226803756245932,31.231704887150915,8.811216374196926,2.927282113982053,38.22689580905583,7.799928374196922,38.98740606943392,0,0,12.2,king,0,-1,nan,1.0,0.0,0.0
5.28,-15.174933829943292,31.20454168774169,8.812221898089648,2.928028233763056,38.16842320653781,7.800933898089644,38.93104608403661,0,0,12.2,king,0,-1,nan,1.0,0.0,0.0
5.3,-15.123025541780779,31.17739146304358,8.813220675365033,2.92942086305729,38.109924448614834,7.801932675365029,38.87388341979243,0,0,12.2,king,0,-1,nan,1.0,0.0,0.0
5.32,-15.071104392137142,31.15027538839858,8.814219953187704,2.929200334834214,38.0514322754118,7.8029319531877,38.81754950443089,0,0,12.2,king,0,-1,nan,1.0,0.0,0.0
5.34,-15.019176682089974,31.12315106739825,8.815235697055684,2.9296960576470252,37.992930511786845,7.80394769705568,38.7604286190953,0,0,12.3,king,0,-1,nan,1.0,0.0,0.0
5.36,-14.967267412976057,31.096044938873042,8.816273431853054,2.9284771285925912,37.93445414385517,7.80498543185305,38.70381314607972,0,0,12.3,king,0,-1,nan,1.0,0.0,0.0
5.38,-14.915382433066737,31.068919428486787,8.817344622804457,2.9278797379501227,37.875989051278,7.806056622804453,38.6464332410429,0,0,12.3,king,0,-1,nan,1.0,0.0,0.0
5.4,-14.863529861464176,31.041796285934733,8.81844423614599,2.92641555200152,37.81755330162028,7.807156236145985,38.59000189690462,0,0,12.3,king,0,-1,nan,1.0,0.0,0.0
5.42,-14.811698543303741,31.01463335577581,8.819573693540109,2.9264252899534977,37.75911580116283,7.808285693540105,38.53279557474149,0,0,12.3,king,0,-1,nan,1.0,0.0,0.0
5.44,-14.759900274588672,30.9874601183009,8.820726981767773,2.9252245856013794,37.70070172127815,7.809438981767769,38.476532064771966,0,0,12.4,king,0,-1,nan,1.0,0.0,0.0
5.46,-14.708127557041756,30.960241920988665,8.821909720416466,2.925168122446818,37.642286932726805,7.810621720416462,38.41949192192489,0,0,12.4,king,0,-1,nan,1.0,0.0,0.0
5.48,-14.656395590624694,30.933015683807493,8.823118165708014,2.9235785778922097,37.583903331403434,7.81183016570801,38.36305854957577,0,0,12.4,king,0,-1,nan,1.0,0.0,0.0
5.5,-14.60470047262401,30.905754065677616,8.824359997295042,2.9228082360353294,37.52553360621568,7.813071997295038,38.30586217276527,0,0,12.4,king,0,-1,nan,1.0,0.0,0.0
5.52,-14.55304455849359,30.878491505106357,8.825627740067306,2.921124717162713,37.46719734479765,7.814339740067302,38.24962098118978,0,0,12.4,king,0,-1,nan,1.0,0.0,0.0
5.54,-14.501411283209434,30.851198514740876,8.826921887989355,2.920863424787278,37.40886524973034,7.815633887989351,38.19260638567396,0,0,12.5,king,0,-1,nan,1.0,0.0,0.0
5.56,-14.449806711633697,30.82391703019592,8.828234048648115,2.919346233357077,37.35056393209423,7.816946048648111,38.13653847316458,0,0,12.5,king,0,-1,nan,1.0,0.0,0.0
5.58,-14.398217775889647,30.796624899582024,8.82957348901523,2.9189350734243176,37.29227084721788,7.818285489015226,38.079696234585484,0,0,12.5,king,0,-1,nan,1.0,0.0,0.0
5.6,-14.34665633054638,30.76936577548636,8.830935631006747,2.9169752840719325,37.23401847093117,7.8196476310067435,38.02317232880906,0,0,12.5,king,0,-1,nan,1.0,0.0,0.0
5.62,-14.295115441884574,30.742119325590537,8.832323994929062,2.915801686652849,37.17579046444431,7.821035994929058,37.96589484083736,0,0,12.5,king,0,-1,nan,1.0,0.0,0.0
5.64,-14.243585485725749,30.714910122726458,8.833720570445797,2.914458579823646,37.11759110229507,7.822432570445793,37.909561339268535,0,0,12.6,king,0,-1,nan,1.0,0.0,0.0
5.66,-14.192038050839297,30.687699655226197,8.835112978659849,2.9152557287442353,37.05937629664686,7.823824978659845,37.85244224257077,0,0,12.6,king,0,-1,nan,1.0,0.0,0.0
5.68,-14.140467727438445,30.660519942046886,8.8364795852082,2.915519969763647,37.00115775451856,7.825191585208197,37.796182003300544,0,0,12.6,king,0,-1,nan,1.0,0.0,0.0
5.7,-14.088850029212352,30.633340274920897,8.837814442687685,2.9175772996314646,36.942898748621396,7.8265264426876815,37.73910896775898,0,0,12.6,king,0,-1,nan,1.0,0.0,0.0
5.72,-14.037191190226764,30.606182151920056,8.839101488751115,2.918842141088324,36.88461562894447,7.8278134887511115,37.68289810642139,0,0,12.7,king,0,-1,nan,1.0,0.0,0.0
5.74,-13.985478133216764,30.579004726397688,8.840340294952505,2.921637967026352,36.82627629283543,7.8290522949525005,37.62586169041322,0,0,12.7,king,0,-1,nan,1.0,0.0,0.0
5.76,-13.93372000276172,30.551836501326044,8.841524130393816,2.9233619293960627,36.767903171470664,7.830236130393812,37.56967111979437,0,0,12.7,king,0,-1,nan,1.0,0.0,0.0
5.78,-13.881907010516557,30.52464380385865,8.842657600784984,2.9263089874783095,36.709470649143576,7.83136960078498,37.5126515745325,0,0,12.7,king,0,-1,nan,1.0,0.0,0.0
5.8,-13.83005144904507,30.49746244229171,8.843741134483276,2.92788307375443,36.651007599622744,7.832453134483272,37.45648111827971,0,0,12.7,king,0,-1,nan,1.0,0.0,0.0
5.82,-13.778146665458078,30.470265872218754,8.844788247051364,2.9303824100602043,36.59249474278056,7.83350024705136,37.399486188723955,0,0,12.8,king,0,-1,nan,1.0,0.0,0.0
5.84,-13.726209873767152,30.44309382997293,8.845803559550145,2.9312032812591062,36.53396719603379,7.834515559550141,37.34335478717641,0,0,12.8,king,0,-1,nan,1.0,0.0,0.0
5.86,-13.674239064688576,30.415923152789162,8.846810568010993,2.9326714617165006,36.475411397487015,7.835522568010989,37.286410417045275,0,0,12.8,king,0,-1,nan,1.0,0.0,0.0
5.88,-13.622260943690623,30.388787267086723,8.847819296794624,2.9321915392299798,36.416867399002356,7.83653129679462,37.229773980481866,0,0,12.8,king,0,-1,nan,1.0,0.0,0.0
5.9,-13.570283464333745,30.36165610358017,8.848844128683092,2.932067817221157,36.35832666149047,7.837556128683088,37.172357185899514,0,0,12.8,king,0,-1,nan,1.0,0.0,0.0
5.92,-13.51830835014623,30.334553256293542,8.849879439460825,2.931317406156342,36.29980274072889,7.838591439460821,37.115878982367526,0,0,12.9,king,0,-1,nan,1.0,0.0,0.0
5.94,-13.466318314040514,30.30743902617812,8.850924769549811,2.9322508606958193,36.24126047637777,7.8396367695498075,37.05860347815322,0,0,12.9,king,0,-1,nan,1.0,0.0,0.0
5.96,-13.414319012216067,30.280344723326976,8.851969612513727,2.9322006812454475,36.18272075405831,7.840681612513723,37.00223815772519,0,0,12.9,king,0,-1,nan,1.0,0.0,0.0
5.98,-13.36229676389128,30.253238177018975,8.853018940786308,2.9335048420520837,36.12415536034803,7.841730940786304,36.94506694459203,0,0,12.9,king,0,-1,nan,1.0,0.0,0.0
6.0,-13.310262930918789,30.22615242632842,8.854068364709745,2.9335383732154265,36.06559097261807,7.842780364709741,36.88881095990572,0,0,13.0,king,0,-1,nan,1.0,0.0,0.0
6.02,-13.258209742941249,30.19905704618992,8.855124677353901,2.9346251037726927,36.007005344862804,7.843836677353897,36.83175023362892,0,0,13.0,king,0,-1,nan,1.0,0.0,0.0
6.04,-13.206153025241266,30.17199017709085,8.856188139457947,2.934130285181873,35.948431605197726,7.844900139457943,36.77560334484773,0,0,13.0,king,0,-1,nan,1.0,0.0,0.0
6.06,-13.154089334589365,30.14492621968318,8.857274349023019,2.934393261851731,35.889853692507025,7.845986349023015,36.71865787618421,0,0,13.0,king,0,-1,nan,1.0,0.0,0.0
6.08,-13.102044984151677,30.117895711790478,8.858386095029331,2.93278824184466,35.83130985288064,7.847098095029327,36.66207194333355,0,0,13.0,king,0,-1,nan,1.0,0.0,0.0
6.1,-13.050027079874988,30.090864988440515,8.859535895158077,2.9316567033407437,35.77278894549294,7.848247895158073,36.60471731147041,0,0,13.1,king,0,-1,nan,1.0,0.0,0.0
6.12,-12.9980369932598,30.063854854436666,8.860713903099892,2.9299761722032445,35.714302807883314,7.849425903099888,36.54833651076904,0,0,13.1,king,0,-1,nan,1.0,0.0,0.0
6.14,-12.94605697331253,30.036822388540315,8.86191565626583,2.9300686411874066,35.65581420074814,7.850627656265827,36.4911680008119,0,0,13.1,king,0,-1,nan,1.0,0.0,0.0
6.16,-12.894092206956287,30.009796066946777,8.863129977488628,2.9292633789778733,35.597342170530936,7.851841977488624,36.4349443443071,0,0,13.1,king,0,-1,nan,1.0,0.0,0.0
6.18,-12.842128744210191,29.982740727617045,8.86435484058214,2.929886148133431,35.53885671262032,7.8530668405821356,36.377922177510925,0,0,13.2,king,0,-1,nan,1.0,0.0,0.0
6.2,-12.790175311979734,29.955692257314894,8.865581585878052,2.929284797622169,35.48038371662383,7.8542935858780485,36.32182631514982,0,0,13.2,king,0,-1,nan,1.0,0.0,0.0
6.22,-12.73822136518777,29.928622854997805,8.866817943701705,2.929801063952477,35.4218998728377,7.8555299437017005,36.26492900903592,0,0,13.2,king,0,-1,nan,1.0,0.0,0.0
6.24,-12.686282434381791,29.901567621645505,8.868063606520412,2.9288179615988508,35.36343651535669,7.856775606520408,36.20894074300268,0,0,13.2,king,0,-1,nan,1.0,0.0,0.0
6.26,-12.634355003415278,29.87449792756419,8.869328544572777,2.9286628743824497,35.304975940127626,7.8580405445727735,36.15215963778004,0,0,13.2,king,0,-1,nan,1.0,0.0,0.0
6.28,-12.58245595352981,29.847455175742457,8.870611040882782,2.9268014119048607,35.24655387850762,7.859323040882778,36.09573042477355,0,0,13.3,king,0,-1,nan,1.0,0.0,0.0
6.3,-12.530583080963982,29.820416755683404,8.871923234559707,2.9255738410464875,35.188156838835596,7.8606352345597035,36.0385296962471,0,0,13.3,king,0,-1,nan,1.0,0.0,0.0
6.32,-12.478735932565687,29.793400380695218,8.87325239406658,2.923943390154706,35.12979352353694,7.861964394066575,35.98230332398598,0,0,13.3,king,0,-1,nan,1.0,0.0,0.0
6.34,-12.426894981224569,29.766360361732897,8.874591184769772,2.924226060850012,35.07142372206198,7.863303184769768,35.92528168584539,0,0,13.3,king,0,-1,nan,1.0,0.0,0.0
6.36,-12.375063616474813,29.739322083064106,8.875925686348248,2.9237560515782994,35.01306337213549,7.864637686348244,35.86919460938303,0,0,13.4,king,0,-1,nan,1.0,0.0,0.0
6.38,-12.323226163066995,29.712247713107658,8.877251286673948,2.92485055198117,34.954679595279096,7.865963286673944,35.812296852158106,0,0,13.4,king,0,-1,nan,1.0,0.0,0.0
6.4,-12.271389529735307,29.685169997335606,8.878557369635839,2.924869697652856,34.896295132385525,7.867269369635835,35.75631953422396,0,0,13.4,king,0,-1,nan,1.0,0.0,0.0
6.42,-12.219541469462845,29.658058499974267,8.879848895919217,2.926141949449528,34.83788384099595,7.868560895919213,35.69952690794629,0,0,13.4,king,0,-1,nan,1.0,0.0,0.0
6.44,-12.16769199625295,29.630952931782947,8.88112237128501,2.9260474358019275,34.77947471101834,7.869834371285005,35.64363207443823,0,0,13.5,king,0,-1,nan,1.0,0.0,0.0
6.46,-12.115832107476555,29.603829818140905,8.882389439706287,2.926908274922261,34.72104795932573,7.871101439706283,35.58692259517032,0,0,13.5,king,0,-1,nan,1.0,0.0,0.0
6.48,-12.06398189893371,29.57672159868706,8.883652800406162,2.9261304517024667,34.66263749632457,7.872364800406158,35.53081878659549,0,0,13.5,king,0,-1,nan,1.0,0.0,0.0
6.5,-12.012142511149907,29.549597295127068,8.88492352116987,2.926031741400596,34.60422837938507,7.8736355211698665,35.47391763789403,0,0,13.5,king,0,-1,nan,1.0,0.0,0.0
6.52,-11.960321934508405,29.5224874638464,8.886198113984296,2.9248673911677776,34.54584316840958,7.874910113984292,35.417983250373474,0,0,13.6,king,0,-1,nan,1.0,0.0,0.0
6.54,-11.908509063580814,29.495359173065694,8.88748453814347,2.924966940650383,34.48745540668437,7.876196538143466,35.36124762291137,0,0,13.6,king,0,-1,nan,1.0,0.0,0.0
6.56,-11.856715289381503,29.46825034817743,8.888781562650113,2.9236816281884295,34.42909436469969,7.877493562650109,35.30540392739463,0,0,13.6,king,0,-1,nan,1.0,0.0,0.0
6.58,-11.804933035848876,29.441135224008413,8.890098465570649,2.923339688148097,34.37074029566701,7.878810465570645,35.248763561693444,0,0,13.6,king,0,-1,nan,1.0,0.0,0.0
6.6,-11.753175735769723,29.414053444333504,8.89143192326587,2.921480365871344,34.312425112723254,7.880143923265866,35.19264705457209,0,0,13.7,king,0,-1,nan,1.0,0.0,0.0
6.62,-11.70143773650304,29.38698074605975,8.89279197219545,2.920445724984416,34.25413149031237,7.881503972195446,35.135747092313,0,0,13.7,king,0,-1,nan,1.0,0.0,0.0
6.64,-11.64972086913058,29.35994094010419,8.894168444841695,2.918766928807739,34.19587325395943,7.882880444841691,35.079834673428294,0,0,13.7,king,0,-1,nan,1.0,0.0,0.0
6.66,-11.59800793654241,29.33289433981707,8.89555769856585,2.9187651540805324,34.13761523831328,7.884269698565847,35.02312140114436,0,0,13.7,king,0,-1,nan,1.0,0.0,0.0
6.68,-11.546304512680043,29.305872328612473,8.896949043297079,2.917776965771243,34.07937837840554,7.885661043297075,34.96737482230207,0,0,13.7,king,0,-1,nan,1.0,0.0,0.0
6.7,-11.494597058402373,29.278842833210895,8.898344135548731,2.918133278284219,34.02113455954021,7.887056135548727,34.91081952473387,0,0,13.8,king,0,-1,nan,1.0,0.0,0.0
6.72,-11.442894515264031,29.251844448174865,8.899735989906015,2.9171917232493185,33.96291132317687,7.888447989906011,34.8551400949878,0,0,13.8,king,0,-1,nan,1.0,0.0,0.0
6.74,-11.391186675605402,29.22485230179155,8.901134056202313,2.917289511648512,33.9046871179652,7.889846056202309,34.798647199751,0,0,13.8,king,0,-1,nan,1.0,0.0,0.0
6.76,-11.339494703940023,29.197887706443485,8.902534445641766,2.915952000428569,33.846491067714624,7.891246445641762,34.74276989110536,0,0,13.8,king,0,-1,nan,1.0,0.0,0.0
6.78,-11.287820459879615,29.170908330854093,8.903945145581906,2.9155206570735492,33.78830296073052,7.892657145581902,34.68609265117908,0,0,13.9,king,0,-1,nan,1.0,0.0,0.0
6.8,-11.23617193276944,29.143932918828522,8.90535810997642,2.9142922275314183,33.73013929858198,7.894070109976417,34.6303888155024,0,0,13.9,king,0,-1,nan,1.0,0.0,0.0
6.82,-11.184538020179803,29.1169168889882,8.906772503701548,2.9145871522640636,33.67196758676429,7.895484503701544,34.573873408305026,0,0,13.9,king,0,-1,nan,1.0,0.0,0.0
6.84,-11.132930243330089,29.089886583991365,8.908182514700536,2.9137553734867163,33.61381126682106,7.8968945147005325,34.518318294577576,0,0,14.0,king,0,-1,nan,1.0,0.0,0.0
6.86,-11.081341077574818,29.062804947998757,8.909591780673175,2.9141221070601295,33.55564477861583,7.898303780673171,34.461948376462466,0,0,14.0,king,0,-1,nan,1.0,0.0,0.0
6.88,-11.029785541654682,29.03570588210156,8.910995473577039,2.9130323591926133,33.497498458283886,7.899707473577035,34.40604246392883,0,0,14.0,king,0,-1,nan,1.0,0.0,0.0
6.9,-10.978259685455628,29.008559721955102,8.912400695897299,2.912817586767221,33.43935361306095,7.901112695897295,34.349338429284124,0,0,14.0,king,0,-1,nan,1.0,0.0,0.0
6.92,-10.926759454214455,28.98139405394019,8.91379516639417,2.9121263213317623,33.381220985746204,7.902507166394166,34.29358256612177,0,0,14.1,king,0,-1,nan,1.0,0.0,0.0
6.94,-10.875262085219978,28.95417356305977,8.915173181494282,2.913259799065475,33.32306284919389,7.903885181494278,34.23700658094364,0,0,14.1,king,0,-1,nan,1.0,0.0,0.0
6.96,-10.823767318432424,28.92693322683683,8.91652339000744,2.913575975958272,33.26489701811266,7.9052353900074355,34.181347543487455,0,0,14.1,king,0,-1,nan,1.0,0.0,0.0
6.98,-10.77225615376437,28.89964527869604,8.917844160395706,2.91538017830111,33.206692883906825,7.906556160395702,34.124854885920364,0,0,14.1,king,0,-1,nan,1.0,0.0,0.0
7.0,-10.720731900020166,28.87235189857592,8.919126810823085,2.9160429156638323,33.14847504641717,7.9078388108230815,34.0692491768675,0,0,14.2,king,0,-1,nan,1.0,0.0,0.0
7.02,-10.669178834941668,28.845032470151562,8.920380764394212,2.9178939699636275,33.09021939909457,7.909092764394208,34.01280316477211,0,0,14.2,king,0,-1,nan,1.0,0.0,0.0
7.04,-10.617609368985653,28.817723119101938,8.921606493400708,2.9183526540402633,33.0319552237386,7.910318493400704,33.95728509883037,0,0,14.2,king,0,-1,nan,1.0,0.0,0.0
7.06,-10.566017050264207,28.79039715806772,8.922815328270477,2.9197331981026533,32.97366321922778,7.9115273282704734,33.900932351096145,0,0,14.2,king,0,-1,nan,1.0,0.0,0.0
7.08,-10.514417793989947,28.763098306752696,8.924008568432964,2.9193896422291354,32.915379597347595,7.91272056843296,33.844883397229154,0,0,14.3,king,0,-1,nan,1.0,0.0,0.0
7.1,-10.462808667916216,28.7358071391704,8.925199662543537,2.919643996825449,32.8570918211052,7.9139116625435335,33.78802456906849,0,0,14.3,king,0,-1,nan,1.0,0.0,0.0
7.12,-10.41118401556414,28.708550749312753,8.926377713368085,2.9195048048812673,32.798809052933166,7.915089713368081,33.73211283853437,0,0,14.3,king,0,-1,nan,1.0,0.0,0.0
7.14,-10.359519453117457,28.68129357889207,8.927537536010773,2.9212692193256298,32.74049205434186,7.916249536010769,33.67536720085613,0,0,14.3,king,0,-1,nan,1.0,0.0,0.0
7.16,-10.307813406321529,28.65407022464603,8.928664022682339,2.9222830389480747,32.682157368620224,7.917376022682335,33.61948252027623,0,0,14.4,king,0,-1,nan,1.0,0.0,0.0
7.18,-10.256045112259189,28.626852697147534,8.929758436306894,2.9248708580200433,32.623772770378594,7.91847043630689,33.5627414420817,0,0,14.4,king,0,-1,nan,1.0,0.0,0.0
7.2,-10.204228325586458,28.59965692349826,8.930810861200799,2.9264727418973533,32.56535828211588,7.919522861200795,33.5069020657762,0,0,14.4,king,0,-1,nan,1.0,0.0,0.0
7.22,-10.152357298086827,28.572436296608466,8.931825968005999,2.929418228917995,32.50688489625995,7.920537968005995,33.450200113979434,0,0,14.4,king,0,-1,nan,1.0,0.0,0.0
7.24,-10.100448709334955,28.5452139792826,8.932801706600902,2.9310869198160256,32.44837887319998,7.921513706600898,33.39439623600249,0,0,14.5,king,0,-1,nan,1.0,0.0,0.0
7.26,-10.04850008920691,28.51795046678944,8.933747199104038,2.9337911491559088,32.38981766889544,7.9224591991040345,33.33773298205716,0,0,14.5,king,0,-1,nan,1.0,0.0,0.0
7.28,-9.996531320846211,28.490676396319724,8.934666525402596,2.934907564880938,32.331234148229726,7.923378525402592,33.28199104619568,0,0,14.5,king,0,-1,nan,1.0,0.0,0.0
7.3,-9.944543164146719,28.463359295817593,8.935577047846708,2.9367590418587426,32.27261215814546,7.924289047846704,33.22540254041029,0,0,14.6,king,0,-1,nan,1.0,0.0,0.0
7.32,-9.892558792472846,28.436037315673683,8.93648763538373,2.9367050698760333,32.21399126724237,7.925199635383725,33.169397322344395,0,0,14.6,king,0,-1,nan,1.0,0.0,0.0
7.34,-9.840582537976825,28.408685019886022,8.937415992426962,2.937065271274443,32.15536201285474,7.926127992426958,33.11257053053387,0,0,14.6,king,0,-1,nan,1.0,0.0,0.0
7.36,-9.788624581179807,28.381338242381556,8.938363762924343,2.9361427857459974,32.09675165228752,7.927075762924339,33.056736167706845,0,0,14.6,king,0,-1,nan,1.0,0.0,0.0
7.38,-9.736676035488427,28.35396892180558,8.93934360713161,2.936277917240786,32.03813805067314,7.928055607131606,33.00008334250031,0,0,14.7,king,0,-1,nan,1.0,0.0,0.0
7.4,-9.68475059308878,28.32662044779883,8.940357543556885,2.9347992546217787,31.979555390555323,7.929069543556881,32.944296323344474,0,0,14.7,king,0,-1,nan,1.0,0.0,0.0
7.42,-9.632842923602864,28.299271924714095,8.94141883928103,2.9340561578595143,31.920988290606253,7.930130839281025,32.88770166829143,0,0,14.7,king,0,-1,nan,1.0,0.0,0.0
7.44,-9.580967402382687,28.27196426803665,8.942526329353868,2.9317248972830248,31.86247024701859,7.931238329353864,32.83183424735552,0,0,14.7,king,0,-1,nan,1.0,0.0,0.0
7.46,-9.529122649811518,28.244675552587786,8.943590892712571,2.9298829563480497,31.803988724386773,7.932302892712567,32.77516219473718,0,0,14.8,king,0,-1,nan,1.0,0.0,0.0
7.48,-9.477313113000733,28.2174411495499,8.944640763664083,2.9270475920255397,31.74556586403291,7.933352763664079,32.71949594248962,0,0,14.8,king,0,-1,nan,1.0,0.0,0.0
7.5,-9.42552843040523,28.190235540953555,8.945607161938177,2.925206153520931,31.68717958685321,7.934319161938173,32.66301262923852,0,0,14.8,king,0,-1,nan,1.0,0.0,0.0
7.52,-9.373782747279401,28.163086558717538,8.94653809228045,2.9221351739405717,31.62885642688272,7.935250092280446,32.607068805108604,0,0,14.9,king,0,-1,nan,1.0,0.0,0.0
7.54,-9.322072233495035,28.1359601644075,8.947478614113976,2.9200612516803877,31.570575466191706,7.936190614113972,32.550332832289,0,0,14.9,king,0,-1,nan,1.0,0.0,0.0
7.56,-9.270394282624249,28.10887970072285,8.948443121604063,2.917572790127747,31.512346589031004,7.937155121604059,32.49463725928928,0,0,14.9,king,0,-1,nan,1.0,0.0,0.0
7.58,-9.21872757734733,28.08180529481017,8.949442409091475,2.9169635175893687,31.454130893132213,7.938154409091471,32.43813259741892,0,0,14.9,king,0,-1,nan,1.0,0.0,0.0
7.6,-9.16707396068276,28.054768519908187,8.95047266395121,2.915538002113334,31.395946342022874,7.939184663951206,32.38263039397551,0,0,15.0,king,0,-1,nan,1.0,0.0,0.0
7.62,-9.115416180067234,28.02773712465347,8.951536967426676,2.915628306826229,31.33776145968833,7.9402489674266725,32.32630552314602,0,0,15.0,king,0,-1,nan,1.0,0.0,0.0
7.64,-9.06376320553278,28.000743152355206,8.95262930037362,2.914574372855891,31.279600553778497,7.941341300373615,32.270992877442545,0,0,15.0,king,0,-1,nan,1.0,0.0,0.0
7.66,-9.012104742783754,27.973754667689686,8.953753290139865,2.914720583146891,31.221438256164756,7.942465290139861,32.21485406921091,0,0,15.1,king,0,-1,nan,1.0,0.0,0.0
7.68,-8.960453426035448,27.946811235265745,8.954900214647438,2.9133839896429805,31.16330591809693,7.943612214647434,32.15916517623558,0,0,15.1,king,0,-1,nan,1.0,0.0,0.0
7.7,-8.908802471798994,27.919888309386153,8.956078732744595,2.9129254695063813,31.10518500709975,7.9447907327445915,32.10265959620245,0,0,15.1,king,0,-1,nan,1.0,0.0,0.0
7.72,-8.857156502395208,27.892994685017424,8.957273611648299,2.9120443518848322,31.04708405144451,7.945985611648295,32.04715727510929,0,0,15.1,king,0,-1,nan,1.0,0.0,0.0
7.74,-8.805500759036812,27.866075770184565,8.958475631350451,2.913069107080869,30.98896208101407,7.947187631350447,31.990814684996696,0,0,15.2,king,0,-1,nan,1.0,0.0,0.0
7.76,-8.753843542874252,27.839148160688403,8.959669898321064,2.913327311014134,30.930834810612705,7.94838189832106,31.93543132646365,0,0,15.2,king,0,-1,nan,1.0,0.0,0.0
7.78,-8.702173833390777,27.81216528141652,8.96085099742218,2.915145642585624,30.87266861108991,7.949562997422175,31.8791926157651,0,0,15.2,king,0,-1,nan,1.0,0.0,0.0
7.8,-8.650503300871502,27.785151196998598,8.962008648138156,2.9158810173531933,30.814485952475014,7.950720648138152,31.823895868210077,0,0,15.3,king,0,-1,nan,1.0,0.0,0.0
7.82,-8.598824314836072,27.75806678123766,8.963146875888826,2.917866830911727,30.75625995985187,7.9518588758888225,31.7677391124214,0,0,15.3,king,0,-1,nan,1.0,0.0,0.0
7.84,-8.547151555222868,27.730943136521294,8.964264359957777,2.9184820366878843,30.698019333044982,7.952976359957773,31.712527994535364,0,0,15.3,king,0,-1,nan,1.0,0.0,0.0
7.86,-8.49548072567408,27.703748166170097,8.965370512480579,2.920044782219144,30.6397436912623,7.954082512480575,31.656461879156538,0,0,15.3,king,0,-1,nan,1.0,0.0,0.0
7.88,-8.443829920119162,27.6765204958648,8.966466818139423,2.9199116556941234,30.581468567494124,7.955178818139419,31.600787999497705,0,0,15.4,king,0,-1,nan,1.0,0.0,0.0
7.9,-8.392198385336561,27.649235281175475,8.96756509856318,2.9204043147048724,30.523180374954197,7.956277098563175,31.54428299530629,0,0,15.4,king,0,-1,nan,1.0,0.0,0.0
7.92,-8.340582700670705,27.621923479062417,8.968656762710209,2.920318976070059,30.464892292127317,7.957368762710205,31.488743053761134,0,0,15.4,king,0,-1,nan,1.0,0.0,0.0
7.94,-8.288960716233113,27.594553025367553,8.969739620767797,2.9219614962857143,30.406568703851697,7.958451620767793,31.43235284260711,0,0,15.5,king,0,-1,nan,1.0,0.0,0.0
7.96,-8.237332814363963,27.567162327715963,8.970804850799372,2.9226808260018697,30.34822992664673,7.959516850799368,31.376906221051353,0,0,15.5,king,0,-1,nan,1.0,0.0,0.0
7.98,-8.185680584659668,27.53972679049878,8.971853432250416,2.9247910433398268,30.28984743019,7.960565432250412,31.320598422060222,0,0,15.5,king,0,-1,nan,1.0,0.0,0.0
8.0,-8.134008092507123,27.5122921338218,8.97287605331464,2.925642060334658,30.231448499516087,7.961588053314635,31.26519796740016,0,0,15.6,king,0,-1,nan,1.0,0.0,0.0
8.02,-8.082300032879177,27.48484082883565,8.97388724823416,2.9275929067645095,30.173010943590516,7.962599248234156,31.208931085917882,0,0,15.6,king,0,-1,nan,1.0,0.0,0.0
8.04,-8.03057372801275,27.457403310383878,8.974887969756114,2.9280665453036034,30.11456541294388,7.96359996975611,31.153634804013393,0,0,15.6,king,0,-1,nan,1.0,0.0,0.0
8.06,-7.9788273731608985,27.429946692905983,8.97589047629523,2.929401006665905,30.05609323311734,7.9646024762952266,31.09748251759692,0,0,15.6,king,0,-1,nan,1.0,0.0,0.0
8.08,-7.927081721583255,27.402509000118624,8.976899701716349,2.9289323902400564,29.997631939883288,7.965611701716345,31.041834002597373,0,0,15.7,king,0,-1,nan,1.0,0.0,0.0
8.1,-7.87533856265776,27.37506462656686,8.977928324421523,2.928995646935684,29.93916971395517,7.966640324421519,30.98535408438911,0,0,15.7,king,0,-1,nan,1.0,0.0,0.0
8.12,-7.8236011482246814,27.34764638428527,8.978972378194054,2.928143656957482,29.880726445638146,7.9676843781940505,30.929885292590654,0,0,15.7,king,0,-1,nan,1.0,0.0,0.0
8.14,-7.771853638421848,27.320223570978673,8.980035322421868,2.9287135874279904,29.822272612739987,7.968747322421864,30.87357567619675,0,0,15.8,king,0,-1,nan,1.0,0.0,0.0
8.16,-7.720103013801835,27.292836578942868,8.981112405326007,2.928026036817786,29.76383525146568,7.969824405326003,30.818260906577557,0,0,15.8,king,0,-1,nan,1.0,0.0,0.0
8.18,-7.668337017606023,27.26546210816924,8.98221159109525,2.928433122693963,29.70539176007671,7.9709235910952465,30.76210183741552,0,0,15.8,king,0,-1,nan,1.0,0.0,0.0
8.2,-7.616570074223203,27.238139564748618,8.983329097077792,2.927279720915265,29.646975023054285,7.972041097077788,30.70679794063291,0,0,15.9,king,0,-1,nan,1.0,0.0,0.0
8.22,-7.56479712510646,27.210844405287478,8.984479107540523,2.926938039281997,29.588567930141103,7.973191107540519,30.650661613146404,0,0,15.9,king,0,-1,nan,1.0,0.0,0.0
8.24,-7.513028578544697,27.18361743121019,8.985657949725935,2.925183840129013,29.530200679686228,7.974369949725931,30.59543175714458,0,0,15.9,king,0,-1,nan,1.0,0.0,0.0
8.26,-7.461255497400587,27.15643541478611,8.98687749785383,2.9243808086797793,29.47185354161112,7.975589497853827,30.53936990988801,0,0,16.0,king,0,-1,nan,1.0,0.0,0.0
8.28,-7.409498449276056,27.12932049790416,8.988135630929595,2.9221540201178566,29.413555640784935,7.976847630929591,30.484096716940968,0,0,16.0,king,0,-1,nan,1.0,0.0,0.0
8.3,-7.357758451730713,27.102230550162563,8.98943834585514,2.9208687409792384,29.355285849408695,7.978150345855136,30.428002669587375,0,0,16.0,king,0,-1,nan,1.0,0.0,0.0
8.32,-7.306047483420401,27.075188022702978,8.990779573610848,2.9185276368766657,29.297066123258414,7.979491573610844,30.37298440545405,0,0,16.1,king,0,-1,nan,1.0,0.0,0.0
8.34,-7.254358005649482,27.04815122279488,8.99216135382972,2.9174903504871508,29.23886825076117,7.9808733538297165,30.317139834588552,0,0,16.1,king,0,-1,nan,1.0,0.0,0.0
8.36,-7.202705600335125,27.021150290556328,8.993577721258543,2.9150589244485547,29.180721276009788,7.982289721258539,30.26183048451383,0,0,16.1,king,0,-1,nan,1.0,0.0,0.0
8.38,-7.151086544869816,26.994151204473415,8.995029274984123,2.91358222153651,29.122604238214365,7.983741274984119,30.20570707731384,0,1,16.2,king,0,-1,nan,1.0,0.0,0.0
8.4,-7.09949750445691,26.967177960271222,8.996497909289225,2.9116755829923715,29.064526846607933,7.985209909289221,30.150637761203317,0,1,16.2,king,0,-1,nan,1.0,0.0,0.0
8.42,-7.047915880201729,26.94019097507366,8.997977586555294,2.9116794018521017,29.00644913543179,7.98668958655529,30.094728394451547,0,1,16.2,king,0,-1,nan,1.0,0.0,0.0
8.44,-6.996341903538634,26.913221339559694,8.999452896607394,2.9109332044686806,28.94838757253935,7.98816489660739,30.03983066184041,0,1,16.3,king,0,-1,nan,1.0,0.0,0.0
8.46,-6.944756820700633,26.886236978012633,9.000918100375634,2.9117534929954183,28.890309394414125,7.98963010037563,29.984076158764715,1,1,16.3,king,0,-1,nan,1.0,0.0,0.0
8.48,-6.8931644613820335,26.85927620413001,9.002361112846929,2.9115018261207486,28.83223792784971,7.991073112846925,29.92926622762145,1,1,16.3,king,0,-1,nan,1.0,0.0,0.0
8.5,-6.841549434285847,26.832314320058465,9.003787654677938,2.9125114748370358,28.774147138818595,7.992499654677934,29.873585731638016,1,1,16.4,king,0,-1,nan,1.0,0.0,0.0
8.52,-6.78993007255089,26.805372349744417,9.005192871013213,2.91221689751827,28.71606366574718,7.993904871013209,29.818815967119633,1,1,16.4,king,0,-1,nan,1.0,0.0,0.0
8.54,-6.738305339614454,26.7784082307315,9.006585637401837,2.9129523524743113,28.657964595501205,7.995297637401833,29.763180242031265,1,1,16.4,king,0,-1,nan,1.0,0.0,0.0
8.56,-6.686692642987212,26.75144785418766,9.007964676057838,2.9123161333104575,28.59987832033311,7.9966766760578345,29.70823352921497,1,1,16.5,king,0,-1,nan,1.0,0.0,0.0
8.58,-6.635090374104506,26.724453956988555,9.009336799169427,2.9126222556624835,28.541783936606958,7.998048799169423,29.65243108269556,1,1,16.5,king,0,-1,nan,1.0,0.0,0.0
8.6,-6.58350592649087,26.697451809628483,9.010696375768825,2.9120094634927707,28.483700980443203,7.999408375768821,29.597640849362556,1,1,16.5,king,0,-1,nan,1.0,0.0,0.0
8.62,-6.531927665874824,26.670403604277443,9.012047086303948,2.9127936761117077,28.425599712171042,8.000759086303944,29.541986067468024,1,1,16.6,king,0,-1,nan,1.0,0.0,0.0
8.64,-6.480366469911565,26.643342074026855,9.013384820894192,2.9123327773878684,28.367506550631315,8.002096820894188,29.487276457994387,1,1,16.6,king,0,-1,nan,1.0,0.0,0.0
8.66,-6.428814195038895,26.6162366548856,9.014718031541381,2.9129530729142217,28.309398519869173,8.003430031541377,29.431704145269563,1,1,16.6,king,0,-1,nan,1.0,0.0,0.0
8.68,-6.377282278502345,26.58912569666206,9.01604525054955,2.912174440183943,28.251305469574284,8.004757250549545,29.37672208053526,1,1,16.7,king,0,-1,nan,1.0,0.0,0.0
8.7,-6.325763421750453,26.56198426385201,9.017372299343334,2.9123062315394357,28.193208093887282,8.00608429934333,29.320888880175115,1,1,16.7,king,0,-1,nan,1.0,0.0,0.0
8.72,-6.274254930260819,26.534847386429366,9.018688764253545,2.911729679953695,28.135122483979863,8.007400764253541,29.266064502225593,1,1,16.7,king,0,-1,nan,1.0,0.0,0.0
8.74,-6.222735228791162,26.50768701882777,9.0199960829965,2.9127625590116595,28.077015552549028,8.008708082996495,29.210371963001805,1,1,16.8,king,0,-1,nan,1.0,0.0,0.0
8.76,-6.17120686895029,26.48054177640181,9.021285029426725,2.9127724924693763,28.018909754844326,8.00999702942672,29.155649335506563,1,1,16.8,king,0,-1,nan,1.0,0.0,0.0
8.78,-6.119653434993696,26.453387254198006,9.022560358815406,2.914082657494236,27.96077831092196,8.011272358815402,29.100047263149477,1,1,16.8,king,0,-1,nan,1.0,0.0,0.0
8.8,-6.068087530661001,26.426254894393352,9.023818165290393,2.914099138390055,27.902648474855038,8.01253016529039,29.045457824102055,1,1,16.9,king,0,-1,nan,1.0,0.0,0.0
8.82,-6.016502592156411,26.399113024700018,9.025068341887458,2.9151543323193407,27.844498026954284,8.013780341887454,28.98999192507582,1,1,16.9,king,0,-1,nan,1.0,0.0,0.0
8.84,-5.964914446561236,26.372000392178386,9.026311747628109,2.914608749917355,27.78636080875352,8.015023747628105,28.93489804709756,1,1,16.9,king,0,-1,nan,1.0,0.0,0.0
8.86,-5.913320211914533,26.34489253634499,9.027554815203374,2.914766763250523,27.72822151906347,8.01626681520337,28.878949862466456,1,1,17.0,king,0,-1,nan,1.0,0.0,0.0
8.88,-5.861712650105969,26.317819277476378,9.028782188239317,2.9145360806485456,27.670089697614273,8.017494188239313,28.82397708922414,1,1,17.0,king,0,-1,nan,1.0,0.0,0.0
8.9,-5.810065479896312,26.29074765907269,9.029991908363366,2.916233073863779,27.61192567392512,8.018703908363362,28.768118897499072,1,1,17.1,king,0,-1,nan,1.0,0.0,0.0
8.92,-5.758383941203231,26.263695872078717,9.031170025001636,2.917262663896151,27.553743492107703,8.019882025001632,28.71324009706196,1,1,17.1,king,0,-1,nan,1.0,0.0,0.0
8.94,-5.706654136009468,26.23661961877952,9.032311935664767,2.9199315908379697,27.495508034323525,8.021023935664763,28.657458277957716,1,1,17.1,king,0,-1,nan,1.0,0.0,0.0
8.96,-5.654884769849175,26.209544563572162,9.03340650107934,2.9216108401730723,27.437240222578843,8.022118501079335,28.602635797312516,1,1,17.2,king,0,-1,nan,1.0,0.0,0.0
8.98,-5.603065210221024,26.182433847666914,9.034459071338622,2.9246220187834764,27.378911618124903,8.023171071338618,28.54690414180725,1,1,17.2,king,0,-1,nan,1.0,0.0,0.0
9.0,-5.5512070214528695,26.15532004657895,9.03546781383742,2.926366139591929,27.320549215637588,8.024179813837415,28.49212856244071,1,1,17.2,king,0,-1,nan,1.0,0.0,0.0
9.02,-5.4993028295664335,26.12817325467932,9.036441779237698,2.9291389752052783,27.262131000283937,8.025153779237694,28.436447535097145,1,1,17.3,king,0,-1,nan,1.0,0.0,0.0
9.04,-5.447367473089562,26.1010334488734,9.037385055252376,2.930332780249806,27.20369065759848,8.026097055252372,28.38172339085384,1,1,17.3,king,0,-1,nan,1.0,0.0,0.0
9.06,-5.395396711214486,26.07387777626097,9.038315738360476,2.932258863042666,27.14521254933487,8.027027738360472,28.326103569627435,1,1,17.3,king,0,-1,nan,1.0,0.0,0.0
9.08,-5.34341379073009,26.046742885197652,9.039242817381393,2.932313851984577,27.086735761978623,8.027954817381389,28.271048904666735,1,1,17.4,king,0,-1,nan,1.0,0.0,0.0
9.1,-5.29142302811158,26.019602071818817,9.04018255535159,2.932808490155702,27.0282498908802,8.028894555351586,28.21512399133442,1,1,17.4,king,0,-1,nan,1.0,0.0,0.0
9.12,-5.239432555240824,25.992488318310183,9.04113348937597,2.932178871662914,26.969779252106523,8.029845489375965,28.16024869843582,1,1,17.5,king,0,-1,nan,1.0,0.0,0.0
9.14,-5.187431203351742,25.965370990734026,9.042107002773989,2.9327622566025338,26.911298205743304,8.030819002773985,28.10450142279921,1,1,17.5,king,0,-1,nan,1.0,0.0,0.0
9.16,-5.13543152275476,25.938288377091837,9.04310208429403,2.9319042153146038,26.852837631284867,8.031814084294027,28.04978478670062,1,1,17.5,king,0,-1,nan,1.0,0.0,0.0
9.18,-5.08342674346575,25.911214801224816,9.044131726929233,2.9319514589613354,26.794378238923766,8.03284372692923,27.994198860742134,1,1,17.6,king,0,-1,nan,1.0,0.0,0.0
9.2,-5.031440215751389,25.88418031455734,9.045198042439456,2.9302728379526273,26.735955739914512,8.033910042439452,27.939192492678956,1,1,17.6,king,0,-1,nan,1.0,0.0,0.0
9.22,-4.9794760009388,25.857150649581865,9.046309884147663,2.9292143152044483,26.67755549222026,8.035021884147659,27.883338576725805,1,1,17.6,king,0,-1,nan,1.0,0.0,0.0
9.24,-4.927540074891438,25.830150791290777,9.047459139125227,2.9273082982235232,26.619195775521476,8.036171139125223,27.828585934289368,1,1,17.7,king,0,-1,nan,1.0,0.0,0.0
9.26,-4.875619031726409,25.803141610852272,9.048646884488553,2.9269016426729304,26.560844534071514,8.03735888448855,27.77297374854331,1,1,17.7,king,0,-1,nan,1.0,0.0,0.0
9.28,-4.823722401353448,25.77615557405041,9.049865916274284,2.9253172754565293,26.50252702211797,8.03857791627428,27.71845352168811,1,1,17.8,king,0,-1,nan,1.0,0.0,0.0
9.3,-4.7718404399810375,25.74916100195931,9.05111958432502,2.92490022129449,26.4442182218429,8.039831584325016,27.663070801738783,1,1,17.8,king,0,-1,nan,1.0,0.0,0.0
9.32,-4.71998623840135,25.722197834452167,9.052400316120176,2.9229740408597764,26.38595037192014,8.041112316120172,27.60834093771302,1,1,17.8,king,0,-1,nan,1.0,0.0,0.0
9.34,-4.668153531318625,25.69524173742651,9.053717939502562,2.921898707073025,26.327705288585147,8.042429939502558,27.552756479325495,1,1,17.9,king,0,-1,nan,1.0,0.0,0.0
9.36,-4.6163501606435595,25.668312349924594,9.05506276534045,2.9200127059059557,26.26950002431059,8.043774765340446,27.498272827583445,1,1,17.9,king,0,-1,nan,1.0,0.0,0.0
9.38,-4.564564656611317,25.641365455706122,9.056432506142977,2.919653115423623,26.21130144323105,8.045144506142973,27.44292212026627,1,1,18.0,king,0,-1,nan,1.0,0.0,0.0
9.4,-4.512808423415349,25.614428308829527,9.05781975864458,2.918150966789518,26.153133647554412,8.046531758644576,27.38865805412747,1,1,18.0,king,0,-1,nan,1.0,0.0,0.0
9.42,-4.46107362074119,25.587464325866517,9.059226672688558,2.917844063727054,26.094970605404058,8.047938672688554,27.333523158770483,1,1,18.0,king,0,-1,nan,1.0,0.0,0.0
9.44,-4.4093751713212415,25.560508314316543,9.060646811480945,2.916064567743169,26.03684340689194,8.049358811480941,27.27889771949578,1,1,18.1,king,0,-1,nan,1.0,0.0,0.0
9.46,-4.357708850746131,25.53353116990741,9.062085679327998,2.915152372914088,25.978733039087526,8.050797679327994,27.22341778646905,1,1,18.1,king,0,-1,nan,1.0,0.0,0.0
9.48,-4.306069450953886,25.50656070105587,9.063529090393123,2.913810750751501,25.92064982048907,8.05224109039312,27.169009410436047,1,1,18.2,king,0,-1,nan,1.0,0.0,0.0
9.5,-4.254432924601821,25.479561559342383,9.06496910719596,2.9143430457673323,25.862554615966427,8.053681107195956,27.11372126277128,1,1,18.2,king,0,-1,nan,1.0,0.0,0.0
9.52,-4.2027980165604415,25.452568969919625,9.066390302600375,2.9140965188909087,25.80446504383668,8.055102302600371,27.05943145528759,1,1,18.2,king,0,-1,nan,1.0,0.0,0.0
9.54,-4.15114441129676,25.42555517199892,9.067791515655673,2.9153917459165952,25.746349159890055,8.056503515655669,27.00424094837291,1,1,18.3,king,0,-1,nan,1.0,0.0,0.0
9.56,-4.09948174369185,25.398546267216453,9.069163857566707,2.915645504825877,25.688228987455524,8.057875857566703,26.95007823139195,1,1,18.3,king,0,-1,nan,1.0,0.0,0.0
9.58,-4.047800469912358,25.37150557540652,9.070510290397975,2.9171758407746298,25.630076970923565,8.05922229039797,26.895008316330646,1,1,18.4,king,0,-1,nan,1.0,0.0,0.0
9.6,-3.99611344596154,25.344466482963025,9.071827964510831,2.91736063511526,25.57192173364873,8.060539964510827,26.840973822801963,1,1,18.4,king,0,-1,nan,1.0,0.0,0.0
9.62,-3.9444143917899455,25.317399437176924,9.07312862742057,2.9185222689869588,25.51374226055421,8.061840627420565,26.78603694682423,1,1,18.5,king,0,-1,nan,1.0,0.0,0.0
9.64,-3.8927193459743283,25.29034505844846,9.074414750892268,2.918034991156888,25.455573723211607,8.063126750892264,26.73147563968189,1,1,18.5,king,0,-1,nan,1.0,0.0,0.0
9.66,-3.841025666957338,25.263280922758483,9.075694959165935,2.9181941437218795,25.397401972767565,8.06440695916593,26.676034652456586,1,1,18.5,king,0,-1,nan,1.0,0.0,0.0
9.68,-3.7893272788798344,25.23623715846704,9.076957115817077,2.917910877783679,25.339237886872233,8.065669115817073,26.621611291002996,1,1,18.6,king,0,-1,nan,1.0,0.0,0.0
9.7,-3.737599184627249,25.20918120723017,9.078199376587868,2.9194877308181337,25.28104299545965,8.066911376587864,26.566279895431144,1,1,18.6,king,0,-1,nan,1.0,0.0,0.0
9.72,-3.6858452276723535,25.1821375062028,9.079407901762398,2.9203143490232657,25.222833564761398,8.068119901762394,26.511970102602156,1,1,18.7,king,0,-1,nan,1.0,0.0,0.0
9.74,-3.6340499980049588,25.155067874730076,9.080582948295497,2.922709145092168,25.16457624584776,8.069294948295493,26.456737521162502,1,1,18.7,king,0,-1,nan,1.0,0.0,0.0
9.76,-3.5822204742883033,25.128003780514433,9.081717443660924,2.924060449162545,25.10629370616213,8.07042944366092,26.402506983170166,1,1,18.8,king,0,-1,nan,1.0,0.0,0.0
9.78,-3.5303446754917136,25.10091423534299,9.08281491892341,2.9266646589298455,25.047959320268056,8.071526918923405,26.347348581372607,1,1,18.8,king,0,-1,nan,1.0,0.0,0.0
9.8,-3.478432926200063,25.073838031987187,9.083872995107056,2.927913091219791,24.98960250012036,8.072584995107052,26.293151588010915,1,1,18.8,king,0,-1,nan,1.0,0.0,0.0
9.82,-3.426476338762463,25.04675131412736,9.084905911269061,2.9301212340006866,24.931203035593313,8.073617911269057,26.238024941230652,1,1,18.9,king,0,-1,nan,1.0,0.0,0.0
9.84,-3.3744981393853726,25.019679246973528,9.085917599471541,2.9307224124288638,24.872794007479005,8.074629599471537,26.18394846801679,1,1,18.9,king,0,-1,nan,1.0,0.0,0.0
9.86,-3.3225021557410392,24.992583785272164,9.086927057069431,2.932049353521272,24.814358387198308,8.075639057069427,26.128958063661646,1,1,19.0,king,0,-1,nan,1.0,0.0,0.0
9.88,-3.270514866268448,24.965497510035743,9.087942544190192,2.9314568848025453,24.75593595111179,8.076654544190188,26.074322814123914,1,1,19.0,king,0,-1,nan,1.0,0.0,0.0
9.9,-3.2185438655456147,24.93838936763091,9.088976973500163,2.9312567035192574,24.697516561829566,8.077688973500159,26.01880623656535,1,1,19.1,king,0,-1,nan,1.0,0.0,0.0
9.92,-3.1665907920852523,24.911282349988365,9.090023595607017,2.93044692209468,24.639113867121118,8.078735595607013,25.964374560386556,1,1,19.1,king,0,-1,nan,1.0,0.0,0.0
9.94,-3.1146381804554246,24.88413608226048,9.091081096496001,2.9313444077948563,24.580691544893586,8.079793096495997,25.909043335225633,1,1,19.1,king,0,-1,nan,1.0,0.0,0.0
9.96,-3.0626915159312293,24.856981249338595,9.092139926676717,2.931280448693138,24.522270607192947,8.080851926676713,25.854777482603463,1,1,19.2,king,0,-1,nan,1.0,0.0,0.0
9.98,-3.0107370637031514,24.82978504405564,9.093202189455157,2.932587206854522,24.463821917698006,8.081914189455153,25.79960254741669,1,1,19.2,king,0,-1,nan,1.0,0.0,0.0
10.0,-2.9587836673299237,24.802585382175298,9.094262865418635,2.932619151295518,24.405373201556397,8.082974865418631,25.74549423959513,1,1,19.3,king,0,-1,nan,1.0,0.0,0.0
10.02,-2.9068210463244486,24.77535666667401,9.095329624996017,2.9337070855849756,24.346902092118135,8.084041624996013,25.690477538941288,1,1,19.3,king,0,-1,nan,1.0,0.0,0.0
10.04,-2.8548614036649935,24.748144120608867,9.096400999104592,2.9332042935697413,24.288443077901324,8.085112999104588,25.636495202916937,1,1,19.4,king,0,-1,nan,1.0,0.0,0.0
10.06,-2.802897645258664,24.72092918489086,9.097494858277635,2.9334627327345966,24.229980251901672,8.086206858277631,25.581608091122106,1,1,19.4,king,0,-1,nan,1.0,0.0,0.0
10.08,-2.75095672643615,24.693739773367582,9.098615322235313,2.931884456535428,24.171551328789317,8.087327322235309,25.527155366993615,1,1,19.5,king,0,-1,nan,1.0,0.0,0.0
10.1,-2.699046461265598,24.66653964451862,9.099772186287463,2.9308108834895585,24.113143524605466,8.08848418628746,25.471826170144908,1,1,19.5,king,0,-1,nan,1.0,0.0,0.0
10.12,-2.647170342042833,24.639347983667967,9.100954770698296,2.929128143031657,24.054770052263333,8.089666770698292,25.417628327900637,1,1,19.6,king,0,-1,nan,1.0,0.0,0.0
10.14,-2.5953125495048925,24.61212013835808,9.102161698348324,2.929182002487889,23.996393638868536,8.09087369834832,25.36253518472571,1,1,19.6,king,0,-1,nan,1.0,0.0,0.0
10.16,-2.543480177569047,24.584882796917224,9.10338226901008,2.928291883505619,23.938034554846894,8.092094269010076,25.3085443047244,1,1,19.6,king,0,-1,nan,1.0,0.0,0.0
10.18,-2.4916611509686275,24.557598885509776,9.104615581418734,2.9287985587105023,23.879662731740908,8.09332758141873,25.253647593195055,1,1,19.7,king,0,-1,nan,1.0,0.0,0.0
10.2,-2.439866067381215,24.530302536413178,9.105853749343229,2.9280345018628418,23.821305391993786,8.094565749343225,25.19985501601103,1,1,19.7,king,0,-1,nan,1.0,0.0,0.0
10.22,-2.3880862764914044,24.502963996513813,9.107105339515403,2.928356615228393,23.7629392727984,8.0958173395154,25.145157793426574,1,1,19.8,king,0,-1,nan,1.0,0.0,0.0
10.24,-2.336335512857467,24.475624424239452,9.108369471176301,2.9271111089676416,23.70459802351881,8.097081471176297,25.09125877840952,1,1,19.8,king,0,-1,nan,1.0,0.0,0.0
10.26,-2.2846086215710555,24.44826113878636,9.109655009527211,2.9266334250275103,23.64626512169679,8.098367009527207,25.036468774177873,1,1,19.9,king,0,-1,nan,1.0,0.0,0.0
10.28,-2.23291059618168,24.42091532087486,9.11095904772485,2.9249701289202545,23.58796687062933,8.099671047724845,24.982803511564075,1,1,19.9,king,0,-1,nan,1.0,0.0,0.0
10.3,-2.1812274733187826,24.39356439173147,9.11228869459713,2.9244599820621273,23.52967937417974,8.101000694597126,24.928244264796625,1,1,20.0,king,0,-1,nan,1.0,0.0,0.0
10.32,-2.1295696507436053,24.366253450151582,9.113639033402043,2.9224311703086117,23.471435623480463,8.102351033402039,24.874290751080284,1,1,20.0,king,0,-1,nan,1.0,0.0,0.0
10.34,-2.077928394636097,24.33896362595756,9.115019811154811,2.9212413389278655,23.41321813360447,8.103731811154807,24.819451669217628,1,1,20.1,king,0,-1,nan,1.0,0.0,0.0
10.36,-2.026306230583026,24.311718293361658,9.116420186948924,2.919382221527467,23.355041608171735,8.10513218694892,24.76576339421516,1,1,20.1,king,0,-1,nan,1.0,0.0,0.0
10.38,-1.9746865192711094,24.284477260758752,9.11783673955928,2.91919298543966,23.296870434628758,8.106548739559276,24.711170781550884,1,1,20.2,king,0,-1,nan,1.0,0.0,0.0
10.4,-1.923075568453426,24.2572714923019,9.11925678763944,2.9179875848704193,23.238726590627316,8.107968787639436,24.65771380786873,1,1,20.2,king,0,-1,nan,1.0,0.0,0.0
10.42,-1.8714603173528943,24.230068385770096,9.120684619533703,2.918125192255272,23.180581551551153,8.1093966195337,24.60334523627578,1,1,20.3,king,0,-1,nan,1.0,0.0,0.0
10.44,-1.8198501958222748,24.20290585517644,9.12211420322262,2.916955357123386,23.122463677478468,8.110826203222617,24.549978608923876,1,1,20.3,king,0,-1,nan,1.0,0.0,0.0
10.46,-1.7682355695822984,24.175758362400284,9.123551857241955,2.916814553156936,23.064351129926248,8.11226385724195,24.49570239435979,1,1,20.4,king,0,-1,nan,1.0,0.0,0.0
10.48,-1.716627601907697,24.148663001832013,9.124993408795138,2.9153125744539623,23.006273306851988,8.113705408795134,24.4421936070136,1,1,20.4,king,0,-1,nan,1.0,0.0,0.0
10.5,-1.6650183394905955,24.121593448404568,9.126445470991335,2.914783514525663,22.948209361615373,8.115157470991331,24.387781427391456,1,1,20.5,king,0,-1,nan,1.0,0.0,0.0
10.52,-1.613412238924199,24.094578896022085,9.127900995970984,2.9133718476454638,22.89017880175751,8.11661299597098,24.33451152757963,1,1,20.5,king,0,-1,nan,1.0,0.0,0.0
10.54,-1.5617946190152054,24.067585347394704,9.129360752701032,2.9134006085153565,22.832150974244456,8.118072752701028,24.28032690609359,1,1,20.6,king,0,-1,nan,1.0,0.0,0.0
10.56,-1.5101736781759125,24.040649518928614,9.130815951594744,2.912206204971008,22.774152605689153,8.11952795159474,24.22711095046376,1,1,20.6,king,0,-1,nan,1.0,0.0,0.0
10.58,-1.458538134271235,24.01374484286394,9.132276406591386,2.9121400710105956,22.716159908366226,8.120988406591382,24.17297204336425,1,1,20.7,king,0,-1,nan,1.0,0.0,0.0
10.6,-1.4069068794565394,23.986887581209995,9.133738102663779,2.9108570613723623,22.65819759533477,8.122450102663775,24.119818288827375,1,1,20.7,king,0,-1,nan,1.0,0.0,0.0
10.62,-1.3552793688524323,23.960030619530194,9.135205636912826,2.910691455058222,22.60023981155256,8.123917636912822,24.065744273652125,1,1,20.8,king,0,-1,nan,1.0,0.0,0.0
10.64,-1.303671833964802,23.933194188329285,9.136672444586846,2.909331203873053,22.542311150939625,8.125384444586842,24.012614972098774,1,1,20.8,king,0,-1,nan,1.0,0.0,0.0
10.66,-1.2520810515135266,23.90633502086161,9.13814518719426,2.9091204348475705,22.484385543194584,8.126857187194256,23.958568217832216,1,1,20.9,king,0,-1,nan,1.0,0.0,0.0
10.68,-1.200518724024999,23.879475983297212,9.139618500066131,2.9078566701861277,22.4264851811476,8.128330500066127,23.905660038297587,1,1,20.9,king,0,-1,nan,1.0,0.0,0.0
10.7,-1.1489773748281928,23.852576551853396,9.141095370214225,2.9078648672445513,22.368581867463785,8.129807370214222,23.851830241074925,1,1,21.0,king,0,-1,nan,1.0,0.0,0.0
10.72,-1.0974722403639294,23.825667186104784,9.142571742098355,2.9064895127604933,22.31070486789324,8.13128374209835,23.79837868238635,1,1,21.0,king,0,-1,nan,1.0,0.0,0.0
10.74,-1.045999612729903,23.798714982029846,9.144048194807285,2.9060422453269594,22.252833253944868,8.13276019480728,23.74402195366691,1,1,21.1,king,0,-1,nan,1.0,0.0,0.0
10.76,-0.9945640925845382,23.771751644941343,9.145107439720523,2.9042022481908103,22.19498802400538,8.133819439720519,23.690585668144198,1,1,21.2,king,0,-1,nan,0.9947542548179626,0.0,0.0
10.78,-0.9431533646289257,23.744751430303328,9.145430871286688,2.9035233542210435,22.137144875404424,8.134142871286684,23.636034725624228,1,1,21.2,king,0,-1,nan,0.9895127415657043,0.0,0.0
10.8,-0.8917712705659279,23.71774129577384,9.144794876729678,2.902615823131044,22.079321615035536,8.133506876729674,23.58225585155516,1,1,21.3,king,0,-1,nan,0.9850516319274902,0.0,0.0
10.82,-0.8404149784258134,23.69070370610275,9.143035253407882,2.903272408781937,22.02150635567097,8.131747253407879,23.52771836004064,1,1,21.3,king,0,-1,nan,0.9811407923698425,0.0,0.0
10.84,-0.7891112074646425,23.663624381288688,9.140069845849862,2.9043761762239377,21.963713797508216,8.128781845849858,23.47379365144889,1,1,21.3,king,0,-1,nan,0.9777879118919373,0.0,0.0
10.86,-0.7378604260388404,23.63650746135922,9.13584338558929,2.906816518784266,21.905946543948485,8.124555385589286,23.418568863433478,1,1,21.4,king,0,-1,nan,0.9744900465011597,0.0,0.0
10.88,-0.6867021351267593,23.609346239735086,9.130312578205526,2.9092492671979384,21.848234113492452,8.119024578205522,23.363960640469546,1,1,21.4,king,0,-1,nan,0.9718202948570251,0.0,0.0
10.9,-0.6356407139076461,23.58214336415529,9.123443218729642,2.9130968385613465,21.790581571125866,8.112155218729638,23.308040576628567,1,1,21.5,king,0,-1,nan,0.9698435068130493,0.0,0.0
10.92,-0.5847183130088592,23.554890717235278,9.115225695793578,2.9169013355992877,21.733019865807115,8.103937695793574,23.25269073350217,1,1,21.5,king,0,-1,nan,0.9685395956039429,0.0,0.0
10.94,-0.5339419837681828,23.527588845792817,9.105656166457315,2.9219872035721988,21.675555147863673,8.094368166457311,23.19604824959681,1,1,21.5,king,0,-1,nan,0.968143105506897,0.0,0.0
10.96,-0.48335535474779096,23.500229356563914,9.09472914603273,2.9270072009958517,21.6182194253968,8.083441146032726,23.140064892427585,1,1,21.5,king,0,-1,nan,0.968500554561615,0.0,0.0
10.98,-0.4329684462968529,23.472812306381268,9.082445058765938,2.9331868266183823,21.56102105556074,8.071157058765934,23.082810380453147,1,1,21.6,king,0,-1,nan,0.9689619541168213,0.0,0.0
11.0,-0.3828280853581004,23.44532928252545,9.068792339158701,2.939289517894428,21.503994690389927,8.057504339158697,23.026243412949587,1,1,21.6,king,0,-1,nan,0.9701512455940247,0.0,0.0
11.02,-0.3329487375041872,23.4177800615341,9.053768076700985,2.9464543870388975,21.447152247230058,8.042480076700981,22.968367628644884,1,1,21.6,king,0,-1,nan,0.9723929166793823,0.0,0.0
11.04,-0.28336688481211536,23.390176184125586,9.037367869603539,2.9535152603303354,21.390530515866356,8.026079869603535,22.911285916723806,1,1,21.6,king,0,-1,nan,0.9755103588104248,0.0,0.0
11.06,-0.23409176056939696,23.36252715874614,9.019587112771193,2.961697902850488,21.334142311048968,8.008299112771189,22.852971292750542,1,1,21.6,king,0,-1,nan,0.9799193739891052,0.0,0.0
11.08,-0.18516838005825328,23.33483557169614,9.000430355055684,2.96955489937324,21.278026714470457,7.98914235505568,22.794533722357443,1,1,21.6,king,0,-1,nan,0.9839165210723877,0.0,0.0
11.1,-0.13661018091251934,23.30711200818158,8.979908275384899,2.9781078020433656,21.222200656411466,7.968620275384895,22.734978782114354,1,1,21.6,king,0,-1,nan,0.9887893795967102,0.0,0.0
11.12,-0.08841774104436369,23.279388653796016,8.958026558358736,2.987434174524381,21.16668203998418,7.9467385583587316,22.676222421598446,1,1,21.6,king,0,-1,nan,0.9944257736206055,0.0,0.0
11.14,-0.04058820074404835,23.251666356952555,8.934793789626164,2.9983129467242358,21.111468847856685,7.9235057896261605,22.616180053258887,1,1,21.6,king,0,-1,nan,1.0,0.0,0.0
11.16,0.006867989946650194,23.22397662201559,8.910285601562453,3.008098543065672,21.056586922234533,7.898997601562449,22.55703491772544,1,1,21.6,king,0,-1,nan,1.0,0.0,0.0
11.18,0.05396409851203582,23.196342707235207,8.884594108846796,3.017337189497919,21.00203773625009,7.873306108846792,22.496541555243763,1,1,21.6,king,0,-1,nan,1.0,0.0,0.0
11.2,0.1007015136727337,23.16881425693498,8.857765943572652,3.025703225620574,20.947847110935346,7.846477943572648,22.437023417067614,1,1,21.6,king,0,-1,nan,1.0,0.0,0.0
11.22,0.14709075658586274,23.141400392424856,8.82986973986746,3.0338424508345287,20.894011157011366,7.818581739867456,22.377213817676434,1,1,21.6,king,0,-1,nan,1.0,0.0,0.0
11.24,0.19312568050030904,23.114140386631185,8.801001511705081,3.0396121187230034,20.84055639527911,7.789713511705077,22.317838113685795,1,1,21.6,king,0,-1,nan,1.0,0.0,0.0
11.26,0.23878513971233423,23.087047767714797,8.771296725352041,3.0418623191899,20.7875079093627,7.760008725352037,22.25726855780114,1,1,21.6,king,0,-1,nan,1.0,0.0,0.0
11.28,0.28405166328545245,23.060164207909914,8.740873488005594,3.040294934219647,20.73490303899508,7.72958548800559,22.197973256738777,1,1,21.5,king,0,-1,nan,1.0,0.0,0.0
11.3,0.3289172632080077,23.033483155738487,8.709883097632856,3.035294424285671,20.682744900436116,7.698595097632852,22.137577548584627,1,1,21.5,king,0,-1,nan,1.0,0.0,0.0
11.32,0.3733614030499765,23.007036648184805,8.678431850403584,3.026499744075751,20.631068161344178,7.66714385040358,22.0785132461065,1,1,21.5,king,0,-1,nan,1.0,0.0,0.0
11.34,0.4173757318906604,22.98080048580777,8.646637989076273,3.015147997060116,20.579866620607273,7.6353499890762695,22.01842101842057,1,1,21.5,king,0,-1,nan,1.0,0.0,0.0
11.36,0.46094764772497643,22.954798969023198,8.614567461167335,3.0012953390699235,20.529164076920946,7.603279461167331,21.958998376618332,1,1,21.4,king,0,-1,nan,1.0,0.0,0.0
11.38,0.5040794995886326,22.928994140425072,8.582279444395901,2.986955745905596,20.478937849770205,7.570991444395897,21.89877250326306,1,1,21.4,king,0,-1,nan,1.0,0.0,0.0
11.4,0.546783066569614,22.90339120697588,8.54991258868944,2.9693089189346136,20.429180886947588,7.538624588689435,21.840326976772225,1,1,21.4,king,0,-1,nan,1.0,0.0,0.0
11.42,0.589136282060639,22.87800613951747,8.517542662657315,2.95212153527863,20.37983656772864,7.506254662657311,21.780953482106728,1,1,21.3,king,0,-1,nan,1.0,0.0,0.0
11.44,0.6311554902396961,22.85283745153479,8.485130334980697,2.9366799690215464,20.330890382599115,7.473842334980693,21.723110194723823,1,1,21.3,king,0,-1,nan,1.0,0.0,0.0
11.46,0.6728756575780883,22.827823589038374,8.45264445484689,2.924721391774361,20.28227944310923,7.441356454846886,21.664262223637362,1,1,21.3,king,0,-1,nan,1.0,0.0,0.0
11.48,0.7143116110882051,22.80296813485016,8.420238462882686,2.9089861470016345,20.233993272252444,7.408950462882682,21.60692166609807,1,1,21.2,king,0,-1,nan,1.0,0.0,0.0
11.5,0.7554993607402423,22.778201110074782,8.387947233928402,2.8950646387434253,20.185963497547448,7.3766592339283985,21.548575419807054,1,1,21.2,king,0,-1,nan,1.0,0.0,0.0
11.52,0.7964647802676054,22.75351668830982,8.355708561286548,2.883928869022322,20.138165245013464,7.344420561286544,21.49161342622317,1,1,21.2,king,0,-1,nan,1.0,0.0,0.0
11.54,0.8372444227673628,22.72883423765265,8.323705110430064,2.870724420584033,20.090523857726776,7.31241711043006,21.433739190769245,1,1,21.1,king,0,-1,nan,1.0,0.0,0.0
11.56,0.8778668968332466,22.70414129524657,8.29185590546616,2.861074387680301,20.043008540435373,7.280567905466157,21.377319512382265,1,1,21.1,king,0,-1,nan,1.0,0.0,0.0
11.58,0.9184126653613995,22.679418874912333,8.260089449421933,2.8566873920377303,19.995541497587148,7.248801449421929,21.319934516130377,1,1,21.1,king,0,-1,nan,1.0,0.0,0.0
11.6,0.9588914353685405,22.65462708706965,8.228556908912743,2.849326533012344,19.948092799820273,7.2172689089127395,21.263900778728182,1,1,21.0,king,0,-1,nan,1.0,0.0,0.0
11.62,0.9993765550993178,22.629744241177757,8.197258914614325,2.8450682708850956,19.90058913993696,7.185970914614321,21.20686342287514,1,1,21.0,king,0,-1,nan,1.0,0.0,0.0
11.64,1.0398734049067537,22.60472136766937,8.166444447390605,2.835344085479042,19.852999249953335,7.155156447390601,21.1511644424659,1,1,21.0,king,0,-1,nan,1.0,0.0,0.0
11.66,1.0804521005413044,22.57953353150669,8.136144765803294,2.828041873033309,19.80525075985722,7.12485676580329,21.094445149160187,1,1,20.9,king,0,-1,nan,1.0,0.0,0.0
11.68,1.1210929469765525,22.554156311416307,8.10617850646147,2.825623115982874,19.75734681002766,7.094890506461466,21.038868735386757,1,1,20.9,king,0,-1,nan,1.0,0.0,0.0
11.7,1.161847078940579,22.528581700447326,8.076392842808897,2.82937526566392,19.70924017965711,7.065104842808893,20.98215938278883,1,1,20.9,king,0,-1,nan,1.0,0.0,0.0
11.72,1.202703831735011,22.50281806062192,8.04658588013021,2.8379105033841108,19.660944356645615,7.035297880130207,20.926404709994586,1,1,20.9,king,0,-1,nan,1.0,0.0,0.0
11.74,1.2437204485825213,22.476880159206758,8.016665517290562,2.8505989282492923,19.612419455533427,7.005377517290558,20.869442494619577,1,1,20.8,king,0,-1,nan,1.0,0.0,0.0
11.76,1.2849161375607372,22.450739751672675,7.986960385180843,2.8560464676251796,19.563633949971294,6.975672385180839,20.813435417909275,1,1,20.8,king,0,-1,nan,1.0,0.0,0.0
11.78,1.3263636617516976,22.424394793757692,7.957625372129098,2.860287162090784,19.51452577755093,6.946337372129094,20.756257301399412,1,1,20.8,king,0,-1,nan,1.0,0.0,0.0
11.8,1.3680401993480589,22.39784214483042,7.9285949950845875,2.865632453064415,19.465112331904933,6.917306995084584,20.700042514368338,1,1,20.7,king,0,-1,nan,1.0,0.0,0.0
11.82,1.4099932110636637,22.37109447464258,7.899806901856423,2.8741291568928644,19.41536078633747,6.888518901856419,20.642625498366513,1,1,20.7,king,0,-1,nan,1.0,0.0,0.0
11.84,1.4521849133169031,22.34415342078635,7.871127224768531,2.884650758660388,19.365303676796938,6.859839224768527,20.5860603212007,1,1,20.7,king,0,-1,nan,1.0,0.0,0.0
11.86,1.494652657134366,22.317029492432564,7.842513017765545,2.8974081506998286,19.31491546545882,6.831225017765541,20.52847629376188,1,1,20.7,king,0,-1,nan,1.0,0.0,0.0
11.88,1.5373596253783215,22.289718890447975,7.813911623187168,2.9102379151793105,19.264224907318443,6.802623623187164,20.471697364905676,1,1,20.6,king,0,-1,nan,1.0,0.0,0.0
11.9,1.5803346129032427,22.262231262065658,7.785372457525495,2.922714168164584,19.213213160430286,6.774084457525491,20.413694834451093,1,1,20.6,king,0,-1,nan,1.0,0.0,0.0
11.92,1.6235295808433547,22.234564601252984,7.756896250574291,2.9334892782310047,19.161919355859677,6.745608250574287,20.356549322583277,1,1,20.6,king,0,-1,nan,1.0,0.0,0.0
11.94,1.6669671111968132,22.206727271295374,7.728549474209322,2.9433296250428485,19.11032915329403,6.717261474209318,20.298210103596293,1,1,20.6,king,0,-1,nan,1.0,0.0,0.0
11.96,1.710591213428357,22.17871573649093,7.700345796199415,2.950913346277465,19.058487504357746,6.689057796199411,20.240806523536648,1,1,20.5,king,0,-1,nan,1.0,0.0,0.0
11.98,1.754416305764452,22.150538371460875,7.672351047013015,2.957325058356606,19.006386911088764,6.661063047013011,20.182246846798893,1,1,20.5,king,0,-1,nan,1.0,0.0,0.0
12.0,1.7983794097086596,22.122194358950154,7.644580046460571,2.961150969344904,18.95407966043602,6.633292046460567,20.12469820661575,1,1,20.5,king,0,-1,nan,1.0,0.0,0.0
12.02,1.8424671203448326,22.09371437857952,7.616782328409558,2.9696584988404995,18.901593745642757,6.605494328409554,20.0659896327124,1,1,20.5,king,0,-1,nan,1.0,0.0,0.0
12.04,1.8866215250626022,22.06512859679726,7.588832514944116,2.9782337252290243,18.84899414893026,6.577544514944112,20.008261600853825,1,1,20.5,king,0,-1,nan,1.0,0.0,0.0
12.06,1.9308556871266365,22.036471653361687,7.560768755339255,2.9855720154336325,18.79628886742236,6.549480755339251,19.94940635560701,1,1,20.4,king,0,-1,nan,1.0,0.0,0.0
12.08,1.9751161418019232,22.00776324514914,7.532654650802734,2.9889644628415155,18.74353343655461,6.52136665080273,19.89146324859328,1,1,20.4,king,0,-1,nan,1.0,0.0,0.0
12.1,2.019412203848467,21.97903621845073,7.504615489568341,2.9889704492060227,18.690738013245493,6.493327489568337,19.8324706933909,1,1,20.4,king,0,-1,nan,1.0,0.0,0.0
12.12,2.063686745645388,21.95030609818114,7.4767266482576975,2.9847287697890805,18.637958919451787,6.4654386482576935,19.77355565008967,1,1,20.4,king,0,-1,nan,1.0,0.0,0.0
12.14,2.107946243345021,21.921605067169704,7.4490357892444825,2.9788571594795843,18.585208327116945,6.4377477892444785,19.714302846073757,1,1,20.3,king,0,-1,nan,1.0,0.0,0.0
12.16,2.1521687315812654,21.89292297674511,7.421540705672576,2.9724865002030327,18.532499080029005,6.410252705672572,19.656271185687967,1,1,20.3,king,0,-1,nan,1.0,0.0,0.0
12.18,2.1963764081290216,21.864281492439783,7.394276234560112,2.965638495335197,18.47982443695909,6.382988234560108,19.597268442969686,1,1,20.3,king,0,-1,nan,1.0,0.0,0.0
12.2,2.240519260431659,21.835683605804316,7.36723037672255,2.9571561319945276,18.42722790989309,6.355942376722546,19.538347301793145,1,1,20.3,king,0,-1,nan,1.0,0.0,0.0
12.22,2.2846142501703413,21.807148481749806,7.340360929223674,2.949825687119349,18.374705775366156,6.32907292922367,19.479665125430056,1,1,20.3,king,0,-1,nan,1.0,0.0,0.0
12.24,2.3286543747678254,21.778650396761527,7.313621177726258,2.9439292334840115,18.32224983287511,6.302333177726254,19.42056098559098,1,1,20.2,king,0,-1,nan,1.0,0.0,0.0
12.26,2.372653763804693,21.750209617877523,7.286928198609987,2.939957173688161,18.269859333481374,6.275640198609983,19.36270849329048,1,1,20.2,king,0,-1,nan,1.0,0.0,0.0
12.28,2.4166230775671327,21.7217924844923,7.260275809672842,2.9373388715937523,18.217506947580613,6.248987809672838,19.30389175745805,1,1,20.2,king,0,-1,nan,1.0,0.0,0.0
12.3,2.4605551438122073,21.693436300384754,7.233622376590607,2.9344953215041985,18.16521907796753,6.222334376590603,19.246141861280744,1,1,20.2,king,0,-1,nan,1.0,0.0,0.0
12.32,2.504458256021929,21.66511498660912,7.20699433728557,2.931992732301658,18.112974522082027,6.195706337285566,19.187428120121968,1,1,20.2,king,0,-1,nan,1.0,0.0,0.0
12.34,2.548328363732287,21.636868759701247,7.180363723852683,2.9290037798120347,18.060798663265377,6.169075723852679,19.12955755128403,1,1,20.1,king,0,-1,nan,1.0,0.0,0.0
12.36,2.5921761117201285,21.608675166084268,7.153746381136728,2.9265964266974125,18.00867031332931,6.142458381136724,19.070725882010173,1,1,20.1,king,0,-1,nan,1.0,0.0,0.0
12.38,2.6360072235168497,21.580571774091386,7.127086974233925,2.92476109248751,17.956605227172094,6.115798974233921,19.013059030371842,1,1,20.1,king,0,-1,nan,1.0,0.0,0.0
12.4,2.6798429107375483,21.552534331188966,7.100403422176204,2.92390048951499,17.90457238786909,6.0891154221762,18.95440180212926,1,1,20.1,king,0,-1,nan,1.0,0.0,0.0
12.42,2.7236738233339306,21.52458442090463,7.073658091877745,2.9230374085477364,17.852591432443898,6.0623700918777415,18.896935178379014,1,1,20.1,king,0,-1,nan,1.0,0.0,0.0
12.44,2.7675066600701204,21.496682216649944,7.046888753960238,2.922519474337772,17.80063497694831,6.035600753960234,18.838472292164315,1,1,20.0,king,0,-1,nan,1.0,0.0,0.0
12.46,2.8113303497858837,21.468856721864057,7.0200871137510195,2.9210879216001544,17.7487281581484,6.0087991137510155,18.78056789809697,1,1,20.0,king,0,-1,nan,1.0,0.0,0.0
12.48,2.855147868231286,21.441075262637966,6.9932705704485825,2.9201504216973344,17.696850619030908,5.9819825704485785,18.72165270993451,1,1,20.0,king,0,-1,nan,1.0,0.0,0.0
12.5,2.8989400754236416,21.413300611584255,6.966662803778779,2.9142588676575425,17.644998021093745,5.955374803778775,18.66403773010116,1,1,20.0,king,0,-1,nan,1.0,0.0,0.0
12.52,2.942702349635875,21.385430821859305,6.94041097535389,2.9073270882330426,17.593118460080074,5.929122975353886,18.605353634650534,1,1,19.9,king,0,-1,nan,1.0,0.0,0.0
12.54,2.9864069300652107,21.357445844880942,6.9145133452887135,2.8999726421021665,17.54122419549598,5.90322534528871,18.547802729388966,1,1,19.9,king,0,-1,nan,1.0,0.0,0.0
12.56,3.0301050931782787,21.32934399034294,6.888932047311562,2.895533842889398,17.489271370615317,5.877644047311558,18.489155094371192,1,1,19.9,king,0,-1,nan,1.0,0.0,0.0
12.58,3.073773382610599,21.30111513406893,6.863494322857301,2.8943331070795466,17.437274073828952,5.852206322857297,18.431518330645872,1,1,19.9,king,0,-1,nan,1.0,0.0,0.0
12.6,3.1174649316573397,21.272762504533983,6.838087416047182,2.8975567178693047,17.385189591011315,5.826799416047178,18.37302961428418,1,1,19.9,king,0,-1,nan,1.0,0.0,0.0
12.62,3.161187213429365,21.24426168287104,6.812984118156689,2.895734070919635,17.33299830371458,5.801696118156685,18.31554192602129,1,1,19.8,king,0,-1,nan,1.0,0.0,0.0
12.64,3.2050075048707543,21.21561861701875,6.788333315041701,2.893227115886671,17.28064715125922,5.777045315041697,18.256909495967143,1,1,19.8,king,0,-1,nan,1.0,0.0,0.0
12.66,3.2489112058068113,21.18683495336267,6.764070459294546,2.8916778945606776,17.228149255453662,5.752782459294542,18.199276461933092,1,1,19.8,king,0,-1,nan,1.0,0.0,0.0
12.68,3.292961656333858,21.15793100095905,6.740087570517281,2.8944168714480294,17.175462710008347,5.728799570517277,18.1411541091981,1,1,19.8,king,0,-1,nan,1.0,0.0,0.0
12.7,3.337148330065055,21.128911941721412,6.716257277308394,2.8993321683131965,17.122599161538382,5.70496927730839,18.08389664942889,1,1,19.8,king,0,-1,nan,1.0,0.0,0.0
12.72,3.381495023440097,21.099784078649645,6.692549737163846,2.905644971487859,17.0695421399891,5.681261737163842,18.025385530266473,1,1,19.8,king,0,-1,nan,1.0,0.0,0.0
12.74,3.4259563519081375,21.070542934939166,6.668882659765716,2.9120374170025096,17.01632718577207,5.657594659765712,17.96770205511528,1,1,19.8,king,0,-1,nan,1.0,0.0,0.0
12.76,3.4705658334864715,21.04119409722957,6.645254734180573,2.9196057049920765,16.962929299384367,5.633966734180569,17.908770821784586,1,1,19.7,king,0,-1,nan,1.0,0.0,0.0
12.78,3.5152886935458207,21.01173309840042,6.621597716728472,2.927344845857936,16.909375146055496,5.610309716728468,17.85062539758462,1,1,19.7,king,0,-1,nan,1.0,0.0,0.0
12.8,3.560165145462676,20.982166457482545,6.597904091887665,2.936609460717123,16.855634631535306,5.586616091887661,17.79265104051294,1,1,19.7,king,0,-1,nan,1.0,0.0,0.0
12.82,3.605178669551544,20.95248329468811,6.574239434751294,2.94419917030167,16.801715632382663,5.56295143475129,17.73341603377605,1,1,19.7,king,0,-1,nan,1.0,0.0,0.0
12.84,3.6503183919893183,20.922725011241983,6.550590453482385,2.9506034511928965,16.74764990084764,5.539302453482381,17.67501047920811,1,1,19.7,king,0,-1,nan,1.0,0.0,0.0
12.86,3.6955921155999647,20.892859873322283,6.526982103337345,2.957613357551455,16.69341354502046,5.515694103337341,17.61639343192127,1,1,19.7,king,0,-1,nan,1.0,0.0,0.0
12.88,3.740995984161316,20.862918892731958,6.503458833255953,2.9628186893433353,16.63902675826697,5.492170833255949,17.55782771016997,1,1,19.7,king,0,-1,nan,1.0,0.0,0.0
12.9,3.78650236600694,20.832889997082255,6.48007725252927,2.966169111791726,16.58450606731583,5.468789252529266,17.49851555815095,1,1,19.7,king,0,-1,nan,1.0,0.0,0.0
12.92,3.8321011270407808,20.80280853231127,6.4568452432921575,2.968108734439576,16.529879291128076,5.4455572432921535,17.440162308212344,1,1,19.6,king,0,-1,nan,1.0,0.0,0.0
12.94,3.8777832976906366,20.772648108481096,6.433809840154233,2.969487194207576,16.475139502879372,5.4225218401542294,17.380635145133862,1,1,19.6,king,0,-1,nan,1.0,0.0,0.0
12.96,3.92352288560787,20.74245106066138,6.410964309607239,2.9689601992272725,16.420331619537837,5.399676309607235,17.322136110995167,1,1,19.6,king,0,-1,nan,1.0,0.0,0.0
12.98,3.9693235351733853,20.712201545516738,6.388337931198545,2.968453160739821,16.365443924343726,5.377049931198541,17.262457883229498,1,1,19.6,king,0,-1,nan,1.0,0.0,0.0
13.0,4.015171476473886,20.681953151992484,6.365896928050386,2.966731220800019,16.31051725642209,5.354608928050382,17.20383188276832,1,1,19.6,king,0,-1,nan,1.0,0.0,0.0
13.02,4.061072468047809,20.65168236001415,6.343648968823283,2.96571811043961,16.2555339294888,5.332360968823279,17.14404526214265,1,1,19.6,king,0,-1,nan,1.0,0.0,0.0
13.04,4.107015272206701,20.621434135119706,6.321539846348175,2.9641650004117532,16.200527944336514,5.310251846348171,17.08529876467147,1,1,19.6,king,0,-1,nan,1.0,0.0,0.0
13.06,4.153007764843444,20.59117754198133,6.299559854413959,2.9639040355206725,16.14547578652471,5.288271854413955,17.025423282702658,1,1,19.6,king,0,-1,nan,1.0,0.0,0.0
13.08,4.199041689592488,20.56094852999052,6.277646176208151,2.963580894057476,16.090404028994506,5.266358176208147,16.966548558599293,1,1,19.6,king,0,-1,nan,1.0,0.0,0.0
13.1,4.24512608033133,20.53071005585941,6.25577805084222,2.964941523271664,16.035284848014534,5.244490050842216,16.907289188692662,1,1,19.6,king,0,-1,nan,1.0,0.0,0.0
13.12,4.291257878244889,20.500488834358745,6.233953265898714,2.965546427540725,15.980135414616395,5.22266526589871,16.849017195834687,1,1,19.6,king,0,-1,nan,1.0,0.0,0.0
13.14,4.337423914520088,20.470259517826086,6.2122357386809215,2.9651161325697277,15.924952890199586,5.2009477386809175,16.78958861415517,1,1,19.5,king,0,-1,nan,1.0,0.0,0.0
13.16,4.383595271831554,20.440062075682288,6.190639882780885,2.962288279382264,15.869783343585315,5.179351882780881,16.731238354986797,1,1,19.5,king,0,-1,nan,1.0,0.0,0.0
13.18,4.4297608532000385,20.409862358806734,6.169219559223183,2.9589331116850133,15.81461738854754,5.157931559223179,16.671776129128496,1,1,19.5,king,0,-1,nan,1.0,0.0,0.0
13.2,4.475893859572642,20.379693381176896,6.147965783323338,2.953872237506704,15.759495516638133,5.136677783323334,16.61345447857757,1,1,19.5,king,0,-1,nan,1.0,0.0,0.0
13.22,4.52198976452007,20.349520721020053,6.126904030112137,2.9490758392215892,15.704402691974618,5.115616030112133,16.554035771481082,1,1,19.5,king,0,-1,nan,1.0,0.0,0.0
13.24,4.568028940595305,20.319377972083185,6.1059972482615334,2.9433333885690325,15.649373719223602,5.0947092482615295,16.49577637849682,1,1,19.5,king,0,-1,nan,1.0,0.0,0.0
13.26,4.614011474055554,20.28922711928218,6.085248265132193,2.938531780052874,15.594387736001138,5.073960265132189,16.43644298291958,1,1,19.5,king,0,-1,nan,1.0,0.0,0.0
13.28,4.659922947310223,20.259097738865297,6.064599602466683,2.9334323797360358,15.53947298836233,5.053311602466679,16.378257660727712,1,1,19.5,king,0,-1,nan,1.0,0.0,0.0
13.3,4.705778119600133,20.228965564457628,6.044043162543277,2.9296808625668147,15.48460384939535,5.032755162543273,16.318961996588946,1,1,19.5,king,0,-1,nan,1.0,0.0,0.0
13.32,4.751576944785099,20.19887233264456,6.023509922577274,2.9260677251131826,15.429803183200391,5.01222192257727,16.260769381756717,1,1,19.5,king,0,-1,nan,1.0,0.0,0.0
13.34,4.797336322163823,20.16878703216828,6.002987426903256,2.9241318162519145,15.375039882369876,4.991699426903252,16.20144058941941,1,1,19.5,king,0,-1,nan,1.0,0.0,0.0
13.36,4.843058253518815,20.138742859621747,5.982395712679129,2.922826545283043,15.32033042511641,4.971107712679125,16.143151277213857,1,1,19.5,king,0,-1,nan,1.0,0.0,0.0
13.38,4.888761724248375,20.108702251290634,5.9617184391392835,2.923523142833228,15.265638374271882,4.9504304391392795,16.08370060516196,1,1,19.5,king,0,-1,nan,1.0,0.0,0.0
13.4,4.93445090776061,20.078689823403057,5.940875726113045,2.9251777740915923,15.210973696997744,4.929587726113041,16.025208930329907,1,1,19.5,king,0,-1,nan,1.0,0.0,0.0
13.42,4.980146431651919,20.04866214087883,5.919844518639623,2.9291868791813225,15.156295370938864,4.908556518639619,15.966450571275683,1,1,19.5,king,0,-1,nan,1.0,0.0,0.0
13.44,5.025858212206753,20.018633699388136,5.89863471896127,2.9330571858766405,15.101603020518292,4.887346718961266,15.908358474067946,1,1,19.5,king,0,-1,nan,1.0,0.0,0.0
13.46,5.071590766167229,19.98858993060011,5.8773230944756785,2.936102805144545,15.046884897693943,4.8660350944756745,15.849067967395065,1,1,19.5,king,0,-1,nan,1.0,0.0,0.0
13.48,5.117342219406112,19.958572200694036,5.855912797526393,2.937967153339364,14.992165190916674,4.844624797526389,15.790732695870245,1,1,19.5,king,0,-1,nan,1.0,0.0,0.0
13.5,5.163128121537518,19.928553048073596,5.8344486078050775,2.9403272770342377,14.937415864309099,4.8231606078050735,15.73121565562274,1,1,19.5,king,0,-1,nan,1.0,0.0,0.0
13.52,5.208960530631431,19.89856298938386,5.813167158468519,2.93807480734839,14.882643508158557,4.801879158468515,15.67279334807616,1,1,19.4,king,0,-1,nan,1.0,0.0,0.0
13.54,5.254863909458793,19.86856177815784,5.792201672368323,2.935449058582884,14.827805633485994,4.780913672368319,15.613330748645385,1,1,19.4,king,0,-1,nan,1.0,0.0,0.0
13.56,5.300827365753191,19.838556690654514,5.771599327575009,2.931467721804152,14.772915338530945,4.760311327575005,15.555116407497472,1,1,19.4,king,0,-1,nan,1.0,0.0,0.0
13.58,5.346891930852283,19.808536665705027,5.751396072626031,2.9288724649042504,14.71793222108753,4.740108072626027,15.49591742523578,1,1,19.4,king,0,-1,nan,1.0,0.0,0.0
13.6,5.393013049913031,19.77847665629647,5.731537177634633,2.926233713896515,14.6628798897703,4.720249177634629,15.43793982540979,1,1,19.4,king,0,-1,nan,1.0,0.0,0.0
13.62,5.439219794200243,19.74836721963821,5.712001556622718,2.9254409419019978,14.60772884100054,4.700713556622714,15.378890261473344,1,1,19.4,king,0,-1,nan,1.0,0.0,0.0
13.64,5.485458360078767,19.718185804637194,5.6926910160685855,2.924816132023916,14.552511791176483,4.681403016068582,15.3209724983164,1,1,19.4,king,0,-1,nan,1.0,0.0,0.0
13.66,5.531734137147283,19.687870769923197,5.673797875475781,2.9229264592465,14.497190521880611,4.662509875475777,15.262057231144743,1,1,19.4,king,0,-1,nan,1.0,0.0,0.0
13.68,5.577971953863115,19.657384836392453,5.655085753220637,2.922957131561935,14.441807589479174,4.643797753220633,15.2042421429628,1,1,19.4,king,0,-1,nan,1.0,0.0,0.0
13.7,5.6241805561227185,19.626680273348615,5.63674685132348,2.921609332753376,14.386329581974616,4.625458851323476,15.14540021128266,1,1,19.4,king,0,-1,nan,1.0,0.0,0.0
13.72,5.670318597267393,19.59577693072298,5.618522752882575,2.9222650419190495,14.330801990379467,4.6072347528825714,15.087728154009206,1,1,19.4,king,0,-1,nan,1.0,0.0,0.0
13.74,5.716425511661309,19.564675920799342,5.600627388769152,2.921200279829454,14.275192430808538,4.589339388769148,15.029028523960543,1,1,19.5,king,0,-1,nan,1.0,0.0,0.0
13.76,5.7624556237764875,19.53338991472245,5.5828881198580325,2.920730670174975,14.219546109984178,4.5716001198580285,14.971259591678812,1,1,19.5,king,0,-1,nan,1.0,0.0,0.0
13.78,5.8084340823057,19.501941221944165,5.565213754428307,2.9220806455027772,14.163854204558541,4.553925754428303,14.912327493072501,1,1,19.5,king,0,-1,nan,1.0,0.0,0.0
13.8,5.8543691797494875,19.47040000252245,5.547509871573155,2.9233153986219653,14.108148152855943,4.536221871573151,14.854538877825311,1,1,19.5,king,0,-1,nan,1.0,0.0,0.0
13.82,5.900308904154599,19.438799435359147,5.529746768833707,2.9259963868707026,14.052405921267594,4.518458768833703,14.795682109846014,1,1,19.5,king,0,-1,nan,1.0,0.0,0.0
13.84,5.946231320532968,19.407157322838422,5.511907571673256,2.9275965253650784,13.996655623028493,4.500619571673252,14.737951955982231,1,1,19.5,king,0,-1,nan,1.0,0.0,0.0
13.86,5.9921781775026925,19.375503391948516,5.494032425344759,2.9294222393009477,13.940878540053038,4.482744425344755,14.679166186123263,1,1,19.5,king,0,-1,nan,1.0,0.0,0.0
13.88,6.038120147752215,19.343853827913467,5.476129332163017,2.9295393321693473,13.885108079742384,4.464841332163013,14.62102963310502,1,1,19.5,king,0,-1,nan,1.0,0.0,0.0
13.9,6.084091914242176,19.312238520870217,5.45824611981469,2.9294795773062656,13.829331509139458,4.446958119814686,14.561865248308319,1,1,19.5,king,0,-1,nan,1.0,0.0,0.0
13.92,6.130077840730729,19.280668056527833,5.440349204736177,2.929035345950848,13.773567696062827,4.429061204736173,14.503796014258855,1,1,19.5,king,0,-1,nan,1.0,0.0,0.0
13.94,6.1761273530282015,19.249166768379265,5.422454796801738,2.929632474039368,13.71778850049131,4.411166796801734,14.444621243331742,1,1,19.5,king,0,-1,nan,1.0,0.0,0.0
13.96,6.222251504064339,19.21779415635167,5.404516383079534,2.929788721523884,13.66201711350372,4.3932283830795305,14.386581080110231,1,1,19.5,king,0,-1,nan,1.0,0.0,0.0
13.98,6.268511427171531,19.186593011839808,5.38654814947632,2.931019158736881,13.606225628211767,4.375260149476316,14.327500751606825,1,1,19.5,king,0,-1,nan,1.0,0.0,0.0
14.0,6.31489992164835,19.15559791220373,5.3685178799513125,2.9315862772654424,13.550438906139593,4.3572298799513085,14.269548100832651,1,1,19.5,king,0,-1,nan,1.0,0.0,0.0
14.02,6.361477562110808,19.124859485375154,5.3504605429009535,2.9327439780417515,13.494633780147618,4.33917254290095,14.210567885378207,1,1,19.6,king,0,-1,nan,1.0,0.0,0.0
14.04,6.408230516719156,19.09441182323268,5.332366327397671,2.9327033302193435,13.438840421282856,4.321078327397667,14.152729359281768,1,1,19.6,king,0,-1,nan,1.0,0.0,0.0
14.06,6.455213774507456,19.064306956278447,5.314285492929136,2.93285104540464,13.383041145399815,4.302997492929132,14.093784436233634,1,1,19.6,king,0,-1,nan,1.0,0.0,0.0
14.08,6.502407095711758,19.03457988973676,5.2962320368137075,2.931226419597239,13.327272055580663,4.2849440368137035,14.035479075321023,1,1,19.6,king,0,-1,nan,1.0,0.0,0.0
14.1,6.549809648664226,19.005195928541827,5.278248447868188,2.929943972705971,13.2715149926128,4.266960447868184,13.976206680078874,1,1,19.6,king,0,-1,nan,1.0,0.0,0.0
14.12,6.597400588017413,18.976124257260317,5.260627232377191,2.9242806017032144,13.215770711699923,4.249339232377187,13.918233839882568,1,1,19.6,king,0,-1,nan,1.0,0.0,0.0
14.14,6.645176340066,18.9473088619451,5.2431645789293935,2.9230950020561406,13.160011754479491,4.2318765789293895,13.859304548370316,1,1,19.6,king,0,-1,nan,1.0,0.0,0.0
14.16,6.69308942756668,18.918693826965075,5.226102359515345,2.9178774443458795,13.104247489978324,4.214814359515341,13.801683059337867,1,1,19.6,king,0,-1,nan,1.0,0.0,0.0
14.18,6.7411526154415515,18.890232918087076,5.209588215564425,2.9123917633487304,13.048442092056959,4.198300215564421,13.743149018787992,1,1,19.6,king,0,-1,nan,1.0,0.0,0.0
14.2,6.789285623190658,18.86185734814159,5.193632634895551,2.905400126999524,12.992625316787894,4.182344634895547,13.68527489235127,1,1,19.6,king,0,-1,nan,1.0,0.0,0.0
14.22,6.837480696022349,18.83351805892677,5.178173141616409,2.900377687000866,12.936776906849317,4.166885141616405,13.62647919439206,1,1,19.7,king,0,-1,nan,1.0,0.0,0.0
14.24,6.885679118194454,18.805143896317738,5.162993373025428,2.8976742303613423,12.880907151687557,4.151705373025424,13.568873767410349,1,1,19.7,king,0,-1,nan,1.0,0.0,0.0
14.26,6.933897334150684,18.77668457358799,5.147954076243193,2.898753977117474,12.824974766451955,4.136666076243189,13.51014179915921,1,1,19.7,king,0,-1,nan,1.0,0.0,0.0
14.28,6.982115902789189,18.748135571127392,5.132870537592862,2.9015465881394182,12.76899352061804,4.121582537592858,13.452414937161047,1,1,19.7,king,0,-1,nan,1.0,0.0,0.0
14.3,7.030357842800656,18.71945851076014,5.117663201439015,2.907284661102637,12.712923105641817,4.106375201439011,13.394120123884461,1,1,19.7,king,0,-1,nan,1.0,0.0,0.0
14.32,7.078638668317218,18.690631426180136,5.102697909225645,2.9094668278633895,12.65673846497092,4.091409909225641,13.336882357170989,1,1,19.8,king,0,-1,nan,1.0,0.0,0.0
14.34,7.126972138335014,18.66160776505598,5.088215124218743,2.910433082277965,12.600402539892597,4.076927124218739,13.27840448004501,1,1,19.8,king,0,-1,nan,1.0,0.0,0.0
14.36,7.175348009216147,18.63242379680557,5.074293304519302,2.9093581552004926,12.543943703651525,4.063005304519298,13.22113536480763,1,1,19.8,king,0,-1,nan,1.0,0.0,0.0
14.38,7.223773462937409,18.603034942584134,5.060934614059756,2.9099759154298197,12.48733147150511,4.0496466140597525,13.162652089033063,1,1,19.8,king,0,-1,nan,1.0,0.0,0.0
14.4,7.272231822760558,18.573483471399477,5.047989939783197,2.910784549762182,12.430602895331415,4.036701939783193,13.105318597420489,1,1,19.9,king,0,-1,nan,1.0,0.0,0.0
14.42,7.320732913022338,18.543733415724162,5.035351778566579,2.914251485460292,12.373729993410363,4.024063778566575,13.04675448328222,1,1,19.9,king,0,-1,nan,1.0,0.0,0.0
14.44,7.369267018451959,18.513825587297177,5.022847598041282,2.918215260086554,12.316743211425214,4.011559598041278,12.989207604063594,1,1,19.9,king,0,-1,nan,1.0,0.0,0.0
14.46,7.417857471030356,18.48373863556088,5.010392633132236,2.92462941987587,12.259611288972337,3.999104633132232,12.931280538375479,1,1,20.0,king,0,-1,nan,1.0,0.0,0.0
14.48,7.466514556566251,18.453513767864187,4.997952397490842,2.9307908757464682,12.202348186269715,3.986664397490838,12.874238176883235,1,1,20.0,king,0,-1,nan,1.0,0.0,0.0
14.5,7.515235865196844,18.42313851524235,4.985598675217446,2.9364248417617005,12.144949053097399,3.974310675217442,12.815890703987856,1,1,20.0,king,0,-1,nan,1.0,0.0,0.0
14.52,7.564002972995233,18.392667485742415,4.973340531903873,2.939802935275456,12.087459226360181,3.9620525319038693,12.758566808692926,1,1,20.1,king,0,-1,nan,1.0,0.0,0.0
14.54,7.612818371559532,18.362079101163904,4.961237806184095,2.9432415709394455,12.029864766704176,3.949949806184091,12.69997842719016,1,1,20.1,king,0,-1,nan,1.0,0.0,0.0
14.56,7.661665543037481,18.33142203836732,4.949269676569937,2.944969349233956,11.972206177256787,3.937981676569933,12.642456118801947,1,1,20.1,king,0,-1,nan,1.0,0.0,0.0
14.58,7.710548525111992,18.300667817590558,4.937460780904075,2.9473793651861753,11.914464440165883,3.9261727809040714,12.583694317600989,1,1,20.2,king,0,-1,nan,1.0,0.0,0.0
14.6,7.759453123119681,18.269857975261107,4.925759996589507,2.94864987928174,11.856674206711988,3.914471996589503,12.525994429617528,1,1,20.2,king,0,-1,nan,1.0,0.0,0.0
14.62,7.808385177674242,18.238957285096294,4.914164009936083,2.9511292423658184,11.798811246097749,3.9028760099360786,12.467075706202207,1,1,20.3,king,0,-1,nan,1.0,0.0,0.0
14.64,7.857333698534138,18.207998939072194,4.902610271086319,2.9529077890818543,11.740902955196967,3.891322271086315,12.409182290960901,1,1,20.3,king,0,-1,nan,1.0,0.0,0.0
14.66,7.9063064229160505,18.176941677565594,4.891080586012251,2.956270819623637,11.682920199748628,3.879792586012247,12.350962950030434,1,1,20.3,king,0,-1,nan,1.0,0.0,0.0
14.68,7.955298712157996,18.145807485049005,4.879583046266943,2.958790195764711,11.624878915625848,3.8682950462669394,12.293558685235293,1,1,20.4,king,0,-1,nan,1.0,0.0,0.0
14.7,8.00430286172259,18.114586218536154,4.8681895437466425,2.9605683816184545,11.566779957878483,3.8569015437466385,12.234927281689401,1,1,20.4,king,0,-1,nan,1.0,0.0,0.0
14.72,8.053302556874204,18.083331017327847,4.856906651082253,2.9602201752568056,11.508666138759153,3.8456186510822494,12.177398706291871,1,1,20.5,king,0,-1,nan,1.0,0.0,0.0
14.74,8.102300338440651,18.052019455709374,4.845779538131988,2.960155879353595,11.45052300835385,3.834491538131984,12.118690655546848,1,1,20.5,king,0,-1,nan,1.0,0.0,0.0
14.76,8.151282266416214,18.02069796006763,4.834788339107981,2.958492780718042,11.392387715366663,3.8235003391079774,12.061118814656735,1,1,20.6,king,0,-1,nan,1.0,0.0,0.0
14.78,8.200252804807999,17.989336920965307,4.823950907176408,2.9576503912861694,11.334240256180742,3.8126629071764038,12.002371654884335,1,1,20.6,king,0,-1,nan,1.0,0.0,0.0
14.8,8.249210887365509,17.957967546044095,4.8135387574841575,2.953533642888321,11.27609866623322,3.8022507574841535,11.944903860350658,1,1,20.7,king,0,-1,nan,1.0,0.0,0.0
14.82,8.298170085225344,17.926543836559404,4.803726680846198,2.949885345571045,11.217926323602898,3.7924386808461943,11.886344416559318,1,1,20.7,king,0,-1,nan,1.0,0.0,0.0
14.84,8.34712355661004,17.89510072253556,4.794549341441724,2.9450531992960918,11.159748136946487,3.7832613414417198,11.829156485181295,1,1,20.8,king,0,-1,nan,1.0,0.0,0.0
14.86,8.396082238178375,17.8635862852457,4.785984856895322,2.9425595381197924,11.101526426364556,3.774696856895318,11.770879289680845,1,1,20.8,king,0,-1,nan,1.0,0.0,0.0
14.88,8.445036451775765,17.83203291392975,4.777879096325727,2.9401673526997434,11.043287074317586,3.7665910963257234,11.713871771452753,1,1,20.9,king,0,-1,nan,1.0,0.0,0.0
14.9,8.493995520657867,17.800387552410832,4.770097008992265,2.9406547802874514,10.984993117600778,3.7588090089922614,11.656494015441796,1,1,21.0,king,0,-1,nan,1.0,0.0,0.0
14.92,8.542954855938442,17.768670980952933,4.762529263200357,2.9411852171066464,10.926659805551242,3.7512412632003533,11.600257460575934,1,1,21.0,king,0,-1,nan,1.0,0.0,0.0
14.94,8.591911536159035,17.73685954480797,4.7551575163118605,2.9423913149063887,10.868276564681537,3.7438695163118565,11.542824223959787,1,1,21.1,king,0,-1,nan,1.0,0.0,0.0
14.96,8.64084733680516,17.70499989121557,4.747920455048049,2.941991318665437,10.809884260028412,3.7366324550480448,11.486534604148796,1,1,21.2,king,0,-1,nan,1.0,0.0,0.0
14.98,8.68976348830253,17.67305959685813,4.7408248859011,2.9424986756465397,10.751464029939452,3.729536885901096,11.429061810936371,1,1,21.3,king,0,-1,nan,1.0,0.0,0.0
15.0,8.738645674575631,17.641075706264335,4.733816411965992,2.9417495216507734,10.69304819820851,3.722528411965988,11.372733752578377,1,1,21.3,king,0,-1,nan,1.0,0.0,0.0
15.02,8.787503822632466,17.60901825165084,4.726897995091977,2.942220046105675,10.634611991025158,3.715609995091973,11.315197391981721,1,1,21.4,king,0,-1,nan,1.0,0.0,0.0
15.04,8.836332021916629,17.576925806460128,4.720003151348243,2.941792376215281,10.576181555689326,3.7087151513482395,11.258776584596575,1,1,21.5,king,0,-1,nan,1.0,0.0,0.0
15.06,8.885143706869323,17.544763582929242,4.71312141735638,2.9429353854215963,10.517726540155746,3.701833417356376,11.201170740639549,1,1,21.6,king,0,-1,nan,1.0,0.0,0.0
15.08,8.933936996459076,17.512563282520563,4.706185483299346,2.943531737828801,10.45926594923963,3.694897483299342,11.144632084873372,1,1,21.6,king,0,-1,nan,1.0,0.0,0.0
15.1,8.982741571382386,17.480307983450597,4.699182176833242,2.9459027279409393,10.400765688214896,3.687894176833238,11.087629692084752,1,1,21.7,king,0,-1,nan,1.0,0.0,0.0
15.12,9.031574093356973,17.448043050095606,4.69210752582562,2.94774991038936,10.342236788137738,3.6808195258256164,11.031661178176302,1,1,21.8,king,0,-1,nan,1.0,0.0,0.0
15.14,9.080443467340858,17.41576128935154,4.685039559797161,2.949696566637628,10.28366785563965,3.6737515597971573,10.974452104042822,1,1,21.9,king,0,-1,nan,1.0,0.0,0.0
15.16,9.129341280858712,17.38351968057325,4.677992577803917,2.949651444938961,10.225097249692515,3.6667045778039133,10.918349710025964,1,1,21.9,king,0,-1,nan,1.0,0.0,0.0
15.18,9.178278057621322,17.35130232176479,4.671025799808604,2.950128100668827,10.166507435502298,3.6597377998086005,10.861053532499408,1,1,22.0,king,0,-1,nan,1.0,0.0,0.0
15.2,9.227245665395236,17.319157490144832,4.664125465888936,2.949038580274198,10.107931753160965,3.6528374658889318,10.804896529549021,1,1,22.1,king,0,-1,nan,1.0,0.0,0.0
15.22,9.276254516384304,17.287059574203507,4.657317630815128,2.948936376660737,10.049347423816378,3.646029630815124,10.747553024904485,1,1,22.2,king,0,-1,nan,1.0,0.0,0.0
15.24,9.325314375149462,17.25504802066315,4.6508982365292795,2.946530979440737,9.990767987820785,3.6396102365292755,10.691509172479872,1,1,22.3,king,0,-1,nan,1.0,0.0,0.0
15.26,9.374447998044491,17.22308434839094,4.645054663439506,2.945308383841791,9.932153283471338,3.633766663439502,10.634378619552438,1,1,22.4,king,0,-1,nan,1.0,0.0,0.0
15.28,9.423655064821284,17.191207804950697,4.63981994386901,2.943149559339207,9.873525172460857,3.628531943869006,10.578646017772735,1,1,22.5,king,0,-1,nan,1.0,0.0,0.0
15.3,9.472951313716958,17.159369896451338,4.635158404349891,2.9434259475508084,9.814843852797404,3.623870404349887,10.522249092681044,1,1,22.6,king,0,-1,nan,1.0,0.0,0.0
15.32,9.52233156343123,17.127602348355577,4.630947340308194,2.9433481081174855,9.756131117029131,3.61965934030819,10.467156847408534,1,1,22.7,king,0,-1,nan,1.0,0.0,0.0
15.34,9.571795033832911,17.09586314385364,4.627104975599876,2.944815687418036,9.697364521684605,3.6158169755998717,10.410919641799216,1,1,22.8,king,0,-1,nan,1.0,0.0,0.0
15.36,9.621322985768229,17.064185299260284,4.623490135866954,2.9451531909575066,9.638577896812661,3.6122021358669496,10.355890235563615,1,1,22.9,king,0,-1,nan,1.0,0.0,0.0
15.38,9.670918229419527,17.032521590287274,4.620031796374298,2.9471336798683114,9.579742930931479,3.608743796374294,10.299985786284864,1,1,23.0,king,0,-1,nan,1.0,0.0,0.0
15.4,9.720568877222984,17.000894334290187,4.616641138689792,2.9482904829501098,9.520881846583416,3.6053531386897877,10.2452078049327,1,1,23.1,king,0,-1,nan,1.0,0.0,0.0
15.42,9.770272385235613,16.969258044696012,4.613305501074822,2.9506016362542447,9.461971747877891,3.602017501074818,10.189205336490591,1,1,23.2,king,0,-1,nan,1.0,0.0,0.0
15.44,9.820010833012592,16.937633929640008,4.609965071137245,2.9517606239779335,9.403039279205716,3.5986770711372413,10.134304205640122,1,1,23.3,king,0,-1,nan,1.0,0.0,0.0
15.46,9.869784984103427,16.905969774090725,4.606613695186735,2.9543681998966353,9.344055062487431,3.595325695186731,10.078877391793787,1,1,23.4,king,0,-1,nan,1.0,0.0,0.0
15.48,9.919583161872218,16.87427722487265,4.603249679244496,2.956176918036111,9.285035255880782,3.591961679244492,10.024559410873893,1,1,23.5,king,0,-1,nan,1.0,0.0,0.0
15.5,9.969389148466579,16.842514842527027,4.599940061083844,2.9582253148114175,9.225970568576148,3.58865206108384,9.969032050462788,1,1,23.7,king,0,-1,nan,1.0,0.0,0.0
15.52,10.019171188827807,16.810707259170858,4.5967020458833066,2.958233697633363,9.166901057869621,3.5854140458833026,9.914718535976561,1,1,23.8,king,0,-1,nan,1.0,0.0,0.0
15.54,10.068929906905801,16.778829944280357,4.59359404124416,2.9587805436659536,9.107812674674125,3.5823060412441556,9.859169020633209,1,1,23.9,king,0,-1,nan,1.0,0.0,0.0
15.56,10.118649721799349,16.74692768278921,4.590600969968363,2.9575212412425054,9.048743081481488,3.579312969968359,9.804887368040745,1,1,24.0,king,0,-1,nan,1.0,0.0,0.0
15.58,10.168333320838286,16.714968446189463,4.58774857032276,2.957189967367128,8.989672375415863,3.576460570322756,9.749387118360602,1,1,24.1,king,0,-1,nan,1.0,0.0,0.0
15.6,10.217967670222544,16.682989754753343,4.584991330948076,2.955422014592224,8.930632096752298,3.5737033309480717,9.695159597388738,1,1,24.3,king,0,-1,nan,1.0,0.0,0.0
15.62,10.267557736735466,16.650952486837802,4.582329763118123,2.9549302764877545,8.871596527992686,3.571041763118119,9.63970767556385,1,1,24.4,king,0,-1,nan,1.0,0.0,0.0
15.64,10.317093431660671,16.618886278820597,4.57969857730252,2.9533666836011743,8.812590410019508,3.568410577302516,9.585493918052574,1,1,24.5,king,0,-1,nan,1.0,0.0,0.0
15.66,10.366581988763029,16.586745643900134,4.577080624645254,2.9533842339253193,8.753582620624012,3.5657926246452503,9.530301008834304,1,1,24.7,king,0,-1,nan,1.0,0.0,0.0
15.68,10.416016992175726,16.554551352585445,4.574425461507465,2.9526860004733795,8.694589950713366,3.563137461507461,9.476303658822614,1,1,24.8,king,0,-1,nan,1.0,0.0,0.0
15.7,10.465415139446097,16.52227936867163,4.571740201650383,2.953332236635038,8.635585207401466,3.560452201650379,9.421039344064965,1,1,24.9,king,0,-1,nan,1.0,0.0,0.0
15.72,10.51477868018007,16.48997120004687,4.5689785394457525,2.9530508342276502,8.57658939276711,3.5576905394457485,9.366934905329822,1,1,25.1,king,0,-1,nan,1.0,0.0,0.0
15.74,10.564126484141617,16.45759581386112,4.566141197155888,2.9544127579663626,8.517569648408486,3.554853197155884,9.312374630810611,1,1,25.2,king,0,-1,nan,1.0,0.0,0.0
15.76,10.613465251574578,16.42518459445049,4.56323448915195,2.955186147651256,8.45853768712077,3.5519464891519457,9.258966164186747,1,1,25.3,king,0,-1,nan,1.0,0.0,0.0
15.78,10.662792623861138,16.392715529316337,4.560339161121669,2.9562699351486703,8.399483335473816,3.549051161121665,9.204285705565953,1,1,25.5,king,0,-1,nan,1.0,0.0,0.0
15.8,10.71209107457774,16.360232523050005,4.557473919240892,2.9553733056042697,8.340445423612229,3.546185919240888,9.150849118763066,1,1,25.6,king,0,-1,nan,1.0,0.0,0.0
15.82,10.761360188898559,16.32770539142407,4.554698977878747,2.955148142366083,8.281407650987779,3.543410977878743,9.096183595996415,1,1,25.8,king,0,-1,nan,1.0,0.0,0.0
15.84,10.810584407081365,16.295171884037693,4.552002370017232,2.9532712593524804,8.222403814525292,3.540714370017228,9.042813929623867,1,1,25.9,king,0,-1,nan,1.0,0.0,0.0
15.86,10.859765067932898,16.26259437950247,4.549410776522493,2.952434402479603,8.163412050384354,3.5381227765224894,8.988221731551986,1,1,26.1,king,0,-1,nan,1.0,0.0,0.0
15.88,10.90888882295495,16.230003975122703,4.54687676254279,2.950296168163735,8.104460643914562,3.535588762542786,8.934927261961256,1,1,26.2,king,0,-1,nan,1.0,0.0,0.0
15.9,10.957960119398267,16.19735794476209,4.544395782212214,2.9495383945350633,8.045522325832925,3.53310778221221,8.880437475186826,1,1,26.4,king,0,-1,nan,1.0,0.0,0.0
15.92,11.006969759062248,16.16468105867534,4.541911769837124,2.947835638989658,7.986618433143386,3.5306237698371197,8.82721687979685,1,1,26.5,king,0,-1,nan,1.0,0.0,0.0
15.94,11.05593798337317,16.131946524502613,4.539416946529119,2.947736785657968,7.927717311968442,3.5281289465291152,8.772725201930077,1,1,26.7,king,0,-1,nan,1.0,0.0,0.0
15.96,11.104870539864585,16.09919395442674,4.536839432005535,2.94693464148752,7.868836015628773,3.525551432005531,8.719437310774989,1,1,26.8,king,0,-1,nan,1.0,0.0,0.0
15.98,11.153789334662363,16.06638995413363,4.534161150180605,2.948018026247133,7.809937862237982,3.522873150180601,8.665915340471884,1,1,27.0,king,0,-1,nan,1.0,0.0,0.0
16.0,11.202705049326397,16.033562675783397,4.53138749425554,2.948758430325981,7.751029466945871,3.520099494255536,8.613247032215394,1,1,27.1,king,0,-1,nan,1.0,0.0,0.0
16.02,11.251612264730266,16.000692914525036,4.528591318109004,2.949642149814377,7.692104769408193,3.5173033181089997,8.55928274035432,1,1,27.3,king,0,-1,nan,1.0,1.0,0.0
16.04,11.300508489034499,15.967814623510543,4.525979612763287,2.9490014310171406,7.633184570089386,3.514691612763283,8.506689229199848,1,1,27.5,king,0,-1,nan,1.0,0.0,0.0
16.06,11.349412268515744,15.934881744143839,4.5239011783502345,2.949777144354101,7.574228013640539,3.5126131783502306,8.452980575776577,1,1,27.6,king,0,-1,nan,1.0,0.0,0.0
16.08,11.398324243893569,15.901925817035375,4.522608963865816,2.9496373867024333,7.515251954808477,3.5113209638658116,8.401012300438547,1,1,27.8,king,0,-1,nan,1.0,0.0,0.0
16.1,11.447271866846396,15.868906635328761,4.522270684299355,2.9522239864090682,7.456211335813049,3.510982684299351,8.348090365763735,1,1,28.0,king,0,-1,nan,1.0,0.0,0.0
16.12,11.496263321463475,15.83587494070687,4.522977621369201,2.954553788269916,7.39712728904315,3.5116896213691966,8.297060240268992,1,1,28.2,king,0,-1,nan,1.0,0.0,0.0
16.14,11.545316505302276,15.802788678313556,4.524601035638874,2.9595401153613783,7.337961709388075,3.5133130356388698,8.246207963653372,1,1,28.4,king,0,-1,nan,1.0,0.0,0.0
16.16,11.594428390022319,15.769697975390557,4.526948125582302,2.9633092447023746,7.278744737041838,3.515660125582298,8.196880861903077,1,1,28.6,king,0,-1,nan,1.0,0.0,0.0
16.18,11.643572034198996,15.736589699861632,4.5298178776485765,2.966264969783121,7.219491622371734,3.5185298776485725,8.146453783451147,1,1,28.8,king,0,-1,nan,1.0,0.0,0.0
16.2,11.692715488410624,15.70352372289756,4.533039454572252,2.965980648248634,7.160262002963438,3.5217514545722484,8.097607517802343,1,1,29.0,king,0,-1,nan,1.0,0.0,0.0
16.22,11.74185056820006,15.670478904163442,4.536488600841033,2.9656840362167878,7.101051064571179,3.5252006008410293,8.047602034619912,1,1,29.3,king,0,-1,nan,1.0,0.0,0.0
16.24,11.790957221725689,15.637504375235489,4.540082155383848,2.96297848994836,7.041902593034232,3.528794155383844,7.999095843954505,1,1,29.5,king,0,-1,nan,0.999999463558197,0.0,0.0
16.26,11.840035689077737,15.604575639940867,4.543763261152859,2.9608056781102587,6.982802895383775,3.5324752611528547,7.9494034800094875,1,1,29.7,king,0,-1,nan,0.999998927116394,0.0,0.0
16.28,11.889074114057278,15.571735164695292,4.547500767324857,2.9568703434606656,6.923785240674878,3.5362127673248533,7.901182578711174,1,1,29.9,king,0,-1,nan,0.9999986290931702,0.0,0.0
16.3,11.938076607029664,15.538951291563109,4.551271465729142,2.9539146998144554,6.864828764665418,3.5399834657291382,7.851776781142819,1,1,30.2,king,0,-1,nan,0.9999984502792358,0.0,0.0
16.32,11.987035070811546,15.506258030759069,4.555064692364964,2.9496478799144574,6.8059589405868195,3.5437766923649603,7.803840715500171,1,1,30.4,king,0,-1,nan,0.9999983906745911,0.0,0.0
16.34,12.035964660630087,15.473629293463473,4.558872031392458,2.9467079460755476,6.747148750350524,3.5475840313924536,7.754683711023814,1,1,30.7,king,0,-1,nan,0.9999983310699463,0.0,0.0
16.36,12.084867869594714,15.441104250395114,4.562688171921173,2.9427730128959007,6.688417661137978,3.551400171921169,7.706983825897354,1,1,30.9,king,0,-1,nan,0.9999982714653015,0.0,0.0
16.38,12.133762714957431,15.408648949942958,4.566509371410552,2.94051610947017,6.629731939310734,3.555221371410548,7.658054354136455,1,1,31.2,king,0,-1,nan,0.9999982714653015,0.0,0.0
16.4,12.18265465492069,15.376294557295095,4.570333574409095,2.9376236338055044,6.571104170142836,3.559045574409091,7.610561747298081,1,1,31.4,king,0,-1,nan,0.9999983310699463,0.0,0.0
16.42,12.23156423414045,15.34399935489187,4.574154009286915,2.9367170277262487,6.512494240583243,3.5628660092869113,7.562208373418617,1,1,31.7,king,0,-1,nan,0.9999983310699463,0.0,0.0
16.44,12.2805000551342,15.31178662965233,4.577976071028467,2.935550374140567,6.453907778552462,3.566688071028463,7.515269200979569,1,1,31.9,king,0,-1,nan,0.9999983906745911,0.0,0.0
16.46,12.329474184930444,15.27961560825214,4.581797960558792,2.9360035962226374,6.395312274379334,3.5705099605587884,7.467058184633304,1,1,32.2,king,0,-1,nan,0.9999982714653015,0.0,0.0
16.48,12.378486309092155,15.247510468076857,4.585619199600793,2.935783629771503,6.336721296293337,3.574331199600789,7.420256925857901,1,1,32.4,king,0,-1,nan,0.9999983310699463,0.0,0.0
16.5,12.427551159208939,15.215422744122103,4.58943445529151,2.9374894559659426,6.278095880433291,3.578146455291506,7.373161211065925,1,1,32.7,king,0,-1,nan,0.9999983310699463,0.0,0.0
16.52,12.47667158566324,15.183368778133312,4.593248907761453,2.9388871526091527,6.219442644265988,3.5819609077614487,7.327476040307229,1,1,33.0,king,0,-1,nan,0.9999983906745911,0.0,0.0
16.54,12.525838446243972,15.151317697244673,4.597062236098374,2.9407454150692747,6.160752237875886,3.58577423609837,7.280480036234135,1,1,33.2,king,0,-1,nan,0.9999983906745911,0.0,0.0
16.56,12.57503001077908,15.11930306046104,4.60087570527588,2.940786262620765,6.102061279003829,3.589587705275876,7.234942071568783,1,1,33.5,king,0,-1,nan,0.9999983310699463,0.0,0.0
16.58,12.624240404822121,15.087286670936658,4.604686007556086,2.9416111586657605,6.043353654693147,3.5933980075560816,7.18813432446081,1,1,33.8,king,0,-1,nan,0.9999983906745911,0.0,0.0
16.6,12.673451523078462,15.055294702853882,4.60849755339127,2.9409811557976537,5.984658890888359,3.5972095533912665,7.142824467048072,1,1,34.1,king,0,-1,nan,0.9999983310699463,0.0,0.0
16.62,12.722672378712037,15.02330171615422,4.612306593605535,2.9414080873876216,5.925955461956301,3.601018593605531,7.096208750499662,1,1,34.4,king,0,-1,nan,0.9999983310699463,0.0,0.0
16.64,12.77189945144617,14.991346876621124,4.616116784167401,2.9406351404395967,5.867267873202265,3.604828784167397,7.0511028202351484,1,1,34.7,king,0,-1,nan,0.9999982714653015,0.0,0.0
16.66,12.821144537372033,14.95939706319035,4.619926423061811,2.9412507605662714,5.808568047804046,3.608638423061807,7.0046820933286105,1,1,35.0,king,0,-1,nan,0.9999983310699463,0.0,0.0
16.68,12.870406792204681,14.927483994061387,4.623735670529805,2.9409709700620756,5.749874163384386,3.612447670529801,6.959773527236468,1,1,35.3,king,0,-1,nan,0.9999983310699463,0.0,0.0
16.7,12.91970041997492,14.895566910473008,4.627534040058091,2.9423585669542685,5.6911519255848795,3.616246040058087,6.914554689229163,1,1,35.6,king,0,-1,nan,0.9969186186790466,0.0,0.0
16.72,12.969027267275642,14.86366976514192,4.631317131426783,2.9431605143133743,5.632412994012603,3.6200291314267794,6.870844948851259,1,1,35.9,king,0,-1,nan,0.9908480048179626,0.0,0.0
16.74,13.018375846106762,14.831765472968382,4.63507510905301,2.9441843045167047,5.573652043836775,3.623787109053006,6.825801090683254,1,1,36.2,king,0,-1,nan,0.9828364253044128,0.0,0.0
16.76,13.06772238209877,14.799890707387936,4.638803417851935,2.943204708187611,5.514909127111247,3.6275154178519307,6.782307902453409,1,1,36.5,king,0,-1,nan,0.9737375378608704,0.0,0.0
16.78,13.117058533663286,14.768010809047524,4.642494501630683,2.942791136342157,5.456172110437429,3.631206501630679,6.739971472687118,1,1,36.8,king,0,-1,nan,0.9641261100769043,0.0,0.0
16.8,13.166364117106493,14.736154435965286,4.646155709492378,2.940779449243175,5.397473630519478,3.634867709492374,6.696318669326701,1,1,37.1,king,0,-1,nan,0.9543182253837585,0.0,0.0
16.82,13.21557463959441,14.70434034427305,4.649785967192901,2.9355539190704873,5.338877836300154,3.6384979671928974,6.654345267970981,1,1,37.5,king,0,-1,nan,0.9444639682769775,0.0,0.0
16.84,13.264697401422056,14.672600526026372,4.6533850297249995,2.9297675005953288,5.280396276008603,3.6420970297249955,6.612468039854528,1,1,37.8,king,0,-1,nan,0.9346252679824829,0.0,0.0
16.86,13.31367672588063,14.640953610354035,4.656959168283079,2.921162423771801,5.2220856739025034,3.6456711682830747,6.5720080912627985,1,1,38.1,king,0,-1,nan,0.9248203635215759,0.0,0.0
16.88,13.36248974174893,14.60945423058398,4.660515612201778,2.9101416363315074,5.16399524633941,3.6492276122017744,6.530323298520594,1,1,38.5,king,0,-1,nan,0.9150535464286804,0.0,0.0
16.9,13.411060778790151,14.578136523366132,4.664051037394088,2.895014531886171,5.106206952330631,3.6527630373940845,6.490568608295848,1,1,38.8,king,0,-1,nan,0.9053261876106262,0.0,0.0
16.92,13.459385830481597,14.547047843255791,4.667565619499652,2.8784409579495476,5.0487502769154355,3.6562776194996482,6.449700369212425,1,1,39.1,king,0,-1,nan,0.8956432342529297,0.0,0.0
16.94,13.50739793064648,14.516222035584335,4.671058281726692,2.858142259524829,4.991699769788047,3.659770281726688,6.4108782695743685,1,1,39.5,king,0,-1,nan,0.8860093951225281,0.0,0.0
16.96,13.55508177627498,14.485679777352436,4.6745316418004785,2.83665423608021,4.935079632967953,3.6632436418004746,6.3709149693815785,0,1,39.8,king,0,-1,nan,0.8764329552650452,0.0,0.0
16.98,13.602359054508826,14.455427925042352,4.677978452600139,2.811670371007345,4.878958971889361,3.666690452600135,6.3330646980770355,0,1,40.2,king,0,-1,nan,0.8669205904006958,0.0,0.0
17.0,13.64922327159596,14.42548733436777,4.681400792290837,2.785859931013875,4.823354736392215,3.6701127922908334,6.294121328633085,0,0,40.5,king,0,-1,nan,0.8574811220169067,0.0,0.0
17.02,13.695605047245262,14.395864607430713,4.684790538813689,2.756930106594494,4.768328422486418,3.6735025388136853,6.257341760180103,0,0,40.9,king,0,-1,nan,0.8481210470199585,0.0,0.0
17.04,13.74150685787237,14.3665806470882,4.688146232756217,2.7275388329153976,4.713889526886358,3.6768582327562127,6.219513452164286,0,0,41.2,king,0,-1,nan,0.8388482928276062,0.0,0.0
17.06,13.78686762484245,14.337642182419831,4.691464461311969,2.695387058580207,4.660092678519764,3.680176461311965,6.183889325722247,0,0,41.6,king,0,-1,nan,0.8296682834625244,0.0,0.0
17.08,13.83169760449717,14.309070755680594,4.694746878260658,2.663093953836052,4.606941248856507,3.6834588782606543,6.147224400703218,0,0,41.9,king,0,-1,nan,0.8205876350402832,0.0,0.0
17.1,13.875944248023275,14.28087291508333,4.697985488682422,2.62838937143015,4.554482647544125,3.6866974886824178,6.112795192652929,0,0,42.3,king,0,-1,nan,0.8116106986999512,0.0,0.0
17.12,13.919626612267068,14.253070488098068,4.7011797909409845,2.593900277148905,4.502713084867195,3.6898917909409805,6.077336267512367,0,0,42.6,king,0,-1,nan,0.8027429580688477,0.0,0.0
17.14,13.962700139431222,14.225670577744243,4.704326666274106,2.55733584718596,4.451673616972311,3.693038666274102,6.044137742495022,0,0,43.0,king,0,-1,nan,0.793987512588501,0.0,0.0
17.16,14.005191840377831,14.19869560845055,4.707426547430523,2.521310612020893,4.40135418288656,3.696138547430519,6.00992464301585,0,0,43.3,king,0,-1,nan,0.7853487133979797,0.0,0.0
17.18,14.047065374827396,14.172152856749602,4.710474747441599,2.4835468983213027,4.351789097519579,3.699186747441595,5.977513596815754,0,0,43.7,king,0,-1,nan,0.776828408241272,0.0,0.0
17.2,14.088345791905432,14.146051969355895,4.713476300622157,2.4465989037699303,4.302962882689421,3.7021883006221534,5.944042888107567,0,0,44.0,king,0,-1,nan,0.7684299349784851,0.0,0.0
17.22,14.129006153111325,14.120379129168006,4.7164299083786005,2.4088812213792656,4.254890334031262,3.7051419083785966,5.912840797895746,0,0,44.3,king,0,-1,nan,0.7601541876792908,0.0,0.0
17.24,14.16909165653977,14.095136509444108,4.719339090617949,2.3730259042723056,4.207535074626964,3.7080510906179454,5.880557107899985,0,0,44.7,king,0,-1,nan,0.7520027160644531,0.0,0.0
17.26,14.20858316788491,14.07031111964704,4.722205600164368,2.336715817060091,4.160905856187437,3.710917600164364,5.850516692293501,0,0,45.0,king,0,-1,nan,0.7439736127853394,0.0,0.0
17.28,14.247533730765753,14.045905646455834,4.725032011104395,2.3025866266130643,4.114960086365623,3.7137440111043913,5.81941147432704,0,0,45.4,king,0,-1,nan,0.7360662221908569,0.0,0.0
17.3,14.2859316565238,14.021907711542037,4.727822451356663,2.26830781610919,4.069700667366314,3.716534451356659,5.790525542170316,0,0,45.7,king,0,-1,nan,0.7282772660255432,0.0,0.0
17.32,14.323819294014884,13.998295153439244,4.730582769740476,2.236428700178856,4.02508012460373,3.719294769740472,5.760476720815943,0,0,46.0,king,0,-1,nan,0.7206045985221863,0.0,0.0
17.34,14.361174641089898,13.975030402181165,4.733312903685369,2.204611211501995,3.98109590194405,3.722024903685365,5.732584509243417,0,0,46.4,king,0,-1,nan,0.7130438089370728,0.0,0.0
17.36,14.398048585277756,13.952092033700179,4.736015436651295,2.1755230365194254,3.9376938066566307,3.724727436651291,5.703513746348067,0,0,46.7,king,0,-1,nan,0.7055920958518982,0.0,0.0
17.38,14.434426971117977,13.929443553791852,4.7386942029964185,2.1468094859754325,3.8948652977537743,3.7274062029964146,5.676534336854368,0,0,47.0,king,0,-1,nan,0.6982439756393433,0.0,0.0
17.4,14.470368092673208,13.907064604492673,4.7413536122734055,2.1211164796432933,3.8525506027383547,3.7300656122734015,5.648335032897776,0,0,47.4,king,0,-1,nan,0.6909955143928528,0.0,0.0
17.42,14.505865789064151,13.884919171846041,4.743992991104729,2.0961112546721026,3.810734757214238,3.7327049911047254,5.62215869126937,0,0,47.7,king,0,-1,nan,0.6838404536247253,0.0,0.0
17.44,14.540986567216258,13.86298763177014,4.746612813666034,2.0744426832061658,3.7693515721575452,3.73532481366603,5.596719156218008,0,0,48.0,king,0,-1,nan,0.6767738461494446,0.0,0.0
17.46,14.575732290272649,13.841234846567628,4.749211840721527,2.053779367661753,3.7283798749963064,3.737923840721523,5.571181792524537,0,0,48.3,king,0,-1,nan,0.6697882413864136,0.0,0.0
17.48,14.610125431088312,13.819670604066205,4.751793487399752,2.033820044520533,3.687806436617931,3.740505487399748,5.547720250195449,0,0,48.7,king,0,-1,nan,0.6628777384757996,0.0,0.0
17.5,14.644173756941615,13.798254844174133,4.754355753252513,2.015247175576664,3.6476024098566313,3.743067753252509,5.522794326685206,0,0,49.0,king,0,-1,nan,0.6560378670692444,0.0,0.0
17.52,14.67787114282669,13.777011534881735,4.756896164488193,1.9957740944471447,3.6077862118167157,3.745608164488189,5.499935090782962,0,0,49.3,king,0,-1,nan,0.6492641568183899,0.0,0.0
17.54,14.711228121452349,13.755893024525383,4.759415052933455,1.9780194018914938,3.5683224268585376,3.7481270529334507,5.4755835248066305,0,0,49.7,king,0,-1,nan,0.6425554156303406,0.0,0.0
17.56,14.744241632223863,13.734915646236153,4.761910788498733,1.959700863245553,3.529222657747845,3.7506227884987293,5.453286565879442,0,0,50.0,king,0,-1,nan,0.6359087228775024,0.0,0.0
17.58,14.776925261394236,13.714024083829944,4.76437985073415,1.9434333432364927,3.4904446320228817,3.7530918507341458,5.429903516592819,0,0,50.3,king,0,-1,nan,0.6293233036994934,0.0,0.0
17.6,14.809278634737108,13.693227144272523,4.766826096257412,1.9269390096590853,3.451993504865936,3.755538096257408,5.408589194436961,0,0,50.6,king,0,-1,nan,0.6227959990501404,0.0,0.0
17.62,14.841332659614299,13.672508046067506,4.769252632082081,1.912217049242263,3.4138341990625,3.7579646320820768,5.385880265606554,0,0,51.0,king,0,-1,nan,0.6163249611854553,0.0,0.0
17.64,14.87309698759035,13.651903818148263,4.771658238362988,1.8969012108548267,3.375979397729192,3.7603702383629845,5.365178449795595,0,0,51.3,king,0,-1,nan,0.6099070310592651,0.0,0.0
17.66,14.904594182919576,13.631382054232905,4.774041028548138,1.8834103355824472,3.33839221558187,3.7627530285481336,5.344351577122431,0,0,51.6,king,0,-1,nan,0.60354083776474,0.0,0.0
17.68,14.935833080867903,13.610974535145841,4.776404285757148,1.8694387961035235,3.3010831053234253,3.765116285757144,5.325507220168226,0,0,52.0,king,0,-1,nan,0.5972233414649963,0.0,0.0
17.7,14.96680562686242,13.59066537025595,4.778744535505428,1.8555575663339028,3.264049804288201,3.767456535505424,5.305137309232166,0,0,52.3,king,0,-1,nan,0.5909532904624939,0.0,0.0
17.72,14.997490195866677,13.570502384210892,4.781063433857216,1.8394741577391411,3.2273370047613565,3.7697754338572125,5.2867656683825235,0,0,52.6,king,0,-1,nan,0.5847299098968506,0.0,0.0
17.74,15.027881263234255,13.550462356264049,4.783361915216264,1.8238028350186437,3.1909362403747643,3.77207391521626,5.266860581274261,0,0,52.9,king,0,-1,nan,0.578555703163147,0.0,0.0
17.76,15.057960491511462,13.530585709805463,4.785636442791254,1.8062492379800528,3.1548853437090876,3.7743484427912497,5.248965516728561,0,0,53.3,king,0,-1,nan,0.5724321007728577,0.0,0.0
17.78,15.08772550491844,13.51084126119835,4.787885300691792,1.7894528743259703,3.119168771148934,3.7765973006917877,5.229595512595451,0,0,53.6,king,0,-1,nan,0.5663625001907349,0.0,0.0
17.8,15.117160757388579,13.49126177638226,4.790111074705155,1.7711185615330851,3.0838177558129223,3.7788230747051514,5.212247376077861,0,0,53.9,king,0,-1,nan,0.5603482127189636,0.0,0.0
17.82,15.14627781992954,13.471828071627295,4.7923153568591195,1.7538037741803554,3.0488119409303898,3.7810273568591155,5.193370614611217,0,0,54.2,king,0,-1,nan,0.5543917417526245,0.0,0.0
17.84,15.175075382559012,13.452585005995426,4.794496739882076,1.7351899177060652,3.014177575676703,3.783208739882072,5.1764995966346685,0,0,54.6,king,0,-1,nan,0.548493504524231,0.0,0.0
17.86,15.20356779618525,13.433505562279073,4.796656533274272,1.7179257218162551,2.9798876130648533,3.7853685332742684,5.158106104138621,0,0,54.9,king,0,-1,nan,0.5426551103591919,0.0,0.0
17.88,15.231756638796808,13.414626901197856,4.798794166501391,1.6996942135369004,2.945961602369698,3.7875061665013874,5.141699484167597,0,0,55.2,king,0,-1,nan,0.5368759036064148,0.0,0.0
17.9,15.259658964524357,13.395914323879378,4.800910546467421,1.683136502981023,2.9123659489003546,3.7896225464674167,5.124434429266333,0,0,55.5,king,0,-1,nan,0.5311564207077026,0.0,0.0
17.92,15.287279121762488,13.377397455309563,4.803006262656895,1.665937824348264,2.87911368503284,3.7917182626568913,5.109136916558421,0,0,55.9,king,0,-1,nan,0.5254948735237122,0.0,0.0
17.94,15.31462144652456,13.359045324137714,4.805080801013397,1.649778130034439,2.846183831860251,3.7937928010133932,5.0923014693143385,0,0,56.2,king,0,-1,nan,0.5198908448219299,0.0,0.0
17.96,15.341677536903754,13.340891055504775,4.807134121693317,1.6323492442019494,2.813601941202849,3.7958461216933133,5.077430500739799,0,0,56.5,king,0,-1,nan,0.5143427848815918,0.0,0.0
17.98,15.368454402277363,13.322896200268039,4.8091664621003885,1.6162810258102467,2.7813406194989017,3.7978784621003845,5.0610441849065095,0,0,56.8,king,0,-1,nan,0.5088512301445007,0.0,0.0
18.0,15.39494644751895,13.305086469434212,4.811178315792529,1.59926743286912,2.7494189337597,3.799890315792525,5.046620930783957,0,0,57.1,king,0,-1,nan,0.503415048122406,0.0,0.0
18.02,15.421173775636442,13.287433408982366,4.813170260820527,1.5838806208910001,2.7178042680188574,3.8018822608205234,5.031426820216092,0,0,57.4,king,0,-1,nan,0.4980345666408539,0.0,0.0
18.04,15.44714358447517,13.269972936229072,4.815143315414037,1.5677946487961778,2.6865108423683974,3.803855315414033,5.018171351728703,0,0,57.7,king,0,-1,nan,0.4927079677581787,0.0,0.0
18.06,15.472860366378024,13.252682411221313,4.817098376247893,1.5525280910075479,2.655522223452571,3.805810376247889,5.003343529497325,0,0,58.1,king,0,-1,nan,0.487434983253479,0.0,0.0
18.08,15.498315864852616,13.235603120365159,4.81903290525867,1.5357628244886858,2.6248684388477446,3.807744905258666,4.990446802990958,0,0,58.4,king,0,-1,nan,0.48221439123153687,0.0,0.0
18.1,15.523517400109245,13.218704617202093,4.8209480267067315,1.5201517018081643,2.594526330380158,3.8096600267067275,4.975979687496328,0,0,58.7,king,0,-1,nan,0.477047324180603,0.0,0.0
18.12,15.548459620489073,13.202020497630667,4.822842572245185,1.503382441485573,2.564519207301439,3.811554572245181,4.963435316022368,0,0,59.0,king,0,-1,nan,0.47193315625190735,0.0,0.0
18.14,15.57315256614756,13.185512681184482,4.824718724604633,1.4880940131504563,2.534817369941237,3.813430724604629,4.949492116444131,0,0,59.3,king,0,-1,nan,0.46687304973602295,0.0,0.0
18.16,15.59759380977594,13.169207148507358,4.826574787768721,1.4719797522857803,2.505437433088172,3.8152867877687173,4.937462310329658,0,0,59.6,king,0,-1,nan,0.46186575293540955,0.0,0.0
18.18,15.621792221286935,13.153061019542397,4.8284073635743034,1.4574111759313018,2.4763479611306125,3.8171193635742995,4.92442437371462,0,0,59.9,king,0,-1,nan,0.45691153407096863,0.0,0.0
18.2,15.645743587828175,13.13709591917384,4.830222984474163,1.4420895154453184,2.447564597468211,3.8189349844741587,4.913299292257964,0,0,60.2,king,0,-1,nan,0.45200851559638977,0.0,0.0
18.22,15.669454689635401,13.121285009772429,4.832023142620766,1.4277970569771652,2.4190666462879924,3.8207351426207623,4.900553916488673,0,0,60.5,king,0,-1,nan,0.4471563696861267,0.0,0.0
18.24,15.692919655206376,13.105665400832942,4.83380443833615,1.412223253504149,2.390879835127856,3.8225164383361463,4.889712342158681,0,0,60.8,king,0,-1,nan,0.44235366582870483,0.0,0.0
18.26,15.716148131876908,13.090202417873046,4.835569380585045,1.398017338584737,2.3629766880259764,3.824281380585041,4.877243561794001,0,0,61.1,king,0,-1,nan,0.43760114908218384,0.0,0.0
18.28,15.73913718240009,13.074925355125663,4.837315195376091,1.3828710708427516,2.3353761173742664,3.8260271953760867,4.866668883906995,0,0,61.4,king,0,-1,nan,0.4328977167606354,0.0,0.0
18.3,15.761899484388078,13.05979162255475,4.839041111337185,1.3694260104374603,2.3080436819344614,3.8277531113371808,4.8556692016097704,0,0,61.7,king,0,-1,nan,0.4282436668872833,0.0,0.0
18.32,15.784434771381989,13.04482295168239,4.840750590040363,1.355380560045384,2.2809918332759227,3.829462590040359,4.846555976181367,0,0,62.0,king,0,-1,nan,0.4236372113227844,0.0,0.0
18.34,15.806733497171281,13.029993376180524,4.842441920648456,1.3416501785278223,2.2542138451317753,3.831153920648452,4.835804206599572,0,0,62.2,king,0,-1,nan,0.4190778434276581,0.0,0.0
18.36,15.82877308798722,13.015340725596982,4.844114903449047,1.3259360881170856,2.2277496695413577,3.8328269034490434,4.826950257216249,0,0,62.5,king,0,-1,nan,0.414564847946167,0.0,0.0
18.38,15.850548339567542,13.000834102907858,4.845769149261681,1.3108586998982765,2.201586204817892,3.834481149261677,4.816473799926346,0,0,62.8,king,0,-1,nan,0.41010040044784546,0.0,0.0
18.4,15.872041142428039,12.98650645130863,4.847404105251382,1.294116741485524,2.1757569628201576,3.836116105251378,4.8079041539725065,0,0,63.1,king,0,-1,nan,0.4056854546070099,0.0,0.0
18.42,15.893256509305967,12.972331956000497,4.849021738078504,1.2783043895809296,2.150243253664215,3.8377337380784997,4.797674504280535,0,0,63.4,king,0,-1,nan,0.40132269263267517,0.0,0.0
18.44,15.914186623530718,12.958348689371805,4.850619485615039,1.2611048967678038,2.1250729811404376,3.839331485615035,4.789342295694224,0,0,63.7,king,0,-1,nan,0.3970126807689667,0.0,0.0
18.46,15.93483955898179,12.94452286369975,4.8521968732927805,1.2451760419174918,2.1002204318823026,3.8409088732927765,4.779360310838679,0,0,63.9,king,0,-1,nan,0.3927573263645172,0.0,0.0
18.48,15.95521025414151,12.93088490987041,4.853755981926702,1.2281997248755598,2.0757069337099625,3.8424679819266983,4.771268325819926,0,0,64.2,king,0,-1,nan,0.3885563611984253,0.0,0.0
18.5,15.975309443836014,12.917393670600553,4.85529701263965,1.2128125773078067,2.0515004155094347,3.8440090126396464,4.761545151087327,0,0,64.5,king,0,-1,nan,0.38441064953804016,0.0,0.0
18.52,15.99513490666089,12.904072259936767,4.856821617210785,1.1966968887233824,2.0276157370169905,3.845533617210781,4.753707584838364,0,0,64.7,king,0,-1,nan,0.3803187608718872,0.0,0.0
18.54,16.014710096936973,12.890889303043316,4.858332515429788,1.1824352415963375,2.004015832702024,3.8470445154297837,4.744178571937086,0,0,65.0,king,0,-1,nan,0.37628042697906494,0.0,0.0
18.56,16.03404550335975,12.877877718754865,4.859828123639257,1.1676858643762142,1.9807106015707379,3.8485401236392534,4.73650787496132,0,0,65.3,king,0,-1,nan,0.3722933828830719,0.0,0.0
18.58,16.053167509289217,12.864998264141809,4.861308904645893,1.155123558635544,1.9576561244462864,3.8500209046458886,4.72788425041881,0,0,65.5,king,0,-1,nan,0.3683563768863678,0.0,0.0
18.6,16.072089344015648,12.85227618897156,4.8627764581013615,1.1424105426646158,1.9348557200166132,3.8514884581013575,4.721092120874608,0,0,65.8,king,0,-1,nan,0.3644658625125885,0.0,0.0
18.62,16.090823138514622,12.839676990504996,4.8642311157411635,1.1311618884786643,1.912279910719362,3.8529431157411596,4.71259240864826,0,0,66.1,king,0,-1,nan,0.3606197237968445,0.0,0.0
18.64,16.109367959807155,12.827230274513415,4.865671722966476,1.1190470107693662,1.8899461721222832,3.854383722966472,4.705911351775766,0,0,66.3,king,0,-1,nan,0.3568148612976074,0.0,0.0
18.66,16.127738795695404,12.814893831641225,4.867097084940141,1.108723467244745,1.867818316019786,3.8558090849401374,4.697732228697244,0,0,66.6,king,0,-1,nan,0.3530503809452057,0.0,0.0
18.68,16.145937536110264,12.802689729966932,4.868509571621441,1.0978722250207338,1.8459072372323944,3.8572215716214373,4.691362798603021,0,0,66.8,king,0,-1,nan,0.3493235409259796,0.0,0.0
18.7,16.163980972890126,12.79057812254304,4.8699083811352155,1.0888219703826059,1.8241765849335498,3.8586203811352116,4.684035440608014,0,0,67.1,king,0,-1,nan,0.3456334173679352,0.0,0.0
18.72,16.18187282574367,12.778583411004549,4.871294755630189,1.0792515203426638,1.8026370640933034,3.8600067556301854,4.678504074730045,0,0,67.3,king,0,-1,nan,0.3419771194458008,0.0,0.0
18.74,16.199615016206792,12.766671020730763,4.872665762144286,1.070712406912329,1.7812675682081458,3.861377762144282,4.671268949066511,0,0,67.6,king,0,-1,nan,0.3383534550666809,0.0,0.0
18.76,16.217196212749382,12.754870369169607,4.874024635369196,1.0608963021642799,1.7600940589138065,3.862736635369192,4.66583367754193,0,0,67.8,king,0,-1,nan,0.33476051688194275,0.0,0.0
18.78,16.234629814469596,12.74315475623704,4.875372816482377,1.0523825915971576,1.7390903981821109,3.8640848164823733,4.658646802640475,0,0,68.1,king,0,-1,nan,0.3311988413333893,0.0,0.0
18.8,16.251916066046086,12.73156149443665,4.876707754363102,1.04283300662603,1.718277461526037,3.8654197543630984,4.653243615447777,0,0,68.3,king,0,-1,nan,0.32766711711883545,0.0,0.0
18.82,16.26907134486806,12.72005599735192,4.878028247149855,1.0349199918667937,1.697622199694318,3.866740247149851,4.647310107541835,0,0,68.5,king,0,-1,nan,0.3241659700870514,0.0,0.0
18.84,16.28609873337207,12.708667881648239,4.879337149737803,1.026321543829769,1.677138809091831,3.868049149737799,4.6431451290122965,0,0,68.8,king,0,-1,nan,0.320693701505661,0.0,0.0
18.86,16.302989633766387,12.69737514459365,4.880633674464217,1.017975199453491,1.6568219544019167,3.8693456744642134,4.637237852374429,0,0,69.0,king,0,-1,nan,0.3172500431537628,0.0,0.0
18.88,16.319722094093965,12.686219427179747,4.881917204678883,1.0075622926707795,1.636713288506157,3.8706292046788793,4.633104142154187,0,0,69.3,king,0,-1,nan,0.3138344883918762,0.0,0.0
18.9,16.336290411665026,12.675171083627689,4.883188281817039,0.9977357860061804,1.6168007599506393,3.8719002818170347,4.627238696690033,0,0,69.5,king,0,-1,nan,0.3104495704174042,0.0,0.02
18.92,16.352675698572384,12.66426412665271,4.884445275776108,0.9861786999620447,1.5971191845006225,3.873157275776104,4.623153433212139,0,0,69.7,king,0,-1,nan,0.30709630250930786,0.0,0.04
18.94,16.36887824262911,12.653466190895152,4.885687704642879,0.9755273958524088,1.5776500191709524,3.874399704642875,4.6173368503767165,0,0,70.0,king,0,-1,nan,0.3037775456905365,0.0,0.06
18.96,16.3848849909307,12.642808772826042,4.886916353172425,0.963465267017233,1.5584218464042265,3.875628353172421,4.613302686043367,0,0,70.2,king,0,-1,nan,0.3004941940307617,0.0,0.08
18.98,16.40070137079981,12.63225596916675,4.888131974067275,0.9526243637912523,1.5394098707347337,3.8768439740672713,4.607534384954333,0,0,70.4,king,0,-1,nan,0.2972482442855835,0.0,0.1
19.0,16.416319581973465,12.621835791967408,4.88933408643152,0.9406828467486098,1.5206363743434064,3.8780460864315156,4.60354777383004,0,0,70.7,king,0,-1,nan,0.2940395474433899,0.0,0.12000000000000001
19.02,16.431752408770684,12.611512358046992,4.890523717447839,0.9302696555530998,1.5020704973173846,3.879235717447835,4.597803377298417,0,0,70.9,king,0,-1,nan,0.29086923599243164,0.0,0.14
19.04,16.446999335050084,12.601313824478012,4.891700508438928,0.9190534328370125,1.4837286059533867,3.8804125084389236,4.593831759151105,0,0,71.1,king,0,-1,nan,0.28773584961891174,0.0,0.16
19.06,16.462076138488214,12.591196625740125,4.8928617560088625,0.9096925416489327,1.4655730142869854,3.8815737560088586,4.588999564435807,0,0,71.3,king,0,-1,nan,0.2846396565437317,0.0,0.18
19.08,16.47698503742871,12.5811814801851,4.894013097787237,0.8998666512279768,1.4476136252840284,3.882725097787233,4.58593460337382,0,0,71.5,king,0,-1,nan,0.2815781235694885,0.0,0.19999999999999998
19.1,16.491735129778625,12.571250058597752,4.895153624340161,0.8909253053631779,1.4298325505115885,3.8838656243401575,4.581102917532085,0,0,71.8,king,0,-1,nan,0.2785502076148987,0.0,0.21999999999999997
19.12,16.50632176315159,12.561448004586964,4.8962832950755475,0.8805201473533075,1.4122594929108458,3.8849952950755435,4.5780205077556415,0,0,72.0,king,0,-1,nan,0.2755542993545532,0.0,0.23999999999999996
19.14,16.520756794439436,12.551749405670362,4.897403483214338,0.871331984223739,1.3948699987076618,3.8861154832143336,4.573175457446314,0,0,72.2,king,0,-1,nan,0.2725912034511566,0.0,0.25999999999999995
19.16,16.535038570294127,12.542192288854492,4.898511867030371,0.8610112050366856,1.377686999150045,3.887223867030367,4.570064476666463,0,0,72.4,king,0,-1,nan,0.2696598470211029,0.0,0.27999999999999997
19.18,16.549181915674037,12.532742906596322,4.899609818574093,0.8522478236827943,1.3606791553906852,3.888321818574089,4.565194891202765,0,0,72.6,king,0,-1,nan,0.2667613625526428,0.0,0.3
19.2,16.563188180198786,12.523431521259743,4.900696165712893,0.8427002624443498,1.3438625375659488,3.889408165712889,4.56204774509063,0,0,72.8,king,0,-1,nan,0.2638941705226898,0.0,0.32
19.22,16.57707519346595,12.514216583014916,4.901768119844815,0.8350348944794602,1.3271989039756484,3.8904801198448107,4.558439170735405,0,0,73.0,king,0,-1,nan,0.2610582113265991,0.0,0.34
19.24,16.59084714456313,12.505120852791192,4.90283106174507,0.8269352919201116,1.3106977429568663,3.8915430617450664,4.556542773705324,0,0,73.2,king,0,-1,nan,0.2582511007785797,0.0,0.36000000000000004
19.26,16.604494548603945,12.496116929432052,4.903885320345378,0.8191973725953671,1.2943513202522228,3.8925973203453736,4.552872913792225,0,0,73.4,king,0,-1,nan,0.2554718852043152,0.0,0.38000000000000006
19.28,16.617994352234625,12.487240919986105,4.90492810858974,0.809499303696515,1.2781991326587863,3.893640108589736,4.5509211711628454,0,0,73.6,king,0,-1,nan,0.2527194023132324,0.0,0.4000000000000001
19.3,16.63134025976786,12.47845753209387,4.905957982423303,0.8005026403207389,1.2622263137854501,3.8946699824232986,4.547246800582674,0,0,73.8,king,0,-1,nan,0.24999558925628662,0.0,0.4200000000000001
19.32,16.64451225594917,12.469795172969487,4.906976665961278,0.7898981977932023,1.2464654784746092,3.8956886659612744,4.545302266606152,0,0,74.0,king,0,-1,nan,0.2473011612892151,0.0,0.4400000000000001
19.34,16.65751871505309,12.461231703199052,4.907983211101253,0.780246957779939,1.2308971461891807,3.8966952111012487,4.541591357999842,0,0,74.2,king,0,-1,nan,0.2446385771036148,0.0,0.46000000000000013
19.36,16.670354004251113,12.452808926170787,4.908978801415654,0.7692187948478084,1.2155497400914788,3.89769080141565,4.539596366651064,0,0,74.4,king,0,-1,nan,0.2420082986354828,0.0,0.48000000000000015
19.38,16.683029270008742,12.444497199108431,4.909964754770386,0.759472304964661,1.2003972356155526,3.8986767547703822,4.5358334754781655,0,0,74.6,king,0,-1,nan,0.23941215872764587,0.0,0.5000000000000001
19.4,16.69554192567808,12.436330788016283,4.910939550896038,0.7486772494070741,1.1854612903567125,3.899651550896034,4.533775916261177,0,0,74.8,king,0,-1,nan,0.2368498295545578,0.0,0.5200000000000001
19.42,16.70790611683055,12.428272257689214,4.911904959569819,0.7395017711178666,1.170708972045221,3.900616959569815,4.529947562654807,0,0,74.9,king,0,-1,nan,0.23432211577892303,0.0,0.5400000000000001
19.44,16.720122320314793,12.420348135221861,4.912859868127782,0.7296218109406108,1.156155032816284,3.9015718681277782,4.527818148733431,0,0,75.1,king,0,-1,nan,0.23182739317417145,0.0,0.5600000000000002
19.46,16.732207754052364,12.412513147354197,4.913802596299813,0.7216880903791104,1.1417595292969356,3.9025145962998087,4.524199941750973,0,0,75.3,king,0,-1,nan,0.22936557233333588,0.0,0.5800000000000002
19.48,16.744165827920845,12.40478622521707,4.914736989105668,0.7133967098902126,1.1275304809177926,3.903448989105664,4.5222790865747,0,0,75.5,king,0,-1,nan,0.2269337773323059,0.0,0.6000000000000002
19.5,16.756009943173737,12.397119467835,4.915660381671218,0.7069563082493556,1.1134295417360751,3.904372381671214,4.519057391077824,0,0,75.7,king,0,-1,nan,0.22453086078166962,0.0,0.6200000000000002
19.52,16.767739753847604,12.389529092885764,4.916576439940397,0.7000739479998628,1.0994662577694752,3.905288439940393,4.5175375762444006,0,0,75.8,king,0,-1,nan,0.22215348482131958,0.0,0.6400000000000002
19.54,16.779369310888903,12.381982575652337,4.917485683690747,0.694664025858552,1.0856104983754538,3.906197683690743,4.514205581222465,0,0,76.0,king,0,-1,nan,0.2198002189397812,0.0,0.6600000000000003
19.56,16.79089873741873,12.374511334452023,4.918386303902021,0.6884007516427427,1.0718801325864966,3.907098303902017,4.512565414942076,0,0,76.2,king,0,-1,nan,0.21746835112571716,0.0,0.6800000000000003
19.58,16.802345135175035,12.367075065947919,4.919276250696405,0.6839409992052232,1.0582380656641053,3.907988250696401,4.510330984996664,0,0,76.4,king,0,-1,nan,0.21515724062919617,0.0,0.7000000000000003
19.6,16.813711631405305,12.359697501177537,4.920158772227771,0.678978171127767,1.0446953236575567,3.9088707722277674,4.509779759750839,0,0,76.5,king,0,-1,nan,0.21286432445049286,0.0,0.7200000000000003
19.62,16.824989783332516,12.352350929982595,4.921031361599272,0.6744075760007827,1.0312429362323514,3.9097433615992676,4.50743147256108,0,0,76.7,king,0,-1,nan,0.21058864891529083,0.0,0.7400000000000003
19.64,16.836157023771243,12.345071172335608,4.921896088659671,0.6679256757009672,1.017919918463825,3.910608088659667,4.5067729065793065,0,0,76.9,king,0,-1,nan,0.20832915604114532,0.0,0.7600000000000003
19.66,16.84721068394636,12.337828110260398,4.922752688255406,0.662153898953509,1.0047111518753238,3.9114646882554016,4.504312311917922,0,0,77.0,king,0,-1,nan,0.20608781278133392,0.0,0.7800000000000004
19.68,16.85813407005791,12.330655224293755,4.923600405926934,0.6547695825308385,0.9916495023592653,3.9123124059269303,4.503544349872501,0,0,77.2,king,0,-1,nan,0.20386527478694916,0.0,0.8000000000000004
19.7,16.868930840842953,12.323520492144832,4.924439711264977,0.6484194161036552,0.9787135485686749,3.913151711264973,4.5009717084013765,0,0,77.4,king,0,-1,nan,0.20196205377578735,0.0,0.8200000000000004
19.72,16.879590556088502,12.316455617055993,4.925271421520147,0.6407685445729716,0.9659300274539677,3.9139834215201432,4.500092923199564,0,0,77.5,king,0,-1,nan,0.200853168964386,0.0,0.8400000000000004
19.74,16.890122463722825,12.309425364888622,4.926094555176644,0.6344743355156113,0.9532710781818866,3.9148065551766402,4.4974289581211835,0,0,77.7,king,0,-1,nan,0.2002834528684616,0.0,0.8600000000000004
19.76,16.900521563319018,12.30245842320946,4.926914086514478,0.6271984940710899,0.940757267564859,3.9156260865144743,4.496461154216135,0,0,77.8,king,0,-1,nan,0.20003843307495117,0.0,0.8800000000000004
19.78,16.91080495753288,12.29552119293337,4.927732075251971,0.6215755505886457,0.9283552419227054,3.9164440752519667,4.493674652657976,0,0,78.0,king,0,-1,nan,0.19995878636837006,0.0,0.9000000000000005
19.8,16.920975641989614,12.288644161082487,4.928547900273847,0.6152275186117339,0.9160800891841278,3.9172599002738426,4.49257671094071,0,0,78.2,king,0,-1,nan,0.19994916021823883,0.0,0.9200000000000005
19.82,16.931053833198437,12.281785943895025,4.929361394586568,0.6108740746438557,0.9038914246787276,3.918073394586564,4.489723486393493,0,0,78.3,king,0,-1,nan,0.19996191561222076,0.0,0.9400000000000005
19.84,16.94104556759552,12.274969338801865,4.930174785874656,0.6061403852357221,0.8917974376261469,3.918886785874652,4.488556317066016,0,0,78.5,king,0,-1,nan,0.19997693598270416,0.0,0.9600000000000005
19.86,16.950980331497142,12.26815869732077,4.930984708714533,0.6036148320152894,0.8797534711846691,3.919696708714529,4.486512735214957,0,0,78.6,king,0,-1,nan,0.1999880075454712,0.0,0.9800000000000005
19.88,16.960873206721654,12.261382712973356,4.931796490901277,0.6009199913526047,0.8677637451949458,3.9205084909012733,4.486137448466045,0,0,78.8,king,0,-1,nan,0.19999459385871887,0.0,1.0000000000000004
19.9,16.970734261481873,12.254613827909477,4.932609966893059,0.5994162768504092,0.8558041379143009,3.9213219668930552,4.483943381528284,0,0,78.9,king,0,-1,nan,0.1999979019165039,0.0,1.0200000000000005
19.92,16.980559123668247,12.247888452192505,4.933423707339448,0.5967008652367627,0.8438992305624693,3.922135707339444,4.483408124773682,0,0,79.1,king,0,-1,nan,0.19999928772449493,0.0,1.0400000000000005
19.94,16.990360960967102,12.241171238479154,4.93423662494766,0.5955203807213513,0.8320178729832916,3.922948624947656,4.481068898414763,0,0,79.2,king,0,-1,nan,0.19999971985816956,0.0,1.0600000000000005
19.96,17.00013855941715,12.234490842635577,4.93504970082758,0.5934859148786851,0.8201776048458386,3.9237617008275762,4.48038512081088,0,0,79.4,king,0,-1,nan,0.19999976456165314,0.0,1.0800000000000005
19.98,17.009909977023895,12.22780776318179,4.935861061900342,0.5933010614803347,0.8083408768296546,3.924573061900338,4.4779050767303215,0,0,79.5,king,0,-1,nan,0.19999967515468597,0.0,1.1000000000000005
20.0,17.01967892378734,12.221146584443163,4.936672785899973,0.5925844220584588,0.7965188688187212,3.9253847858999693,4.477078052334681,0,0,79.7,king,0,-1,nan,0.1999995857477188,0.0,1.1200000000000006
20.02,17.029470717332863,12.214468178078864,4.937481220436509,0.5939989452952105,0.7846683149501752,3.926193220436505,4.475904515651195,0,0,79.8,king,0,-1,nan,0.19999952614307404,0.0,1.1400000000000006
20.04,17.03929628914123,12.207797600743895,4.938288999986356,0.5951700831366589,0.7727947943722905,3.927000999986352,4.475975860280003,0,0,80.0,king,0,-1,nan,0.19999948143959045,0.0,1.1600000000000006
20.06,17.049149117342168,12.201112461676928,4.939097465317798,0.5967053797604758,0.7608906945796927,3.927809465317794,4.4742324639281055,0,0,80.1,king,0,-1,nan,0.19999945163726807,0.0,1.1800000000000006
20.08,17.059017942695267,12.194448567056101,4.93990615651943,0.5967729610728899,0.7489859355696856,3.928618156519426,4.4741295785864486,0,0,80.3,king,0,-1,nan,0.19999943673610687,0.0,1.2000000000000006
20.1,17.068909252634228,12.187770268671798,4.940711343191668,0.5980928172021764,0.7370546107400424,3.9294233431916643,4.472258954206601,0,0,80.5,king,0,-1,nan,0.19999943673610687,0.0,1.2200000000000006
20.12,17.0788150209382,12.181105698201284,4.941517556939039,0.5983116367222095,0.7251195744361721,3.930229556939035,4.472032650469322,0,0,80.6,king,0,-1,nan,0.19999943673610687,0.0,1.2400000000000007
20.14,17.088754363940883,12.174429361907391,4.942324775621155,0.6000325150248719,0.7131504982686304,3.931036775621151,4.469995575139992,0,0,80.8,king,0,-1,nan,0.19999942183494568,0.0,1.2600000000000007
20.16,17.098731468000917,12.167779805109525,4.943131513458365,0.6008536364431082,0.7011663686246615,3.931843513458361,4.469586523838918,0,0,80.9,king,0,-1,nan,0.19999942183494568,0.0,1.2800000000000007
20.18,17.10876848495748,12.161123794532395,4.943933595144474,0.6035054291810138,0.6891299273549724,3.9326455951444697,4.468962367272343,0,0,81.1,king,0,-1,nan,0.19999942183494568,0.0,1.3000000000000007
20.2,17.118872815351686,12.15449212399847,4.9447336241104125,0.6056331256052466,0.677053126213274,3.9334456241104085,4.469064497071508,0,0,81.2,king,0,-1,nan,0.19999942183494568,0.0,1.3200000000000007
20.22,17.129032046986637,12.147870002411668,4.945535542893035,0.6076708719712766,0.6649375870463935,3.934247542893031,4.467380362406639,0,0,81.4,king,0,-1,nan,0.19999942183494568,0.0,1.3400000000000007
20.24,17.139241082509876,12.141294002573513,4.946337480339273,0.6085048969684992,0.65280888590133,3.935049480339269,4.46730749558085,0,0,81.5,king,0,-1,nan,0.19999943673610687,0.0,1.3600000000000008
20.26,17.149513014240203,12.134729101394832,4.947135577473864,0.6108344047173603,0.640636160731626,3.9358475774738597,4.466341734802596,0,0,81.7,king,0,-1,nan,0.19999943673610687,0.0,1.3800000000000008
20.28,17.1598460982025,12.128204152672145,4.947934355881819,0.6123430961287516,0.6284378748422372,3.936646355881815,4.466981956664971,0,0,81.9,king,0,-1,nan,0.19999943673610687,0.0,1.4000000000000008
20.3,17.170235341173456,12.121691139281289,4.9487341893176495,0.6144010222648981,0.6162019531808312,3.9374461893176456,4.465843055854335,0,0,82.0,king,0,-1,nan,0.19999943673610687,0.0,1.4200000000000008
20.32,17.18066056896467,12.115225524262785,4.949534056544342,0.6146733678274476,0.6039657675797497,3.9382460565443385,4.46631343991074,0,0,82.2,king,0,-1,nan,0.19999943673610687,0.0,1.4400000000000008
20.34,17.191120064263597,12.108771502072187,4.950333275544844,0.6158209872920956,0.5917099790046932,3.9390452755448404,4.465007650047362,0,0,82.3,king,0,-1,nan,0.19999943673610687,0.0,1.4600000000000009
20.36,17.201597022711056,12.102356803283033,4.9511324669253245,0.6155357945075259,0.5794647331060376,3.9398444669253205,4.465319932906154,0,0,82.5,king,0,-1,nan,0.19999945163726807,0.0,1.4800000000000009
20.38,17.212092910786893,12.095938056648409,4.951929430183666,0.6164396265961338,0.5672035325322539,3.9406414301836623,4.463894656064185,0,0,82.6,king,0,-1,nan,0.19999943673610687,0.0,1.5000000000000009
20.4,17.222594206683745,12.089535472192122,4.952726784258413,0.616250916335291,0.5549494008914668,3.941438784258409,4.464103064157767,0,0,82.8,king,0,-1,nan,0.19999943673610687,0.0,1.520000000000001
20.42,17.23311664039129,12.083119129081856,4.953520376028512,0.6174966759746755,0.542672131034321,3.9422323760285076,4.463289348529455,0,0,83.0,king,0,-1,nan,0.19999943673610687,0.0,1.540000000000001
20.44,17.243660635907982,12.076722884050385,4.954315279278657,0.6178989867602289,0.5303917014914572,3.9430272792786534,4.464098099605536,0,0,83.1,king,0,-1,nan,0.19999943673610687,0.0,1.560000000000001
20.46,17.25422647357136,12.070321860826818,4.955111546917931,0.6189589364223481,0.5180933707147088,3.943823546917927,4.463122854968728,0,0,83.3,king,0,-1,nan,0.19999942183494568,0.0,1.580000000000001
20.48,17.264798911399993,12.063954689876915,4.955908069608109,0.6183683286308725,0.5058127389293529,3.9446200696081046,4.463765624862453,0,0,83.4,king,0,-1,nan,0.19999940693378448,0.0,1.600000000000001
20.5,17.275381526744066,12.057588716611116,4.956705159652978,0.6187744251364,0.4935277426792961,3.9454171596529743,4.462628434222958,0,0,83.6,king,0,-1,nan,0.19999940693378448,0.0,1.620000000000001
20.52,17.285961221555436,12.051252441834878,4.957108491380837,0.616929892338686,0.48126631748582877,3.9458204913808332,4.462631815083476,0,0,83.8,king,0,-1,nan,0.19034239649772644,0.0,1.640000000000001
20.54,17.296542813137755,12.044910709808779,4.956837858043562,0.6169701935853492,0.4690037778656905,3.9455498580435577,4.463434663140508,0,0,83.9,king,0,-1,nan,0.18059085309505463,0.0,1.660000000000001
20.56,17.307119468971663,12.038579721634605,4.955728579217874,0.6188246104583719,0.4567556707467885,3.9444405792178703,4.4628825650988055,0,0,84.1,king,0,-1,nan,0.17137885093688965,0.0,1.680000000000001
20.58,17.317644857702174,12.032271070761997,4.953695346390053,0.6219262807859619,0.44456614457259047,3.9424073463900493,4.462741243090067,0,0,84.2,king,0,-1,nan,0.16299548745155334,0.0,1.700000000000001
20.6,17.328101123849315,12.026018032971992,4.950720927536806,0.6270589104255588,0.4324699442188282,3.939432927536802,4.462454646609334,0,0,84.4,king,0,-1,nan,0.1552249640226364,0.0,1.720000000000001
20.62,17.338426660447368,12.019844618707157,4.946866383718248,0.6316352938448336,0.42053080450131014,3.9355783837182443,4.460691170522776,0,0,84.5,king,0,-1,nan,0.14737966656684875,0.0,1.740000000000001
20.64,17.34855208688636,12.013815915459956,4.942283777011068,0.6321981644368991,0.40884375283723284,3.9309957770110637,4.459555515544825,0,0,84.7,king,0,-1,nan,0.13856399059295654,0.0,1.7600000000000011
20.66,17.35838803741558,12.007969016833247,4.9372318902253225,0.6254072802187083,0.39750219735148534,3.9259438902253185,4.456330638600025,0,0,84.8,king,0,-1,nan,0.13007423281669617,0.0,1.7800000000000011
20.68,17.367820016666634,12.002396289121597,4.931955634261946,0.6079810929041899,0.38665330850943574,3.9206676342619424,4.452902676470478,0,0,84.9,king,0,-1,nan,0.12097610533237457,0.0,1.8000000000000012
20.7,17.37674424382892,11.99713220012251,4.92667252137163,0.5815147144445274,0.37639954813305476,3.9153845213716263,4.44782432438503,0,0,85.1,king,0,-1,nan,0.11130507290363312,0.0,1.8200000000000012
20.72,17.385092776804495,11.992242557262111,4.921456822592127,0.5495682939931832,0.3668347100835683,3.910168822592123,4.444335474219977,0,0,85.2,king,0,-1,nan,0.10532334446907043,0.0,1.8400000000000012
20.74,17.392827020100505,11.98771576331809,4.916321578962823,0.5164327398262928,0.3579808879010175,3.9050335789628194,4.439286078675857,0,0,85.3,king,0,-1,nan,0.10203436762094498,0.0,1.8600000000000012
20.76,17.399897647713036,11.983601005771332,4.911227956293148,0.4818454015675257,0.3499065926341196,3.899939956293144,4.433259789643885,0,0,85.4,king,0,-1,nan,0.1004989966750145,0.0,1.8800000000000012
20.78,17.40627723388414,11.979874290319053,4.906145339067899,0.4483874597800302,0.3426167423250029,3.8948573390678947,4.428705549152995,0,0,85.5,king,0,-1,nan,0.09992215037345886,0.0,1.9000000000000012
20.8,17.41199566392944,11.976539807048193,4.90104716740287,0.4177636149568178,0.3360898985478828,3.8897591674028664,4.422586548467235,0,0,85.6,king,0,-1,nan,0.09978587180376053,0.0,1.9200000000000013
20.82,17.41701702703714,11.973583928474184,4.895910603181601,0.38837996087231336,0.33034375817245926,3.8846226031815974,4.415094832018214,0,0,85.6,king,0,-1,nan,0.09981348365545273,0.0,1.9400000000000013
20.84,17.421374457250824,11.971014304902774,4.890734386890858,0.36188181238645806,0.32535674903214173,3.879446386890854,4.409068914388949,0,0,85.7,king,0,-1,nan,0.09987807273864746,0.0,1.9600000000000013
20.86,17.425112808499456,11.968771873984958,4.885524271970591,0.3396655117969421,0.32105550555769397,3.874236271970587,4.401347672597162,0,0,85.8,king,0,-1,nan,0.0999331921339035,0.0,1.9800000000000013
20.88,17.42825934022094,11.96686229332512,4.8802841733109386,0.3201788333635762,0.317422039143002,3.8689961733109346,4.395113355328742,0,0,85.8,king,0,-1,nan,0.09996885061264038,0.0,2.0000000000000013
