t,x,y,z,speed,v_horiz,v_height,v_dist,v_visible,v_in_frustum,v_depr_deg,route,tour_on,wp_idx,wp_dist,cmd_speed,rgb_req,dwell
0.02,-32.93833212561132,-8.913257103813173,4.837112411735315,0.2435302024811882,16.669282759308338,3.652112411735253,17.07492702623702,0,1,14.1,king,0,-1,nan,0.699999988079071,0.0,0.0
0.04,-32.93833212561132,-8.913257103813173,4.846848774440079,0.4868181352381902,16.669282759308338,3.661848774440017,17.07734854238878,0,1,14.1,king,0,-1,nan,0.699999988079071,0.0,0.0
0.06,-32.93833212561132,-8.913257103813173,4.861444160234212,0.7297692897066932,16.669282759308338,3.6764441602341504,17.080988291369945,0,1,14.2,king,0,-1,nan,0.699999988079071,0.0,0.0
0.08,-32.93833212561132,-8.913257103813173,4.880889952758327,0.9722896262057291,16.669282759308338,3.6958899527582654,17.08585578555184,0,1,14.3,king,0,-1,nan,0.699999988079071,0.0,0.0
0.1,-32.93833212561132,-8.913257103813173,4.9051756671448565,1.214285719326461,16.669282759308338,3.7201756671447948,17.091963887136206,0,1,14.3,king,0,-1,nan,0.699999988079071,0.0,0.0
0.12,-32.93833212561132,-8.913257103813173,4.934288965173531,1.4556649014337388,16.669282759308338,3.749288965173469,17.099328757609094,0,1,14.4,king,0,-1,nan,0.699999988079071,0.0,0.0
0.14,-32.93833212561132,-8.913257103813173,4.967827054460021,1.6769044643245077,16.669282759308338,3.7828270544599594,17.107982907710856,0,1,14.5,king,0,-1,nan,0.699999988079071,0.0,0.0
0.16,-32.93833212561132,-8.913257103813173,5.0044274483557505,1.8300196947864558,16.669282759308338,3.8194274483556887,17.117523460772095,0,1,14.7,king,0,-1,nan,0.699999988079071,0.0,0.0
0.18,-32.93833212561132,-8.913257103813173,5.042945428037687,1.9258989840968128,16.669282759308338,3.857945428037625,17.127609016333057,0,1,14.8,king,0,-1,nan,0.699999988079071,0.0,0.0
0.2,-32.93833212561132,-8.913257103813173,5.082666240111201,1.9860406036757041,16.669282759308338,3.897666240111139,17.138224346688975,0,1,14.9,king,0,-1,nan,0.699999988079071,0.0,0.0
0.22,-32.93833212561132,-8.913257103813173,5.123150132730682,2.0241946309740575,16.669282759308338,3.9381501327306205,17.14890240349857,0,1,15.0,king,0,-1,nan,0.699999988079071,0.0,0.0
0.24,-32.93833212561132,-8.913257103813173,5.1641114249013365,2.0480646085326857,16.669282759308338,3.9791114249012747,17.160057759088215,0,1,15.2,king,0,-1,nan,0.699999988079071,0.0,0.0
0.26,-32.93833212561132,-8.913257103813173,5.205370223657488,2.062939937807611,16.669282759308338,4.020370223657427,17.171144270460506,0,1,15.3,king,0,-1,nan,0.699999988079071,0.0,0.0
0.28,-32.93833212561132,-8.913257103813173,5.246816266050606,2.0723021196558897,16.669282759308338,4.061816266050545,17.18266671475129,0,1,15.4,king,0,-1,nan,0.699999988079071,0.0,0.0
0.3,-32.93833212561132,-8.913257103813173,5.288379433352415,2.0781583650904247,16.669282759308338,4.1033794333523534,17.19403020032615,0,1,15.6,king,0,-1,nan,0.699999988079071,0.0,0.0
0.32,-32.93833212561132,-8.913257103813173,5.330015863369343,2.081821500846371,16.669282759308338,4.145015863369281,17.205834996753378,0,1,15.7,king,0,-1,nan,0.699999988079071,0.0,0.0
0.34,-32.93833212561132,-8.913257103813173,5.3716981193351545,2.084112798290611,16.669282759308338,4.186698119335093,17.2174257801236,0,1,15.8,king,0,-1,nan,0.699999988079071,0.0,0.0
0.36,-32.93833212561132,-8.913257103813173,5.413409039289122,2.0855459976983655,16.669282759308338,4.22840903928906,17.22948226573921,0,1,16.0,king,0,-1,nan,0.699999988079071,0.0,0.0
0.38,-32.93833212561132,-8.913257103813175,5.4551378883929065,2.086442455189248,16.669282759308338,4.270137888392845,17.241279865249407,0,1,16.1,king,0,-1,nan,0.699999988079071,0.0,0.0
0.4,-32.938332125611325,-8.913257103813166,5.496877952037168,2.087003182213061,16.669282759308345,4.311877952037106,17.25357501687982,0,1,16.2,king,0,-1,nan,0.699999988079071,0.0,0.0
0.42,-32.9383321256113,-8.913257103813189,5.5386248373909455,2.0873442676889047,16.669282759308327,4.353624837390884,17.265573498334426,0,1,16.4,king,0,-1,nan,0.699999988079071,0.0,0.0
0.44,-32.9383321256114,-8.913257103813082,5.580376182540043,2.087567257454869,16.66928275930842,4.395376182539981,17.278104614887493,0,1,16.5,king,0,-1,nan,0.699999988079071,0.0,0.0
0.46,-32.93833212561112,-8.913257103813352,5.622130317245179,2.087706735256797,16.669282759308153,4.437130317245117,17.29029730647267,0,1,16.6,king,0,-1,nan,0.699999988079071,0.0,0.0
0.48,-32.93833212561225,-8.913257103812125,5.663886196788077,2.0877939771449068,16.669282759309198,4.478886196788015,17.303058456281054,0,1,16.8,king,0,-1,nan,0.699999988079071,0.0,0.0
0.5,-32.93833212560898,-8.913257103815226,5.705643118543221,2.0878460877571645,16.669282759306142,4.520643118543159,17.315443893928194,0,1,16.9,king,0,-1,nan,0.699999988079071,0.0,0.0
0.52,-32.938332125621926,-8.913257103800989,5.747400741355763,2.087881140627144,16.669282759318108,4.5624007413557015,17.3284338181777,0,1,17.0,king,0,-1,nan,0.699999988079071,0.0,0.0
0.54,-32.938332125583955,-8.913257103836727,5.789158707611474,2.0878983127855455,16.669282759282616,4.604158707611412,17.3410114319601,0,1,17.2,king,0,-1,nan,0.699999988079071,0.0,0.0
0.56,-32.93833212573245,-8.91325710367176,5.830916983747699,2.087913806811229,16.669282759419726,4.645916983747637,17.354229576599668,0,1,17.3,king,0,-1,nan,0.699999988079071,0.0,0.0
0.58,-32.93833212529116,-8.913257104083844,5.872675441878024,2.087922906516272,16.66928275900704,4.687675441877962,17.366996518458677,0,1,17.4,king,0,-1,nan,0.699999988079071,0.0,0.0
0.6,-32.93833212699385,-8.913257102172736,5.91443402568046,2.087929190121801,16.66928276057784,4.729434025680399,17.380440401577406,0,1,17.5,king,0,-1,nan,0.699999988079071,0.0,0.0
0.62,-32.93833212186685,-8.913257106922178,5.956192530437054,2.0879252378296904,16.669282755780614,4.771192530436992,17.39339664402219,0,1,17.7,king,0,-1,nan,0.699999988079071,0.0,0.0
0.64,-32.93833214138651,-8.91325708479163,5.997951143946959,2.087930675495781,16.669282773773475,4.812951143946897,17.407075297972426,0,1,17.8,king,0,-1,nan,0.699999988079071,0.0,0.0
0.66,-32.93833208178727,-8.913257139626051,6.039709832175527,2.087934411432325,16.66928271798255,4.854709832175465,17.42019300259349,0,1,17.9,king,0,-1,nan,0.699999988079071,0.0,0.0
0.68,-32.938332305544286,-8.91325688331858,6.081468633014424,2.087940042014179,16.669282924061932,4.896468633014362,17.434184999945757,0,1,18.1,king,0,-1,nan,0.699999988079071,0.0,0.0
0.7,-32.938331612866854,-8.913257515851605,6.123228326616707,2.0879846806409303,16.669282275326303,4.938228326616645,17.447190365452116,0,1,18.2,king,0,-1,nan,0.699999988079071,0.0,0.0
0.72,-32.93833418105833,-8.913254544762092,6.164993132253165,2.08824029105494,16.66928463865817,4.979993132253103,17.46194263055266,0,1,18.3,king,0,-1,nan,0.699999988079071,0.0,0.0
0.74,-32.93832612495881,-8.913261852926887,6.206762415460216,2.088464231164171,16.669277090373527,5.021762415460154,17.475308884341384,0,1,18.5,king,0,-1,nan,0.699999988079071,0.0,0.0
0.76,-32.93833167808152,-8.913236959309398,6.248533121757338,2.0885357042015107,16.669280962947898,5.063533121757276,17.490181380536942,0,1,18.6,king,0,-1,nan,0.699999988079071,0.0,0.0
0.78,-32.938345069950024,-8.913198746172945,6.290305681155667,2.088628951174027,16.669291764213156,5.105305681155605,17.503652839042168,0,1,18.7,king,0,-1,nan,0.699999988079071,0.0,0.0
0.8,-32.938383480462356,-8.913101660412439,6.332075759496584,2.0885104414502607,16.669323583493924,5.147075759496523,17.518886946105447,0,1,18.8,king,0,-1,nan,0.699999988079071,0.0,0.0
0.82,-32.93843553000415,-8.912962022457139,6.373847237415846,2.088587187234883,16.669366161120728,5.188847237415784,17.53269089008577,0,1,19.0,king,0,-1,nan,0.699999988079071,0.0,0.0
0.84,-32.93852493827902,-8.912755084572817,6.415617741529163,2.0885556199250623,16.669441507086145,5.230617741529101,17.54796909255629,0,1,19.1,king,0,-1,nan,0.699999988079071,0.0,0.0
0.86,-32.938648214789,-8.912518561247241,6.457389287486091,2.088619874470493,16.669548666818706,5.272389287486029,17.56180869828006,0,1,19.2,king,0,-1,nan,0.699999988079071,0.0,0.0
0.88,-32.93881762368712,-8.912226955988782,6.499161830933169,2.0886952380849975,16.669698171477663,5.314161830933108,17.577519406167035,0,1,19.4,king,0,-1,nan,0.699999988079071,0.0,0.0
0.9,-32.939019684393415,-8.911917913947871,6.540934472388274,2.0887136649436036,16.66987909324262,5.3559344723882125,17.591768132949362,0,1,19.5,king,0,-1,nan,0.699999988079071,0.0,0.0
0.92,-32.93927039986491,-8.911558224573422,6.5827048707641795,2.088634970007649,16.670105178427143,5.397704870764118,17.607385616462302,0,1,19.6,king,0,-1,nan,0.699999988079071,0.0,0.0
0.94,-32.939561610154065,-8.911178357229979,6.624476035258861,2.0886953379279936,16.67037032672765,5.439476035258799,17.62152481720188,0,1,19.7,king,0,-1,nan,0.699999988079071,0.0,0.0
0.96,-32.939890863306225,-8.910748792185187,6.666248542959573,2.088800692605654,16.67067011982634,5.481248542959511,17.637569848279682,0,1,19.9,king,0,-1,nan,0.699999988079071,0.0,0.0
0.98,-32.94023312541351,-8.910304361532162,6.70802137877717,2.0888300997204974,16.670981911590548,5.523021378777108,17.65209440164331,0,1,20.0,king,0,-1,nan,0.699999988079071,0.0,0.0
1.0,-32.94058925556557,-8.909808193437486,6.749792865647495,2.0887975768496005,16.671304097676906,5.5647928656474335,17.668607099574725,0,1,20.1,king,0,-1,nan,0.699999988079071,0.0,0.0
1.02,-32.940939174866436,-8.909288277540393,6.791565075645965,2.088845544920347,16.671618517476727,5.606565075645904,17.68355710503321,0,1,20.2,king,0,-1,nan,0.699999988079071,0.0,0.0
1.04,-32.94129495035497,-8.90871864946311,6.833338366525901,2.088934467189156,16.671935480901208,5.648338366525839,17.70038748098635,0,1,20.4,king,0,-1,nan,0.699999988079071,0.0,0.0
1.06,-32.94164936495678,-8.90813873085153,6.875111730502017,2.0889446218049232,16.672250421224533,5.690111730501955,17.715637453216992,0,1,20.5,king,0,-1,nan,0.699999988079071,0.0,0.0
1.08,-32.942015881944684,-8.907515324743294,6.9168829392931475,2.0888734127218362,16.672574560249487,5.731882939293086,17.732183233177466,0,1,20.6,king,0,-1,nan,0.699999988079071,0.0,0.0
1.1,-32.94239043518392,-8.90688105367591,6.958655379635769,2.0889467214925617,16.672906019009183,5.7736553796357075,17.747135899279503,0,1,20.7,king,0,-1,nan,0.699999988079071,0.0,0.0
1.12,-32.942763212733695,-8.906211830627614,7.000429850649963,2.089074706123331,16.673233405187084,5.815429850649902,17.764041268521567,0,1,20.9,king,0,-1,nan,0.699999988079071,0.0,0.0
1.14,-32.943108795812236,-8.90554996555437,7.042204861299785,2.0890841341554727,16.673534175425697,5.857204861299723,17.77930897056942,0,1,21.0,king,0,-1,nan,0.699999988079071,0.0,0.0
1.16,-32.943420082715384,-8.904863874439382,7.083978631511664,2.0890281821154586,16.673799142660346,5.898978631511603,17.796631617664215,0,1,21.1,king,0,-1,nan,0.699999988079071,0.0,0.0
1.18,-32.943676161546335,-8.904188764121304,7.125753302980324,2.0890455515759214,16.674009783278105,5.940753302980262,17.812270132358815,0,1,21.2,king,0,-1,nan,0.699999988079071,0.0,0.0
1.2,-32.943883652810875,-8.90350489301978,7.167529249415168,2.089102937169029,16.67417139042623,5.982529249415106,17.829838436850785,0,1,21.4,king,0,-1,nan,0.699999988079071,0.0,0.0
1.22,-32.94403732980535,-8.902859608621853,7.209305458908543,2.0890737709612077,16.674281891743842,6.024305458908481,17.845706044598984,0,1,21.5,king,0,-1,nan,0.699999988079071,0.0,0.0
1.24,-32.94414605634879,-8.902224740102772,7.25108134333365,2.0890424834105312,16.6743482580891,6.066081343333588,17.863476511883782,0,1,21.6,king,0,-1,nan,0.699999988079071,0.0,0.0
1.26,-32.944208749928784,-8.90163954015095,7.292857425161564,2.089011370458032,16.674372009846337,6.1078574251615025,17.879532688544707,0,1,21.7,king,0,-1,nan,0.699999988079071,0.0,0.0
1.28,-32.94423578769801,-8.901067452051015,7.334634400557396,2.089045050411151,16.67436107362534,6.149634400557334,17.897577330999273,0,1,21.9,king,0,-1,nan,0.699999988079071,0.0,0.0
1.3,-32.94422957078308,-8.900539618690338,7.376411021068247,2.0889977668815107,16.67431990610986,6.191411021068185,17.913898449787574,0,1,22.0,king,0,-1,nan,0.699999988079071,0.0,0.0
1.32,-32.94420145717358,-8.900010823964752,7.418184230987123,2.088828308623822,16.67425684289713,6.233184230987061,17.9316904220519,0,1,22.1,king,0,-1,nan,0.699999988079071,0.0,0.0
1.34,-32.94415671003092,-8.899503774262527,7.459958416013506,2.0888643064628254,16.674178637895103,6.274958416013444,17.947749775262675,0,1,22.2,king,0,-1,nan,0.699999988079071,0.0,0.0
1.36,-32.94409002036766,-8.898981158761023,7.50173118791047,2.0888047098935467,16.674077524164403,6.316731187910408,17.96600423521328,0,0,22.4,king,0,-1,nan,0.699999988079071,0.0,0.0
1.38,-32.94399209940142,-8.898473771336265,7.543505123654105,2.0888565879613745,16.673946270085043,6.3585051236540435,17.98249335977805,0,0,22.5,king,0,-1,nan,0.699999988079071,0.0,0.0
1.4,-32.94387374770625,-8.897955245098597,7.585280285892819,2.0889273902254875,16.673793908931795,6.400280285892757,18.00102303780712,0,0,22.6,king,0,-1,nan,0.699999988079071,0.0,0.0
1.42,-32.9437437569495,-8.897467308845316,7.6270559802947355,2.0889373028805927,16.67363196995128,6.442055980294674,18.01778840768742,0,0,22.7,king,0,-1,nan,0.699999988079071,0.0,0.0
1.44,-32.94361357055706,-8.896974667086186,7.668830708234013,2.0888917748415374,16.673469538847343,6.483830708233951,18.03646402379242,0,0,22.8,king,0,-1,nan,0.699999988079071,0.0,0.0
1.46,-32.94349458411247,-8.89651016123729,7.710606065590243,2.0889054584269866,16.673320153870268,6.525606065590181,18.053376744666995,0,0,23.0,king,0,-1,nan,0.699999988079071,0.0,0.0
1.48,-32.943394420408005,-8.896034056121863,7.752380082508955,2.088842501466697,16.67318879800656,6.567380082508893,18.071994096617896,0,0,23.1,king,0,-1,nan,0.699999988079071,0.0,0.0
1.5,-32.94332268037821,-8.89557475352902,7.794154870658287,2.088868731170789,16.67308692495733,6.609154870658225,18.088846219099093,0,0,23.2,king,0,-1,nan,0.699999988079071,0.0,0.0
1.52,-32.9432734126674,-8.895099920131084,7.835929879539551,2.088886821427132,16.673006464154607,6.650929879539489,18.107787003519867,0,0,23.3,king,0,-1,nan,0.699999988079071,0.0,0.0
1.54,-32.94324471183607,-8.894645301309438,7.877705195769108,2.0888899851896294,16.6729478705052,6.692705195769046,18.124945952685383,0,0,23.5,king,0,-1,nan,0.699999988079071,0.0,0.0
1.56,-32.94323035484039,-8.89417039676638,7.919480696793182,2.0889101382424173,16.672902265992033,6.734480696793121,18.144205529513574,0,0,23.6,king,0,-1,nan,0.699999988079071,0.0,0.0
1.58,-32.94322953881891,-8.893702407431014,7.9610861623037845,2.0804048734788694,16.67287064166831,6.776086162303723,18.161640211065222,0,0,23.7,king,0,-1,nan,0.6926805377006531,0.0,0.0
1.6,-32.943235101800056,-8.893196798985054,8.002326116338963,2.06215268570919,16.67284292056812,6.817326116338902,18.179184240419392,0,0,23.8,king,0,-1,nan,0.6820833683013916,0.0,0.0
1.62,-32.94324739737445,-8.892670330127547,8.043075502874112,2.03763945757714,16.672820560997202,6.85807550287405,18.194751912872878,0,0,23.9,king,0,-1,nan,0.6711149215698242,0.0,0.0
1.64,-32.94323284408063,-8.89216371696267,8.083253499682387,2.0090596657534348,16.672772732304942,6.898253499682325,18.210920882879684,0,0,24.0,king,0,-1,nan,0.660915732383728,0.0,0.0
1.66,-32.94316198883581,-8.89176648095422,8.122824006181569,1.9786281873522682,16.67267592491451,6.937824006181507,18.225129229046143,0,0,24.2,king,0,-1,nan,0.6509769558906555,0.0,0.0
1.68,-32.942985664126624,-8.891529438865074,8.161749501404676,1.9463308157397654,16.672484407742445,6.976749501404615,18.240178831927814,0,0,24.3,king,0,-1,nan,0.641177237033844,0.0,0.0
1.7,-32.942663032318784,-8.891555024041915,8.200019355833623,1.9135611460686621,16.672164153652883,7.015019355833561,18.25322383150859,0,0,24.4,king,0,-1,nan,0.6324610710144043,0.0,0.0
1.72,-32.94212813647582,-8.891918117053764,8.23760920395607,1.8797703529731464,16.67165427145366,7.052609203956009,18.267058985231774,0,0,24.5,king,0,-1,nan,0.6238144636154175,0.0,0.0
1.74,-32.94132294340769,-8.892746063042189,8.27451531268879,1.8462087451233231,16.67090525385396,7.089515312688728,18.278796991469925,0,0,24.6,king,0,-1,nan,0.6163413524627686,0.0,0.0
1.76,-32.94018022553712,-8.89411205460445,8.310741259525908,1.8134848781597972,16.669854915523157,7.125741259525847,18.291906757764163,0,0,24.7,king,0,-1,nan,0.6099705100059509,0.0,0.0
1.78,-32.93864447054147,-8.896134470239351,8.346257151357568,1.7803281165315608,16.668455820538483,7.161257151357506,18.302841919953543,0,0,24.8,king,0,-1,nan,0.6039429306983948,0.0,0.0
1.8,-32.93664895171517,-8.89887854797387,8.38105904948007,1.7483450538496925,16.666645963907047,7.1960590494800085,18.314991745377963,0,0,24.9,king,0,-1,nan,0.5990273356437683,0.0,0.0
1.82,-32.93414027855131,-8.902453158586454,8.415108230778543,1.716404693808324,16.664379687141174,7.230108230778481,18.32488606882531,0,0,25.0,king,0,-1,nan,0.5944565534591675,0.0,0.0
1.84,-32.931052722083656,-8.90691503367792,8.448393629318138,1.6862377428853794,16.661595769098273,7.2633936293180765,18.3358289508845,0,0,25.1,king,0,-1,nan,0.5910215377807617,0.0,0.0
1.86,-32.927335824243414,-8.912362527967723,8.480867015160522,1.6568126868029773,16.658251229752974,7.29586701516046,18.344896360495955,0,0,25.2,king,0,-1,nan,0.5879653096199036,0.0,0.0
1.88,-32.922928977632445,-8.918838005110178,8.512494530439787,1.6291499501390219,16.65428950572099,7.327494530439725,18.354678494323455,0,0,25.3,king,0,-1,nan,0.5851960778236389,0.0,0.0
1.9,-32.9177966510299,-8.92641449250636,8.543247483693793,1.6042818264435705,16.649681411170107,7.358247483693732,18.362026349525337,0,0,25.4,king,0,-1,nan,0.5839481949806213,0.0,0.0
1.92,-32.911893739350994,-8.935106863198751,8.573103293069229,1.5825383312935146,16.644384602124134,7.388103293069167,18.36982854201569,0,0,25.5,king,0,-1,nan,0.5830867886543274,0.0,0.0
1.94,-32.90518860249342,-8.944975914626351,8.602020673925724,1.5641067354555396,16.638373622568626,7.417020673925662,18.375862615288472,0,0,25.6,king,0,-1,nan,0.5828046798706055,0.0,0.0
1.96,-32.89763223658878,-8.956035354584701,8.629992603292958,1.550676231844339,16.631602834401395,7.444992603292897,18.382052073167554,0,0,25.6,king,0,-1,nan,0.5842243432998657,0.0,0.0
1.98,-32.88921476093113,-8.968310603801141,8.657011809772222,1.5423789730006536,16.624066781856488,7.47201180977216,18.386095295146877,0,0,25.7,king,0,-1,nan,0.5864890217781067,0.0,0.0
2.0,-32.8799019430367,-8.981791713813374,8.683074961234244,1.539282924310151,16.615733571945498,7.498074961234182,18.390899883892168,0,0,25.8,king,0,-1,nan,0.5895181894302368,0.0,0.0
2.02,-32.86968570236893,-8.99649885872304,8.708177890577957,1.5417755563076334,16.606599846288177,7.523177890577895,18.393119308584406,0,0,25.9,king,0,-1,nan,0.5935564041137695,0.0,0.0
2.04,-32.85856808907241,-9.012411021359522,8.732326846561106,1.549169390558091,16.596669715485827,7.547326846561044,18.395626122970626,0,0,26.0,king,0,-1,nan,0.5983853340148926,0.0,0.0
2.06,-32.84656259932214,-9.029557694293702,8.755517843562322,1.5620199412668232,16.585962681637458,7.57051784356226,18.396046338678943,0,0,26.1,king,0,-1,nan,0.6043013334274292,0.0,0.0
2.08,-32.83366630630977,-9.04791707965743,8.777772989623072,1.5800893412874726,16.574478435309327,7.59277298962301,18.39699239901189,0,0,26.1,king,0,-1,nan,0.6112987399101257,0.0,0.0
2.1,-32.81991225527498,-9.06748546879499,8.799092510085178,1.6020437931286378,16.56225413665344,7.614092510085116,18.395412166641897,0,0,26.2,king,0,-1,nan,0.6183844208717346,0.0,0.0
2.12,-32.80531735962787,-9.088205833772294,8.819499908175827,1.6269652735790814,16.54930698283792,7.634499908175765,18.394432444873292,0,0,26.3,king,0,-1,nan,0.6265376806259155,0.0,0.0
2.14,-32.789909575787725,-9.110073589185028,8.839012369342871,1.6555472437016117,16.5356693366273,7.6540123693428095,18.390965750765012,0,0,26.4,king,0,-1,nan,0.6361366510391235,0.0,0.0
2.16,-32.77370242219209,-9.13302850913443,8.857665268799943,1.6863650521992373,16.52135491957684,7.672665268799881,18.387963583935548,0,0,26.4,king,0,-1,nan,0.6469566822052002,0.0,0.0
2.18,-32.75672746656988,-9.157053383255027,8.875462177796997,1.7190649091409917,16.506398902742234,7.6904621777969355,18.38249994578224,0,0,26.5,king,0,-1,nan,0.6576016545295715,0.0,0.0
2.2,-32.739001285371224,-9.182096082078202,8.892414145835337,1.7526576138886256,16.49081872481905,7.707414145835275,18.377659139186946,0,0,26.6,king,0,-1,nan,0.6691915392875671,0.0,0.0
2.22,-32.72054882689752,-9.208160106076102,8.908536396399548,1.7886821503148542,16.474644837896868,7.723536396399486,18.37039449621913,0,0,26.6,king,0,-1,nan,0.6821005940437317,0.0,0.0
2.24,-32.70138168655675,-9.235192667642742,8.923859272319566,1.8254651326149123,16.457889722522776,7.738859272319504,18.363931980594103,0,0,26.7,king,0,-1,nan,0.6960521340370178,0.0,0.0
2.26,-32.68152051929917,-9.263196218150792,8.938417186321038,1.8645359114030895,16.440579670151042,7.753417186320976,18.355073390917422,0,0,26.8,king,0,-1,nan,0.7112773656845093,0.0,0.0
2.28,-32.66098194909833,-9.292133402844527,8.95225007116054,1.9042992325767643,16.422733563522737,7.767250071160478,18.34692585298992,0,0,26.8,king,0,-1,nan,0.7274019718170166,0.0,0.0
2.3,-32.639803711503355,-9.322006071638517,8.965347417542725,1.944501588299412,16.40439488231391,7.7803474175426635,18.33642175533988,0,0,26.9,king,0,-1,nan,0.7427879571914673,0.0,0.0
2.32,-32.61800330756232,-9.35276938763631,8.97771166522758,1.9840072101587551,16.385582732142478,7.792711665227519,18.32633707291694,0,0,27.0,king,0,-1,nan,0.7588002681732178,0.0,0.0
2.34,-32.59560650904385,-9.3844353966095,8.98935270884927,2.024763322446086,16.366329807982638,7.8043527088492075,18.31392279343837,0,0,27.0,king,0,-1,nan,0.7756246328353882,0.0,0.0
2.36,-32.57261514052926,-9.416977601647517,9.000283314709739,2.065838981737686,16.34664143829302,7.815283314709677,18.302566793904937,0,0,27.1,king,0,-1,nan,0.7929365038871765,0.0,0.0
2.38,-32.54904131706785,-9.45042311959751,9.010513752147599,2.1089035502500333,16.32653859900562,7.825513752147537,18.288903917722095,0,0,27.1,king,0,-1,nan,0.8111104369163513,0.0,0.0
2.4,-32.52488427997806,-9.484741027586697,9.02006903997186,2.152083162377798,16.30602388511971,7.835069039971798,18.275713011530197,0,0,27.2,king,0,-1,nan,0.8297654986381531,0.0,0.0
2.42,-32.50015460808017,-9.519953331351413,9.028967482303367,2.196955441356715,16.285116699243122,7.843967482303305,18.26025197915584,0,0,27.2,king,0,-1,nan,0.8489299416542053,0.0,0.0
2.44,-32.47482281621157,-9.556070867495608,9.037290182959447,2.2446845227180736,16.263795809720833,7.852290182959385,18.24597606566384,0,0,27.3,king,0,-1,nan,0.8700649738311768,0.0,0.0
2.46,-32.44888984608955,-9.593129513162134,9.045016522755779,2.2943182454899302,16.242073348498252,7.860016522755717,18.229412551681417,0,0,27.3,king,0,-1,nan,0.8898686766624451,0.0,0.0
2.48,-32.42232805604467,-9.631127618679118,9.05221808385312,2.3458725431632175,16.219929385482665,7.867218083853058,18.214233010285106,0,0,27.4,king,0,-1,nan,0.9115737080574036,0.0,0.0
2.5,-32.395123512363554,-9.67011643374542,9.058947374299493,2.4007802102044895,16.197363985987263,7.873947374299431,18.196768239906785,0,0,27.5,king,0,-1,nan,0.9337143898010254,0.0,0.0
2.52,-32.367268018382234,-9.710089464170347,9.065252807621274,2.4563846378726764,16.174376886278328,7.880252807621212,18.180579798693632,0,0,27.5,king,0,-1,nan,0.9559429287910461,0.0,0.0
2.54,-32.33876762536074,-9.75109707662404,9.071165794042821,2.5143886383938523,16.1509890643206,7.88616579404276,18.162136966377584,0,0,27.6,king,0,-1,nan,0.9785196185112,0.0,0.0
2.56,-32.30961818128738,-9.793116937633307,9.076714370595917,2.572034948630036,16.127203202481734,7.891714370595856,18.14465219311971,0,0,27.6,king,0,-1,nan,1.0,0.0,0.0
2.58,-32.27984746977127,-9.83615737619684,9.081824166271923,2.629108512294155,16.10305760070537,7.896824166271862,18.125315182389553,0,0,27.7,king,0,-1,nan,1.0,0.0,0.0
2.6,-32.24945394710037,-9.880184656127245,9.086472307957482,2.685038556308636,16.07855638197745,7.9014723079574205,18.10730171173645,0,0,27.7,king,0,-1,nan,1.0,0.0,0.0
2.62,-32.218454307663414,-9.92521864344412,9.090667212293175,2.74163951006665,16.053728756131086,7.905667212293113,18.088756502718276,0,0,27.7,king,0,-1,nan,1.0,0.0,0.0
2.64,-32.186856493181615,-9.971204926256263,9.094404386545182,2.796035835917675,16.028585693470635,7.909404386545121,18.069941320908463,0,0,27.8,king,0,-1,nan,1.0,0.0,0.0
2.66,-32.15472883772485,-10.01808730550237,9.097724177146102,2.846561407452038,16.00319732969158,7.91272417714604,18.050714443112028,0,0,27.8,king,0,-1,nan,1.0,0.0,0.0
2.68,-32.12207279597485,-10.065831233724571,9.100699158508244,2.8960102982247506,15.977570112355165,7.915699158508182,18.031860173151305,0,0,27.9,king,0,-1,nan,1.0,0.0,0.0
2.7,-32.088968080968435,-10.114372925043646,9.103355455883815,2.940779602214314,15.951783468704834,7.918355455883753,18.01278698774059,0,0,27.9,king,0,-1,nan,1.0,0.0,0.0
2.72,-32.0554388525663,-10.163648346842788,9.10577491547927,2.98250320010724,15.925861089859815,7.920774915479208,17.993651339579166,0,0,28.0,king,0,-1,nan,1.0,0.0,0.0
2.74,-32.021590554969265,-10.213561865047195,9.107971071079547,3.017403539957735,15.89990149801789,7.922971071079485,17.974494706958634,0,0,28.0,king,0,-1,nan,1.0,0.0,0.0
2.76,-31.98745807252148,-10.264041392701039,9.110011381048375,3.0485127254829143,15.873935824320066,7.925011381048313,17.95538734656237,0,0,28.1,king,0,-1,nan,1.0,0.0,0.0
2.78,-31.953155491659334,-10.314986739606256,9.111889488717374,3.0723047999479878,15.848067996578557,7.926889488717312,17.935946351530664,0,0,28.1,king,0,-1,nan,1.0,0.0,0.0
2.8,-31.91872744134393,-10.366319602042399,9.113657675927097,3.091714694314764,15.822335417689938,7.9286576759270355,17.916642908428877,0,0,28.2,king,0,-1,nan,1.0,0.0,0.0
2.82,-31.88427265839651,-10.417942367360407,9.11528417964799,3.1043064770515993,15.796824513976208,7.930284179647928,17.897185276261823,0,0,28.2,king,0,-1,nan,1.0,0.0,0.0
2.84,-31.849822546255012,-10.469777335442068,9.116797539575655,3.11286218810736,15.771557160519531,7.9317975395755935,17.877926146973525,0,0,28.2,king,0,-1,nan,1.0,0.0,0.0
2.86,-31.815463946538824,-10.521744297829962,9.118230895233575,3.1157395040039004,15.746608242652673,7.933230895233513,17.857852277567968,0,0,28.3,king,0,-1,nan,1.0,0.0,0.0
2.88,-31.7812202033522,-10.573770171595058,9.119559212298528,3.1149197079050874,15.721990050939375,7.934559212298466,17.83802698091504,0,0,28.3,king,0,-1,nan,1.0,0.0,0.0
2.9,-31.74713455524313,-10.625786573921332,9.120761267653574,3.110057256330065,15.69773417964688,7.935761267653512,17.81897481894169,0,0,28.4,king,0,-1,nan,1.0,0.0,0.0
2.92,-31.713187711221288,-10.677739197477665,9.12187183631615,3.1035047431023686,15.673812239071404,7.9368718363160875,17.800192027806876,0,0,28.4,king,0,-1,nan,1.0,0.0,0.0
2.94,-31.679429991322316,-10.72955940292053,9.122918248850047,3.09273839990928,15.650260785320505,7.937918248849985,17.78036705175072,0,0,28.4,king,0,-1,nan,1.0,0.0,0.0
2.96,-31.645847771437353,-10.781189301424597,9.123929432316002,3.0799490271528764,15.627054519849414,7.93892943231594,17.76207810307591,0,0,28.5,king,0,-1,nan,1.0,0.0,0.0
2.98,-31.612458137944078,-10.832611166414518,9.12494356122589,3.065984459069671,15.604205271075815,7.939943561225829,17.74215553524947,0,0,28.5,king,0,-1,nan,1.0,0.0,0.0
3.0,-31.579242750598613,-10.883769298888,9.125975827887782,3.0501975547268714,15.58168229854973,7.94097582788772,17.724611869191513,0,0,28.6,king,0,-1,nan,1.0,0.0,0.0
3.02,-31.54619571844774,-10.934674263810674,9.126959072951617,3.034958219899834,15.559479662981275,7.941959072951556,17.70539627056429,0,0,28.6,king,0,-1,nan,1.0,0.0,0.0
3.04,-31.513297415399627,-10.985265609581687,9.127836417276566,3.017678057477415,15.537563559390914,7.942836417276504,17.687465639604767,0,0,28.6,king,0,-1,nan,1.0,0.0,0.0
3.06,-31.480542397923102,-11.035545057574506,9.128575109999941,3.000608158061247,15.51592622392733,7.9435751099998795,17.66917160011212,0,0,28.7,king,0,-1,nan,1.0,0.0,0.0
3.08,-31.447908144626243,-11.085522709634356,9.129160214666165,2.9845864626148506,15.49454501581216,7.944160214666103,17.651019341985943,0,0,28.7,king,0,-1,nan,1.0,0.0,0.0
3.1,-31.41541829294183,-11.135198131178536,9.12967405366453,2.967954682345768,15.473440295172546,7.944674053664468,17.632881666051592,0,0,28.7,king,0,-1,nan,1.0,0.0,0.0
3.12,-31.383034064084427,-11.18458445950174,9.130178791563793,2.952965655185947,15.452574414850451,7.945178791563731,17.61510908419834,0,0,28.8,king,0,-1,nan,1.0,0.0,0.0
3.14,-31.35078191796809,-11.233688111105963,9.130701043398064,2.9375339474450746,15.431972127589047,7.945701043398002,17.59689497694899,0,0,28.8,king,0,-1,nan,1.0,0.0,0.0
3.16,-31.318623981151962,-11.282528957131289,9.131256108394746,2.9239824032859145,15.411598562631534,7.946256108394684,17.57907449592967,0,0,28.8,king,0,-1,nan,1.0,0.0,0.0
3.18,-31.286574747665433,-11.331138903287538,9.13182681129959,2.9113596197451863,15.39147297006978,7.946826811299528,17.56145253971843,0,0,28.9,king,0,-1,nan,1.0,0.0,0.0
3.2,-31.2545848120063,-11.379562637771802,9.132392961183928,2.90195389805275,15.37155582627545,7.9473929611838665,17.544184535552397,0,0,28.9,king,0,-1,nan,1.0,0.0,0.0
3.22,-31.22267662887022,-11.42782812067764,9.132921510567103,2.893081555897534,15.351874241242601,7.947921510567041,17.527081938265827,0,0,28.9,king,0,-1,nan,1.0,0.0,0.0
3.24,-31.19080968803011,-11.475975491550875,9.133386377946191,2.8869912288540074,15.332397424132804,7.94838637794613,17.51029166747121,0,0,29.0,king,0,-1,nan,1.0,0.0,0.0
3.26,-31.159013727843647,-11.524028599972977,9.133755205462142,2.8810676610165524,15.313159434254557,7.9487552054620805,17.493554256171315,0,0,29.0,king,0,-1,nan,1.0,0.0,0.0
3.28,-31.127256602948506,-11.57202331446809,9.13400867723206,2.8775301253901406,15.294137546272365,7.9490086772319986,17.47709992700395,0,0,29.0,king,0,-1,nan,1.0,0.0,0.0
3.3,-31.095566684573104,-11.61997862139972,9.13422710723182,2.874025965962786,15.275363995489837,7.949227107231759,17.460758020998966,0,0,29.1,king,0,-1,nan,1.0,0.0,0.0
3.32,-31.063910245936782,-11.667925876537558,9.134468380667402,2.8727720042055362,15.256814242454569,7.94946838066734,17.444763565022807,0,0,29.1,king,0,-1,nan,1.0,0.0,0.0
3.34,-31.032319229548193,-11.7158767959708,9.13475394262226,2.871134155951103,15.238522701130515,7.9497539426221975,17.428820702345433,0,0,29.1,king,0,-1,nan,1.0,0.0,0.0
3.36,-31.000760491570603,-11.763855731684663,9.135103516270398,2.8714344919868298,15.22046427966368,7.950103516270336,17.413249617974213,0,0,29.2,king,0,-1,nan,1.0,0.0,0.0
3.38,-30.96925665763336,-11.811870665138148,9.135508930401215,2.8714498724100794,15.20266380330748,7.950508930401154,17.397946494821316,0,0,29.2,king,0,-1,nan,1.0,0.0,0.0
3.4,-30.937764667376893,-11.859942138885396,9.135961961960026,2.8735071237683303,15.185086186421263,7.9509619619599645,17.38299802574347,0,0,29.2,king,0,-1,nan,1.0,0.0,0.0
3.42,-30.90631533648898,-11.908074211362297,9.136438720943966,2.874884394783529,15.167763429595283,7.951438720943904,17.36833307315255,0,0,29.2,king,0,-1,nan,1.0,0.0,0.0
3.44,-30.874873699858934,-11.956284512881469,9.136940513630034,2.8779599903598845,15.150667938508576,7.951940513629972,17.354012385487447,0,0,29.3,king,0,-1,nan,1.0,0.0,0.0
3.46,-30.843455882029005,-12.00456189851682,9.137453115174296,2.8801249978613637,15.133813572498967,7.952453115174234,17.339915664742254,0,0,29.3,king,0,-1,nan,1.0,0.0,0.0
3.48,-30.812012765578558,-12.052908271934445,9.137971317528619,2.883708518744892,15.117155038212566,7.952971317528557,17.326143384833834,0,0,29.3,king,0,-1,nan,1.0,0.0,0.0
3.5,-30.78056829018851,-12.101310054898969,9.138486405606463,2.8860669354799415,15.100712879609214,7.953486405606401,17.3122658030271,0,0,29.4,king,0,-1,nan,1.0,0.0,0.0
3.52,-30.749081372598177,-12.149766583757025,9.138997940753878,2.8895167574003238,15.084448819517313,7.953997940753816,17.298712259691772,0,0,29.4,king,0,-1,nan,1.0,0.0,0.0
3.54,-30.717575164880685,-12.198272971992582,9.139496482943924,2.892126971932409,15.068384943434884,7.9544964829438625,17.28529966612932,0,0,29.4,king,0,-1,nan,1.0,0.0,0.0
3.56,-30.68600822070331,-12.246837184182748,9.139980057064912,2.896199455441327,15.05248525699265,7.954980057064851,17.272200749973035,0,0,29.4,king,0,-1,nan,1.0,0.0,0.0
3.58,-30.654411401607025,-12.295451714270905,9.14044381921026,2.899114773522811,15.036778425576177,7.955443819210198,17.259226429221407,0,0,29.5,king,0,-1,nan,1.0,0.0,0.0
3.6,-30.62275096409899,-12.344121885474879,9.14089191698935,2.903174839655626,15.021235183085473,7.955891916989288,17.246566956165317,0,0,29.5,king,0,-1,nan,1.0,0.0,0.0
3.62,-30.59106544489801,-12.392837647785303,9.141324397177526,2.905763524288654,15.005890587680119,7.956324397177464,17.233823360369676,0,0,29.5,king,0,-1,nan,1.0,0.0,0.0
3.64,-30.559328562571906,-12.441601771288815,9.141752649487612,2.909189251702176,14.990721723531056,7.956752649487551,17.22140964661526,0,0,29.5,king,0,-1,nan,1.0,0.0,0.0
3.66,-30.527575914409088,-12.490402629394062,9.142180036101562,2.911158307477478,14.975760082625541,7.957180036101501,17.209105143782594,0,0,29.6,king,0,-1,nan,1.0,0.0,0.0
3.68,-30.49577807695015,-12.539241284684568,9.142618166208662,2.913978669980606,14.960979177630763,7.9576181662086,17.197142744220194,0,0,29.6,king,0,-1,nan,1.0,0.0,0.0
3.7,-30.463977662413615,-12.588104727339797,9.14306750516143,2.9150918931959473,14.946416395619849,7.958067505161368,17.18471876230976,0,0,29.6,king,0,-1,nan,1.0,0.0,0.0
3.72,-30.432151704392666,-12.63699277477316,9.143543622482117,2.9168302459610005,14.932050849298568,7.958543622482055,17.17266472130474,0,0,29.6,king,0,-1,nan,1.0,0.0,0.0
3.74,-30.400317628640977,-12.685898354689252,9.144039662128167,2.917794621466744,14.917897658887115,7.959039662128105,17.16075764276346,0,0,29.7,king,0,-1,nan,1.0,0.0,0.0
3.76,-30.368427527087356,-12.734827112957563,9.144554523112909,2.9203026575222175,14.903914323278942,7.959554523112847,17.14920472833636,0,0,29.7,king,0,-1,nan,1.0,0.0,0.0
3.78,-30.336506979347018,-12.783769071749171,9.145078925808402,2.9216911612069096,14.890122669359217,7.96007892580834,17.13791348294093,0,0,29.7,king,0,-1,nan,1.0,0.0,0.0
3.8,-30.304515893223112,-12.832727136942463,9.145618537393618,2.924300309270841,14.876486815612894,7.9606185373935565,17.12697041597437,0,0,29.7,king,0,-1,nan,1.0,0.0,0.0
3.82,-30.272487161948945,-12.881689087044913,9.146171406759716,2.925499038370904,14.863034531823208,7.961171406759655,17.116125843880667,0,0,29.8,king,0,-1,nan,1.0,0.0,0.0
3.84,-30.240388045664528,-12.930655164820456,9.146745513769028,2.9276097920569835,14.84973596220135,7.9617455137689666,17.105634532095827,0,0,29.8,king,0,-1,nan,1.0,0.0,0.0
3.86,-30.208259231750315,-12.979610606982297,9.147344101549907,2.927991764045297,14.836624983652056,7.962344101549845,17.095004588204244,0,0,29.8,king,0,-1,nan,1.0,0.0,0.0
3.88,-30.176075565003565,-13.02855292801623,9.147979132708805,2.9289684438498464,14.823677768242485,7.962979132708743,17.0847487406857,0,0,29.8,king,0,-1,nan,1.0,0.0,0.0
3.9,-30.143878030243783,-13.0774748260379,9.148650062782687,2.9285164750322212,14.810930660030348,7.963650062782626,17.074680387439546,0,0,29.9,king,0,-1,nan,1.0,0.0,0.0
3.92,-30.11164144411856,-13.126381430924177,9.149370491910517,2.928981266856902,14.79836241868047,7.964370491910455,17.06500058860117,0,0,29.9,king,0,-1,nan,1.0,0.0,0.0
3.94,-30.079410747811675,-13.175260549325943,9.150140926664381,2.927703694822327,14.78601103003118,7.965140926664319,17.054810319967867,0,0,29.9,king,0,-1,nan,1.0,0.0,0.0
3.96,-30.047164523747025,-13.224112156006006,9.150970168970817,2.927023267952447,14.773856797588904,7.965970168970755,17.04503662958914,0,0,29.9,king,0,-1,nan,1.0,0.0,0.0
3.98,-30.01492986134368,-13.2729386616339,9.1518476308981,2.925692675043903,14.761926087452478,7.966847630898038,17.035404077296484,0,0,30.0,king,0,-1,nan,1.0,0.0,0.0
4.0,-29.982667913468294,-13.321754789923492,9.152768609452185,2.926045054077786,14.750188613995615,7.967768609452123,17.02617712543418,0,0,30.0,king,0,-1,nan,1.0,0.0,0.0
4.02,-29.950413782238396,-13.370559840056583,9.153718030222219,2.9253902729753283,14.73867714464598,7.968718030222157,17.017154778511507,0,0,30.0,king,0,-1,nan,1.0,0.0,0.0
4.04,-29.918136506809304,-13.419365728761875,9.154699842200674,2.926090068760659,14.727367982555677,7.969699842200613,17.008536337785653,0,0,30.0,king,0,-1,nan,1.0,0.0,0.0
4.06,-29.88587030614924,-13.46816454926718,9.155707391086397,2.925511810992099,14.716290282672196,7.970707391086335,17.00005603429418,0,0,30.0,king,0,-1,nan,1.0,0.0,0.0
4.08,-29.85358362128875,-13.516960734388972,9.15674441581735,2.9259926187592367,14.705417076191877,7.971744415817288,16.991981349284053,0,0,30.1,king,0,-1,nan,1.0,0.0,0.0
4.1,-29.821318451932257,-13.565743702402566,9.15780749960426,2.9248714796365056,14.694783398359274,7.972807499604198,16.9835273743274,0,0,30.1,king,0,-1,nan,1.0,0.0,0.0
4.12,-29.789050941663156,-13.614515220995832,9.158905981610246,2.9244913692714327,14.684368292472021,7.9739059816101845,16.975498208962005,0,0,30.1,king,0,-1,nan,1.0,0.0,0.0
4.14,-29.7568065820946,-13.66326860754537,9.160033739203277,2.9231247241709175,14.674192818860636,7.975033739203215,16.967607010857165,0,0,30.1,king,0,-1,nan,1.0,0.0,0.0
4.16,-29.724545227258698,-13.712009642594577,9.161192256733854,2.923108651925488,14.664222740441511,7.976192256733792,16.96013308446454,0,0,30.1,king,0,-1,nan,1.0,0.0,0.0
4.18,-29.692300325731487,-13.760728901414469,9.162376841642104,2.9217730472540286,14.654485182295682,7.977376841642042,16.952843936649106,0,0,30.2,king,0,-1,nan,1.0,0.0,0.0
4.2,-29.660039524659577,-13.809429406476966,9.163594707696321,2.921464391734802,14.644952023333799,7.978594707696259,16.94597418865343,0,0,30.2,king,0,-1,nan,1.0,0.0,0.0
4.22,-29.62780403507243,-13.858099130786973,9.164842936072024,2.919514911510692,14.635656109552114,7.979842936071962,16.93848925899996,0,0,30.2,king,0,-1,nan,1.0,0.0,0.0
4.24,-29.595569258134443,-13.906738141823045,9.166125067234443,2.918252087777252,14.626575097455119,7.981125067234381,16.931505879579394,0,0,30.2,king,0,-1,nan,1.0,0.0,0.0
4.26,-29.56335613626345,-13.955359663562124,9.167423805994858,2.9169437427156195,14.617733640792009,7.982423805994796,16.92463848079181,0,0,30.2,king,0,-1,nan,1.0,0.0,0.0
4.28,-29.531122359305854,-14.003986240861263,9.168726652176334,2.917729341865755,14.609103135908141,7.983726652176272,16.918192521373626,0,0,30.3,king,0,-1,nan,1.0,0.0,0.0
4.3,-29.4988985385672,-14.052624882865972,9.170009179501065,2.917934627179832,14.600714806238615,7.985009179501003,16.911771949402254,0,0,30.3,king,0,-1,nan,1.0,0.0,0.0
4.32,-29.466650391244638,-14.1012952504927,9.171270099927236,2.919904797668733,14.592546701389551,7.986270099927174,16.905763014140252,0,0,30.3,king,0,-1,nan,1.0,0.0,0.0
4.34,-29.43439510034058,-14.149989650657412,9.172495047778131,2.921065257720188,14.584611785632807,7.9874950477780695,16.899833310133243,0,0,30.3,king,0,-1,nan,1.0,0.0,0.0
4.36,-29.402085588006766,-14.198712904809026,9.1736803933019,2.9237241347220015,14.576870551887875,7.988680393301839,16.89429654892878,0,0,30.3,king,0,-1,nan,1.0,0.0,0.0
4.38,-29.36974665455648,-14.247454955084836,9.17481963853361,2.9252743296525194,14.569341742126642,7.989819638533548,16.88880139524524,0,0,30.3,king,0,-1,nan,1.0,0.0,0.0
4.4,-29.33733892170922,-14.296218179469468,9.175917329785632,2.9280190089760447,14.561991894294081,7.99091732978557,16.88369423292028,0,0,30.4,king,0,-1,nan,1.0,0.0,0.0
4.42,-29.30489474863002,-14.344990150208833,9.17697498508807,2.929354933826537,14.554845258946568,7.9919749850880075,16.878615015635297,0,0,30.4,king,0,-1,nan,1.0,0.0,0.0
4.44,-29.27238213948775,-14.393770760258237,9.178004975978709,2.9315859834161344,14.547873902336404,7.993004975978647,16.873932014200427,0,0,30.4,king,0,-1,nan,1.0,0.0,0.0
4.46,-29.23984121170424,-14.442545088694875,9.179015010150367,2.9320927954639346,14.541107484375551,7.994015010150306,16.86914745579168,0,0,30.4,king,0,-1,nan,1.0,0.0,0.0
4.48,-29.207247330652805,-14.49131038060492,9.180022694659636,2.9331852162526677,14.534523283746825,7.995022694659574,16.864781278062296,0,0,30.4,king,0,-1,nan,1.0,0.0,0.0
4.5,-29.17464418445207,-14.540054978230549,9.181034985219302,2.9325866023222877,14.528155098388867,7.99603498521924,16.860289170105382,0,0,30.4,king,0,-1,nan,1.0,0.0,0.0
4.52,-29.142010230552582,-14.588779361774202,9.182068844122254,2.932622274967514,14.521984250366346,7.997068844122192,16.85624130365881,0,0,30.5,king,0,-1,nan,1.0,0.0,0.0
4.54,-29.10938956887459,-14.637479213500157,9.18312583745055,2.9312541519527393,14.516047855948901,7.998125837450488,16.852242412726667,0,0,30.5,king,0,-1,nan,1.0,0.0,0.0
4.56,-29.07676064494784,-14.686162468613123,9.184221031692044,2.930829854938014,14.510330664426741,7.999221031691982,16.848705651445453,0,0,30.5,king,0,-1,nan,1.0,0.0,0.0
4.58,-29.044167695858974,-14.73481744571446,9.185356142168883,2.928692371535314,14.50486608312748,8.00035614216882,16.84472483375185,0,0,30.5,king,0,-1,nan,1.0,0.0,0.0
4.6,-29.011589000052634,-14.783444495379468,9.186538840096365,2.9271830118531397,14.49963500616026,8.001538840096302,16.841231444518158,0,0,30.5,king,0,-1,nan,1.0,0.0,0.0
4.62,-28.979057450947096,-14.832054126458715,9.1877526808504,2.925180050117762,14.494671168573577,8.002752680850337,16.83767896813731,0,0,30.5,king,0,-1,nan,1.0,0.0,0.0
4.64,-28.9465403131149,-14.880669205912124,9.188996851524719,2.9250376765633455,14.489956976073191,8.003996851524656,16.834610414380013,0,0,30.5,king,0,-1,nan,1.0,0.0,0.0
4.66,-28.914057320172123,-14.92928484007919,9.190256327720382,2.9241285010554425,14.485507395700763,8.00525632772032,16.831649824257074,0,0,30.5,king,0,-1,nan,1.0,0.0,0.0
4.68,-28.881562897645207,-14.977908639140097,9.19152580953586,2.9247961102242157,14.481286645942962,8.006525809535797,16.82915369423865,0,0,30.5,king,0,-1,nan,1.0,0.0,0.0
4.7,-28.84908461039808,-15.02653308891408,9.19279464391699,2.924374377117385,14.477315214528454,8.007794643916927,16.826778747075245,0,0,30.6,king,0,-1,nan,1.0,0.0,0.0
4.72,-28.816584847206652,-15.075163132486065,9.194065002558872,2.925204931449664,14.473563181670187,8.00906500255881,16.82486053087571,0,0,30.6,king,0,-1,nan,1.0,0.0,0.0
4.74,-28.784098747672505,-15.123788853215617,9.1953331264441,2.924643361847421,14.470056198424611,8.010333126444037,16.823073992807576,0,0,30.6,king,0,-1,nan,1.0,0.0,0.0
4.76,-28.751596240034797,-15.172412644974878,9.196608865823835,2.9250271959216194,14.466769658592112,8.011608865823773,16.82174929744226,0,0,30.6,king,0,-1,nan,1.0,0.0,0.0
4.78,-28.719120121554123,-15.221022121176075,9.19789324386165,2.9237087214141706,14.463734173198475,8.012893243861587,16.819888198248275,0,0,30.6,king,0,-1,nan,1.0,0.0,0.0
4.8,-28.686647925527005,-15.26961681115037,9.199193866769285,2.923003176729843,14.460930100992812,8.014193866769222,16.818513415217378,0,0,30.6,king,0,-1,nan,1.0,0.0,0.0
4.82,-28.654208384467108,-15.318206081141158,9.20049540815229,2.921872256099767,14.458386811880514,8.015495408152228,16.817157602034303,0,0,30.6,king,0,-1,nan,1.0,0.0,0.0
4.84,-28.621765347920725,-15.36681155867787,9.20179626685388,2.922642340538547,14.456084698278346,8.016796266853817,16.81628222486411,0,0,30.6,king,0,-1,nan,1.0,0.0,0.0
4.86,-28.589343168754745,-15.415432532882553,9.203082516527148,2.9226919409618586,14.454044382434237,8.018082516527086,16.815476889586254,0,0,30.6,king,0,-1,nan,1.0,0.0,0.0
4.88,-28.556901626351163,-15.464080567542405,9.20434971339479,2.9243335726669866,14.452238033665525,8.019349713394726,16.81513890595543,0,0,30.6,king,0,-1,nan,1.0,0.0,0.0
4.9,-28.52447275001188,-15.51275231395812,9.205588870200508,2.9249386443877694,14.450691435792477,8.020588870200445,16.814884486768133,0,0,30.6,king,0,-1,nan,1.0,0.0,0.0
4.92,-28.49202413877775,-15.561456695922436,9.206802703652553,2.9268167798817672,14.449382297729342,8.02180270365249,16.815095743025825,0,0,30.6,king,0,-1,nan,1.0,0.0,0.0
4.94,-28.459595437201042,-15.61018776691296,9.20798526262265,2.927343681374149,14.448341277646108,8.022985262622587,16.815169288801915,0,0,30.7,king,0,-1,nan,1.0,0.0,0.0
4.96,-28.42716162273475,-15.65895220632162,9.209152343797468,2.928858544784744,14.4475512121095,8.024152343797406,16.815718472089035,0,0,30.7,king,0,-1,nan,1.0,0.0,0.0
4.98,-28.394746469171015,-15.707727894999122,9.210308142010774,2.9287991805665623,14.447020293945911,8.025308142010712,16.816312702544096,0,0,30.7,king,0,-1,nan,1.0,0.0,0.0
5.0,-28.362308716411743,-15.756505121133628,9.21146707620885,2.9294917314799993,14.446708757181945,8.026467076208787,16.81738338854358,0,0,30.7,king,0,-1,nan,1.0,0.0,0.0
5.02,-28.329879709894964,-15.805259716961238,9.21263561280168,2.9283171599690125,14.446629473120975,8.027635612801618,16.81780464338271,0,0,30.7,king,0,-1,nan,1.0,0.0,0.0
5.04,-28.297425456513626,-15.85397957437098,9.213823041333253,2.9275899025833563,14.446747189707128,8.02882304133319,16.818758743179377,0,0,30.7,king,0,-1,nan,1.0,0.0,0.0
5.06,-28.26496189585802,-15.902668544133077,9.215018525270475,2.926571256939951,14.447077075389831,8.030018525270412,16.819700248071445,0,0,30.7,king,0,-1,nan,1.0,0.0,0.0
5.08,-28.232441172220206,-15.95134097635319,9.216216040060665,2.9274721031212425,14.447587463044094,8.031216040060603,16.82112213328916,0,0,30.7,king,0,-1,nan,1.0,0.0,0.0
5.1,-28.199888515789993,-15.99999583828544,9.21739936134724,2.927614762727891,14.448298734682384,8.032399361347178,16.82268254784513,0,0,30.7,king,0,-1,nan,1.0,0.0,0.0
5.12,-28.167264068878456,-16.0486445681894,9.218568767434007,2.929343342862069,14.449184714112004,8.033568767433945,16.824712477177478,0,0,30.7,king,0,-1,nan,1.0,0.0,0.0
5.14,-28.13460016712953,-16.097283759787338,9.219715440245759,2.9300240166685296,14.450270304677897,8.034715440245696,16.826694885103926,0,0,30.7,king,0,-1,nan,1.0,0.0,0.0
5.16,-28.101864404910923,-16.1459221646945,9.220841790416047,2.9319759653911803,14.451534239512693,8.035841790415985,16.829145731400633,0,0,30.7,king,0,-1,nan,1.0,0.0,0.0
5.18,-28.0690966086175,-16.194553846864313,9.221946347702298,2.932570984388781,14.453005915578506,8.036946347702235,16.83155839972168,0,0,30.7,king,0,-1,nan,1.0,0.0,0.0
5.2,-28.03627185302233,-16.243184987514315,9.223039079247236,2.934129548533995,14.454668805079796,8.038039079247174,16.834450386046637,0,0,30.7,king,0,-1,nan,1.0,0.0,0.0
5.22,-28.00343763887568,-16.291807140002938,9.224125117146075,2.934015511876536,14.456556694031152,8.039125117146012,16.83726604038592,0,0,30.7,king,0,-1,nan,1.0,0.0,0.0
5.24,-27.97057648771938,-16.340423882332264,9.22522045260601,2.934553905537944,14.458657482234184,8.040220452605947,16.840583824624847,0,0,30.7,king,0,-1,nan,1.0,0.0,0.0
5.26,-27.937741671061133,-16.389027033401735,9.226325747101857,2.9332631806510254,14.461009191848959,8.041325747101794,16.843314926717717,0,0,30.7,king,0,-1,nan,1.0,0.0,0.0
5.28,-27.90492092950876,-16.43762068919142,9.227461097618553,2.9325046802392305,14.463604000428733,8.04246109761849,16.846583973495534,0,0,30.7,king,0,-1,nan,1.0,0.0,0.0
5.3,-27.872134868247326,-16.486201400597196,9.228619130610037,2.9310204597286553,14.466455987211956,8.043619130609974,16.849887702735682,0,0,30.7,king,0,-1,nan,1.0,0.0,0.0
5.32,-27.839338733972095,-16.53477813508305,9.229799599415692,2.9311597804066527,14.469534379377562,8.04479959941563,16.85371849484996,0,0,30.7,king,0,-1,nan,1.0,0.0,0.0
5.34,-27.8065611732052,-16.583344552878273,9.230994520882579,2.930227493130754,14.472857974090559,8.045994520882516,16.85756173659189,0,0,30.7,king,0,-1,nan,1.0,0.0,0.0
5.36,-27.77376542505911,-16.631906777788238,9.232206274977917,2.930579777388486,14.476400990539096,8.047206274977855,16.861926537833238,0,0,30.7,king,0,-1,nan,1.0,0.0,0.0
5.38,-27.74098791270224,-16.68045585937031,9.23343186753627,2.9295395183740793,14.480186619604037,8.048431867536207,16.866298099545553,0,0,30.7,king,0,-1,nan,1.0,0.0,0.0
5.4,-27.70819958739492,-16.72899522514621,9.234679605862015,2.9294629018452722,14.484193662281871,8.049679605861952,16.87119547646486,0,0,30.7,king,0,-1,nan,1.0,0.0,0.0
5.42,-27.67544476453591,-16.777513253435977,9.235948266864977,2.9276641672126056,14.488449480238158,8.050948266864914,16.875707094021735,0,0,30.7,king,0,-1,nan,1.0,0.0,0.0
5.44,-27.642702113447314,-16.826010541372778,9.237247688385073,2.9264981777806947,14.492937100324415,8.05224768838501,16.880765194073078,0,0,30.7,king,0,-1,nan,1.0,0.0,0.0
5.46,-27.61000520549314,-16.874496884668314,9.238565086820316,2.9247858103514695,14.497688325350444,8.053565086820253,16.885740281305512,0,0,30.7,king,0,-1,nan,1.0,0.0,0.0
5.48,-27.577322463214404,-16.922994244994857,9.239897290964679,2.9248634025297027,14.502691757261108,8.054897290964616,16.89126041607474,0,0,30.7,king,0,-1,nan,1.0,0.0,0.0
5.5,-27.54468691149589,-16.97150438196741,9.241230978937109,2.9240773539166818,14.507973844427571,8.056230978937046,16.89686916124642,0,0,30.6,king,0,-1,nan,1.0,0.0,0.0
5.52,-27.512066602601084,-17.020041431535848,9.242565091679102,2.9247690464419085,14.513518410045656,8.05756509167904,16.903018270769525,0,0,30.6,king,0,-1,nan,1.0,0.0,0.0
5.54,-27.479502011850368,-17.068604337478682,9.243887980323679,2.9242770212226006,14.519355792744548,8.058887980323616,16.908896973253906,0,0,30.6,king,0,-1,nan,1.0,0.0,0.0
5.56,-27.446968707482192,-17.117204741987376,9.2452095819967,2.9249623256133366,14.52547425663388,8.060209581996638,16.915321618018254,0,0,30.6,king,0,-1,nan,1.0,0.0,0.0
5.58,-27.414484726940945,-17.16582142974196,9.246528317286634,2.924265028513829,14.531873721583038,8.061528317286571,16.921782648483752,0,0,30.6,king,0,-1,nan,1.0,0.0,0.0
5.6,-27.382002973095066,-17.214445857474715,9.247853438033712,2.924532120800114,14.538512236086259,8.062853438033649,16.928778642302717,0,0,30.6,king,0,-1,nan,1.0,0.0,0.0
5.62,-27.349549520319634,-17.26305423846998,9.249185582566781,2.9230873700102036,14.545393850040684,8.064185582566719,16.93526841768002,0,0,30.6,king,0,-1,nan,1.0,0.0,0.0
5.64,-27.31708504419974,-17.31163515874487,9.2505331568179,2.922269657670555,14.552480651927,8.065533156817837,16.942303269723627,0,0,30.6,king,0,-1,nan,1.0,0.0,0.0
5.66,-27.28462310965713,-17.360188997935833,9.251883337410781,2.9210766345921164,14.559782618334213,8.066883337410719,16.949275049562946,0,0,30.6,king,0,-1,nan,1.0,0.0,0.0
5.68,-27.25211251573342,-17.40872849229847,9.2532291070462,2.921828334350068,14.567269070558867,8.068229107046138,16.956771822999343,0,0,30.6,king,0,-1,nan,1.0,0.0,0.0
5.7,-27.219574983388412,-17.45725100272744,9.254554674916973,2.9218496537347733,14.574954420941522,8.06955467491691,16.96427308761942,0,0,30.6,king,0,-1,nan,1.0,0.0,0.0
5.72,-27.186967438363286,-17.50576635119635,9.255858204139848,2.923478329858234,14.582812767050786,8.070858204139785,16.97228503716239,0,0,30.6,king,0,-1,nan,1.0,0.0,0.0
5.74,-27.154318952646936,-17.554269452972175,9.257130745894306,2.9240784291652036,14.59086244078684,8.072130745894244,16.980182672504586,0,0,30.6,king,0,-1,nan,1.0,0.0,0.0
5.76,-27.121594037324773,-17.60276744193945,9.258374698675377,2.9259709650106376,14.5990817798354,8.073374698675314,16.988586464384817,0,0,30.5,king,0,-1,nan,1.0,0.0,0.0
5.78,-27.088829317341357,-17.651252713890866,9.25958733864882,2.9265248023464334,14.607492864501468,8.074587338648758,16.99694626376583,0,0,30.5,king,0,-1,nan,1.0,0.0,0.0
5.8,-27.055996694514977,-17.69972987525086,9.26078041099281,2.928070916490934,14.61607796108123,8.075780410992747,17.005819368373423,0,0,30.5,king,0,-1,nan,1.0,0.0,0.0
5.82,-27.023140274702055,-17.748188914870216,9.261957937885825,2.927972597778701,14.624862646716913,8.076957937885762,17.014404543954665,0,0,30.5,king,0,-1,nan,1.0,0.0,0.0
5.84,-26.99023931449958,-17.796631762980482,9.2631341822474,2.9285518033992686,14.633832717150673,8.078134182247338,17.02352281181609,0,0,30.5,king,0,-1,nan,1.0,0.0,0.0
5.86,-26.957338654739196,-17.845055180929535,9.264310196023281,2.927739668642881,14.643018364325437,8.079310196023219,17.03270045880193,0,0,30.5,king,0,-1,nan,1.0,0.0,0.0
5.88,-26.92441795011698,-17.893468067754743,9.265501800139015,2.927883332692038,14.652410377312798,8.080501800138952,17.042428452621824,0,0,30.5,king,0,-1,nan,1.0,0.0,0.0
5.9,-26.89152973731974,-17.94186451743319,9.266709927683175,2.926307594323336,14.662042231413595,8.081709927683113,17.05142362227375,0,0,30.5,king,0,-1,nan,1.0,0.0,0.0
5.92,-26.85866113251591,-17.99025053194493,9.267945729406595,2.9253541614565166,14.67190797711061,8.082945729406532,17.06099876892116,0,0,30.4,king,0,-1,nan,1.0,0.0,0.0
5.94,-26.8258383748033,-18.03863336494734,9.269197037956046,2.923951831975736,14.682030767961217,8.084197037955983,17.07055268848948,0,0,30.4,king,0,-1,nan,1.0,0.0,0.0
5.96,-26.79302271215046,-18.087032487859023,9.27045828767905,2.9244373667548285,14.692395713199746,8.085458287678987,17.08067868774058,0,0,30.4,king,0,-1,nan,1.0,0.0,0.0
5.98,-26.7602482607419,-18.135451988027256,9.271714925402254,2.924120295080665,14.70302954460098,8.086714925402191,17.090849537329913,0,0,30.4,king,0,-1,nan,1.0,0.0,0.0
6.0,-26.72748430737786,-18.183908332260653,9.272965178366514,2.925344880941862,14.713921477775674,8.087965178366451,17.101588748831457,0,0,30.4,king,0,-1,nan,1.0,0.0,0.0
6.02,-26.694772414033153,-18.23240281511176,9.274196575049652,2.9254483293092135,14.725101472220286,8.08919657504959,17.11200311589225,0,0,30.4,king,0,-1,nan,1.0,0.0,0.0
6.04,-26.662089447776495,-18.280949421570675,9.275417366496672,2.926789885594646,14.736562596258993,8.09041736649661,17.12299264471808,0,0,30.4,king,0,-1,nan,1.0,0.0,0.0
6.06,-26.629455358667165,-18.32952981163131,9.276624846085868,2.9268140004950256,14.748305382278938,8.091624846085805,17.133979711675142,0,0,30.3,king,0,-1,nan,1.0,0.0,0.0
6.08,-26.596825254922827,-18.378138353352654,9.277827691116215,2.927866473564393,14.760293832949543,8.092827691116153,17.14553203679986,0,0,30.3,king,0,-1,nan,1.0,0.0,0.0
6.1,-26.564227071996417,-18.426754163574294,9.279025862706273,2.92727439300175,14.772531971614047,8.09402586270621,17.15698268696609,0,0,30.3,king,0,-1,nan,1.0,0.0,0.0
6.12,-26.53162347744039,-18.47536902667285,9.280234908048692,2.9273969165050278,14.784987286058707,8.09523490804863,17.169003059317387,0,0,30.3,king,0,-1,nan,1.0,0.0,0.0
6.14,-26.49904237693179,-18.523969733187993,9.281455691980177,2.926195096678419,14.797668899214994,8.096455691980115,17.18094812958353,0,0,30.3,king,0,-1,nan,1.0,0.0,0.0
6.16,-26.466446304969466,-18.572555485231867,9.282698209852532,2.9260139523355293,14.810549660320396,8.097698209852469,17.193462309866533,0,0,30.3,king,0,-1,nan,1.0,0.0,0.0
6.18,-26.433871216803492,-18.621110293323753,9.283963740438137,2.9241696793808014,14.823641889980554,8.098963740438075,17.20540511646308,0,0,30.2,king,0,-1,nan,1.0,0.0,0.0
6.2,-26.401287465871885,-18.669630406669434,9.285258966161313,2.9230035210056884,14.83692166658669,8.10025896616125,17.217929364403357,0,0,30.2,king,0,-1,nan,1.0,0.0,0.0
6.22,-26.368719503674132,-18.718122587604586,9.28657105153865,2.9214231727016453,14.850409744983072,8.101571051538587,17.230346596619427,0,0,30.2,king,0,-1,nan,1.0,0.0,0.0
6.24,-26.336126731482892,-18.766605904310065,9.28789320986023,2.9217584176746816,14.864091859846821,8.102893209860166,17.243335817085843,0,0,30.2,king,0,-1,nan,1.0,0.0,0.0
6.26,-26.303541532489987,-18.81508393518397,9.289209251937008,2.921321035750136,14.87799196179941,8.104209251936945,17.25634379263738,0,0,30.2,king,0,-1,nan,1.0,0.0,0.0
6.28,-26.270931306824085,-18.86357274420624,9.290517961922701,2.9224579296398043,14.892099464444163,8.105517961922638,17.26991851649888,0,0,30.1,king,0,-1,nan,1.0,0.0,0.0
6.3,-26.238335629185688,-18.91207334237656,9.291809318031461,2.9225219520923487,14.906441169952371,8.106809318031399,17.28333350118416,0,0,30.1,king,0,-1,nan,1.0,0.0,0.0
6.32,-26.205729398088508,-18.9605990636452,9.293086564337477,2.9238430571471605,14.921009746063465,8.108086564337414,17.297319130389734,0,0,30.1,king,0,-1,nan,1.0,0.0,0.0
6.34,-26.173154022920365,-19.009144949669672,9.29434572607113,2.923800440145338,14.935828475568737,8.109345726071068,17.311153267031877,0,0,30.1,king,0,-1,nan,1.0,0.0,0.0
6.36,-26.140586213147024,-19.057718530812103,9.295598332967714,2.9247324845488247,14.950886961905303,8.110598332967651,17.32556703027276,0,0,30.1,king,0,-1,nan,1.0,0.0,0.0
6.38,-26.108066180706064,-19.106307033739885,9.296844964955852,2.924016594531468,14.966201384014699,8.11184496495579,17.33970776698287,0,0,30.0,king,0,-1,nan,1.0,0.0,0.0
6.4,-26.07556919665657,-19.15491007708646,9.298098344388354,2.923987326778204,14.98175437711293,8.113098344388291,17.354442073841632,0,0,30.0,king,0,-1,nan,1.0,0.0,0.0
6.42,-26.043130722725277,-19.203528522017116,9.299351937616107,2.923003281920522,14.99756886771641,8.114351937616044,17.368871855229088,0,0,30.0,king,0,-1,nan,1.0,0.0,0.0
6.44,-26.010721353180536,-19.25217574946111,9.300612935444748,2.923401310032068,15.013635003242646,8.115612935444686,17.383901207166556,0,0,30.0,king,0,-1,nan,1.0,0.0,0.0
6.46,-25.97836408405413,-19.30083783793325,9.30187767141039,2.9225807417639387,15.029956209858845,8.116877671410327,17.3988984686983,0,0,29.9,king,0,-1,nan,1.0,0.0,0.0
6.48,-25.946016785202993,-19.34951358636542,9.303153135929158,2.9228851491869836,15.046503552772004,8.118153135929095,17.414487063969087,0,0,29.9,king,0,-1,nan,1.0,0.0,0.0
6.5,-25.913710387299535,-19.398186444207646,9.30443710902317,2.921642955141934,15.063283334709443,8.119437109023107,17.42980674007034,0,0,29.9,king,0,-1,nan,1.0,0.0,0.0
6.52,-25.88141044153774,-19.446852459463145,9.305739408229181,2.9211998905780927,15.080269563164103,8.120739408229118,17.445721803532265,0,0,29.9,king,0,-1,nan,1.0,0.0,0.0
6.54,-25.849144106436878,-19.495507634647726,9.307054083720827,2.9198333962453513,15.097475502038398,8.122054083720764,17.461529380042773,0,0,29.8,king,0,-1,nan,1.0,0.0,0.0
6.56,-25.81687339766526,-19.5441604112039,9.308382802641825,2.9198702048287895,15.11488274213598,8.123382802641762,17.47792748693893,0,0,29.8,king,0,-1,nan,1.0,0.0,0.0
6.58,-25.784633370901734,-19.59280401091526,9.30972136693836,2.918651603466804,15.13250726646473,8.124721366938298,17.4942418850264,0,0,29.8,king,0,-1,nan,1.0,0.0,0.0
6.6,-25.752393825941,-19.641444111562464,9.311076316505849,2.918511409338626,15.150333642432546,8.126076316505786,17.511147740097826,0,0,29.8,king,0,-1,nan,1.0,0.0,0.0
6.62,-25.720197653244277,-19.690071140216634,9.312441995483303,2.9167818443964006,15.168380233629671,8.12744199548324,17.527254547553888,0,0,29.7,king,0,-1,nan,1.0,0.0,0.0
6.64,-25.688022320927526,-19.73868798146479,9.31382726121606,2.91580530205296,15.18663420291864,8.128827261215998,17.54397047171105,0,0,29.7,king,0,-1,nan,1.0,0.0,0.0
6.66,-25.65587491396069,-19.787297856590058,9.315213770626743,2.914746190807915,15.205101470187445,8.13021377062668,17.560557317986966,0,0,29.7,king,0,-1,nan,1.0,0.0,0.0
6.68,-25.62369805094092,-19.83591656001769,9.316587949857636,2.9159120379976375,15.223758388089774,8.131587949857574,17.577728326442656,0,0,29.7,king,0,-1,nan,1.0,0.0,0.0
6.7,-25.5915070496727,-19.8845441839246,9.317929468938843,2.9166359229974272,15.24261393514203,8.13292946893878,17.59473418626965,0,0,29.6,king,0,-1,nan,1.0,0.0,0.0
6.72,-25.55925313930083,-19.933193405720925,9.319227440574316,2.9192234609700307,15.261648063088414,8.134227440574254,17.612302717525772,0,0,29.6,king,0,-1,nan,1.0,0.0,0.0
6.74,-25.52695938774804,-19.981861563645868,9.320465230545901,2.9210478039455476,15.280872505758207,8.135465230545838,17.629804056565497,0,0,29.6,king,0,-1,nan,1.0,0.0,0.0
6.76,-25.494584883184114,-20.030558699704187,9.321642427958608,2.924425328073194,15.300270440164423,8.136642427958545,17.647856896217778,0,0,29.6,king,0,-1,nan,1.0,0.0,0.0
6.78,-25.46215972855229,-20.079279949167468,9.322752303794443,2.9267655468673373,15.31985608565393,8.13775230379438,17.665711582362057,0,0,29.5,king,0,-1,nan,1.0,0.0,0.0
6.8,-25.429650340586164,-20.128032810936507,9.323799647152843,2.930357812927224,15.339615329201337,8.13879964715278,17.68411705110139,0,0,29.5,king,0,-1,nan,1.0,0.0,0.0
6.82,-25.39709424204465,-20.1768100382201,9.324785942605116,2.9326141207289487,15.359564703311634,8.139785942605053,17.702329289033838,0,0,29.5,king,0,-1,nan,1.0,0.0,0.0
6.84,-25.36446514629223,-20.225616665082384,9.325723988088608,2.9358238386455966,15.379692583265967,8.140723988088546,17.721102088227784,0,0,29.4,king,0,-1,nan,1.0,0.0,0.0
6.86,-25.331808320248232,-20.274442924262885,9.326619882327527,2.93737744396107,15.40001762749644,8.141619882327465,17.739840485914,0,0,29.4,king,0,-1,nan,1.0,0.0,0.0
6.88,-25.299104635688796,-20.323291485992744,9.327496558673243,2.9395924582559507,15.420530433470624,8.14249655867318,17.759157827712073,0,0,29.4,king,0,-1,nan,1.0,0.0,0.0
6.9,-25.266407046055843,-20.372150097274247,9.328363556756862,2.93983330728073,15.441251509554514,8.1433635567568,17.77784719865453,0,0,29.4,king,0,-1,nan,1.0,0.0,0.0
6.92,-25.23370360884617,-20.421018713820686,9.32924411820804,2.9404216861527965,15.462173143784378,8.144244118207977,17.79714557980045,0,0,29.3,king,0,-1,nan,1.0,0.0,0.0
6.94,-25.201025969806945,-20.469886181083524,9.33014291169167,2.9396705936160727,15.483303703693414,8.145142911691607,17.81630370144645,0,0,29.3,king,0,-1,nan,1.0,0.0,0.0
6.96,-25.168340390095967,-20.518753880544942,9.33107275340417,2.9399250744298246,15.504624010877203,8.146072753404107,17.836075685951748,0,0,29.3,king,0,-1,nan,1.0,0.0,0.0
6.98,-25.135686665581783,-20.56760781485457,9.332038345954864,2.938496635675871,15.52614445266654,8.147038345954801,17.85562688856268,0,0,29.2,king,0,-1,nan,1.0,0.0,0.0
7.0,-25.103038697180715,-20.61644650355454,9.333053980485895,2.9377452528046626,15.547847880701045,8.148053980485832,17.875801076057666,0,0,29.2,king,0,-1,nan,1.0,0.0,0.0
7.02,-25.07044099025065,-20.665257642898116,9.334119666183717,2.9352485018832923,15.569748231765525,8.149119666183655,17.89566911665479,0,0,29.2,king,0,-1,nan,1.0,0.0,0.0
7.04,-25.037873624781383,-20.714038302746964,9.335147958989124,2.933105630126311,15.59183051935183,8.150147958989061,17.916117553834614,0,0,29.1,king,0,-1,nan,1.0,0.0,0.0
7.06,-25.00537221676176,-20.762794639466524,9.336162435072646,2.930252145845664,15.614118450662895,8.151162435072584,17.93611018274726,0,0,29.1,king,0,-1,nan,1.0,0.0,0.0
7.08,-24.972908517390845,-20.811544954758567,9.337192173790251,2.928969690755355,15.636610084535587,8.152192173790189,17.956722350083552,0,0,29.1,king,0,-1,nan,1.0,0.0,0.0
7.1,-24.940502888171594,-20.86027793659106,9.338248583255767,2.926663767987524,15.659306041838287,8.153248583255705,17.977183922287026,0,0,29.0,king,0,-1,nan,1.0,0.0,0.0
7.12,-24.908110332850764,-20.90899483114788,9.339346383314204,2.925670273818208,15.682181275616058,8.154346383314142,17.998269107803143,0,0,29.0,king,0,-1,nan,1.0,0.0,0.0
7.14,-24.875759641618636,-20.957681102670968,9.340488103815241,2.923278888388373,15.705238299301236,8.155488103815179,18.019003053508168,0,0,29.0,king,0,-1,nan,1.0,0.0,0.0
7.16,-24.843413624894893,-21.006334853768795,9.341682282723333,2.9218480269542977,15.72845399179616,8.15668228272327,18.040362756633353,0,0,28.9,king,0,-1,nan,1.0,0.0,0.0
7.18,-24.811100757847427,-21.054949823653413,9.34292231579963,2.919363952875549,15.751837425581542,8.157922315799567,18.06162233152346,0,0,28.9,king,0,-1,nan,1.0,0.0,0.0
7.2,-24.77878612097027,-21.103529450195097,9.344111647161046,2.917888954586614,15.775371438715132,8.159111647160984,18.08344743145658,0,0,28.9,king,0,-1,nan,1.0,0.0,0.0
7.22,-24.746504387601544,-21.15206597567071,9.345278697686032,2.9151614970109105,15.799067007857198,8.16027869768597,18.10465697648831,0,0,28.8,king,0,-1,nan,1.0,0.0,0.0
7.24,-24.714226475414662,-21.200563415870707,9.34644931626475,2.9134325412447133,15.822910757825866,8.161449316264687,18.126466540643932,0,0,28.8,king,0,-1,nan,1.0,0.0,0.0
7.26,-24.681977213786695,-21.249035188802225,9.347623195959098,2.911574161948492,15.846926151241084,8.162623195959036,18.14815780276611,0,0,28.8,king,0,-1,nan,1.0,0.0,0.0
7.28,-24.649717031314218,-21.297506951572778,9.348803400566483,2.91188257067388,15.871113022936758,8.16380340056642,18.170459141906523,0,0,28.7,king,0,-1,nan,1.0,0.0,0.0
7.3,-24.617478860305795,-21.345988645161572,9.349976239705432,2.911678997954625,15.895496349121192,8.16497623970537,18.192375190201876,0,0,28.7,king,0,-1,nan,1.0,0.0,0.0
7.32,-24.585231035252207,-21.39450261435367,9.351139306298593,2.9132800034320407,15.920077803393877,8.16613930629853,18.2149055034396,0,0,28.7,king,0,-1,nan,1.0,0.0,0.0
7.34,-24.552997407394216,-21.44304582594566,9.352279383608254,2.9140821594561377,15.944866562109809,8.167279383608191,18.2373125773315,0,0,28.6,king,0,-1,nan,1.0,0.0,0.0
7.36,-24.52073737991589,-21.49162798433839,9.353395186416748,2.9164106804881142,15.969849281519677,8.168395186416685,18.26032418691714,0,0,28.6,king,0,-1,nan,1.0,0.0,0.0
7.38,-24.48848232552699,-21.540243566798928,9.354479401339079,2.9176355639481413,15.995036870013724,8.169479401339016,18.283180033178873,0,0,28.6,king,0,-1,nan,1.0,0.0,0.0
7.4,-24.456199267805886,-21.5888996559815,9.35553666532036,2.920072189815089,16.02041795794727,8.170536665320297,18.30663829757274,0,0,28.5,king,0,-1,nan,1.0,0.0,0.0
7.42,-24.42392715614481,-21.637588246624208,9.356565097795036,2.9210981339186213,16.046004963075152,8.171565097794973,18.329940505386794,0,0,28.5,king,0,-1,nan,1.0,0.0,0.0
7.44,-24.391640394223952,-21.686314020693736,9.357578870372528,2.923039423634193,16.071788301157174,8.172578870372465,18.353851917344148,0,0,28.5,king,0,-1,nan,1.0,0.0,0.0
7.46,-24.359380726346014,-21.735063700254013,9.358581511969815,2.92327843311113,16.097776839882155,8.173581511969752,18.377260147441127,0,0,28.4,king,0,-1,nan,1.0,0.0,0.0
7.48,-24.327125091194805,-21.78383643657568,9.359587326071876,2.924131268137049,16.123957433455455,8.174587326071814,18.40129129603235,0,0,28.4,king,0,-1,nan,1.0,0.0,0.0
7.5,-24.29490394583909,-21.832627166539844,9.360594816618203,2.923932529860694,16.150339997076184,8.17559481661814,18.42516207353864,0,0,28.4,king,0,-1,nan,1.0,0.0,0.0
7.52,-24.26268287483345,-21.88144339478881,9.361610606998655,2.92500144756485,16.176913107237336,8.176610606998592,18.44965723815795,0,0,28.3,king,0,-1,nan,1.0,0.0,0.0
7.54,-24.230500305228997,-21.93027713635734,9.362630673933483,2.9246763233215454,16.203687883132634,8.17763067393342,18.473874943486464,0,0,28.3,king,0,-1,nan,1.0,0.0,0.0
7.56,-24.19832935711842,-21.97913337908453,9.363670634999545,2.925313604885087,16.23065454450801,8.178670634999483,18.498723041051583,0,0,28.2,king,0,-1,nan,1.0,0.0,0.0
7.58,-24.166198255502053,-22.027991100471386,9.364732117475574,2.9242996491655426,16.25780751284855,8.179732117475512,18.523124734140236,0,0,28.2,king,0,-1,nan,1.0,0.0,0.0
7.6,-24.13406960583663,-22.0768419618069,9.365824033840202,2.923973778906203,16.285120347435647,8.180824033840139,18.548156872521712,0,0,28.2,king,0,-1,nan,1.0,0.0,0.0
7.62,-24.10196656155312,-22.125679395677164,9.3669407399429,2.9227330667635876,16.312597464682,8.181940739942837,18.57296278835807,0,0,28.1,king,0,-1,nan,1.0,0.0,0.0
7.64,-24.069846851010166,-22.174509595165723,9.368083548150446,2.922913870632814,16.340223130448774,8.183083548150384,18.59839188743207,0,0,28.1,king,0,-1,nan,1.0,0.0,0.0
7.66,-24.03774158347709,-22.223323220490787,9.369248906068794,2.92184713829461,16.368003087755458,8.184248906068731,18.623597276496188,0,0,28.1,king,0,-1,nan,1.0,0.0,0.0
7.68,-24.005616327852977,-22.27212362101527,9.3704419051099,2.9218719971008698,16.39592310861186,8.185441905109837,18.649422430874846,0,0,28.0,king,0,-1,nan,1.0,0.0,0.0
7.7,-23.9735100237921,-22.32089881516052,9.37166242638514,2.9203270349993633,16.42399005979904,8.186662426385077,18.674809820587942,0,0,28.0,king,0,-1,nan,1.0,0.0,0.0
7.72,-23.94139597858545,-22.369649256494,9.372916297249839,2.9195417542353503,16.452190868814082,8.187916297249776,18.70082214489467,0,0,27.9,king,0,-1,nan,1.0,0.0,0.0
7.74,-23.909304286559838,-22.418382101682038,9.374185864959143,2.918209510708798,16.480544906802482,8.18918586495908,18.726505151433127,0,0,27.9,king,0,-1,nan,1.0,0.0,0.0
7.76,-23.87719980792642,-22.46711714172119,9.375466335716508,2.9186646267178706,16.509052571055232,8.190466335716446,18.75280983942008,0,0,27.9,king,0,-1,nan,1.0,0.0,0.0
7.78,-23.84511355068996,-22.51585438381213,9.37673948164181,2.918247578009171,16.5377273021341,8.191739481641747,18.778874227419184,0,0,27.8,king,0,-1,nan,1.0,0.0,0.0
7.8,-23.813011537801227,-22.564606753288547,9.378004618706886,2.9193035697177696,16.566564272999727,8.193004618706823,18.80555312137686,0,0,27.8,king,0,-1,nan,1.0,0.0,0.0
7.82,-23.780932291836358,-22.613371517042495,9.37924775300418,2.9191717954473133,16.595577772445978,8.194247753004117,18.831822529067587,0,0,27.8,king,0,-1,nan,1.0,0.0,0.0
7.84,-23.748848963129362,-22.66215989664439,9.380498044258932,2.9202778948763353,16.62476486815996,8.19549804425887,18.858719665301336,0,0,27.7,king,0,-1,nan,1.0,0.0,0.0
7.86,-23.716786509050852,-22.71095434319548,9.381751013704381,2.919961004959978,16.654120267365567,8.196751013704318,18.885364667221037,0,0,27.7,king,0,-1,nan,1.0,0.0,0.0
7.88,-23.684704479894116,-22.75975040745915,9.38301810695073,2.920581281069386,16.683621135462044,8.198018106950668,18.912629656730505,0,0,27.6,king,0,-1,nan,1.0,0.0,0.0
7.9,-23.652634745339775,-22.80852934721299,9.384307613818414,2.919552904922383,16.71326400223003,8.199307613818352,18.939343812892957,0,0,27.6,king,0,-1,nan,1.0,0.0,0.0
7.92,-23.620544006898324,-22.857284530473738,9.385620877881559,2.919164285804389,16.74302738127102,8.200620877881496,18.966680560938546,0,0,27.6,king,0,-1,nan,1.0,0.0,0.0
7.94,-23.588452695907698,-22.906020150383192,9.386932899963474,2.9183618225809265,16.772923192013398,8.201932899963412,18.993723663306834,0,0,27.5,king,0,-1,nan,1.0,0.0,0.0
7.96,-23.556317195807047,-22.95475227927898,9.388209025740593,2.9193917390587303,16.80294624114104,8.20320902574053,19.021360861265293,0,0,27.5,king,0,-1,nan,1.0,0.0,0.0
7.98,-23.52416498637497,-23.003482708814342,9.389442284920229,2.9197346892606735,16.833109471875197,8.204442284920166,19.0487953165806,0,0,27.5,king,0,-1,nan,1.0,0.0,0.0
8.0,-23.491959737549706,-23.05222560292872,9.390633826286187,2.9216722734459997,16.863409546470084,8.205633826286125,19.076824370102837,0,0,27.4,king,0,-1,nan,1.0,0.0,0.0
8.02,-23.459738645544366,-23.100976984596215,9.39170614635567,2.922347453177867,16.893858286559038,8.206706146355607,19.10453568365101,0,0,27.4,king,0,-1,nan,1.0,0.0,0.0
8.04,-23.427472925844285,-23.149748598391035,9.392674950427265,2.9243313600053944,16.92445359688663,8.207674950427203,19.133107458015026,0,0,27.3,king,0,-1,nan,0.9800053834915161,0.0,0.0
8.06,-23.39520234063494,-23.19853955721101,9.393595111692724,2.9252329091375366,16.955210931383903,8.208595111692661,19.160284580199434,0,0,27.3,king,0,-1,nan,0.9980027079582214,0.0,0.0
8.08,-23.362920158792544,-23.24733357252198,9.394473658885957,2.9256482357947378,16.98611199155764,8.209473658885894,19.18907374172611,0,0,27.3,king,0,-1,nan,1.0,0.0,0.0
8.1,-23.33062457062569,-23.296172155648094,9.395320917638282,2.927853336577221,17.01719314980904,8.210320917638219,19.21659017382855,0,0,27.2,king,0,-1,nan,1.0,0.0,0.0
8.12,-23.29830162164129,-23.345023535302925,9.396112611601147,2.929102722916738,17.048419180896463,8.211112611601084,19.245700815563364,0,0,27.2,king,0,-1,nan,0.9803044199943542,0.0,0.0
8.14,-23.265948631689852,-23.39392190187927,9.396879565090012,2.9318741575512077,17.079819686669275,8.21187956508995,19.273546661092485,0,0,27.1,king,0,-1,nan,0.9983526468276978,0.0,0.0
8.16,-23.233550659724497,-23.442828168544704,9.397617404657872,2.9334262875714874,17.111352490534188,8.21261740465781,19.302975536324467,0,0,27.1,king,0,-1,nan,1.0,0.0,0.0
8.18,-23.20110472870403,-23.49176865935998,9.398357864546702,2.9361787930368473,17.143040089048153,8.213357864546639,19.331145099425456,0,0,27.0,king,0,-1,nan,1.0,0.0,0.0
8.2,-23.168596172374453,-23.540695140374122,9.399078002045984,2.9373139843563836,17.1748321132379,8.214078002045921,19.361131307532165,0,0,27.0,king,0,-1,nan,0.9802671670913696,0.0,0.0
8.22,-23.136022933944435,-23.589624675092704,9.399781282700241,2.9392217648870953,17.20674306523619,8.214781282700178,19.39077380507919,0,0,27.0,king,0,-1,nan,0.9583135843276978,0.0,0.0
8.24,-23.103395780194248,-23.63852058632972,9.400439213914227,2.9392916540463028,17.23874321636712,8.215439213914165,19.420962739611454,0,0,26.9,king,0,-1,nan,0.9749907851219177,0.0,0.0
8.26,-23.070796721052435,-23.687332661437967,9.401021352838981,2.9349856128405145,17.270818009345934,8.216021352838919,19.449854724927622,0,0,26.9,king,0,-1,nan,0.9952015280723572,0.0,0.0
8.28,-23.038245226007504,-23.736021778148164,9.401342655676157,2.928452300786444,17.302937695308938,8.216342655676094,19.479191056488368,0,0,26.8,king,0,-1,nan,1.0,0.0,0.0
8.3,-23.005769781624522,-23.784611957862715,9.401405327289135,2.9221841062362404,17.33513388461999,8.216405327289072,19.507988823073948,0,0,26.8,king,0,-1,nan,0.9819360375404358,0.0,0.0
8.32,-22.973340749990946,-23.83313976800238,9.401263376550277,2.9183088423156085,17.367427283525277,8.216263376550215,19.53814566072161,0,0,26.8,king,0,-1,nan,0.9605997800827026,0.0,0.0
8.34,-22.940989487242266,-23.881625602095074,9.40098079020012,2.91442968869712,17.39984737821442,8.215980790200057,19.567462010380126,0,0,26.7,king,0,-1,nan,0.9376136660575867,0.0,0.0
8.36,-22.908734299159757,-23.930020851994403,9.40062454629503,2.9080166268336303,17.432354624452604,8.215624546294967,19.59732771821281,0,0,26.7,king,0,-1,nan,0.9540578126907349,0.0,0.0
8.38,-22.876635044369113,-23.97830149143456,9.400239614193595,2.898935354396426,17.46494750693261,8.215239614193532,19.625743268101324,0,0,26.6,king,0,-1,nan,0.9742885231971741,0.0,0.0
8.4,-22.84468820888619,-24.02645514270852,9.399844251159902,2.8894336557167,17.497610946040556,8.214844251159839,19.65527887781305,0,0,26.6,king,0,-1,nan,0.9968850016593933,0.0,0.0
8.42,-22.812886301937805,-24.074522894522257,9.399434626612846,2.881856104253864,17.53037804131001,8.214434626612784,19.68434235036728,0,0,26.5,king,0,-1,nan,0.980360209941864,0.0,0.0
8.44,-22.78118901766407,-24.12250679357913,9.399017382421633,2.8754766960215816,17.563233763812374,8.21401738242157,19.71407990293493,0,0,26.5,king,0,-1,nan,0.9600393176078796,0.0,0.0
8.46,-22.74961962305304,-24.170404100651222,9.398594262786261,2.868343481476263,17.596182336262633,8.213594262786199,19.743457972226842,0,0,26.4,king,0,-1,nan,0.9374075531959534,0.0,0.0
8.48,-22.71814178646759,-24.218217595097563,9.398169317236823,2.8623264253010783,17.629211220629422,8.21316931723676,19.773430951395543,0,0,26.4,king,0,-1,nan,0.9539615511894226,0.0,0.0
8.5,-22.68679114720163,-24.265933847404707,9.397734314764932,2.85477343399348,17.66231914767003,8.21273431476487,19.80243543850598,0,0,26.4,king,0,-1,nan,0.9742612838745117,0.0,0.0
8.52,-22.65553912058396,-24.313551645613177,9.397213094192342,2.8479885642413354,17.69549282374974,8.212213094192279,19.831981152086538,0,0,26.3,king,0,-1,nan,0.9936231970787048,0.0,0.0
8.54,-22.624389193408465,-24.361111254891398,9.396730123742726,2.842739725243421,17.728769429192294,8.211730123742663,19.86118464695658,0,0,26.3,king,0,-1,nan,0.977238118648529,0.0,0.0
8.56,-22.593281511661598,-24.40866523163717,9.39630026213092,2.841325988428194,17.762175350254683,8.211300262130857,19.891922953681686,0,0,26.2,king,0,-1,nan,0.9568151831626892,0.0,0.0
8.58,-22.56222893012531,-24.456248526559904,9.395920814955787,2.8410283155621974,17.795746830871295,8.210920814955724,19.922116587423528,0,0,26.2,king,0,-1,nan,0.9341627359390259,0.0,0.0
8.6,-22.53122942470517,-24.503821730604727,9.395577440564406,2.8391446710922064,17.829445246729428,8.210577440564343,19.953501387466275,0,0,26.1,king,0,-1,nan,0.9107125997543335,0.0,0.0
8.62,-22.50033506782682,-24.551357474165954,9.395271849744816,2.8346964513835418,17.863261906073173,8.210271849744753,19.983732366169182,0,0,26.1,king,0,-1,nan,0.9270269274711609,0.0,0.0
8.64,-22.469566835359796,-24.598780514146164,9.395003942400198,2.8265264126020484,17.897131877750272,8.210003942400135,20.01183084279392,0,0,26.1,king,0,-1,nan,0.9472450613975525,0.0,0.0
8.66,-22.43896055427694,-24.646081356939714,9.394766601266575,2.816988862915737,17.93105664788084,8.209766601266512,20.041473608357077,0,0,26.0,king,0,-1,nan,0.969709575176239,0.0,0.0
8.68,-22.408478899260828,-24.693266051819712,9.394498758908105,2.8087356866430433,17.965027124841075,8.209498758908042,20.06973623265479,0,0,26.0,king,0,-1,nan,0.99242103099823,0.0,0.0
8.7,-22.378103134509125,-24.74040079125671,9.394028903046985,2.80383287241529,17.9990974958338,8.209028903046923,20.099356951754082,0,0,25.9,king,0,-1,nan,1.0,0.0,0.0
8.72,-22.347796043059606,-24.787504157107346,9.393566288871712,2.8006521019503037,18.033271307962032,8.20856628887165,20.12767190172403,0,0,25.9,king,0,-1,nan,0.9833839535713196,0.0,0.0
8.74,-22.317530504566882,-24.834662061030212,9.39314289864975,2.8018074442816583,18.0676193780452,8.208142898649687,20.158285344323094,0,0,25.8,king,0,-1,nan,0.9624686241149902,0.0,0.0
8.76,-22.2872669783204,-24.881893109125425,9.392771084809764,2.8048133496613974,18.102145429349736,8.207771084809702,20.18763336765449,0,0,25.8,king,0,-1,nan,0.9396926760673523,0.0,0.0
8.78,-22.257017366510315,-24.92919424973689,9.392463877726854,2.8073703416179625,18.13685002903772,8.207463877726791,20.218739265535163,0,0,25.7,king,0,-1,nan,0.916289210319519,0.0,0.0
8.8,-22.22678339501879,-24.976498734255543,9.39222331347789,2.8070737249329643,18.171670087467636,8.207223313477828,20.248520854682468,0,0,25.7,king,0,-1,nan,0.892637312412262,0.0,0.0
8.82,-22.196582818291184,-25.02380352819495,9.392024511714636,2.806179736969318,18.20660776281921,8.207024511714573,20.28067411424634,0,0,25.7,king,0,-1,nan,0.8688788414001465,0.0,0.0
8.84,-22.166426734844862,-25.07104085237245,9.391872776079529,2.8021318616254938,18.241601594315785,8.206872776079466,20.310829445301614,0,0,25.6,king,0,-1,nan,0.845085859298706,0.0,0.0
8.86,-22.13639002536506,-25.118135411076747,9.391789584355648,2.7928964789216906,18.276603038860152,8.206789584355585,20.34323336682847,0,0,25.6,king,0,-1,nan,0.8212854266166687,0.0,0.0
8.88,-22.106508632276846,-25.164985588002956,9.39179138833179,2.778415346093814,18.311525363818635,8.206791388331727,20.373088801767608,0,0,25.5,king,0,-1,nan,0.7974781394004822,0.0,0.0
8.9,-22.076885059282287,-25.21148573107755,9.391880722856598,2.7567314720421194,18.34629833927211,8.206880722856535,20.404940987145707,0,0,25.5,king,0,-1,nan,0.7736698985099792,0.0,0.0
8.92,-22.047549770548265,-25.257537083489645,9.3920694500754,2.730074102499084,18.380834608655228,8.207069450075338,20.434189590299372,0,0,25.4,king,0,-1,nan,0.7498601675033569,0.0,0.0
8.94,-22.018601534643047,-25.303039945644628,9.392353566785284,2.696567980148266,18.415066613253373,8.20735356678522,20.465232423373013,0,0,25.4,king,0,-1,nan,0.7260509133338928,0.0,0.0
8.96,-21.990073115555486,-25.34789294774237,9.392740806223484,2.6579185687290856,18.448903820334422,8.207740806223422,20.49348767969059,0,0,25.4,king,0,-1,nan,0.7022413611412048,0.0,0.0
8.98,-21.962065889413413,-25.39199746903139,9.393215092748916,2.6123928025925665,18.482278853404036,8.208215092748853,20.523371686025243,0,0,25.3,king,0,-1,nan,0.6784327030181885,0.0,0.0
9.0,-21.934608845789583,-25.435256323186447,9.393777291999333,2.561998133960305,18.515102722236726,8.20877729199927,20.55033160102146,0,0,25.3,king,0,-1,nan,0.6546228528022766,0.0,0.0
9.02,-21.90779991831421,-25.47757866641277,9.39440300132961,2.5051401361562733,18.547312965912592,8.209403001329548,20.57874302450761,0,0,25.3,king,0,-1,nan,0.6308136582374573,0.0,0.0
9.04,-21.881664535693275,-25.518871782884972,9.395086603808604,2.443689324095143,18.57882275794722,8.210086603808541,20.604082912749615,0,0,25.2,king,0,-1,nan,0.607005774974823,0.0,0.0
9.06,-21.85629788465192,-25.559052435226683,9.395799354236127,2.3761627789522044,18.60957490389874,8.210799354236064,20.630792892430673,0,0,25.2,king,0,-1,nan,0.5831965804100037,0.0,0.0
9.08,-21.831722082605957,-25.59803275510342,9.396528810407974,2.3043260892296176,18.639485457822826,8.211528810407911,20.654276454797618,0,0,25.2,king,0,-1,nan,0.5593873858451843,0.0,0.0
9.1,-21.80802916910718,-25.635737945596688,9.397240466100941,2.2268486668493734,18.66850347062473,8.212240466100878,20.67896847497189,0,0,25.1,king,0,-1,nan,0.5355823636054993,0.0,0.0
9.12,-21.785237915140574,-25.672085012798423,9.397915771900278,2.1453476346855234,18.69654817687329,8.212915771900215,20.700552507643764,0,0,25.1,king,0,-1,nan,0.5117731690406799,0.0,0.0
9.14,-21.763436518775514,-25.707007778137594,9.398520360005955,2.058680371730149,18.72357514730439,8.213520360005893,20.7234422853348,0,0,25.1,king,0,-1,nan,0.48796796798706055,0.0,0.0
9.16,-21.742654303926617,-25.740445339377747,9.399038129880505,1.9686537540649496,18.74952758713634,8.214038129880443,20.742980860308112,0,0,25.0,king,0,-1,nan,0.4641609191894531,0.0,0.0
9.18,-21.7229195410708,-25.77240557421913,9.39946937125774,1.878232843138106,18.774414331116994,8.214469371257678,20.76384703220831,0,0,25.0,king,0,-1,nan,0.4403572082519531,0.0,0.0
9.2,-21.704265259475623,-25.802837868622913,9.3997843700154,1.7848011014733973,18.79818977924612,8.214784370015337,20.781188954943527,0,0,25.0,king,0,-1,nan,0.4165481626987457,0.0,0.0
9.22,-21.686709373589448,-25.831764440818137,9.399988187037179,1.6918903995179553,18.820873930662113,8.214988187037116,20.799070769975557,0,0,24.9,king,0,-1,nan,0.3927451968193054,0.0,0.0
9.24,-21.670241787869017,-25.859158681774097,9.400090747117186,1.5981523203240537,18.842432339919558,8.215090747117124,20.814117050553975,0,0,24.9,king,0,-1,nan,0.3689396381378174,0.0,0.0
9.26,-21.654902218378478,-25.885028304880972,9.400108229947817,1.5037786551685117,18.86287799831293,8.215108229947754,20.83065301137306,0,0,24.9,king,0,-1,nan,0.34513652324676514,0.0,0.0
9.28,-21.640669067336056,-25.90939555576242,9.400056198882764,1.4109821148294805,18.882220743156594,8.215056198882701,20.843415153315778,0,0,24.9,king,0,-1,nan,0.3213439881801605,0.0,0.0
9.3,-21.627589549016864,-25.932309097272032,9.399947199083883,1.3192005769887514,18.90051563705353,8.21494719908382,20.85779875872678,0,0,24.9,king,0,-1,nan,0.29755136370658875,0.0,0.0
9.32,-21.615622813674648,-25.953797847071673,9.399768306907132,1.2298385311831823,18.917774336308586,8.21476830690707,20.868375438075926,0,0,24.8,king,0,-1,nan,0.273770809173584,0.0,0.0
9.34,-21.60479597016982,-25.97391081372619,9.399547450165532,1.142147916891619,18.934047349922302,8.214547450165469,20.88072525742959,0,0,24.8,king,0,-1,nan,0.25005364418029785,0.0,0.0
9.36,-21.595058123930976,-25.992661352823472,9.399313494921884,1.0564836734022371,18.949329503389325,8.214313494921822,20.88924406257993,0,0,24.8,king,0,-1,nan,0.22631493210792542,0.0,0.0
9.38,-21.586413802287602,-26.01010832288625,9.399059030120855,0.973634702263302,18.96367526494853,8.214059030120792,20.899601221783595,0,0,24.8,king,0,-1,nan,0.21199125051498413,0.0,0.0
9.4,-21.578781989885186,-26.0262821896353,9.398735169173314,0.8943481034739555,18.97708842671804,8.213735169173251,20.906694050089037,0,0,24.8,king,0,-1,nan,0.20432454347610474,0.0,0.0
9.42,-21.57213995023818,-26.041244349594905,9.398319462486928,0.8187730659014563,18.98961917545293,8.213319462486865,20.91527433801846,0,0,24.7,king,0,-1,nan,0.2008749395608902,0.0,0.0
9.44,-21.566393118218073,-26.05501800983311,9.397767254441797,0.746734103195231,19.001261479257295,8.212767254441735,20.921250373186435,0,0,24.7,king,0,-1,nan,0.19963006675243378,0.0,0.0
9.46,-21.56145112604783,-26.067661169569107,9.39710406105794,0.6795450687502174,19.012044337148353,8.212104061057877,20.928351228518423,0,0,24.7,king,0,-1,nan,0.19937200844287872,0.0,0.0
9.48,-21.55720235328287,-26.079260375857146,9.396395111464823,0.6186603794618184,19.02201870247839,8.21139511146476,20.933364282248053,0,0,24.7,king,0,-1,nan,0.19946947693824768,0.0,0.0
9.5,-21.553583930986466,-26.089868112076996,9.395705837494242,0.5614537964774514,19.031216588886767,8.21070583749418,20.939406263867685,0,0,24.7,king,0,-1,nan,0.19962184131145477,0.0,0.0
9.52,-21.550473012881806,-26.099604945409855,9.395036529919405,0.5121808944004117,19.03971917403671,8.210036529919343,20.942988390936392,0,0,24.7,king,0,-1,nan,0.19977161288261414,0.0,0.0
9.54,-21.54780139390687,-26.10852385312808,9.394401723534491,0.4666032629006804,19.047557968898612,8.209401723534429,20.9478112829471,0,0,24.7,king,0,-1,nan,0.19985473155975342,0.0,0.0
9.56,-21.54545446308249,-26.116718992805172,9.393853666520727,0.4271087833087584,19.054791476505354,8.208853666520664,20.949381683685925,0,0,24.7,king,0,-1,nan,0.19991464912891388,0.0,0.0
9.58,-21.54332063066022,-26.124293543214286,9.393357215039417,0.39425093145045237,19.061487883246652,8.208357215039355,20.953273011232586,0,0,24.7,king,0,-1,nan,0.1999026983976364,0.0,0.0
9.6,-21.541235450725303,-26.131323698637008,9.392895111824808,0.3673710658502056,19.067675063784446,8.207895111824746,20.9552327678295,0,0,24.6,king,0,-1,nan,0.1999269723892212,0.0,0.0
9.62,-21.539082056443547,-26.137924449557175,9.392502982061021,0.34770959648264754,19.073431412880442,8.207502982060959,20.95868248787428,0,0,24.6,king,0,-1,nan,0.19993145763874054,0.0,0.0
9.64,-21.536768767103265,-26.14415799632633,9.392211998733442,0.3327652483060238,19.078791581747012,8.20721199873338,20.960223435950553,0,0,24.6,king,0,-1,nan,0.19995035231113434,0.0,0.0
9.66,-21.53417737576105,-26.150143285052398,9.39196530274109,0.3263427995817143,19.083837617704024,8.206965302741027,20.962616159431345,0,0,24.6,king,0,-1,nan,0.19994378089904785,0.0,0.0
9.68,-21.531232055856055,-26.15594316744114,9.391779318020879,0.32537722485656423,19.088609346577943,8.206779318020816,20.964493387168407,0,0,24.6,king,0,-1,nan,0.19995547831058502,0.0,0.0
9.7,-21.52784807400625,-26.161595994595714,9.391602115034955,0.329534478080423,19.09312068609597,8.206602115034892,20.966449026214164,0,0,24.6,king,0,-1,nan,0.19994637370109558,0.0,0.0
9.72,-21.52398059125901,-26.167191847734475,9.391445415043115,0.3402041667815688,19.097446327394344,8.206445415043053,20.967419417345756,0,0,24.6,king,0,-1,nan,0.19995349645614624,0.0,0.0
9.74,-21.519547934777638,-26.172768258314125,9.391280509135969,0.35627234102897876,19.10160045737228,8.206280509135906,20.970348840026364,0,0,24.6,king,0,-1,nan,0.19995123147964478,0.0,0.0
9.76,-21.51452006903934,-26.178340678238445,9.39107631575039,0.3754097515850227,19.105590243566542,8.206076315750327,20.970906739458805,0,0,24.6,king,0,-1,nan,0.1999632716178894,0.0,0.0
9.78,-21.508879212612538,-26.18394970997134,9.390809492973125,0.39796888258649266,19.10945048327418,8.205809492973062,20.974161205484293,0,0,24.6,king,0,-1,nan,0.19995684921741486,0.0,0.0
9.8,-21.50259171801353,-26.189585368078358,9.390544260560022,0.42238483301573293,19.113163073220253,8.20554426055996,20.974246094672058,0,0,24.6,king,0,-1,nan,0.19993522763252258,0.0,0.0
9.82,-21.495669499582107,-26.19529175532296,9.390296582634733,0.4487240459134066,19.11677444198199,8.20529658263467,20.976817785512964,0,0,24.6,king,0,-1,nan,0.19993120431900024,0.0,0.0
9.84,-21.488083768809613,-26.201050233802217,9.390062917083737,0.47633492769937413,19.120259657485004,8.205062917083675,20.978328622302254,0,0,24.6,king,0,-1,nan,0.19995155930519104,0.0,0.0
9.86,-21.47986044620845,-26.206865111711338,9.389788875024516,0.5037631853138748,19.123630784932526,8.204788875024454,20.980612340768396,0,0,24.6,king,0,-1,nan,0.19993706047534943,0.0,0.0
9.88,-21.47105867903542,-26.212721384011516,9.389443703667768,0.5288813049437138,19.126890281301552,8.204443703667705,20.981807466716443,0,0,24.6,king,0,-1,nan,0.19994980096817017,0.0,0.0
9.9,-21.461671357871015,-26.218631248049988,9.38903151483649,0.5550184484085309,19.13004887037417,8.204031514836426,20.984123703203974,0,0,24.6,king,0,-1,nan,0.19995644688606262,0.0,0.0
9.92,-21.451743061336884,-26.2245747870764,9.3885900150821,0.5789897457236615,19.133100318497057,8.203590015082037,20.985491172918913,0,0,24.6,king,0,-1,nan,0.19997017085552216,0.0,0.0
9.94,-21.441291952295725,-26.230544692328653,9.388179379204608,0.6021504602983435,19.136043383225577,8.203179379204546,20.98768686012883,0,0,24.6,king,0,-1,nan,0.19994977116584778,0.0,0.0
9.96,-21.43039898860485,-26.2365096018985,9.387829887981978,0.6212063833016431,19.13887045257011,8.202829887981915,20.988907457454896,0,0,24.6,king,0,-1,nan,0.19995997846126556,0.0,0.0
9.98,-21.41908569701067,-26.242472915197354,9.387497720761935,0.6396522634552311,19.141591353129453,8.202497720761873,20.99090140746769,0,0,24.5,king,0,-1,nan,0.1999550461769104,0.0,0.0
10.0,-21.407430561678492,-26.24840919872789,9.387160304406892,0.654208475111238,19.144203271487907,8.20216030440683,20.99193813079455,0,0,24.5,king,0,-1,nan,0.1999678611755371,0.0,0.0
10.02,-21.395440827985585,-26.254324009222145,9.38683684648591,0.6686615777738311,19.14671413396071,8.201836846485847,20.99353639662285,0,0,24.5,king,0,-1,nan,0.1999637335538864,0.0,0.0
10.04,-21.3831834272688,-26.260195525720675,9.386553149625458,0.6797040941339081,19.14912129294552,8.201553149625395,20.994273964356335,0,0,24.5,king,0,-1,nan,0.1999712437391281,0.0,0.0
10.06,-21.370679157333164,-26.266004961314678,9.386274227027808,0.6895362687335005,19.151412642968854,8.201274227027746,20.99571329245383,0,0,24.5,king,0,-1,nan,0.1999616026878357,0.0,0.0
10.08,-21.35800700521294,-26.27171272050678,9.385985414683528,0.6950636066637779,19.153571290545404,8.200985414683466,20.996212685189995,0,0,24.5,king,0,-1,nan,0.1999727487564087,0.0,0.0
10.1,-21.34517506569876,-26.277306488472874,9.385718525643117,0.7000359660652329,19.155587770908696,8.200718525643055,20.997609667777137,0,0,24.5,king,0,-1,nan,0.19996431469917297,0.0,0.0
10.12,-21.332256248904898,-26.282753227620073,9.38540869966763,0.7011754181839313,19.15744959668848,8.200408699667568,20.998053246710207,0,0,24.5,king,0,-1,nan,0.19994814693927765,0.0,0.0
10.14,-21.319262444423543,-26.288048023163668,9.385069288725663,0.7017638750598542,19.159155230487176,8.2000692887256,20.99910820729165,0,0,24.5,king,0,-1,nan,0.1999555230140686,0.0,0.0
10.16,-21.3062666058883,-26.293164258398573,9.38470921566073,0.6985651988631425,19.160698082236046,8.199709215660667,20.99922835932181,0,0,24.5,king,0,-1,nan,0.19997230172157288,0.0,0.0
10.18,-21.293272551794068,-26.298098220432717,9.384370970393713,0.6951687439370784,19.16207546113637,8.19937097039365,20.999952872781577,0,0,24.5,king,0,-1,nan,0.19996392726898193,0.0,0.0
10.2,-21.280346660714724,-26.302826594589654,9.384064164029063,0.6883500426898949,19.16328197121221,8.199064164029,20.999827916229563,0,0,24.5,king,0,-1,nan,0.19997556507587433,0.0,0.0
10.22,-21.26748359307299,-26.307352465389545,9.38373393949495,0.6820026830887274,19.16431895178922,8.198733939494888,21.000253820431322,0,0,24.5,king,0,-1,nan,0.19995728135108948,0.0,0.0
10.24,-21.254737937139666,-26.311663367593674,9.383344318522866,0.6730293966204673,19.165188211784674,8.198344318522803,20.999775308055224,0,0,24.5,king,0,-1,nan,0.19996313750743866,0.0,0.0
10.26,-21.2420954111814,-26.315765182293777,9.38291049725536,0.6649183170352287,19.165891399639033,8.197910497255297,20.99980453888693,0,0,24.5,king,0,-1,nan,0.19996902346611023,0.0,0.0
10.28,-21.229602917087693,-26.31964619087754,9.382431872292502,0.654510729789001,19.166428917030387,8.197431872292439,20.99902649656641,0,0,24.5,king,0,-1,nan,0.19998182356357574,0.0,0.0
10.3,-21.21723792983413,-26.323312692925374,9.381934334889309,0.6453365217371779,19.16680066856492,8.196934334889246,20.998731893358105,0,1,24.5,king,0,-1,nan,0.19997933506965637,0.0,0.0
10.32,-21.205036535333747,-26.32676077521554,9.381412767738741,0.6344984860626008,19.167011733210213,8.196412767738678,20.997615472706965,0,1,24.5,king,0,-1,nan,0.1999868005514145,0.0,0.0
10.34,-21.192964183310888,-26.330003727852528,9.380879231069144,0.6255858984731565,19.167065728655885,8.195879231069082,20.996868619795368,0,1,24.5,king,0,-1,nan,0.1999828815460205,0.0,0.0
10.36,-21.18104840065435,-26.333039385031004,9.380321429719178,0.6154515276791637,19.16696721428673,8.195321429719115,20.99534961916661,0,1,24.5,king,0,-1,nan,0.19998663663864136,0.0,0.0
10.38,-21.16924595082106,-26.335881395388096,9.37974336187829,0.6076779726258394,19.166718029842798,8.194743361878228,20.99444118351836,0,1,24.5,king,0,-1,nan,0.19998203217983246,0.0,0.0
10.4,-21.15757614959065,-26.338528625937236,9.379130427696724,0.5990988621432144,19.166321666721156,8.194130427696662,20.992808606942532,0,1,24.5,king,0,-1,nan,0.19998480379581451,0.0,0.0
10.42,-21.14599609729712,-26.34099920784341,9.378486331024432,0.5929086072052409,19.165784503913876,8.193486331024369,20.991440199869345,0,1,24.5,king,0,-1,nan,0.19998139142990112,0.0,0.0
10.44,-21.134525383651763,-26.343297766973816,9.377796829961873,0.5859523387721793,19.165115710223464,8.19279682996181,20.98940928925728,0,1,24.5,king,0,-1,nan,0.19998280704021454,0.0,0.0
10.46,-21.12311278312359,-26.345441767917972,9.377063314242168,0.5817693618935302,19.164319042966522,8.192063314242105,20.98796873082848,0,1,24.5,king,0,-1,nan,0.1999790370464325,0.0,0.0
10.48,-21.111770929969367,-26.3474328372869,9.376356211980235,0.5768491653212638,19.163399073194313,8.191356211980173,20.98595617066793,0,1,24.5,king,0,-1,nan,0.19996151328086853,0.0,0.0
10.5,-21.100450762365167,-26.349293945444156,9.375708891005251,0.574519239462049,19.162365575684948,8.190708891005189,20.98420894094186,0,1,24.5,king,0,-1,nan,0.19995491206645966,0.0,0.0
10.52,-21.089167803153565,-26.351037695102118,9.37510254046965,0.5716500074616083,19.16123453409261,8.190102540469587,20.9819773312453,0,1,24.5,king,0,-1,nan,0.1999727040529251,0.0,0.0
10.54,-21.07786372611131,-26.35268742066607,9.374515825708304,0.5719440235388927,19.16001390779195,8.189515825708241,20.97990237288725,0,1,24.5,king,0,-1,nan,0.1999754160642624,0.0,0.0
10.56,-21.06654540593826,-26.354255346395213,9.373922595396564,0.5720897762470857,19.158717241743698,8.188922595396502,20.977416511057108,0,1,24.5,king,0,-1,nan,0.1999804824590683,0.0,0.0
10.58,-21.05516727735346,-26.355748026492197,9.373314199586552,0.5745869155877419,19.15733958071231,8.18831419958649,20.97526234079271,0,1,24.5,king,0,-1,nan,0.19997842609882355,0.0,0.0
10.6,-21.043748572617872,-26.357163197156595,9.37266992496865,0.5762044247295753,19.15588355883404,8.187669924968587,20.972730291386114,0,1,24.5,king,0,-1,nan,0.19998204708099365,0.0,0.0
10.62,-21.03224173656993,-26.35851011759844,9.371986504708048,0.5802769463012444,19.15434645382185,8.186986504707985,20.970448708176047,0,1,24.5,king,0,-1,nan,0.19997985661029816,0.0,0.0
10.64,-21.020663243653246,-26.359790394770034,9.371259787408208,0.5835853105837316,19.152734003038635,8.186259787408146,20.967846359488306,0,1,24.5,king,0,-1,nan,0.19998420774936676,0.0,0.0
10.66,-21.008975069160652,-26.36101021886045,9.37050128797092,0.5888053905520723,19.151042967882564,8.185501287970858,20.965269825537224,0,1,24.5,king,0,-1,nan,0.19998033344745636,0.0,0.0
10.68,-20.99720387131897,-26.36217013655571,9.36970320470415,0.5927551024422276,19.14928057686926,8.184703204704087,20.962424133443776,0,1,24.5,king,0,-1,nan,0.19998477399349213,0.0,0.0
10.7,-20.985307032407764,-26.36327110772143,9.368869362261972,0.5988368033222211,19.14743746935308,8.183869362261909,20.959954977565033,0,1,24.5,king,0,-1,nan,0.1999811828136444,0.0,0.0
10.72,-20.97330609143581,-26.364309224507966,9.368014143878131,0.6038039192463013,19.14551530629385,8.183014143878069,20.957273534255616,0,1,24.5,king,0,-1,nan,0.19998733699321747,0.0,0.0
10.74,-20.961192825889146,-26.365279786482404,9.367084911803067,0.6093780948629306,19.143507690787345,8.182084911803004,20.954528592485204,0,1,24.5,king,0,-1,nan,0.19995558261871338,0.0,0.0
10.76,-20.949023592228436,-26.366177125930843,9.365977355555968,0.6126217161004821,19.1414229688899,8.180977355555905,20.951537668050438,0,1,24.5,king,0,-1,nan,0.1998586356639862,0.0,0.0
10.78,-20.936785252311147,-26.366998336048635,9.36452855106137,0.617556443679896,19.139255212953465,8.179528551061308,20.948277860597432,0,1,24.5,king,0,-1,nan,0.1995977759361267,0.0,0.0
10.8,-20.924522195623602,-26.36774058060963,9.362557295979322,0.6221320858723857,19.13701247683881,8.177557295979259,20.944664964033723,0,1,24.5,king,0,-1,nan,0.19923938810825348,0.0,0.0
10.82,-20.91221826016664,-26.36840355411147,9.359802506046044,0.6312987192481615,19.134690585807302,8.174802506045982,20.941620483196544,0,1,24.5,king,0,-1,nan,0.19693470001220703,0.0,0.0
10.84,-20.89990438350977,-26.368985632583065,9.356094123955767,0.6436662011383628,19.132295432836084,8.171094123955704,20.937294684823993,0,1,24.5,king,0,-1,nan,0.19688068330287933,0.0,0.0
10.86,-20.88761054194724,-26.369484902905302,9.351516738197358,0.6563921686015552,19.129832323284575,8.166516738197295,20.93328591339688,0,1,24.5,king,0,-1,nan,0.19819824397563934,0.0,0.0
10.88,-20.87539467146475,-26.369880132162734,9.346259684123101,0.6652449085685266,19.12729440640966,8.161259684123038,20.92826669802074,0,1,24.5,king,0,-1,nan,0.1992790251970291,0.0,0.0
10.9,-20.86328844504046,-26.370166921926437,9.34054849334205,0.6694413094929909,19.124684771400513,8.155548493341987,20.92290438632849,0,1,24.5,king,0,-1,nan,0.1998305767774582,0.0,0.0
10.92,-20.851360821824947,-26.37032854719508,9.334543318854934,0.667750774839319,19.122003319850098,8.149543318854871,20.91767253617966,0,1,24.4,king,0,-1,nan,0.20003603398799896,0.0,0.0
10.94,-20.839618015116958,-26.370343623640668,9.32837445263338,0.6632281793241016,19.119230382671528,8.143374452633317,20.912109546149445,0,1,24.4,king,0,-1,nan,0.20006611943244934,0.0,0.0
10.96,-20.828095170479756,-26.370226013801563,9.3221085856262,0.6558408152116398,19.116387361220493,8.137108585626137,20.90650688531466,0,1,24.4,king,0,-1,nan,0.2000567764043808,0.0,0.0
10.98,-20.816769174539584,-26.369974520935628,9.315799590249778,0.6483534054783309,19.113467211768928,8.130799590249715,20.900644333006074,0,1,24.4,king,0,-1,nan,0.20002596080303192,0.0,0.0
11.0,-20.805678168041705,-26.369595307288506,9.309458165653904,0.6390772528249478,19.110484522694293,8.124458165653841,20.89481949257279,0,1,24.4,king,0,-1,nan,0.20001164078712463,0.0,0.0
11.02,-20.794788406209598,-26.369085687755568,9.303103859678824,0.6309196249390419,19.107428326568336,8.118103859678762,20.8887011828035,0,1,24.4,king,0,-1,nan,0.19999617338180542,0.0,0.0
11.04,-20.784129093324403,-26.36845098728839,9.296727340178183,0.6218597044542632,19.104310275837566,8.11172734017812,20.882667755546343,0,1,24.4,king,0,-1,nan,0.1999931037425995,0.0,0.0
11.06,-20.773657548525453,-26.367685914096423,9.290333140660538,0.6146632715092156,19.101114840098806,8.105333140660475,20.876232033149744,0,1,24.4,king,0,-1,nan,0.1999882608652115,0.0,0.0
11.08,-20.763394730688322,-26.366793878494683,9.283908865325923,0.6070265048740716,19.097849894638525,8.09890886532586,20.869916937170846,0,1,24.3,king,0,-1,nan,0.19998779892921448,0.0,0.0
11.1,-20.75329041649037,-26.365766396958186,9.27745407197268,0.6017001764829869,19.094495138573844,8.092454071972618,20.863786316753,0,1,24.3,king,0,-1,nan,0.19998542964458466,0.0,0.0
11.12,-20.74335823598137,-26.364604394950728,9.270961688196085,0.5961323373029543,19.091054362556513,8.085961688196022,20.857810122946,0,1,24.3,king,0,-1,nan,0.19998596608638763,0.0,0.0
11.14,-20.733556429291824,-26.363315041341792,9.264441156407896,0.5921469030334934,19.087524563741795,8.079441156407833,20.851362911830375,0,1,24.3,king,0,-1,nan,0.19998200237751007,0.0,0.0
11.16,-20.7239057182922,-26.36191688475657,9.25788320416989,0.5875751062438762,19.08392835905444,8.072883204169827,20.8451425397698,0,1,24.3,king,0,-1,nan,0.1999836564064026,0.0,0.0
11.18,-20.714356078333054,-26.360413390733267,9.251292056299903,0.585019973743407,19.080257320840506,8.06629205629984,20.838349091190334,0,1,24.3,king,0,-1,nan,0.1999814212322235,0.0,0.0
11.2,-20.704920057776143,-26.358820205672938,9.244658367105563,0.5821996112030886,19.076529397077934,8.0596583671055,20.831847255342623,0,1,24.3,king,0,-1,nan,0.19998155534267426,0.0,0.0
11.22,-20.695540173024835,-26.35713675197601,9.237982525284739,0.5817712572699898,19.07273061792054,8.052982525284676,20.824722935408037,0,1,24.3,king,0,-1,nan,0.19997918605804443,0.0,0.0
11.24,-20.686221405300003,-26.355375486454058,9.23125543535871,0.5813674118426669,19.068874149967804,8.046255435358647,20.817949079291157,0,1,24.2,king,0,-1,nan,0.199981689453125,0.0,0.0
11.26,-20.676914234332212,-26.35352304002029,9.224479843428474,0.5830172279160349,19.064935525122916,8.039479843428412,20.811001150089954,0,1,24.2,king,0,-1,nan,0.19998350739479065,0.0,0.0
11.28,-20.6676315542384,-26.351580647098885,9.217653056630422,0.5842646189253936,19.060918853888474,8.032653056630359,20.804434405764415,0,1,24.2,king,0,-1,nan,0.19998592138290405,0.0,0.0
11.3,-20.65832769737444,-26.34954718007892,9.210782644858476,0.5871526602648686,19.056812552100993,8.025782644858413,20.797096560065917,0,1,24.2,king,0,-1,nan,0.19998398423194885,0.0,0.0
11.32,-20.649018687674467,-26.34743753597335,9.203872401778353,0.58919376963935,19.05263477910254,8.01887240177829,20.790213994135883,0,1,24.2,king,0,-1,nan,0.19998900592327118,0.0,0.0
11.34,-20.639675107957846,-26.345234475644542,9.196937493072612,0.5921336747098784,19.048362041668994,8.01193749307255,20.782559447897942,0,1,24.2,king,0,-1,nan,0.19998855888843536,0.0,0.0
11.36,-20.630329857801126,-26.342939108440504,9.18997474872522,0.5938901833255913,19.044002909166373,8.004974748725157,20.775389543699827,0,1,24.2,king,0,-1,nan,0.19999226927757263,0.0,0.0
11.38,-20.62094648113965,-26.34053017107655,9.18298947533791,0.5971699529656677,19.039528386824276,7.997989475337849,20.768372807124834,0,1,24.2,king,0,-1,nan,0.19999079406261444,0.0,0.0
11.4,-20.611550650586054,-26.338005481348745,9.17598620510967,0.5993777688223206,19.034942173336876,7.990986205109608,20.76163709455544,0,1,24.1,king,0,-1,nan,0.19999200105667114,0.0,0.0
11.42,-20.602118955534955,-26.335374438807897,9.168983314421078,0.6019130634590636,19.030248125050523,7.983983314421017,20.754036701567166,0,1,24.1,king,0,-1,nan,0.19998399913311005,0.0,0.0
11.44,-20.592685549271838,-26.332659188892105,9.16197546278085,0.6030582899721669,19.02547552998015,7.976975462780788,20.74703793039324,0,1,24.1,king,0,-1,nan,0.1999872773885727,0.0,0.0
11.46,-20.583215547732753,-26.329856207462715,9.154966854670066,0.6055126375525616,19.020613090150945,7.969966854670004,20.739089029209897,0,1,24.1,king,0,-1,nan,0.19998306035995483,0.0,0.0
11.48,-20.57373518390625,-26.326983902918027,9.147959781039036,0.6066846638719006,19.015684655829563,7.9629597810389745,20.731817908420645,0,1,24.1,king,0,-1,nan,0.19998937845230103,0.0,0.0
11.5,-20.56422851440786,-26.324024356571037,9.140951626153042,0.6087896074132281,19.010669188355386,7.95595162615298,20.723581854110698,0,1,24.1,king,0,-1,nan,0.18906302750110626,0.0,0.0
11.52,-20.55474068723257,-26.320983457975633,9.13394408571925,0.6090393084746973,19.00558253125811,7.948944085719188,20.716059928141927,0,1,24.1,king,0,-1,nan,0.17886723577976227,0.0,0.0
11.54,-20.54527137804624,-26.317830969592094,9.126940244052609,0.6096306208804808,19.000395090335697,7.941940244052547,20.70749231320216,0,1,24.1,king,0,-1,nan,0.17051562666893005,0.0,0.0
11.56,-20.53588132408028,-26.314562439279605,9.119943563312953,0.6078855674796088,18.99511599388447,7.934943563312891,20.6999973627508,0,1,24.0,king,0,-1,nan,0.1651773452758789,0.0,0.0
11.58,-20.52665731960249,-26.311113946175,9.112946323805389,0.6040192961012674,18.98970207369646,7.927946323805327,20.691429778667057,0,1,24.0,king,0,-1,nan,0.1630873829126358,0.0,0.0
11.6,-20.5176576075768,-26.30749179631792,9.105944863878713,0.598195677093302,18.98417213899054,7.920944863878652,20.68357570053477,0,1,24.0,king,0,-1,nan,0.16475485265254974,0.0,0.0
11.62,-20.508967762241856,-26.303643334554046,9.098929598778081,0.5906310488059405,18.97849346934218,7.91392959877802,20.674649297576487,0,1,24.0,king,0,-1,nan,0.17016200721263885,0.0,0.0
11.64,-20.500729452192157,-26.29955000801624,9.091851843728579,0.580344059935183,18.9726788668716,7.906851843728517,20.66636907622824,0,1,24.0,king,0,-1,nan,0.17915891110897064,0.0,0.0
11.66,-20.49308182252366,-26.295123137589684,9.0851468712426,0.5546171593039336,18.966671998186282,7.900146871242538,20.65786923583384,0,1,24.0,king,0,-1,nan,0.17085358500480652,0.0,0.0
11.68,-20.48623186455131,-26.290312867315492,9.079106555024541,0.51610571675738,18.960469198691207,7.8941065550244796,20.650677758383015,0,1,24.0,king,0,-1,nan,0.16301041841506958,0.0,0.0
11.7,-20.48031716755395,-26.28506662789863,9.073927775190848,0.4725633004041328,18.954048721684767,7.888927775190786,20.64259540460108,0,1,24.0,king,0,-1,nan,0.15676842629909515,0.0,0.0
11.72,-20.47542329721385,-26.27942927361403,9.069752464220432,0.4276767235173907,18.947472413652743,7.88475246422037,20.63508932100019,0,1,24.0,king,0,-1,nan,0.15366694331169128,0.0,0.0
11.74,-20.471671779388053,-26.273369332956815,9.066647672307504,0.38870457801790465,18.940735692792654,7.881647672307442,20.62794166071058,0,1,24.0,king,0,-1,nan,0.15403947234153748,0.0,0.0
11.76,-20.469117647008144,-26.266903611306734,9.064668990043346,0.3614012042484632,18.933866607721328,7.879668990043284,20.62028671191151,0,1,24.0,king,0,-1,nan,0.15783607959747314,0.0,0.0
11.78,-20.467735596585555,-26.26005243252295,9.063867051018446,0.3517521154790658,18.926879208818303,7.878867051018385,20.61464036700907,0,1,24.0,king,0,-1,nan,0.16507163643836975,0.0,0.0
11.8,-20.467560955546265,-26.252792191718303,9.06425471143635,0.3636340077387856,18.919758269518194,7.879254711436288,20.607663412399877,0,1,24.0,king,0,-1,nan,0.1748330444097519,0.0,0.0
11.82,-20.468566566045435,-26.245189388207624,9.065816349680203,0.391320162088283,18.91256296906199,7.880816349680141,20.602692369281513,0,1,24.0,king,0,-1,nan,0.18607881665229797,0.0,0.0
11.84,-20.470714918274528,-26.23723396871871,9.068379494754959,0.43149110425112097,18.90527575562292,7.883379494754897,20.596360628949654,0,1,24.0,king,0,-1,nan,0.19352950155735016,0.0,0.0
11.86,-20.473899773936616,-26.229002146074624,9.071704413105476,0.47159646857658233,18.89794826645839,7.886704413105414,20.591769428230258,0,1,24.0,king,0,-1,nan,0.1977023482322693,0.0,0.0
11.88,-20.47807698533349,-26.22047975599331,9.075568045100804,0.5123667630408469,18.890557776596445,7.890568045100742,20.586497617797644,0,1,24.1,king,0,-1,nan,0.1995931714773178,0.0,0.0
11.9,-20.483172366572184,-26.211718179757035,9.07982969705677,0.549749500921747,18.8831389637701,7.894829697056708,20.58283151930307,0,1,24.1,king,0,-1,nan,0.20024240016937256,0.0,0.0
11.92,-20.489061129698992,-26.202738655609064,9.084401086544187,0.5835387453573817,18.875685930094747,7.899401086544125,20.578013026474544,0,1,24.1,king,0,-1,nan,0.2003421038389206,0.0,0.0
11.94,-20.49569877604387,-26.193609017683396,9.089224191898255,0.6137405455685528,18.86825595031227,7.9042241918981935,20.574738349934353,0,1,24.1,king,0,-1,nan,0.2002543807029724,0.0,0.0
11.96,-20.50298426487483,-26.18434969889504,9.094270070328474,0.6408475268404745,18.8608474995743,7.909270070328412,20.570369717761544,0,1,24.1,king,0,-1,nan,0.20014041662216187,0.0,0.0
11.98,-20.510885952750648,-26.17502924732106,9.099518476936492,0.6649309376786474,18.853521310654994,7.91451847693643,20.567458615862627,0,1,24.2,king,0,-1,nan,0.20005296170711517,0.0,0.0
12.0,-20.519304464939214,-26.16567146380448,9.104886120866059,0.6841985478771094,18.84627932990194,7.919886120865997,20.563465278011556,0,1,24.2,king+tour,1,0,8.406121639124768,0.2000076323747635,0.0,0.0
12.02,-20.528140491095858,-26.15634878172318,9.110119215818106,0.6934930464809891,18.839170739670177,7.925119215818044,20.560315176352326,0,1,24.2,king+tour,1,0,8.402519813041925,0.19949840009212494,0.0,0.0
12.04,-20.537284949697433,-26.147083725946338,9.115151134249407,0.6978226579210821,18.832193669487676,7.930151134249345,20.556103410767374,0,1,24.2,king+tour,1,0,8.398635587813057,0.19960400462150574,0.0,0.0
12.06,-20.54667473215464,-26.137919599252548,9.11980053731751,0.6959996076564111,18.825376605559637,7.9348005373174475,20.552362252421474,0,1,24.2,king+tour,1,0,8.394505498845048,0.19938062131404877,0.0,0.0
12.08,-20.556213609110372,-26.1288613294847,9.124002400595252,0.6904673775215758,18.818703011038018,7.93900240059519,20.547563837228182,0,1,24.3,king+tour,1,0,8.39021277677465,0.1994783878326416,0.0,0.0
12.1,-20.5658484259697,-26.119924285050036,9.127574329242902,0.6809169064648805,18.812176046796356,7.942574329242841,20.543761562724143,0,1,24.3,king+tour,1,0,8.385797349054032,0.1990809291601181,0.0,0.0
12.12,-20.575512454656973,-26.11109152096518,9.130541732228538,0.6712239796191796,18.805764189838325,7.9455417322284765,20.53889915385233,0,1,24.3,king+tour,1,0,8.381325937419607,0.19944679737091064,0.0,0.0
12.14,-20.585181073939154,-26.102382124914847,9.132861136637455,0.6608997942150563,18.79948043906246,7.9478611366373935,20.534152448444946,0,1,24.3,king+tour,1,0,8.376811135894938,0.19949866831302643,0.0,0.0
12.16,-20.594791530552968,-26.09378431167452,9.134620487964433,0.6507276425919868,18.793298965019968,7.9496204879643715,20.52845091568292,0,1,24.3,king+tour,1,0,8.37231350820609,0.19977885484695435,0.0,0.0
12.18,-20.604319907976315,-26.085297564265474,9.135855196074282,0.6409745744239679,18.78721365173203,7.95085519607422,20.52350012609592,0,1,24.3,king+tour,1,0,8.36785391745705,0.19984672963619232,0.0,0.0
12.2,-20.61374314820569,-26.07688149331142,9.136660626252791,0.6330016281508252,18.781179716235776,7.951660626252729,20.51782580177827,0,1,24.3,king+tour,1,0,8.363471115404229,0.1999596804380417,0.0,0.0
12.22,-20.623052082545676,-26.068534709195358,9.13705779376887,0.625465438018294,18.775193494381863,7.952057793768808,20.512996416067942,0,1,24.3,king+tour,1,0,8.359173398706078,0.19992004334926605,0.0,0.0
12.24,-20.632227215283546,-26.060221345312993,9.137188913218605,0.6190966647225845,18.769215375092767,7.952188913218543,20.507279960314094,0,1,24.3,king+tour,1,0,8.354994413830319,0.19997712969779968,0.0,0.0
12.26,-20.641294499041237,-26.051949922169275,9.137070737507647,0.6136897446258472,18.763259411099636,7.952070737507586,20.502452732135097,0,1,24.4,king+tour,1,0,8.350906900864118,0.1999528706073761,0.0,0.0
12.28,-20.6502358056348,-26.043686939638032,9.136822366925198,0.6088627346495389,18.757288624089103,7.951822366925136,20.49678793675171,0,1,24.4,king+tour,1,0,8.346942358993706,0.1999635547399521,0.0,0.0
12.3,-20.65908349417724,-26.035448511298362,9.13642839912618,0.6047902625674039,18.75132599319606,7.951428399126118,20.49203166216982,0,1,24.4,king+tour,1,0,8.343064404163943,0.19994017481803894,0.0,0.0
12.32,-20.667824944009148,-26.027205724358726,9.135979390108695,0.6011615647931389,18.745340305568348,7.950979390108633,20.486478073949105,0,1,24.4,king+tour,1,0,8.339297656773173,0.19994820654392242,0.0,0.0
12.34,-20.67649625462917,-26.01898275201384,9.135518084271704,0.5979584122849577,18.73936332121862,7.950518084271642,20.48189554954328,0,1,24.4,king+tour,1,0,8.33559868499101,0.19995518028736115,0.0,0.0
12.36,-20.685089389763423,-26.010756034323702,9.135147507389608,0.5951012153706516,18.733370139299147,7.950147507389546,20.476587954538807,0,1,24.4,king+tour,1,0,8.33198563689571,0.19991208612918854,0.0,0.0
12.38,-20.693646392160268,-26.002559070262134,9.134895390577903,0.5926130118656028,18.727403057408136,7.949895390577841,20.472299502175687,0,1,24.4,king+tour,1,0,8.328405431385782,0.19992630183696747,0.0,0.0
12.4,-20.70216427252126,-25.994374566758232,9.134836064744157,0.5906435113588215,18.721444500357627,7.949836064744095,20.46735355875649,0,1,24.4,king+tour,1,0,8.324868852822755,0.1998893916606903,0.0,0.0
12.42,-20.710689633582906,-25.986244683663106,9.134883279904175,0.5890225157903797,18.715546349027694,7.949883279904113,20.463478706121432,0,1,24.4,king+tour,1,0,8.321314641171695,0.19992439448833466,0.0,0.0
12.44,-20.719223998744052,-25.97815952327776,9.135063076914667,0.5878722950725149,18.7096993403892,7.9500630769146055,20.458976317314818,0,1,24.4,king+tour,1,0,8.317746088975422,0.19993621110916138,0.0,0.0
12.46,-20.727815762484248,-25.97016907885851,9.135355558807372,0.5868371832161751,18.703963492781607,7.950355558807311,20.454821158877554,0,1,24.4,king+tour,1,0,8.314096513594283,0.19995121657848358,0.0,0.0
12.48,-20.73647116315507,-25.962272086610778,9.135829743851662,0.5863090029785625,18.698339116356717,7.9508297438516005,20.450105632918632,0,1,24.4,king+tour,1,0,8.310360874609499,0.1999054104089737,0.0,0.0
12.5,-20.74520779146073,-25.954496583860404,9.136402632885119,0.5854812529384906,18.692857694096457,7.951402632885057,20.446497918862423,0,1,24.4,king+tour,1,0,8.30650996984168,0.19993115961551666,0.0,0.0
12.52,-20.75400368734086,-25.946818089747108,9.137107855352793,0.5848598013859946,18.687490310278307,7.952107855352732,20.442343969590844,0,1,24.4,king+tour,1,0,8.3025746705869,0.19993111491203308,0.0,0.0
12.54,-20.762878831381737,-25.939271245237922,9.137855995017997,0.583701029532291,18.682275434366314,7.952855995017935,20.439242825401365,0,1,24.4,king+tour,1,0,8.298520399987828,0.199934184551239,0.0,0.0
12.56,-20.77181560020551,-25.93183903988204,9.13868666236003,0.5826523871372402,18.677192416976222,7.953686662359968,20.435616689923318,0,1,24.5,king+tour,1,0,8.294370579788458,0.19993552565574646,0.0,0.0
12.58,-20.7808381108673,-25.924565966976985,9.139601685708218,0.5812498512947663,18.67229029342118,7.954601685708156,20.432308173034386,0,1,24.5,king+tour,1,0,8.290082082767832,0.19994378089904785,0.0,0.0
12.6,-20.78993119066455,-25.91744056617459,9.140593080414229,0.5797376567401287,18.667554375569832,7.955593080414167,20.428534461967793,0,1,24.5,king+tour,1,0,8.28567340450182,0.1999673843383789,0.0,0.0
12.62,-20.799125237783375,-25.910482979492688,9.141632762851794,0.5788338587849379,18.66301159119696,7.956632762851732,20.425797862786233,0,1,24.5,king+tour,1,0,8.281107824569569,0.1999739706516266,0.0,0.0
12.64,-20.80841384230208,-25.90365794165962,9.142695671221343,0.5787682816330213,18.658626272923964,7.957695671221281,20.422594010604005,0,1,24.5,king+tour,1,0,8.276408020543732,0.19998405873775482,0.0,0.0
12.66,-20.81782948877135,-25.89699373889633,9.143752441172849,0.5791864113454398,18.65443383009024,7.958752441172787,20.420246031737594,0,1,24.5,king+tour,1,0,8.271531516655083,0.19998060166835785,0.0,0.0
12.68,-20.827370453272746,-25.89046445833425,9.144804108141944,0.5804470511793858,18.650408854834147,7.959804108141882,20.41744223879288,0,1,24.5,king+tour,1,0,8.266492423198537,0.1999862790107727,0.0,0.0
12.7,-20.83704415503113,-25.88409858150182,9.145850376114026,0.5813767501053079,18.64658093692936,7.960850376113965,20.415604286804747,0,1,24.5,king+tour,1,0,8.26126993408211,0.19998082518577576,0.0,0.0
12.72,-20.846824668632443,-25.877868176824325,9.146897716519776,0.5821797632097565,18.642916832523277,7.961897716519714,20.41334030705985,0,1,24.5,king+tour,1,0,8.255900198580587,0.19998560845851898,0.0,0.0
12.74,-20.85672186586236,-25.871809808380842,9.147948279792898,0.5825848101257621,18.639454538245676,7.962948279792836,20.411526690089527,0,1,24.5,king+tour,1,0,8.250356159574538,0.19998018443584442,0.0,0.0
12.76,-20.86671306768526,-25.865902628406765,9.149005890125958,0.5827465759843894,18.63616842123006,7.964005890125896,20.409334581978204,0,1,24.5,king+tour,1,0,8.244667581931143,0.19998608529567719,0.0,0.0
12.78,-20.87681453664668,-25.860171846881762,9.150064080608031,0.5830979745338559,18.633087010848,7.965064080607969,20.408110530662643,0,1,24.5,king+tour,1,0,8.238807455128345,0.19998201727867126,0.0,0.0
12.8,-20.887011784760748,-25.854584983281967,9.15112238094226,0.5837741720476861,18.630175379663232,7.966122380942198,20.406529487781732,0,1,24.5,king+tour,1,0,8.232804322402169,0.19998683035373688,0.0,0.0
12.82,-20.89732300640791,-25.849175251840446,9.15217368261958,0.5845761741274207,18.62747030888802,7.967173682619518,20.405674728639674,0,1,24.5,king+tour,1,0,8.226625466449546,0.19998107850551605,0.0,0.0
12.84,-20.90773699259792,-25.84391802614385,9.153225059062073,0.5856511820497199,18.624945291247478,7.968225059062012,20.40448779666941,0,1,24.6,king+tour,1,0,8.220292691843524,0.19998598098754883,0.0,0.0
12.86,-20.91825638224989,-25.83884732822721,9.154278633239246,0.5862583785299241,18.622634059035303,7.969278633239184,20.403405043747348,0,1,24.6,king+tour,1,0,8.213786229586587,0.19998076558113098,0.0,0.0
12.88,-20.928855364269015,-25.833937541984714,9.155338267087188,0.586445318594236,18.620505496486288,7.970338267087127,20.40204354425339,0,1,24.6,king+tour,1,0,8.207140967688531,0.19998669624328613,0.0,0.0
12.9,-20.93954518548436,-25.829196710950256,9.156313030394982,0.586723785139769,18.618570264053826,7.97131303039492,20.401494914106078,0,1,24.6,king+tour,1,0,8.200342813795363,0.19992509484291077,0.0,0.0
12.92,-20.950314679295186,-25.82457949272263,9.157254838337725,0.5877663296412645,18.616781754898074,7.972254838337663,20.40065948904763,0,1,24.6,king+tour,1,0,8.193424164142446,0.1999426782131195,0.0,0.0
12.94,-20.961177462083423,-25.820103136718803,9.15810567831142,0.5889858691816768,18.61516016380753,7.9731056783113585,20.400504005634314,0,1,24.6,king+tour,1,0,8.186364303398081,0.1999228298664093,0.0,0.0
12.96,-20.972125734415904,-25.815729754626147,9.158934013629786,0.5909257089393857,18.613666962356902,7.973934013629724,20.400078947620816,0,1,24.6,king+tour,1,0,8.179189090562716,0.19993601739406586,0.0,0.0
12.98,-20.983173035577444,-25.81148433431581,9.15968745589339,0.5929463125143296,18.61232984789828,7.974687455893329,20.400157338430386,0,1,24.6,king+tour,1,0,8.171873966865208,0.19992701709270477,0.0,0.0
13.0,-20.994310519550915,-25.80733356815018,9.160360639512128,0.5952427765323881,18.611114480967547,7.975360639512066,20.39995943095603,0,1,24.6,king+tour,1,0,8.164443453489973,0.1999502182006836,0.0,0.0
13.02,-21.005537455921623,-25.803302927591908,9.160963250038836,0.5971877908766517,18.610045445679773,7.975963250038775,20.40043643313743,0,1,24.6,king+tour,1,0,8.156884981294883,0.19996377825737,0.0,0.0
13.04,-21.016831356083525,-25.79935804250402,9.16151842299647,0.5987957002111549,18.60908390791931,7.976518422996409,20.400671199777506,0,1,24.6,king+tour,1,0,8.14923537299383,0.19998013973236084,0.0,0.0
13.06,-21.028192754232087,-25.795532820873163,9.162047604178932,0.5999869188974175,18.608262885536572,7.97704760417887,20.401509117752454,0,1,24.6,king+tour,1,0,8.141476557265072,0.1999792605638504,0.0,0.0
13.08,-21.039600790102117,-25.791799638147253,9.162569580763918,0.6007337081273514,18.60755042492913,7.9775695807638565,20.402148153437267,0,1,24.6,king+tour,1,0,8.13364047930843,0.19998596608638763,0.0,0.0
13.1,-21.05105636601892,-25.788200753217804,9.163093633020676,0.6009509611625039,18.606987661030477,7.978093633020614,20.402640157516746,0,1,24.6,king+tour,1,0,8.125704309377818,0.1999809443950653,0.0,0.0
13.12,-21.062539916441803,-25.784715673931814,9.163626305333972,0.6006276877939799,18.60654980474354,7.97862630533391,20.40299836071806,0,1,24.6,king+tour,1,0,8.117695138434273,0.19998693466186523,0.0,0.0
13.14,-21.074067035171044,-25.781363534969838,9.164160502881334,0.6008258250899678,18.60625934425517,7.979160502881272,20.403911619667355,0,1,24.6,king+tour,1,0,8.109589450606398,0.199981689453125,0.0,0.0
13.16,-21.085634990371737,-25.778100838627417,9.16468842862947,0.6015427676891142,18.606073555576877,7.979688428629408,20.404694543617378,0,0,24.6,king+tour,1,0,8.101411976635317,0.19998693466186523,0.0,0.0
13.18,-21.097259802202878,-25.774955287349883,9.165197787357327,0.6026819004719932,18.606023364277785,7.980197787357265,20.40587137450975,0,0,24.6,king+tour,1,0,8.093134439892678,0.19998186826705933,0.0,0.0
13.2,-21.108940744696252,-25.77189245431704,9.165697607445237,0.6043078351321913,18.60607537094907,7.980697607445175,20.406934256547338,0,0,24.6,king+tour,1,0,8.084775264530773,0.19998691976070404,0.0,0.0
13.22,-21.12067559591565,-25.768936094964435,9.166193487177802,0.6055837895624148,18.60625201119606,7.98119348717774,20.408468399351708,0,0,24.6,king+tour,1,0,8.076323793974913,0.19998082518577576,0.0,0.0
13.24,-21.132446632187463,-25.766046212640443,9.166693396607213,0.6065447720417055,18.60651010785175,7.9816933966071515,20.409909104200068,0,0,24.6,king+tour,1,0,8.067815933277707,0.19998584687709808,0.0,0.0
13.26,-21.144250763402443,-25.76325293427485,9.167119924073996,0.606881049811412,18.60687798264927,7.982119924073934,20.411740176419244,0,0,24.6,king+tour,1,0,8.059238381760318,0.1999366283416748,0.0,0.0
13.28,-21.15607233378281,-25.76052555633947,9.167535555434576,0.6069614198782928,18.607321925840512,7.982535555434514,20.413494734068607,0,0,24.6,king+tour,1,0,8.050620439373839,0.19994178414344788,0.0,0.0
13.3,-21.167908468687145,-25.75790219987369,9.167890941530878,0.6064288661863714,18.60787798231637,7.982890941530816,20.415683068971042,0,0,24.6,king+tour,1,0,8.041944319508392,0.19993413984775543,0.0,0.0
13.32,-21.17974402133735,-25.755359854143634,9.168263861154095,0.6055635750940354,18.60851995150055,7.983263861154033,20.41783845444687,0,0,24.6,king+tour,1,0,8.033234814338442,0.19993038475513458,0.0,0.0
13.34,-21.191575575702437,-25.75294421535421,9.16860449688648,0.6040219825411732,18.60929098710036,7.983604496886419,20.4196517935291,0,0,24.6,king+tour,1,0,8.024470448525864,0.19993281364440918,0.0,0.0
13.36,-21.20338786364545,-25.75063928392311,9.168978793029657,0.6020443358954874,18.61017156284912,7.983978793029595,20.421497100116092,0,0,24.6,king+tour,1,0,8.015672337825409,0.1999359428882599,0.0,0.0
13.38,-21.21519418909014,-25.748470495102872,9.169320477311176,0.6004367443807059,18.61118962890051,7.9843204773111145,20.42373039092948,0,0,24.6,king+tour,1,0,8.006815410808908,0.19992712140083313,0.0,0.0
13.4,-21.22699805090769,-25.746402263732694,9.16968478661929,0.5994611248453837,18.612311709620553,7.984684786619229,20.426007915912706,0,0,24.6,king+tour,1,0,7.997915297400104,0.19993750751018524,0.0,0.0
13.42,-21.238811597919003,-25.744468092745596,9.170004036360755,0.5987546049787471,18.61357327253103,7.985004036360693,20.428376167320938,0,0,24.6,king+tour,1,1,6.982609650771124,0.19988828897476196,0.0,0.0
13.44,-21.25063845742162,-25.742639007222177,9.170276925414704,0.5985286709556414,18.614947295090865,7.9852769254146425,20.427840602200256,0,0,24.6,king+tour,1,2,27.75275773335942,0.18753601610660553,0.0,0.0
13.46,-21.262471589876384,-25.740941685873718,9.17050559907709,0.5978214932064614,18.616457588753583,7.985505599077029,20.427679152559005,0,0,24.6,king+tour,1,2,27.750744022003907,0.17590895295143127,0.0,0.0
13.48,-21.274296903176186,-25.73933134863038,9.170716023333924,0.5968155055031933,18.618057179583705,7.985716023333862,20.42748320413588,0,0,24.6,king+tour,1,2,27.7488224732843,0.16579551994800568,0.0,0.0
13.5,-21.286031521633117,-25.737771051371247,9.170918565775613,0.5919814636187206,18.61968824480001,7.985918565775552,20.42662883614292,0,0,24.6,king+tour,1,2,27.74695828169982,0.15822674334049225,0.0,0.0
13.52,-21.297662005817656,-25.736215465706874,9.171137446880106,0.5868047334163894,18.62130332007049,7.986137446880044,20.425703029930517,0,0,24.6,king+tour,1,2,27.7451063616305,0.1536608189344406,0.0,0.0
13.54,-21.309119615127713,-25.73460866934533,9.171408724683927,0.5786453950740671,18.62282988076347,7.986408724683865,20.42479823159307,0,0,24.6,king+tour,1,2,27.743212390563684,0.1533680409193039,0.0,0.0
13.56,-21.320326169346338,-25.73282843998483,9.171737661483656,0.5675920045446566,18.62412888583764,7.986737661483594,20.423759490409832,0,0,24.6,king+tour,1,2,27.741155884312153,0.15642507374286652,0.0,0.0
13.58,-21.33120239251532,-25.730822582838712,9.172164755673874,0.5533943050832821,18.625128332785167,7.987164755673812,20.422068035898498,0,0,24.6,king+tour,1,2,27.73888626748837,0.16274920105934143,0.0,0.0
13.6,-21.34165916382965,-25.728472803166454,9.172692762418507,0.5365266115271213,18.62568978140255,7.987692762418445,20.420401609049346,0,0,24.6,king+tour,1,2,27.736287001913418,0.1715625822544098,0.0,0.0
13.62,-21.351581278316274,-25.72571198949636,9.173291343777672,0.5158215477522331,18.625716887053947,7.98829134377761,20.41810178150981,0,0,24.6,king+tour,1,2,27.733293208040262,0.1840241700410843,0.0,0.0
13.64,-21.3608740392376,-25.722426918635794,9.173885136992189,0.49370964767125236,18.625074307679107,7.988885136992127,20.41541618667623,0,0,24.6,king+tour,1,2,27.729793296251287,0.1923583298921585,0.0,0.0
13.66,-21.369446608995343,-25.7185649036325,9.174486456087209,0.4710777451521783,18.623685911866346,7.989486456087147,20.411948603530988,0,0,24.6,king+tour,1,2,27.72573602081277,0.19712023437023163,0.0,0.0
13.68,-21.377202100102284,-25.71401368314314,9.175053285555114,0.45050678657012994,18.621416495035334,7.990053285555052,20.40888091385267,0,0,24.6,king+tour,1,2,27.72101065353791,0.1993696093559265,0.0,0.0
13.7,-21.384063935386674,-25.708745570940902,9.175522637204192,0.4331803337410236,18.618217698436606,7.990522637204131,20.403876771105633,0,0,24.6,king+tour,1,2,27.715590528632585,0.20018208026885986,0.0,0.0
13.72,-21.39002916423171,-25.70271465813014,9.175844914911732,0.4244400058471529,18.61404369380485,7.99084491491167,20.399186812795683,0,0,24.6,king+tour,1,2,27.709429150566535,0.20034366846084595,0.0,0.0
13.74,-21.395019888226688,-25.695883248546878,9.176048902636735,0.42313441682373093,18.608836143757934,7.991048902636673,20.393271896722595,0,0,24.6,king+tour,1,2,27.702489957633425,0.20025020837783813,0.0,0.0
13.76,-21.399034762422012,-25.68820079154213,9.176147762862676,0.43344300022700716,18.60254529009498,7.991147762862615,20.387918274058364,0,0,24.6,king+tour,1,2,27.694721921144673,0.2001311480998993,0.0,0.0
13.78,-21.40210584425155,-25.679703491208336,9.1761050713959,0.45176730494724926,18.59521405894149,7.991105071395839,20.380325971458728,0,0,24.6,king+tour,1,2,27.686160130698678,0.20001424849033356,0.0,0.0
13.8,-21.40423852752619,-25.67043405687834,9.175904002747936,0.4756868175313089,18.586884419902642,7.990904002747874,20.373294420055554,0,0,24.7,king+tour,1,2,27.676846869326297,0.1999841034412384,0.0,0.0
13.82,-21.405489912812058,-25.660403707506717,9.175592566181377,0.5056452965900138,18.577582322991844,7.9905925661813155,20.364156677736204,0,0,24.7,king+tour,1,2,27.66679192653206,0.19998042285442352,0.0,0.0
13.84,-21.405919217267247,-25.649680464206824,9.175223588276813,0.536908730321106,18.5673890305958,7.990223588276751,20.354798854412998,0,1,24.7,king+tour,1,2,27.656061934938474,0.19998227059841156,0.0,0.0
13.86,-21.40558222786896,-25.63826960394444,9.174867747804644,0.5710689893170604,18.556324621613072,7.989867747804582,20.345654805328092,0,1,24.7,king+tour,1,2,27.644660952671213,0.19996698200702667,0.0,0.0
13.88,-21.404579895201294,-25.62626445728709,9.174491644270834,0.6026393426198111,18.54450633460954,7.989491644270772,20.334154578327272,0,1,24.7,king+tour,1,2,27.632680162538747,0.19995707273483276,0.0,0.0
13.9,-21.402957179297065,-25.613733093826333,9.174089316878044,0.6321197363284828,18.532011799493663,7.989089316877982,20.323775809905477,0,1,24.7,king+tour,1,2,27.620186739173807,0.19996564090251923,0.0,0.0
13.92,-21.40081539284741,-25.600711253124466,9.173719353636024,0.6600993433968491,18.518903109072188,7.988719353635962,20.31131093322533,0,1,24.7,king+tour,1,2,27.607214344656363,0.1999724805355072,0.0,0.0
13.94,-21.39822951243693,-25.587284404266303,9.173348405999095,0.6839310087768642,18.50528297363298,7.988348405999033,20.300229233003527,0,1,24.7,king+tour,1,2,27.593846932270548,0.19992588460445404,0.0,0.0
13.96,-21.395331672208037,-25.573507619811895,9.173002727715975,0.7041249203281386,18.491240640783612,7.988002727715913,20.287049013131526,0,1,24.8,king+tour,1,2,27.58013680615924,0.19994628429412842,0.0,0.0
13.98,-21.39218258476627,-25.55946202552222,9.172728478392596,0.7198449196830966,18.476870780475373,7.987728478392534,20.275506701919642,0,1,24.8,king+tour,1,2,27.566163845309756,0.19996380805969238,0.0,0.0
14.0,-21.38890976882504,-25.545202087865405,9.172577860514973,0.7315733591145681,18.462260835776068,7.987577860514912,20.261829750518675,0,1,24.8,king+tour,1,2,27.551979771551483,0.19995830953121185,0.0,0.0
14.02,-21.38557318227236,-25.530817783460655,9.172479785894078,0.7383268951882784,18.4475138061809,7.987479785894016,20.249982944197615,0,1,24.8,king+tour,1,2,27.537673252118747,0.19993826746940613,0.0,0.0
14.04,-21.382274923956107,-25.51635677227917,9.172423541927015,0.7416240889014505,18.43270362031578,7.987423541926954,20.23634222192345,0,1,24.8,king+tour,1,2,27.523289670548596,0.19995808601379395,0.0,0.0
14.06,-21.37904794977182,-25.50189631518698,9.172424620845375,0.7408073009650793,18.41791363527389,7.987424620845313,20.224698657152416,0,1,24.8,king+tour,1,2,27.508905510397497,0.19994477927684784,0.0,0.0
14.08,-21.375989749046752,-25.487485562923343,9.172512917827147,0.7365971912037371,18.40321796497539,7.987512917827085,20.210982925878376,0,1,24.9,king+tour,1,2,27.494567670091012,0.19994229078292847,0.0,0.0
14.1,-21.37312333507568,-25.473203064408374,9.172591964839505,0.7283754892118977,18.388698483815816,7.987591964839443,20.19829759189752,0,1,24.9,king+tour,1,2,27.480354091081946,0.19992592930793762,0.0,0.0
14.12,-21.370490675684305,-25.4590781041985,9.172627932146087,0.7184126426514761,18.374394937363878,7.987627932146025,20.184870388020585,0,1,24.9,king+tour,1,2,27.466293021117245,0.1999460607767105,0.0,0.0
14.14,-21.368105588399185,-25.44513472729888,9.172623893388721,0.7072948766852191,18.36033428861207,7.987623893388659,20.17261139395887,0,1,24.9,king+tour,1,2,27.452408104700016,0.19995900988578796,0.0,0.0
14.16,-21.36603313974025,-25.43140066375436,9.172596259035316,0.6944787767568212,18.34656118381851,7.9875962590352545,20.158154060350018,0,1,24.9,king+tour,1,2,27.438725487079946,0.19997380673885345,0.0,0.0
14.18,-21.3642845909021,-25.417899757249252,9.172531116611799,0.6806910882229342,18.333101719718154,7.987531116611737,20.14627013538167,0,1,24.9,king+tour,1,2,27.425268661946287,0.19995447993278503,0.0,0.0
14.2,-21.362839207751197,-25.40459435285028,9.1724398962888,0.6691995961977539,18.319914064410966,7.9874398962887385,20.132133201095638,0,1,25.0,king+tour,1,2,27.41200039251883,0.1999649703502655,0.0,0.0
14.22,-21.361705100328834,-25.39150295846851,9.172306890547938,0.6570549768314274,18.307018334988342,7.987306890547877,20.12051207106632,0,1,25.0,king+tour,1,2,27.398938933884565,0.19997727870941162,0.0,0.0
14.24,-21.360857297769098,-25.378580424137024,9.17213728344242,0.6475712881587558,18.294364339920786,7.987137283442359,20.107205158033782,0,1,25.0,king+tour,1,2,27.386039681464606,0.1999862641096115,0.0,0.0
14.26,-21.360302160235936,-25.365837841369125,9.171926383179068,0.6378206491611286,18.281964600737588,7.986926383179006,20.096345027077,0,1,25.0,king+tour,1,2,27.373313538669542,0.19997918605804443,0.0,0.0
14.28,-21.360006983981965,-25.353244239708665,9.171689971435143,0.6299639321340198,18.269780423809777,7.986689971435081,20.083257110944164,0,1,25.0,king+tour,1,2,27.36073028078211,0.19998320937156677,0.0,0.0
14.3,-21.359978084300188,-25.340828156232924,9.17153122121106,0.6208565971741542,18.257841089972093,7.986531221210998,20.072659878550635,0,1,25.0,king+tour,1,2,27.348318272267402,0.1998821198940277,0.0,0.0
14.32,-21.360172851057886,-25.32854814787514,9.171382501388312,0.6141226606769917,18.246095092637134,7.98638250138825,20.059858252080858,0,1,25.0,king+tour,1,2,27.336037069247126,0.19989599287509918,0.0,0.0
14.34,-21.360592011374617,-25.3164242642493,9.171304732428135,0.6065688286484985,18.234562003295768,7.986304732428073,20.049477245063994,0,1,25.1,king+tour,1,2,27.32390669652467,0.19990503787994385,0.0,0.0
14.36,-21.36119401244309,-25.304411791279104,9.171321902539272,0.601378015392222,18.223187444718626,7.986321902539211,20.03691643299563,0,1,25.1,king+tour,1,2,27.311883427502394,0.19993165135383606,0.0,0.0
14.38,-21.36197231852811,-25.292521470155645,9.171411364368558,0.5958051279568347,18.211980016423276,7.986411364368496,20.026481902782617,0,1,25.1,king+tour,1,2,27.299978159720776,0.21992573142051697,0.0,0.0
14.4,-21.362878912130366,-25.280701410017485,9.1715563793144,0.592783187522735,18.20087662240398,7.9865563793143375,20.013868117240385,0,1,25.1,king+tour,1,2,27.288140147381576,0.24189543724060059,0.0,0.0
14.42,-21.363906384661757,-25.268946807913693,9.171740899243556,0.590043256942803,18.18987066197197,7.986740899243494,20.001094042677497,0,1,25.1,king+tour,1,2,27.276364770626977,0.26507848501205444,0.0,0.0
14.44,-21.365004021579225,-25.257192260980773,9.17194375405197,0.5903713460062501,18.1788852738724,7.986943754051908,19.9886072223718,0,1,25.1,king+tour,1,2,27.26458783559144,0.2886376976966858,0.0,0.0
14.46,-21.366182603044827,-25.245328430751666,9.17218827152218,0.5962367624722182,18.167818497474258,7.987188271522117,19.975830160102614,0,1,25.1,king+tour,1,2,27.25269978905224,0.31236323714256287,0.0,0.0
14.48,-21.367395253682243,-25.233285540376368,9.172476533237468,0.6053611008652795,18.156590336651526,7.987476533237406,19.961424606210073,0,1,25.2,king+tour,1,2,27.240631969334636,0.3361198306083679,0.0,0.0
14.5,-21.368655367092916,-25.22094471181412,9.172854289081629,0.6205373374912982,18.14509043350156,7.987854289081567,19.9488359590118,0,1,25.2,king+tour,1,2,27.228265222910213,0.3598679006099701,0.0,0.0
14.52,-21.369923271669155,-25.20815228479979,9.173307021012041,0.6431538251697366,18.13316026341615,7.9883070210119795,19.93399587378922,0,1,25.2,king+tour,1,2,27.21544685351391,0.38362595438957214,0.0,0.0
14.54,-21.37120221906688,-25.19480118689626,9.173872273182308,0.6712060631651141,18.12069803820673,7.988872273182246,19.920660665796067,0,1,25.2,king+tour,1,2,27.20206974191708,0.4074190557003021,0.0,0.0
14.56,-21.37244236277069,-25.180733490669695,9.174516080669164,0.7068460256823551,18.107538330956437,7.989516080669103,19.905100548066606,0,1,25.2,king+tour,1,2,27.187977153125203,0.4312009811401367,0.0,0.0
14.58,-21.373638200078855,-25.16583354863519,9.175265434729674,0.7483311950719502,18.093568722358686,7.990265434729612,19.890680755430488,0,1,25.2,king+tour,1,2,27.173053591684422,0.45494401454925537,0.0,0.0
14.6,-21.37475344174137,-25.149947835964554,9.176056113898563,0.7972214318619283,18.078631842005258,7.991056113898501,19.87430653305775,0,1,25.3,king+tour,1,2,27.157146403004322,0.47863927483558655,0.0,0.0
14.62,-21.37579719376446,-25.13295660886271,9.176905956906491,0.8522227552851039,18.06261550046768,7.99190595690643,19.85841988495544,0,1,25.3,king+tour,1,2,27.14013565702535,0.5023442506790161,0.0,0.0
14.64,-21.376727600265752,-25.114705191323043,9.177747442766094,0.9147239978769394,18.045359728514114,7.992747442766032,19.841157104839027,0,1,25.3,king+tour,1,2,27.121867673459203,0.5259944200515747,0.0,0.0
14.66,-21.377550597440983,-25.095070184459388,9.178591568522334,0.9835183871929518,18.026748031058965,7.993591568522272,19.823503421358595,0,1,25.3,king+tour,1,2,27.102218941620375,0.5497561097145081,0.0,0.0
14.68,-21.378268004882898,-25.07395610956317,9.179405300375844,1.0570962487993392,18.00668961432022,7.9944053003757825,19.80359401783691,0,1,25.4,king+tour,1,2,27.08109396047924,0.5735418796539307,0.0,0.0
14.7,-21.378830108027884,-25.051273051054782,9.18020229155266,1.135200751163026,17.98508454784356,7.995202291552599,19.783582243260014,0,1,25.4,king+tour,1,2,27.058403975796786,0.5972738265991211,0.0,0.0
14.72,-21.37923937655273,-25.026906268041664,9.180934247599335,1.2190604730570698,17.961823807584235,7.995934247599274,19.76250496025674,0,1,25.4,king+tour,1,2,27.034034219352694,0.621056854724884,0.0,0.0
14.74,-21.379486947664116,-25.000791027224835,9.181577576015314,1.3062168329061752,17.93684320671167,7.996577576015253,19.739626281715196,0,1,25.5,king+tour,1,2,27.007920181753803,0.6448239088058472,0.0,0.0
14.76,-21.37961943936104,-24.972927514203743,9.182110304992651,1.393446009081117,17.910156573112097,7.99711030499259,19.715481315844908,0,1,25.5,king+tour,1,2,26.9800609844846,0.6685518026351929,0.0,0.0
14.78,-21.379632553709435,-24.943269747980857,9.182487603980688,1.4830084489340267,17.881719127458343,7.997487603980626,19.689488464310646,0,1,25.5,king+tour,1,2,26.950410766459154,0.6922646760940552,0.0,0.0
14.8,-21.379575739380677,-24.911792156233926,9.182757894754015,1.5739401729072033,17.85152097934452,7.997757894753954,19.662221395740332,0,1,25.6,king+tour,1,2,26.918942834433505,0.7159627079963684,0.0,0.0
14.82,-21.379447889318033,-24.878428498574838,9.18293370161012,1.6682182906337304,17.81949900739266,7.997933701610058,19.63393618707533,0,1,25.6,king+tour,1,2,26.88559100103756,0.7396689057350159,0.0,0.0
14.84,-21.379305594494475,-24.84316445750895,9.183056565033999,1.763227109261709,17.78565639404664,7.998056565033937,19.603132428974366,0,1,25.6,king+tour,1,2,26.850339655913064,0.7633592486381531,0.0,0.0
14.86,-21.379147408618344,-24.80602144653531,9.183159379968606,1.8571745057142908,17.750014159436294,7.998159379968544,19.571748075074275,0,1,25.7,king+tour,1,2,26.813210246673865,0.7871005535125732,0.0,0.0
14.88,-21.37902696748808,-24.767015986569973,9.183173735784353,1.950282427792766,17.712604449658503,7.998173735784291,19.538113330487487,0,1,25.7,king+tour,1,2,26.77421805267895,0.8107464909553528,0.0,0.0
14.9,-21.378937357163398,-24.726206285212427,9.183084224846207,2.040494895307527,17.67348214586756,7.998084224846145,19.503968650472252,0,1,25.8,king+tour,1,2,26.73342142723328,0.8344342112541199,0.0,0.0
14.92,-21.378927167674526,-24.6836107643,9.182896723160784,2.1297967406004386,17.632679996633893,7.997896723160722,19.46732815523697,0,1,25.8,king+tour,1,2,26.690837657962696,0.8582174777984619,0.0,0.0
14.94,-21.378985741529693,-24.6392984176199,9.18265027480189,2.2156535356341704,17.590262275077745,7.9976502748018286,19.4303366133771,0,1,25.9,king+tour,1,2,26.64653596421549,0.8820158839225769,0.0,0.0
14.96,-21.37915739763392,-24.593278883455206,9.182387141822812,2.3010303287432685,17.546252311684867,7.99738714182275,19.390927617658825,0,1,25.9,king+tour,1,2,26.60052494425885,0.9057539701461792,0.0,0.0
14.98,-21.379426448651774,-24.545619095245556,9.182171868108519,2.383051690275937,17.500711077505766,7.997171868108457,19.351356656063913,0,1,26.0,king+tour,1,2,26.552871872595976,0.9294553399085999,0.0,0.0
15.0,-21.37983048458271,-24.496368176676892,9.181977489764837,2.462647969072673,17.45369795646125,7.996977489764775,19.30945951893911,0,1,26.1,king+tour,1,2,26.5036249743666,0.9532098770141602,0.0,0.0
15.02,-21.380346638444745,-24.445624087990574,9.181814969979229,2.537348697013846,17.405301577479495,7.996814969979167,19.266497672010164,0,1,26.1,king+tour,1,2,26.45288271043052,0.9770022630691528,0.0,0.0
15.04,-21.381007048445785,-24.39343190230531,9.181682967441908,2.609826532858207,17.355575976150835,7.9966829674418465,19.222774997429802,0,1,26.2,king+tour,1,2,26.400689382205563,1.0,0.0,0.0
15.06,-21.381787066427407,-24.33983739922362,9.181537656959131,2.68001879833025,17.304559350245725,7.996537656959069,19.17750569662019,0,1,26.3,king+tour,1,2,26.347091328053192,1.0,0.0,0.0
15.08,-21.382720572166612,-24.28492375176505,9.181370417432072,2.7460918043779508,17.25234279171772,7.9963704174320105,19.131665879196163,0,1,26.3,king+tour,1,2,26.292170897971296,1.0,0.0,0.0
15.1,-21.3837873287027,-24.22874207208484,9.18111126960066,2.8096201962166467,17.19897089204283,7.996111269600598,19.086089746846437,0,1,26.4,king+tour,1,2,26.23597966038663,1.0,0.0,0.0
15.12,-21.385004132439956,-24.171364230355127,9.18079094521605,2.8695818251997363,17.144518972058364,7.995790945215988,19.03846661851366,0,1,26.5,king+tour,1,2,26.178589068072935,1.0,0.0,0.0
15.14,-21.386328542232505,-24.112937749905992,9.180386255919787,2.9221445260280148,17.089117027448236,7.995386255919725,18.991374150685242,0,1,26.5,king+tour,1,2,26.12014759890426,1.0,0.0,0.0
15.16,-21.3877722722687,-24.053538433279318,9.179932546862982,2.970929578449193,17.032842449717254,7.994932546862921,18.942369901017635,0,1,26.6,king+tour,1,2,26.06073075884415,1.0,0.0,0.0
15.18,-21.38929107900547,-23.993290751633467,9.17949468086842,3.013420666050714,16.975802316635747,7.994494680868358,18.894203721701082,0,1,26.7,king+tour,1,2,26.000464024419568,1.0,0.0,0.0
15.2,-21.39089114504887,-23.93228392086714,9.179083300079178,3.0514598332800054,16.91808491827736,7.994083300079116,18.844264159601636,0,1,26.8,king+tour,1,2,25.939436442406457,1.0,0.0,0.0
15.22,-21.392521988747358,-23.87065567579984,9.178739080212894,3.0825390218780746,16.85980765263994,7.9937390802128325,18.795460858558386,0,1,26.8,king+tour,1,2,25.877786895906496,1.0,0.0,0.0
15.24,-21.39418454534529,-23.808503779139045,9.178454112337562,3.1087391172568255,16.80106499674187,7.9934541123375,18.74501978996865,0,1,26.9,king+tour,1,2,25.815613099109864,1.0,0.0,0.0
15.26,-21.395822983220327,-23.745974049378205,9.178252358819014,3.1275758532433318,16.741979838858388,7.993252358818952,18.6960016656367,0,1,27.0,king+tour,1,2,25.75306214062438,1.0,0.0,0.0
15.28,-21.39743330340185,-23.683169105242264,9.178114497501312,3.141286816238137,16.68264928479581,7.99311449750125,18.6454751114247,0,1,27.1,king+tour,1,2,25.690236704092857,1.0,0.0,0.0
15.3,-21.39895482013312,-23.620240076259076,9.178050805905237,3.147372617974319,16.623199090389612,7.993050805905175,18.5943010130997,0,1,27.2,king+tour,1,2,25.6272893001463,1.0,0.0,0.0
15.32,-21.40037784617793,-23.557290126658614,9.178075560289315,3.1483018321804166,16.563724542713018,7.993075560289253,18.544010694057476,0,1,27.3,king+tour,1,2,25.564323291367522,1.0,0.0,0.0
15.34,-21.40169706281808,-23.494373127547654,9.178148883027863,3.146543534537681,16.50427519007478,7.993148883027801,18.4930356345743,0,1,27.3,king+tour,1,2,25.501392659446353,1.0,0.0,0.0
15.36,-21.402928498157248,-23.43159252398836,9.17825060352691,3.1396381014869688,16.444954221881765,7.993250603526849,18.44260880323827,0,1,27.4,king+tour,1,2,25.43860044665377,1.0,0.0,0.0
15.38,-21.404038679799424,-23.369002610148158,9.178399746580437,3.1299968296522467,16.385802631855523,7.993399746580375,18.391584604703326,0,1,27.5,king+tour,1,2,25.376001720698227,1.0,0.0,0.0
15.4,-21.405046268897838,-23.306687022673753,9.178610865049283,3.116204521962298,16.326905324662143,7.993610865049221,18.34065087925553,0,1,27.6,king+tour,1,2,25.313679661513387,1.0,0.0,0.0
15.42,-21.405924046289865,-23.244679539131077,9.178822172908088,3.1007028072100753,16.26828543379634,7.993822172908026,18.289178873606176,0,1,27.7,king+tour,1,2,25.251668682924695,1.0,0.0,0.0
15.44,-21.406695041053233,-23.18302012174818,9.178983978839753,3.0832224887619453,16.20998759045629,7.993983978839691,18.239028334843503,0,1,27.8,king+tour,1,2,25.190008202195656,1.0,0.0,0.0
15.46,-21.40733795777025,-23.121703009982728,9.179083213701386,3.066028124756721,16.151999089421352,7.994083213701324,18.18833114828641,0,1,27.9,king+tour,1,2,25.128692970747107,1.0,0.0,0.0
15.48,-21.407881487453043,-23.06077485419831,9.179108802393259,3.046529273857218,16.094372685647055,7.994108802393197,18.137175517014196,0,1,27.9,king+tour,1,2,25.06776895987593,1.0,0.0,0.0
15.5,-21.40830888646617,-23.000236729014443,9.179056346813907,3.0269828304277175,16.037103531480092,7.994056346813845,18.087342283479646,0,1,28.0,king+tour,1,2,25.00723764994042,1.0,0.0,0.0
15.52,-21.408650348796463,-22.94007687478419,9.178934383242202,3.008047345306146,15.980189521916067,7.993934383242141,18.036202690875623,0,1,28.1,king+tour,1,2,24.947086582006396,1.0,0.0,0.0
15.54,-21.40889605039904,-22.880303130996143,9.178734429502367,2.988729160201128,15.923634450363975,7.993734429502305,17.987186071489706,0,1,28.2,king+tour,1,2,24.8873238370358,1.0,0.0,0.0
15.56,-21.409082112207045,-22.820879886616815,9.178458071556564,2.97120891443031,15.867415682875569,7.9934580715565025,17.936845769509272,0,1,28.3,king+tour,1,2,24.82791296698079,1.0,0.0,0.0
15.58,-21.409193612407364,-22.761821478514545,9.178093611453503,2.952981895912884,15.811541607040091,7.993093611453442,17.88678159412,0,1,28.4,king+tour,1,2,24.768868668581625,1.0,0.0,0.0
15.6,-21.409260594425113,-22.70310262096102,9.177730739478397,2.9360008493920486,15.75599759264752,7.992730739478335,17.83798363844137,0,1,28.4,king+tour,1,2,24.710164955884657,1.0,0.0,0.0
15.62,-21.409290092614267,-22.644676207776616,9.177426630730071,2.9213606033269723,15.700741069665822,7.99242663073001,17.788670543628292,0,1,28.5,king+tour,1,2,24.651754574083252,1.0,0.0,0.0
15.64,-21.40934042740435,-22.58654507610505,9.177195705551147,2.906580606763851,15.64579351058855,7.992195705551086,17.739416806434246,0,1,28.6,king+tour,1,2,24.59363896437541,1.0,0.0,0.0
15.66,-21.409423518138272,-22.528664165619247,9.177041526871129,2.894058773505239,15.591116202038618,7.992041526871067,17.690172010846936,0,1,28.7,king+tour,1,2,24.535772788535965,1.0,0.0,0.0
15.68,-21.409573871762177,-22.470996695386543,9.176936217929512,2.883388119567593,15.536685794692547,7.99193621792945,17.642221895571335,0,1,28.8,king+tour,1,2,24.47811843828126,1.0,0.0,0.0
15.7,-21.409778635841704,-22.41347874499831,9.176850653213569,2.8759189255400948,15.482437924949359,7.991850653213507,17.593664200645282,0,1,28.9,king+tour,1,2,24.420612311962884,1.0,0.0,0.0
15.72,-21.410074609379947,-22.356101759799273,9.176744519519554,2.8688923364370638,15.428376947832987,7.991744519519492,17.546293169206304,0,1,28.9,king+tour,1,2,24.36324495834238,1.0,0.0,0.0
15.74,-21.410453677139227,-22.29881096485594,9.176587907419876,2.8646131523101097,15.37444889927762,7.991587907419814,17.498248283684934,0,1,29.0,king+tour,1,2,24.305961803076254,1.0,0.0,0.0
15.76,-21.410959531349157,-22.24160286594076,9.176449080995441,2.860525188993635,15.32066548470967,7.9914490809953795,17.4512500645862,0,1,29.1,king+tour,1,2,24.24875828127485,1.0,0.0,0.0
15.78,-21.411590974400102,-22.18442711521107,9.176378286535567,2.8589640622461086,15.266979465586163,7.991378286535505,17.403584771303752,0,1,29.2,king+tour,1,2,24.191584075301144,1.0,0.0,0.0
15.8,-21.41237258428977,-22.12728692229278,9.176391237883864,2.8572769941398324,15.213402796125187,7.991391237883803,17.357057956052255,0,1,29.3,king+tour,1,2,24.134441783690264,1.0,0.0,0.0
15.82,-21.41328203576535,-22.070137169860875,9.176494516789367,2.8578540776019907,15.159886255920592,7.991494516789305,17.309845892767502,0,1,29.4,king+tour,1,2,24.07728683522032,1.0,0.0,0.0
15.84,-21.414347852662086,-22.012987919463676,9.176674152459173,2.857973519643278,15.106449729084877,7.991674152459111,17.263536242690183,0,1,29.5,king+tour,1,2,24.020128585375847,1.0,0.0,0.0
15.86,-21.41555179568788,-21.95580048308908,9.176921233354886,2.8600320832451356,15.053051513225379,7.991921233354824,17.21651453138166,0,1,29.5,king+tour,1,3,17.965309646427635,1.0,0.0,0.0
15.88,-21.416916520967458,-21.898584103177974,9.177210337940828,2.8616691749233847,14.999708895934964,7.992210337940766,17.170553915170725,0,1,29.6,king+tour,1,3,17.908079161151147,1.0,0.0,0.0
15.9,-21.41841872069782,-21.841299303890136,9.177530259659196,2.865269264564758,14.946377782071432,7.9925302596591346,17.123843497365716,0,1,29.7,king+tour,1,3,17.850775827269395,1.0,0.0,0.0
15.92,-21.420071840696902,-21.783960910956246,9.177859155444802,2.868158068521578,14.893077667387724,7.99285915544474,17.07823369910111,0,1,29.8,king+tour,1,3,17.7934140162132,1.0,0.0,0.0
15.94,-21.42184383130422,-21.726535377497147,9.178189443489394,2.8726907830320374,14.839767019069312,7.9931894434893325,17.03185030239314,0,1,29.9,king+tour,1,3,17.735961238259936,1.0,0.0,0.0
15.96,-21.42375298614901,-21.669043690391604,9.178505480266415,2.876212282546006,14.786472802196315,7.993505480266353,16.986330328188856,0,1,30.0,king+tour,1,3,17.678437870862332,1.0,0.0,0.0
15.98,-21.425772379961327,-21.61145862918997,9.178809689610388,2.881063071285553,14.73316114281353,7.993809689610326,16.940016844463212,0,1,30.1,king+tour,1,3,17.62081758623263,1.0,0.0,0.0
16.0,-21.427893085806456,-21.553804807353554,9.17909567850583,2.8846760456222413,14.679852947879874,7.994095678505768,16.894658206902978,0,1,30.2,king+tour,1,3,17.563125278148444,1.0,0.0,0.0
16.02,-21.43006082346561,-21.49605860175243,9.179370137255564,2.8893765224922006,14.626507972088383,7.994370137255502,16.84850600118267,0,1,30.3,king+tour,1,3,17.505339107281067,1.0,0.0,0.0
16.04,-21.43227167010537,-21.438246894116507,9.17963183530081,2.892727894442024,14.573150715031971,7.994631835300749,16.803205142726515,0,1,30.4,king+tour,1,3,17.447486070971053,1.0,0.0,0.0
16.06,-21.434475911058826,-21.380348723548867,9.17988733168608,2.897033876080457,14.519744675407994,7.9948873316860185,16.757116343511818,0,1,30.4,king+tour,1,3,17.38954683846993,1.0,0.0,0.0
16.08,-21.436674526495732,-21.32239201074415,9.180137609665904,2.8999470288417037,14.46631680171572,7.995137609665842,16.71191890237548,0,1,30.5,king+tour,1,3,17.331549283401976,1.0,0.0,0.0
16.1,-21.438822408366267,-21.264356862902826,9.180391030894299,2.90377168688119,14.41283290325663,7.995391030894237,16.665940407463978,0,1,30.6,king+tour,1,3,17.273474988519588,1.0,0.0,0.0
16.12,-21.440925523801297,-21.20627454374286,9.18064734043559,2.906047396427805,14.359324612706532,7.995647340435528,16.62063674801972,0,1,30.7,king+tour,1,3,17.215355004895788,1.0,0.0,0.0
16.14,-21.442943307732136,-21.14812817580957,9.180918761313514,2.909100043449076,14.305761894344558,7.995918761313452,16.57456860743286,0,1,30.8,king+tour,1,3,17.157173779279457,1.0,0.0,0.0
16.16,-21.444886121838454,-21.08994167506264,9.18120372044338,2.910981190908828,14.252170925450743,7.996203720443318,16.529476325250876,0,1,30.9,king+tour,1,3,17.098954876680924,1.0,0.0,0.0
16.18,-21.446717727177536,-21.03169110040842,9.181507426902902,2.914007748479113,14.198516412236641,7.99650742690284,16.483620493714426,0,1,31.0,king+tour,1,3,17.040675544506765,1.0,0.0,0.0
16.2,-21.44845346344478,-20.973407098694,9.181830952117652,2.915536959464038,14.144832506459775,7.99683095211759,16.43866996720134,0,1,31.1,king+tour,1,3,16.982365916443502,1.0,0.0,0.0
16.22,-21.450061729597035,-20.915072308017642,9.18218390218126,2.9179011707983142,14.091091552555753,7.997183902181198,16.392967491882903,0,1,31.2,king+tour,1,3,16.924009669304702,1.0,0.0,0.0
16.24,-21.451562769356595,-20.85672131019961,9.182568675371554,2.918578471245837,14.037333079731395,7.997568675371492,16.347663760541387,0,1,31.3,king+tour,1,3,16.86564071494746,1.0,0.0,0.0
16.26,-21.45292963024738,-20.798340741780418,9.182993910276904,2.9199057786028537,13.983534709346806,7.9979939102768425,16.301630062442428,0,1,31.4,king+tour,1,3,16.807246581948547,1.0,0.0,0.0
16.28,-21.454186874595784,-20.739949201418636,9.183451764305351,2.920343421365278,13.929722670435925,7.9984517643052895,16.256628692413912,0,1,31.5,king+tour,1,3,16.74884507164419,1.0,0.0,0.0
16.3,-21.45531187992738,-20.68151725723668,9.183944815868372,2.922242648088506,13.875861187675497,7.9989448158683105,16.21088788928549,0,1,31.6,king+tour,1,3,16.690407519040196,1.0,0.0,0.0
16.32,-21.45633391070262,-20.623070076901765,9.184467241732413,2.9229224950343733,13.821984422146182,7.999467241732352,16.16615342212382,0,1,31.7,king+tour,1,3,16.631958140827518,1.0,0.0,0.0
16.34,-21.45723494216302,-20.564584935519154,9.185023549632888,2.9247363550911567,13.76806454761829,8.000023549632825,16.12067960591174,0,1,31.8,king+tour,1,3,16.573474831610806,1.0,0.0,0.0
16.36,-21.45804903840418,-20.50609365345306,9.18560976151847,2.924994219994282,13.71414380320348,8.000609761518408,16.076234600184023,0,1,31.9,king+tour,1,3,16.514988299763885,1.0,0.0,0.0
16.38,-21.458762660383794,-20.447579851605113,9.186240455789298,2.9260775956447707,13.660201965997244,8.001240455789235,16.031065978056493,0,1,32.0,king+tour,1,3,16.456482638544642,1.0,0.0,0.0
16.4,-21.45941431481105,-20.389078817621215,9.186916272529361,2.9254283271617005,13.606286302091522,8.001916272529298,15.986259003201729,0,1,32.1,king+tour,1,3,16.39799187014165,1.0,0.0,0.0
16.42,-21.45999492601094,-20.330578166643587,9.187645323743212,2.9254037284808985,13.552382043946178,8.002645323743149,15.940754896642527,0,1,32.2,king+tour,1,3,16.339503931784165,1.0,0.0,0.0
16.44,-21.460546700631205,-20.272093423433343,9.18841784284323,2.9246223813338075,13.498519777983146,8.003417842843167,15.896339901561742,0,1,32.3,king+tour,1,3,16.281032959955045,1.0,0.0,0.0
16.46,-21.461064678480493,-20.213592552096443,9.189231855838162,2.9254413621643645,13.444668308131185,8.0042318558381,15.851215120494274,0,1,32.4,king+tour,1,3,16.22254710969207,1.0,0.0,0.0
16.48,-21.461595542610315,-20.1550981329472,9.190075326077219,2.9251454367160115,13.390866783652044,8.005075326077156,15.807074083302004,0,1,32.5,king+tour,1,3,16.164067404118654,1.0,0.0,0.0
16.5,-21.462139007684215,-20.096584960668768,9.190952008855474,2.926113145909476,13.33709236938725,8.005952008855411,15.762214983087278,0,1,32.7,king+tour,1,3,16.105568659413517,1.0,0.0,0.0
16.52,-21.46272546144138,-20.038080580405552,9.191855674254345,2.925714890905064,13.28338282481955,8.006855674254282,15.718496020332655,0,1,32.8,king+tour,1,3,16.04707738603404,1.0,0.0,0.0
16.54,-21.46333854362814,-19.979564648654907,9.19279310191535,2.9263325635655075,13.229713717610503,8.007793101915288,15.674063260765404,0,1,32.9,king+tour,1,3,15.988573791282848,1.0,0.0,0.0
16.56,-21.464013459424738,-19.921071358059436,9.193759036195669,2.9252579309578706,13.17613094414643,8.008759036195606,15.630226319641405,0,1,33.0,king+tour,1,3,15.930090858501039,1.0,0.0,0.0
16.58,-21.464738615054962,-19.862586898487322,9.194766267499967,2.9248813552991466,13.122618013014472,8.009766267499904,15.585696540487751,0,1,33.1,king+tour,1,3,15.8716151623669,1.0,0.0,0.0
16.6,-21.465545892358683,-19.804129844360258,9.195804879949337,2.9235926484719372,13.069205323183567,8.010804879949275,15.542282146574205,0,1,33.2,king+tour,1,3,15.813164178322227,1.0,0.0,0.0
16.62,-21.466420563682515,-19.745671046055275,9.19687707461253,2.9237586043410517,13.015861155013948,8.011877074612467,15.498164553032304,0,1,33.3,king+tour,1,3,15.754709254868663,1.0,0.0,0.0
16.64,-21.467387465066253,-19.68723500242883,9.197975926925334,2.922718584384652,12.962618753244358,8.012975926925272,15.455235563871495,0,1,33.4,king+tour,1,3,15.696274020728513,1.0,0.0,0.0
16.66,-21.46842491165382,-19.62879838696947,9.199105176103783,2.9228366040006195,12.909449037355031,8.01410517610372,15.411603501576414,0,1,33.5,king+tour,1,3,15.637835882726542,1.0,0.0,0.0
16.68,-21.469562573466735,-19.570392487042316,9.200258280541833,2.9214179222367807,12.856393502854344,8.01525828054177,15.36848966112167,0,1,33.6,king+tour,1,3,15.579425087724227,1.0,0.0,0.0
16.7,-21.470783694601998,-19.51200057012594,9.201446024828467,2.920837993832493,12.803431106035728,8.016446024828404,15.32467704749764,0,1,33.8,king+tour,1,3,15.521025468231365,1.0,0.0,0.0
16.72,-21.47208507150053,-19.453640829867492,9.202658920086597,2.9193423830432352,12.750578175284828,8.017658920086534,15.282108325374834,0,1,33.9,king+tour,1,3,15.462655304645455,1.0,0.0,0.0
16.74,-21.473417284204647,-19.395283124163484,9.203900258167149,2.919305365131794,12.697788015031703,8.018900258167086,15.238830350672005,0,1,34.0,king+tour,1,3,15.404286151254377,1.0,0.0,0.0
16.76,-21.47478222086399,-19.336952098927938,9.205163897859812,2.9180337311222195,12.645084658090264,8.02016389785975,15.196719829870208,0,1,34.1,king+tour,1,3,15.345942571257414,1.0,0.0,0.0
16.78,-21.476135279685458,-19.278624260813142,9.206453666597845,2.917889207422821,12.59242910133897,8.021453666597782,15.153898920121373,0,1,34.2,king+tour,1,3,15.287602609575451,1.0,0.0,0.0
16.8,-21.47748347168675,-19.220330944855906,9.207766133220376,2.9161836685975118,12.53985333652556,8.022766133220314,15.111317503138912,0,1,34.3,king+tour,1,3,15.229297344043776,1.0,0.0,0.0
16.82,-21.478787119872823,-19.16205560635223,9.209103395910864,2.9152627873892905,12.487326393397298,8.024103395910801,15.068045141052146,0,1,34.4,king+tour,1,3,15.171011603598739,1.0,0.0,0.0
16.84,-21.480056976360135,-19.103803519376267,9.210448260902533,2.914072251334577,12.434857893251158,8.02544826090247,15.025888912311894,0,1,34.6,king+tour,1,3,15.112750295685913,1.0,0.0,0.0
16.86,-21.481257734001183,-19.045532558712882,9.211790358396636,2.914939065070592,12.382395214953402,8.026790358396573,14.98300687978502,0,1,34.7,king+tour,1,3,15.054472541866852,1.0,0.0,0.0
16.88,-21.48240506435498,-18.987255128923742,9.213110043439503,2.9151829952772363,12.329956517542113,8.02811004343944,14.941220214364629,0,1,34.8,king+tour,1,3,14.996190210078572,1.0,0.0,0.0
16.9,-21.48346865478751,-18.928936234192363,9.214402686350525,2.91714570813376,12.277497671177741,8.029402686350462,14.898684109897179,0,1,34.9,king+tour,1,3,14.937869383388271,1.0,0.0,0.0
16.92,-21.484468688228603,-18.870594405142565,9.21565641359766,2.9181933262590785,12.225044322936231,8.030656413597598,14.857163766081767,0,1,35.0,king+tour,1,3,14.879527898951435,1.0,0.0,0.0
16.94,-21.48537953347826,-18.812201223535567,9.216870878174209,2.920645571386715,12.172560235153052,8.031870878174146,14.8148829954959,0,1,35.2,king+tour,1,3,14.821138259630116,1.0,0.0,0.0
16.96,-21.486226006621372,-18.753781496917174,9.218042141553502,2.921879888382456,12.120078764136172,8.03304214155344,14.773617799492902,0,1,35.3,king+tour,1,3,14.762724415738708,1.0,0.0,0.0
16.98,-21.486987076401537,-18.695313175459468,9.219178314781752,2.9242155917854418,12.067571372827897,8.03417831478169,14.731595212106887,0,1,35.4,king+tour,1,3,14.7042650814181,1.0,0.0,0.0
17.0,-21.487692340292316,-18.6368274976894,9.220280298802884,2.9250155000284206,12.015079362518097,8.035280298802821,14.690680686594742,0,1,35.5,king+tour,1,3,14.645790464680003,1.0,0.0,0.0
17.02,-21.488325203496913,-18.578308487726428,9.221367505600943,2.9266264971395612,11.962581592768007,8.03636750560088,14.649028435518343,0,1,35.6,king+tour,1,3,14.587285198442268,1.0,0.0,0.0
17.04,-21.488919940025223,-18.51979354868717,9.222446686308885,2.9263955787396054,11.910127057330206,8.037446686308822,14.607507707342043,0,1,35.8,king+tour,1,3,14.528785480011786,1.0,0.0,0.0
17.06,-21.48946436442452,-18.46127332671699,9.223530412711376,2.926639386856919,11.857702524755513,8.038530412711314,14.56528533147396,0,1,35.9,king+tour,1,3,14.470282404473272,1.0,0.0,0.0
17.08,-21.489996262329402,-18.40275825419403,9.224610063199117,2.9263724442235204,11.805334430169196,8.039610063199055,14.524166127370423,0,1,36.0,king+tour,1,3,14.411785078233446,1.0,0.0,0.0
17.1,-21.49050734603041,-18.344211967130033,9.225683722421056,2.927918065645897,11.752987158305338,8.040683722420994,14.48232804109758,0,1,36.1,king+tour,1,3,14.35325746032605,1.0,0.0,0.0
17.12,-21.491039913528027,-18.28565202838228,9.226739799360578,2.928594096483134,11.700695941138187,8.041739799360515,14.441550755128775,0,1,36.3,king+tour,1,3,14.29471560562309,1.0,0.0,0.0
17.14,-21.491590336491747,-18.227049013173257,9.227779392838135,2.9307409948793377,11.648433778451595,8.042779392838073,14.400043535961201,0,1,36.4,king+tour,1,3,14.2361302329384,1.0,0.0,0.0
17.16,-21.49219837534775,-18.168426657599316,9.228792155362642,2.9317127981007447,11.596240729531308,8.04379215536258,14.359579362351917,0,1,36.5,king+tour,1,3,14.177523635733088,1.0,0.0,0.0
17.18,-21.492858177963594,-18.109761291589297,9.229788294314625,2.933876616949453,11.544094259572631,8.044788294314563,14.318382840632909,0,1,36.6,king+tour,1,3,14.11887235345975,1.0,0.0,0.0
17.2,-21.493595105331085,-18.051081327134067,9.230766597753457,2.93463727231774,11.492032470436072,8.045766597753394,14.278347249576964,0,1,36.8,king+tour,1,3,14.060203852685788,1.0,0.0,0.0
17.22,-21.494388760916404,-17.992367894924538,9.23173828337234,2.9363417648295465,11.440030690719787,8.046738283372278,14.23759041250512,0,1,36.9,king+tour,1,3,14.001499992215212,1.0,0.0,0.0
17.24,-21.49526949475686,-17.933656040982996,9.232705416423341,2.9363211812099577,11.38813529725087,8.047705416423279,14.198017138104792,0,1,37.0,king+tour,1,3,13.942794682248783,1.0,0.0,0.0
17.26,-21.49622175155779,-17.87493308016507,9.233689991376638,2.936946674727512,11.336329347885233,8.048689991376575,14.157745661152106,0,1,37.1,king+tour,1,3,13.884075788566644,1.0,0.0,0.0
17.28,-21.49727029351091,-17.816239749646577,9.234699491076274,2.935568759722895,11.284661827851838,8.049699491076211,14.117640521411207,0,1,37.3,king+tour,1,3,13.825383104185603,1.0,0.0,0.0
17.3,-21.49839312372484,-17.757569274521405,9.235746368502204,2.93452779482826,11.233118035116835,8.050746368502141,14.076877350775332,0,1,37.4,king+tour,1,3,13.76671063840531,1.0,0.0,0.0
17.32,-21.49961731465936,-17.698931902483356,9.236818011591765,2.9329969578419943,11.18172099197058,8.051818011591703,14.0372010453694,0,1,37.5,king+tour,1,3,13.708067628249612,1.0,0.0,0.0
17.34,-21.500923829012866,-17.640290102642624,9.237914304976526,2.933329817588666,11.130430163981988,8.052914304976463,13.99684002610828,0,1,37.7,king+tour,1,3,13.64941724428913,1.0,0.0,0.0
17.36,-21.50231690478193,-17.581659135167598,9.239021046847059,2.9328978352151345,11.079262591239235,8.054021046846996,13.957727444376811,0,1,37.8,king+tour,1,3,13.590774566857744,1.0,0.0,0.0
17.38,-21.50375494992049,-17.523006202123028,9.240135843557386,2.934057472279927,11.028171320868264,8.055135843557323,13.917912781042716,0,1,37.9,king+tour,1,3,13.532108331386736,1.0,0.0,0.0
17.4,-21.505247257115403,-17.464353087965126,9.241248914186583,2.934132626266881,10.977181375521713,8.05624891418652,13.879294072402077,0,1,38.1,king+tour,1,3,13.473439959935542,1.0,0.0,0.0
17.42,-21.506757234947905,-17.405673736687056,9.24236224559782,2.93546666064394,10.926253867897657,8.057362245597757,13.839967383036585,0,1,38.2,king+tour,1,3,13.414744751942816,1.0,0.0,0.0
17.44,-21.508299187668662,-17.346996404843193,9.24347128087753,2.935403230290343,10.875421763729822,8.058471280877468,13.801866420426634,0,1,38.3,king+tour,1,3,13.356050416187578,1.0,0.0,0.0
17.46,-21.50984136972487,-17.288301438055054,9.244587267300469,2.936291401347688,10.82465389329896,8.059587267300406,13.763066919778836,0,1,38.5,king+tour,1,3,13.297338477734904,1.0,0.0,0.0
17.48,-21.51140295141974,-17.229623259918768,9.24571355860693,2.9354878891296057,10.773990854223157,8.060713558606867,13.725269893243714,0,1,38.6,king+tour,1,3,13.238642629637866,1.0,0.0,0.0
17.5,-21.51295664507645,-17.170948587074854,9.24686379319703,2.935325466167037,10.72340900380761,8.061863793196967,13.686797155310199,0,1,38.7,king+tour,1,3,13.179950603585139,1.0,0.0,0.0
17.52,-21.514526362459673,-17.112311874522064,9.248041928602277,2.9334774904091847,10.672951177719414,8.063041928602214,13.648987515248574,0,1,38.9,king+tour,1,3,13.121295947713357,1.0,0.0,0.0
17.54,-21.516089284542772,-17.053699820513838,9.249259132152169,2.932276072005615,10.622595738538191,8.064259132152106,13.610526976773604,0,1,39.0,king+tour,1,3,13.062666212707777,1.0,0.0,0.0
17.56,-21.517673494622606,-16.995134428722995,9.250508906745331,2.9300071560176075,10.572376723510214,8.065508906745269,13.573223059466047,0,1,39.1,king+tour,1,3,13.004082346646813,1.0,0.0,0.0
17.58,-21.519260433490757,-16.936589599769828,9.251800432847137,2.9290285982721596,10.52226345055842,8.066800432847074,13.535264019373209,0,1,39.3,king+tour,1,3,12.945518954591213,1.0,0.0,0.0
17.6,-21.520863945058764,-16.87809253971983,9.25313057269554,2.9267074315082318,10.472287580977158,8.068130572695477,13.498511378063696,0,1,39.4,king+tour,1,3,12.887002708959605,1.0,0.0,0.0
17.62,-21.522451359018074,-16.819626238165814,9.254404293700816,2.9250857533082284,10.422419217670626,8.069404293700753,13.461059017755872,0,1,39.6,king+tour,1,3,12.828517825172675,1.0,0.0,0.0
17.64,-21.52404105039326,-16.761221235178798,9.255651853776463,2.921997561054781,10.372695021704802,8.0706518537764,13.42361263324482,0,1,39.7,king+tour,1,3,12.770094139625167,1.0,0.0,0.0
17.66,-21.52560582193589,-16.70286193309759,9.256900635154555,2.919681534138836,10.323088829330601,8.071900635154492,13.3860218366193,0,1,39.8,king+tour,1,3,12.711717080218587,1.0,0.0,0.0
17.68,-21.527167631101904,-16.64454370477952,9.25815789662348,2.917634190757566,10.27360873242393,8.073157896623417,13.349637443620948,0,1,40.0,king+tour,1,3,12.653381206268827,1.0,0.0,0.0
17.7,-21.528701455513858,-16.586232380613996,9.2594303074454,2.917268488056477,10.224213700621199,8.074430307445338,13.312589323505964,0,1,40.1,king+tour,1,3,12.595053309011876,1.0,0.0,0.0
17.72,-21.530233250448486,-16.527948307235757,9.260715002768372,2.9159175431391278,10.174935627193717,8.075715002768309,13.276743164710272,0,1,40.3,king+tour,1,3,12.536752752916343,1.0,0.0,0.0
17.74,-21.531742735159934,-16.469664359558266,9.262015763698482,2.915899981122424,10.125742048181943,8.07701576369842,13.240232131250707,0,1,40.4,king+tour,1,3,12.478453193649969,1.0,0.0,0.0
17.76,-21.5332606966048,-16.41140788056059,9.263327325348552,2.914550456810044,10.076673535074839,8.07832732534849,13.204404305468836,0,1,40.5,king+tour,1,3,12.420180802024394,1.0,0.0,0.0
17.78,-21.534771569497238,-16.35315850707686,9.264657067100092,2.914206779412591,10.027705957105871,8.07965706710003,13.16791708179233,0,1,40.7,king+tour,1,3,12.361915814044094,1.0,0.0,0.0
17.8,-21.536292614958846,-16.294935092247478,9.265995976465982,2.9129333548763903,9.978865775407291,8.08099597646592,13.132693172768258,0,1,40.8,king+tour,1,3,12.303676420546834,1.0,0.0,0.0
17.82,-21.53779495002824,-16.236708649382717,9.267347237095104,2.9130746491601003,9.930114563761522,8.08234723709504,13.096803054506147,0,1,41.0,king+tour,1,3,12.245434744348492,1.0,0.0,0.0
17.84,-21.539300584082824,-16.178504482733516,9.268705382532755,2.911973775750767,9.881486804142705,8.083705382532692,13.06189957316313,0,1,41.1,king+tour,1,3,12.187215243351812,1.0,0.0,0.0
17.86,-21.540785260586407,-16.12030029460373,9.27007410483544,2.9119603280736093,9.83295214583792,8.085074104835376,13.026334075242454,0,1,41.3,king+tour,1,3,12.1289965540545,1.0,0.0,0.0
17.88,-21.54227553233089,-16.06212053948706,9.271447800178043,2.9107524174182355,9.784546832468449,8.08644780017798,12.991806793115483,0,1,41.4,king+tour,1,3,12.070802110772036,1.0,0.0,0.0
17.9,-21.54375171729095,-16.003942116448954,9.272831792006931,2.910680102063575,9.736242296465631,8.087831792006869,12.956621854786782,0,1,41.5,king+tour,1,3,12.01260957621332,1.0,0.0,0.0
17.92,-21.545244827949404,-15.945789344343035,9.274218563279058,2.9094232321898903,9.688077241270033,8.089218563278996,12.922289441629454,0,1,41.7,king+tour,1,3,11.954442075058392,1.0,0.0,0.0
17.94,-21.546739672157926,-15.88763894145783,9.275615395183486,2.90931910173529,9.640025501394062,8.090615395183423,12.887299025158683,0,1,41.8,king+tour,1,3,11.896276918736389,1.0,0.0,0.0
17.96,-21.548251187813644,-15.829512075386074,9.277015549344053,2.9081685261409214,9.592114628037104,8.09201554934399,12.85356236902778,0,1,42.0,king+tour,1,3,11.838134689680494,1.0,0.0,0.0
17.98,-21.549748230166895,-15.771382226394131,9.278423002232431,2.9083076708226825,9.544307051301901,8.093423002232369,12.819164957127722,0,1,42.1,king+tour,1,3,11.779990075382301,1.0,0.0,0.0
18.0,-21.551250599921257,-15.713277182591831,9.279832771065774,2.9070778620074047,9.496638480482043,8.094832771065711,12.785155830328957,0,1,42.3,king+tour,1,3,11.721870088867965,1.0,0.0,0.0
18.02,-21.55273186762208,-15.655177291155232,9.28124684822876,2.90679856249493,9.449079544926882,8.096246848228697,12.750499495756117,0,1,42.4,king+tour,1,3,11.663756104724644,1.0,0.0,0.0
18.04,-21.554215507617897,-15.597088939491476,9.282648871699774,2.906210357347922,9.401650205366009,8.097648871699711,12.717060093718688,0,1,42.6,king+tour,1,3,11.605653608656597,1.0,0.0,0.0
18.06,-21.555679305782103,-15.538971505881154,9.284030371130871,2.907613856409552,9.354306130588993,8.099030371130809,12.682945255992305,0,1,42.7,king+tour,1,3,11.547522863923996,1.0,0.0,0.0
18.08,-21.557151217762602,-15.480838991348596,9.28536094279732,2.9083183249585765,9.307076488759671,8.100360942797257,12.649992737580094,0,1,42.9,king+tour,1,3,11.489376788546862,1.0,0.0,0.0
18.1,-21.55861386919156,-15.422657614545892,9.286641162846513,2.9106918933628285,9.25992564226867,8.10164116284645,12.616341229539128,0,1,43.0,king+tour,1,3,11.431182296491178,1.0,0.0,0.0
18.12,-21.56009740465704,-15.36444735580391,9.287848996973294,2.912084289458269,9.212889325334254,8.102848996973231,12.583701050296481,0,1,43.2,king+tour,1,3,11.372958190208383,1.0,0.0,0.0
18.14,-21.56158707431923,-15.306180450623478,9.288996568814106,2.9148620362452884,9.16593865684596,8.103996568814043,12.550350740409234,0,1,43.3,king+tour,1,3,11.314677294358177,1.0,0.0,0.0
18.16,-21.56309831424149,-15.247881252195844,9.290074662015847,2.916437325041833,9.119104846487,8.105074662015785,12.518174502736452,0,0,43.5,king+tour,1,3,11.256363344638329,1.0,0.0,0.0
18.18,-21.564601682446224,-15.18952653993394,9.291100175570728,2.9191540885930993,9.072354350630876,8.106100175570665,12.485295495994857,0,0,43.6,king+tour,1,3,11.197994279459811,1.0,0.0,0.0
18.2,-21.56611747537896,-15.131146505934522,9.292077130115976,2.920393996608819,9.025725900164991,8.107077130115913,12.45358363561722,0,0,43.8,king+tour,1,3,11.139599480311213,1.0,0.0,0.0
18.22,-21.56762064158552,-15.072724206539387,9.293025799265017,2.9224666586693986,8.979193487810763,8.108025799264954,12.421191554644624,0,0,43.9,king+tour,1,3,11.081162992378834,1.0,0.0,0.0
18.24,-21.569136529562694,-15.014296389456252,9.293957150520404,2.9227449172912,8.932804064419443,8.108957150520341,12.389112095349553,0,0,44.1,king+tour,1,3,11.022720548256057,1.0,0.0,0.0
18.26,-21.570644525169136,-14.95585118892312,9.294922121880688,2.923630741831661,8.88653821355873,8.109922121880626,12.35641269540374,0,0,44.2,king+tour,1,3,10.964261096744977,1.0,0.0,0.0
18.28,-21.57217373810139,-14.89740206898036,9.295891040467394,2.923857433897411,8.84042636988169,8.110891040467331,12.326297109999487,0,0,44.4,king+tour,1,4,4.916053532623832,0.992752194404602,0.0,0.0
18.3,-21.573706576939422,-14.8389282632589,9.2966108486303,2.924916098901772,8.79444387935879,8.111610848630237,12.296686202524837,0,0,44.5,king+tour,1,5,1.236856362074311,0.978731632232666,0.0,0.0
18.32,-21.57526929043967,-14.780449924689584,9.29692981102263,2.925004227483697,8.748625174928875,8.111929811022568,12.266589033465298,0,0,44.7,king+tour,1,6,6.842656270835122,0.9624442458152771,0.0,0.0
18.34,-21.57688437006097,-14.722020958014607,9.296769140561658,2.922575253045631,8.70302946786541,8.111769140561595,12.23666282130386,0,0,44.8,king+tour,1,7,9.287621974424825,0.9442697763442993,0.0,0.0
18.36,-21.578610269398762,-14.663651359385748,9.296110177683603,2.9199413541597683,8.657702835309447,8.11111017768354,12.209027738894914,0,0,45.0,king+tour,1,7,9.345853371637915,0.9245628118515015,0.0,0.0
18.38,-21.58047706108743,-14.605378249109622,9.295260284259228,2.9154599171036315,8.612696146889993,8.110260284259166,12.180186804409606,0,0,45.1,king+tour,1,7,9.403984120497888,0.9035605192184448,0.0,0.0
18.4,-21.582550523649754,-14.547295031045728,9.294420128602738,2.9063143881823708,8.568126667587483,8.109420128602675,12.154312438425873,0,0,45.3,king+tour,1,7,9.461918161525066,0.881515622138977,0.0,0.0
18.42,-21.584847742664813,-14.489488449665638,9.293713661745818,2.8928261101715087,8.524076217102175,8.108713661745755,12.126136825549482,0,0,45.4,king+tour,1,7,9.519568338208083,0.8586903810501099,0.0,0.0
18.44,-21.587421823593964,-14.432101477446968,9.29319578684131,2.872350373593386,8.480692347379264,8.108195786841247,12.101274431472904,0,0,45.6,king+tour,1,7,9.5767898008424,0.8356190323829651,0.0,0.0
18.46,-21.590277727200807,-14.375216571948615,9.292916564383395,2.847861752328098,8.438044428524739,8.107916564383332,12.074803728314901,0,0,45.7,king+tour,1,7,9.63350031804226,0.8125127553939819,0.0,0.0
18.48,-21.593458573039054,-14.318972790563132,9.292892273241584,2.8166830292226015,8.396268937022098,8.107892273241522,12.051853863023616,0,0,45.8,king+tour,1,7,9.689559523615737,0.7894216179847717,0.0,0.0
18.5,-21.59695786275543,-14.263462048070753,9.293144988855827,2.7810750734904777,8.35543341096387,8.108144988855765,12.027088747452218,0,0,46.0,king+tour,1,7,9.74487630777083,0.7663767337799072,0.0,0.0
18.52,-21.600806853021687,-14.208834055560622,9.29367063039775,2.73829718565539,8.315672767944744,8.108670630397688,12.005991471960728,0,0,46.1,king+tour,1,7,9.799300266863135,0.7433841824531555,0.0,0.0
18.54,-21.604990003321085,-14.155172752293444,9.294482292096795,2.6915111970198056,8.27704004639935,8.109482292096732,11.982985715778678,0,0,46.3,king+tour,1,7,9.852748674083884,0.7204557061195374,0.0,0.0
18.56,-21.60952752285461,-14.102618490288418,9.2955563834839,2.6380358274281748,8.239653160323916,8.110556383483837,11.963740424979513,0,0,46.4,king+tour,1,7,9.905080994327546,0.6975922584533691,0.0,0.0
18.58,-21.614394615855,-14.051243672878105,9.296893928502481,2.5811090082047365,8.203547616742819,8.111893928502418,11.942888484840482,0,0,46.5,king+tour,1,7,9.956226391998605,0.6748034954071045,0.0,0.0
18.6,-21.619602436306263,-14.001180752978392,9.298472118729384,2.5178900031226177,8.16882660523857,8.113472118729321,11.925850262642703,0,0,46.7,king+tour,1,7,10.006052600355142,0.6520923972129822,0.0,0.0
18.62,-21.62511839184461,-13.952493347533581,9.300292262946916,2.451633200246836,8.135511120142596,8.115292262946854,11.90704174168582,0,0,46.8,king+tour,1,7,10.054497807025975,0.6294683218002319,0.0,0.0
18.64,-21.630943273817756,-13.905302718376943,9.302319786467862,2.3795984859995003,8.103686266805196,8.1173197864678,11.892064878462001,0,0,46.9,king+tour,1,7,10.101441287001984,0.6069372892379761,0.0,0.0
18.66,-21.63703663877535,-13.859659927854167,9.304550821402072,2.305087276053789,8.073355741098634,8.11955082140201,11.875477506854383,0,0,47.0,king+tour,1,7,10.146833948594903,0.5845088958740234,0.0,0.0
18.68,-21.64339037274917,-13.815675578148733,9.306948792202308,2.2252770717254493,8.04458808446573,8.121948792202245,11.861070582089,0,0,47.1,king+tour,1,7,10.19056594874711,0.5621936321258545,0.0,0.0
18.7,-21.649957152882727,-13.773387268501255,9.309503966183753,2.1435674984933963,8.017369935041112,8.12450396618369,11.847498672096517,0,0,47.2,king+tour,1,7,10.23260171974216,0.54000324010849,0.0,0.0
18.72,-21.656728642393837,-13.732846357998465,9.312218940280964,2.0596052892137378,7.991723296255953,8.127218940280901,11.834672209690282,0,0,47.3,king+tour,1,7,10.272890495543022,0.5179516673088074,0.0,0.0
18.74,-21.66363349374631,-13.694095024714285,9.315080447354065,1.9732783801524032,7.967620441556172,8.130080447354002,11.823248278823923,0,0,47.4,king+tour,1,7,10.311392718064237,0.49605560302734375,0.0,0.0
18.76,-21.67067298378416,-13.657138092539371,9.318088783850254,1.8870740209703325,7.945054003741021,8.13308878385019,11.812549347854668,0,0,47.5,king+tour,1,7,10.3481036291878,0.474334180355072,0.0,0.0
18.78,-21.67777496832755,-13.622007122168332,9.321234109277215,1.7989693825263373,7.923986661644976,8.136234109277153,11.803151429703306,0,0,47.6,king+tour,1,7,10.382994035602694,0.4528103470802307,0.0,0.0
18.8,-21.684933243426777,-13.58869614279657,9.324520166223625,1.7114762774847418,7.90439762700489,8.139520166223562,11.794553266832297,0,0,47.7,king+tour,1,7,10.41607003951666,0.4315112233161926,0.0,0.0
18.82,-21.69206693227999,-13.557219981370528,9.327935848148966,1.6227331402512049,7.886230606362016,8.142935848148904,11.785610889560626,0,0,47.8,king+tour,1,7,10.44731914376518,0.4104691445827484,0.0,0.0
18.84,-21.699178365295722,-13.527569949286553,9.33149206357374,1.5348807366253236,7.869468633679352,8.146492063573678,11.777482318529387,0,0,47.8,king+tour,1,7,10.476749726083572,0.3897332549095154,0.0,0.0
18.86,-21.706221034913177,-13.499701907857009,9.33520150579986,1.4491263662016463,7.854035936054623,8.150201505799798,11.770720297620677,0,0,47.9,king+tour,1,7,10.50440698488921,0.3693539798259735,0.0,0.0
18.88,-21.713236437429703,-13.473551017011214,9.339089219192099,1.367661580872389,7.839902838357018,8.154089219192036,11.765022205410148,0,0,48.0,king+tour,1,7,10.530354292818625,0.34939146041870117,0.0,0.0
18.9,-21.720189532603648,-13.44906798293037,9.343167152545359,1.2887920999286049,7.826999258774379,8.158167152545296,11.760360452727566,0,0,48.0,king+tour,1,7,10.554641648416567,0.3299139142036438,0.0,0.0
18.92,-21.7271257046105,-13.426193297914882,9.347440014301423,1.2141036243386454,7.815304056388806,8.16244001430136,11.756413188892784,0,0,48.1,king+tour,1,7,10.577327098759142,0.3110141456127167,0.0,0.0
18.94,-21.734013911383286,-13.404881950584683,9.351908932688241,1.1419195999730332,7.804754543989384,8.166908932688179,11.753430137129037,0,0,48.1,king+tour,1,7,10.598456259304175,0.29279446601867676,0.0,0.0
18.96,-21.74091174484309,-13.385073771694652,9.35657222969172,1.074349100992421,7.79533943508918,8.171572229691657,11.751868196793254,0,0,48.2,king+tour,1,7,10.618087660041477,0.27539560198783875,0.0,0.0
18.98,-21.747800437292103,-13.366720393698776,9.361429080268831,1.009813800961579,7.787003685000538,8.176429080268768,11.751210166451393,0,0,48.2,king+tour,1,7,10.636270013741264,0.2589513659477234,0.0,0.0
19.0,-21.754728375520042,-13.3497831089677,9.366461759875872,0.9489412602722324,7.779746697038496,8.181461759875809,11.750957963683616,0,0,48.3,king+tour,1,7,10.653040786357892,0.24366343021392822,0.0,0.0
19.02,-21.761667962670664,-13.334233495995312,9.371663910703994,0.8902397242466371,7.773522726842034,8.186663910703931,11.751719088416527,0,0,48.3,king+tour,1,7,10.66842899765312,0.2297411859035492,0.0,0.0
19.04,-21.768676516359594,-13.320038799290131,9.377028400602146,0.8357436676847279,7.768342965998436,8.192028400602084,11.753072581735866,0,0,48.3,king+tour,1,7,10.682466091813806,0.21745829284191132,0.0,0.0
19.06,-21.7757351651698,-13.307166820024001,9.382541934960637,0.7840781759106391,7.764166112259555,8.197541934960574,11.755255205611094,0,0,48.4,king+tour,1,7,10.695184717008727,0.2070477157831192,0.0,0.0
19.08,-21.782910001839024,-13.295583477710274,9.388182902871725,0.7373476441967409,7.761009828033595,8.203182902871662,11.759579345555263,0,0,48.4,king+tour,1,7,10.70661763349989,0.19883546233177185,0.0,0.0
19.1,-21.790192932402384,-13.285256661020835,9.393939875499736,0.6943107272101895,7.758841472004611,8.208939875499674,11.764196566732426,0,0,48.4,king+tour,1,7,10.716797274643778,0.19292350113391876,0.0,0.0
19.12,-21.797603905063436,-13.276199445741735,9.399782445024528,0.6540093329739762,7.7576805154680955,8.214782445024465,11.769111012010676,0,0,48.5,king+tour,1,7,10.725710349750987,0.18958596885204315,0.0,0.0
19.14,-21.805104469072347,-13.268406854364361,9.405689873917476,0.6161993527904174,7.757492565301373,8.220689873917413,11.774970883971934,0,0,48.5,king+tour,1,7,10.733362740140175,0.1888027787208557,0.0,0.0
19.16,-21.812736057272627,-13.261881231971675,9.411641019847366,0.5836116515916934,7.758305199139301,8.226641019847303,11.781141938788839,0,0,48.5,king+tour,1,7,10.739751508323085,0.1906130313873291,0.0,0.0
19.18,-21.820466923344277,-13.256610222708886,9.417597854952131,0.5546028158320963,7.7600840413750705,8.232597854952068,11.788094399340896,0,0,48.5,king+tour,1,7,10.744889763623295,0.19410787522792816,0.0,0.0
19.2,-21.828343290594788,-13.252590188709682,9.42351438144948,0.5319847747199267,7.762856490971447,8.238514381449418,11.795348282722339,0,0,48.5,king+tour,1,7,10.74878056700867,0.19711919128894806,0.0,0.0
19.22,-21.836341099248223,-13.249801597188323,9.429333651400093,0.5138216828045997,7.766589137916956,8.24433365140003,11.803297206050216,0,0,48.5,king+tour,1,7,10.751444086056997,0.1989392340183258,0.0,0.0
19.24,-21.844511894240206,-13.248242124666334,9.43500622232944,0.503418082453135,7.771314749765079,8.250006222329377,11.810868647410329,0,0,48.5,king+tour,1,7,10.752882123451009,0.1998269408941269,0.0,0.0
19.26,-21.85284225019708,-13.247907577536159,9.440522970345764,0.49985313049486163,7.777018808017649,8.255522970345702,11.819874278177858,0,0,48.5,king+tour,1,7,10.753099407358393,0.20014579594135284,0.0,0.0
19.28,-21.86133549390747,-13.2487329814007,9.445902691412515,0.5043755520931072,7.783656375367368,8.260902691412452,11.828285552438832,0,0,48.5,king+tour,1,7,10.752161194405103,0.20019380748271942,0.0,0.0
19.3,-21.869970228695557,-13.2507133563378,9.451162078606792,0.5151254298987736,7.791207202292185,8.26616207860673,11.83800126840792,0,0,48.5,king+tour,1,7,10.750073073660479,0.20014885067939758,0.0,0.0
19.32,-21.878745593194804,-13.253787756337493,9.45636772685535,0.532817349427635,7.799626725806987,8.271367726855287,11.847111555404018,0,0,48.5,king+tour,1,7,10.746896306237055,0.20007683336734772,0.0,0.0
19.34,-21.8875984853326,-13.257877689815407,9.461569966002086,0.5526403604448861,7.808813904064664,8.276569966002024,11.857350074314379,0,0,48.5,king+tour,1,7,10.74271035760832,0.20003406703472137,0.0,0.0
19.36,-21.896534532697423,-13.262912136231948,9.466764550456428,0.5748528091622901,7.818722255708897,8.281764550456366,11.867669437137975,0,0,48.4,king+tour,1,7,10.73758636273531,0.20001110434532166,0.0,0.0
19.38,-21.905531137858322,-13.268762994056807,9.471879383832583,0.5944177028270426,7.829245448348781,8.28687938383252,11.877797678521718,0,0,48.4,king+tour,1,7,10.731652810431344,0.19991567730903625,0.0,0.0
19.4,-21.91455461449566,-13.275302395320905,9.476742912350064,0.6079490298491599,7.840269588704832,8.291742912350001,11.888605143251969,0,0,48.4,king+tour,1,7,10.7250379778215,0.19949539005756378,0.0,0.0
19.42,-21.92361369803094,-13.282392916980182,9.481261644728532,0.6179834832098865,7.8517046086180535,8.29626164472847,11.899008264199303,0,0,48.4,king+tour,1,7,10.717879288979004,0.1994728147983551,0.0,0.0
19.44,-21.932688986961118,-13.289952101401282,9.485329002713994,0.6245909446595056,7.863478840438627,8.300329002713932,11.909223795422488,0,0,48.3,king+tour,1,7,10.710259416221213,0.19940485060214996,0.0,0.0
19.46,-21.941786446712737,-13.2978586949416,9.488912173320648,0.6287231245559239,7.875511732362017,8.303912173320585,11.918919781998325,0,0,48.3,king+tour,1,7,10.70229962817447,0.1995334029197693,0.0,0.0
19.48,-21.950909336418665,-13.306037182870087,9.491934495498365,0.6309699135633532,7.887752805432361,8.306934495498302,11.928816190878527,0,0,48.3,king+tour,1,7,10.694075491944501,0.19944827258586884,0.0,0.0
19.5,-21.960085485720754,-13.314371662755741,9.49437500972698,0.631706776674707,7.900140983902802,8.309375009726917,11.93811428475047,0,0,48.2,king+tour,1,7,10.68570288423591,0.19955097138881683,0.0,0.0
19.52,-21.969317166427974,-13.322799829777573,9.496167144555574,0.631406515788017,7.912634364423789,8.311167144555512,11.947416944113467,0,0,48.2,king+tour,1,7,10.677244256420934,0.19942641258239746,0.0,0.0
19.54,-21.978631762028957,-13.33121800225182,9.497298297342729,0.630291253397789,7.92518012924191,8.312298297342666,11.95631801248183,0,0,48.2,king+tour,1,7,10.668803396682762,0.19952630996704102,0.0,0.0
19.56,-21.988032514494574,-13.339573479050072,9.49778613693878,0.629337204758718,7.937743806784358,8.312786136938717,11.965095406955246,0,0,48.1,king+tour,1,7,10.660433238348332,0.19961893558502197,0.0,0.0
19.58,-21.997563580516246,-13.347798940527554,9.497722536918499,0.6294908279506827,7.950310020467296,8.312722536918436,11.974722894263092,0,0,48.1,king+tour,1,7,10.65220133810687,0.19984397292137146,0.0,0.0
19.6,-22.0072458725254,-13.355873195984694,9.497262287762378,0.6307777124776321,7.962878999621812,8.312262287762316,11.982451072066612,0,0,48.0,king+tour,1,7,10.644129270289126,0.19997896254062653,0.0,0.0
19.62,-22.017061568442877,-13.363744939719368,9.496439819374825,0.6304535867478468,7.975402246227328,8.311439819374762,11.99186512526794,0,0,48.0,king+tour,1,7,10.636268744464061,0.1999737024307251,0.0,0.0
19.64,-22.027044195773993,-13.371387487851567,9.49533367584999,0.631040695760675,7.9878852551989885,8.310333675849927,12.000490589956405,0,0,47.9,king+tour,1,7,10.628646918677997,0.19998466968536377,0.0,0.0
19.66,-22.03718262414349,-13.378774902209424,9.494017741458627,0.6306609707689307,8.000302110872418,8.309017741458565,12.009743526999124,0,0,47.9,king+tour,1,7,10.621290181775217,0.19999925792217255,0.0,0.0
19.68,-22.047468479013304,-13.38592681754741,9.492574845621192,0.6305367788683919,8.0126607035122,8.30757484562113,12.017906591445293,0,0,47.8,king+tour,1,7,10.61417932668179,0.19998954236507416,0.0,0.0
19.7,-22.057878868062772,-13.39281469401095,9.491137742142065,0.6282601148170456,8.024924929367382,8.306137742142003,12.02790747803458,0,0,47.8,king+tour,1,7,10.607343214912877,0.19993124902248383,0.0,0.0
19.72,-22.068409432677402,-13.399457037858014,9.489794773181442,0.6261331498065928,8.037104802645901,8.30479477318138,12.036262709241413,0,0,47.7,king+tour,1,7,10.600763696201197,0.19990569353103638,0.0,0.0
19.74,-22.078995375425627,-13.405858974241827,9.488560025651505,0.621634086086305,8.049157672037799,8.303560025651443,12.04599059582982,0,0,47.7,king+tour,1,7,10.594435536780196,0.19994106888771057,0.0,0.0
19.76,-22.08962803534008,-13.412064312659828,9.487445368779335,0.6180658170474242,8.061108059050081,8.302445368779273,12.054119387934065,0,0,47.6,king+tour,1,7,10.588315036112713,0.19995243847370148,0.0,0.0
19.78,-22.100253063350177,-13.41806783221025,9.486504197736457,0.6120034112233639,8.072913509212707,8.301504197736394,12.064221397039063,0,0,47.6,king+tour,1,7,10.582407055127607,0.19991879165172577,0.0,0.0
19.8,-22.110871653440018,-13.423906910608267,9.485754100194285,0.6070665909870546,8.084601053286272,8.300754100194222,12.072711498495073,0,0,47.6,king+tour,1,7,10.576674220141987,0.19992218911647797,0.0,0.0
19.82,-22.121428958409112,-13.429616291847918,9.485238741597156,0.6006648750213633,8.096155602555319,8.300238741597093,12.082714117598446,0,0,47.5,king+tour,1,7,10.571081152347062,0.19990038871765137,0.0,0.0
19.84,-22.131925813488525,-13.435267741164452,9.484956686289449,0.5962432413289452,8.107627726109422,8.299956686289386,12.091263073491055,0,0,47.5,king+tour,1,7,10.565555930529404,0.19991418719291687,0.0,0.0
19.86,-22.142311933911614,-13.440882392764944,9.48485103539162,0.590353648565921,8.118995967145645,8.299851035391557,12.101264200418331,0,0,47.4,king+tour,1,7,10.560076577845212,0.19995807111263275,0.0,0.0
19.88,-22.15259184360184,-13.446524829945902,9.484880431410069,0.5863328932999192,8.130308396490317,8.299880431410006,12.10982113587155,0,0,47.4,king+tour,1,7,10.554578268963766,0.19996601343154907,0.0,0.0
19.9,-22.162718057473416,-13.45220894043236,9.485068203180875,0.5806990994333384,8.141540393952324,8.300068203180812,12.119665978723958,0,0,47.4,king+tour,1,7,10.549046089695644,0.19994376599788666,0.0,0.0
19.92,-22.17269590358224,-13.457993759991165,9.485413840443256,0.5769337384319861,8.152736637799904,8.300413840443193,12.128135643447871,0,0,47.3,king+tour,1,7,10.543420670707363,0.19993512332439423,0.0,0.0
19.94,-22.182491088488586,-13.463884900632555,9.485872911949219,0.571974501297201,8.163876158380388,8.300872911949156,12.138151666420718,0,0,47.3,king+tour,1,7,10.537695401960354,0.19996008276939392,0.0,0.0
19.96,-22.192119435149454,-13.469934620843706,9.486416306015165,0.5692087735751281,8.175006421237859,8.301416306015103,12.14681184467738,0,0,47.2,king+tour,1,7,10.531817828213141,0.19995947182178497,0.0,0.0
19.98,-22.201536221224806,-13.476145054591,9.487080272188356,0.5649915893126655,8.186096501871926,8.302080272188293,12.15621148880722,0,0,47.2,king+tour,1,7,10.525784519952659,0.19993333518505096,0.0,0.0
20.0,-22.21074675460853,-13.482564770316143,9.487865902395,0.562725266062198,8.197183713973763,8.302865902394938,12.164744567581684,0,0,47.2,king+tour,1,7,10.519546473359636,0.19993042945861816,0.0,0.0
20.02,-22.21974874589476,-13.48918840345309,9.488737720524833,0.560509656254296,8.208262495966874,8.30373772052477,12.174738509888032,0,0,47.1,king+tour,1,7,10.513108480817047,0.19995646178722382,0.0,0.0
20.04,-22.228560941246602,-13.496061249815304,9.489670583382601,0.5607161428679623,8.219377606973342,8.304670583382538,12.183447393460131,0,0,47.1,king+tour,1,7,10.506425147094285,0.19995707273483276,0.0,0.0
20.06,-22.237149749441002,-13.50317204786313,9.490623222823803,0.5595502590966825,8.230496901138308,8.30562322282374,12.192849969520257,0,0,47.1,king+tour,1,7,10.499506515090214,0.19996900856494904,0.0,0.0
20.08,-22.24552545355184,-13.510556897269685,9.491577735243283,0.5603559450669062,8.241652718502475,8.30657773524322,12.201191643166544,0,0,47.0,king+tour,1,7,10.492316205383748,0.19996413588523865,0.0,0.0
20.1,-22.25368768295566,-13.518200565324122,9.492511215272224,0.5610682559445219,8.252834169453047,8.30751121527216,12.210882989361808,0,0,47.0,king+tour,1,7,10.484868946689556,0.19997148215770721,0.0,0.0
20.12,-22.26166343577469,-13.52613035786003,9.49342512956423,0.5642018300792511,8.264079622941038,8.308425129564167,12.219355431700608,0,0,47.0,king+tour,1,7,10.47713763554544,0.19996485114097595,0.0,0.0
20.14,-22.26943289667123,-13.534316557336204,9.494309255527437,0.5660390075016613,8.275354217371124,8.309309255527374,12.229117798772066,0,0,46.9,king+tour,1,7,10.46915106433448,0.19997264444828033,0.0,0.0
20.16,-22.27701535253194,-13.542782731864133,9.495179350184294,0.5699272162496989,8.28668825310515,8.310179350184232,12.237695621823619,0,0,46.9,king+tour,1,7,10.46088574158696,0.1999635398387909,0.0,0.0
20.18,-22.284385914233468,-13.551493135962579,9.496029982462705,0.5721011593838271,8.298039109107057,8.311029982462642,12.247030727893046,0,0,46.8,king+tour,1,7,10.452376334406043,0.19997218251228333,0.0,0.0
20.2,-22.291557441977254,-13.560466340352043,9.496877723580507,0.5759077013676281,8.30942906583626,8.311877723580444,12.255201172462074,0,0,46.8,king+tour,1,7,10.443604204147865,0.19996507465839386,0.0,0.0
20.22,-22.298529879214907,-13.569666124291022,9.497711877022015,0.5786767610697946,8.32083312587634,8.312711877021952,12.264640378005565,0,0,46.8,king+tour,1,7,10.434605160117288,0.1999739408493042,0.0,0.0
20.24,-22.305342613447365,-13.57910646532565,9.49845994418174,0.5832945033335292,8.332289539813459,8.313459944181677,12.272898102365925,0,0,46.7,king+tour,1,7,10.425365997057588,0.19992682337760925,0.0,0.0
20.26,-22.311988870044328,-13.588749492290658,9.49916866401296,0.5866493407472757,8.343767350002503,8.314168664012897,12.28234692444518,0,0,46.7,king+tour,1,7,10.415924067950455,0.1999424546957016,0.0,0.0
20.28,-22.318499609241893,-13.598606638270235,9.49980538438075,0.5915202122248001,8.355296989630714,8.314805384380687,12.290647732309004,0,0,46.7,king+tour,1,7,10.406268585161698,0.19993390142917633,0.0,0.0
20.3,-22.32486655752025,-13.608630357164428,9.500355679046915,0.594381601054132,8.366839703806477,8.315355679046853,12.300092071282583,0,0,46.6,king+tour,1,7,10.396446572470795,0.19994881749153137,0.0,0.0
20.32,-22.331112895111065,-13.618830101535583,9.500848680585904,0.5985285478838892,8.378418945564272,8.315848680585841,12.308412787100815,0,0,46.6,king+tour,1,7,10.386449066456377,0.1999543458223343,0.0,0.0
20.34,-22.337226080840647,-13.629153135874441,9.501300184407508,0.6002914571825666,8.38998925893584,8.316300184407446,12.317850237884015,0,0,46.5,king+tour,1,7,10.376328161191804,0.19996969401836395,0.0,0.0
20.36,-22.343224389071967,-13.639603902166783,9.501753015063546,0.6029163983051896,8.401567064560034,8.316753015063483,12.326207340818737,0,0,46.5,king+tour,1,7,10.366079793502054,0.1999601274728775,0.0,0.0
20.38,-22.349092421431344,-13.650121823213265,9.502219486437951,0.6026567481864515,8.413099352402503,8.317219486437889,12.335708573346574,0,0,46.5,king+tour,1,7,10.355763795733615,0.1999708116054535,0.0,0.0
20.4,-22.35484717058359,-13.66070328088393,9.502640619268993,0.6026228860214105,8.424595969735797,8.31764061926893,12.344089138266186,0,0,46.4,king+tour,1,7,10.345384147550806,0.19993753731250763,0.0,0.0
20.42,-22.360465091745436,-13.671319287312253,9.503058868509612,0.6009067379681506,8.436019985347409,8.31805886850955,12.353465987259812,0,0,46.4,king+tour,1,7,10.334968812096866,0.19994542002677917,0.0,0.0
20.44,-22.365953336238626,-13.681997830839965,9.503432589804875,0.6006075821549524,8.447396181654822,8.318432589804813,12.361753116715128,0,0,46.4,king+tour,1,7,10.324489847304582,0.19993539154529572,0.0,0.0
20.46,-22.371290018075996,-13.69270241664265,9.503734448839198,0.5982462894096529,8.458683604018988,8.318734448839136,12.37059558534794,0,0,46.3,king+tour,1,7,10.313982729741559,0.19994805753231049,0.0,0.0
20.48,-22.37647783351539,-13.703455787411496,9.503979545907786,0.5970939718723219,8.469900213348302,8.318979545907723,12.37835703899535,0,0,46.3,king+tour,1,7,10.303424589956403,0.19995373487472534,0.0,0.0
20.5,-22.381515273215502,-13.714225736900879,9.504166582284029,0.5945641120647821,8.48102264870737,8.319166582283966,12.387060328034623,0,0,46.2,king+tour,1,7,10.29284732691246,0.19996795058250427,0.0,0.0
20.52,-22.386424141144342,-13.725039880250705,9.504321234565284,0.5938573020125688,8.492085965701792,8.319321234565221,12.39473116648903,0,0,46.2,king+tour,1,7,10.282223936449624,0.1999640017747879,0.0,0.0
20.54,-22.391199729890722,-13.735858842248081,9.504446020757008,0.5913369559077075,8.503059467938314,8.319446020756946,12.403337024983447,0,0,46.2,king+tour,1,7,10.271593398052879,0.19997356832027435,0.0,0.0
20.56,-22.395859277842707,-13.746704245427296,9.504567652252529,0.5902307842219056,8.513970738020511,8.319567652252466,12.410952994064875,0,0,46.1,king+tour,1,7,10.260934577249422,0.19996511936187744,0.0,0.0
20.58,-22.400393651376014,-13.757534245380812,9.504684404270845,0.5870755346769945,8.524784135227113,8.319684404270783,12.41952954906153,0,0,46.1,king+tour,1,7,10.250288767181587,0.19997434318065643,0.0,0.0
20.6,-22.404814170780888,-13.768369127062785,9.504813656470022,0.5851332305599546,8.53552205419447,8.31981365646996,12.427138600434654,0,0,46.1,king+tour,1,7,10.239635971698748,0.19996583461761475,0.0,0.0
20.62,-22.409100453235734,-13.779180254888198,9.504942768762,0.5815268096228929,8.546150019558453,8.319942768761937,12.435469190417804,0,0,46.0,king+tour,1,7,10.229003834338169,0.1999739557504654,0.0,0.0
20.64,-22.413250547238583,-13.790001849713285,9.50508207473671,0.5795463763699368,8.55669072723752,8.320082074736648,12.442861934508555,0,0,46.0,king+tour,1,7,10.218357903481905,0.19996583461761475,0.0,0.0
20.66,-22.417250793007664,-13.800802801911711,9.505219221471584,0.5759369406293808,8.567112793676591,8.320219221471522,12.45109542642076,0,0,46.0,king+tour,1,7,10.207728528412064,0.1999737024307251,0.0,0.0
20.68,-22.421103900844255,-13.811615436419384,9.505365142059386,0.5739790889372139,8.57744096516962,8.320365142059323,12.458422118895044,0,0,45.9,king+tour,1,7,10.197083333518169,0.19996456801891327,0.0,0.0
20.7,-22.424794074775743,-13.822400530894791,9.50550726493005,0.569990888958916,8.587636649542826,8.320507264929986,12.465973239156428,0,0,45.9,king+tour,1,7,10.186460668922019,0.19997288286685944,0.0,0.0
20.72,-22.42832003060529,-13.833182731206135,9.505653037301583,0.5672509533930565,8.59771639544297,8.32065303730152,12.472809666969,0,0,45.9,king+tour,1,7,10.175835662276729,0.19996629655361176,0.0,0.0
20.74,-22.431692832567748,-13.84394592939739,9.505785570750996,0.5640030884167709,8.607676953425985,8.320785570750934,12.480423952784452,0,0,45.8,king+tour,1,7,10.165224689434769,0.199973002076149,0.0,0.0
20.76,-22.434924389450785,-13.854731559024255,9.505908544139341,0.563000641186276,8.617556084001702,8.320908544139279,12.487180735796755,0,0,45.8,king+tour,1,8,14.587610612303758,0.19996656477451324,0.0,0.0
20.78,-22.438011877662895,-13.865509237467693,9.506009098629201,0.5605823920163087,8.627330611702144,8.321009098629139,12.494689813015137,0,0,45.8,king+tour,1,8,14.576405198120069,0.19997364282608032,0.0,0.0
20.8,-22.440962808932138,-13.876312942833124,9.506099230952712,0.5599914481815602,8.637029961462222,8.32109923095265,12.5013693603936,0,0,45.7,king+tour,1,8,14.565207922174931,0.19999165832996368,0.0,0.0
20.82,-22.443765450599095,-13.887115758090461,9.506167113177716,0.5580327629136205,8.646627055504933,8.321167113177653,12.50864557820411,0,0,45.7,king+tour,1,8,14.55404774610456,0.19999757409095764,0.0,0.0
20.84,-22.44641643325118,-13.897955408155582,9.506224957789618,0.557962965964264,8.656146288685747,8.321224957789555,12.515127215109462,0,0,45.7,king+tour,1,8,14.542888909574867,0.19998615980148315,0.0,0.0
20.86,-22.448908718946544,-13.908802021167435,9.506263549340227,0.5564665109510524,8.665561856881784,8.321263549340165,12.522060036651618,0,0,45.6,king+tour,1,8,14.531762101170967,0.19998569786548615,0.0,0.0
20.88,-22.451241754803355,-13.919690709709398,9.50629325375895,0.556793221998812,8.674898380492351,8.321293253758887,12.528225985347625,0,0,45.6,king+tour,1,8,14.520633415698333,0.19998715817928314,0.0,0.0
20.9,-22.45342004269862,-13.930594891430342,9.506301813384331,0.5559815429158432,8.684140553640761,8.321301813384268,12.535062722531665,0,0,45.6,king+tour,1,8,14.509527542362564,0.1999853551387787,0.0,0.0
20.92,-22.45545236466165,-13.94155330085521,9.506301059890768,0.557263560293073,8.693322212167164,8.321301059890706,12.541171446765333,0,0,45.5,king+tour,1,8,14.498404792661768,0.19998976588249207,0.0,0.0
20.94,-22.45734205561276,-13.95253161916817,9.506281737882343,0.5569891790047993,8.702421729501378,8.32128173788228,12.54773946237144,0,0,45.5,king+tour,1,8,14.487297650749088,0.19999344646930695,0.0,0.0
20.96,-22.459094809961087,-13.96356106614988,9.506259571574057,0.5583935437331795,8.711465469273332,8.321259571573995,12.553609947991383,0,0,45.5,king+tour,1,8,14.476174477690853,0.1999882161617279,0.0,0.0
20.98,-22.460723306725473,-13.974609779327794,9.50622591122469,0.5584066565204766,8.720440090057435,8.321225911224627,12.5601402717811,0,0,45.5,king+tour,1,8,14.465063095392422,0.19999198615550995,0.0,0.0
21.0,-22.462240788413077,-13.98571162304377,9.506192613496914,0.5602561764603973,8.729379157902079,8.321192613496851,12.566008659520703,0,0,45.4,king+tour,1,8,14.453927457672487,0.1999826580286026,0.0,0.0
21.02,-22.463659514181234,-13.99682716235784,9.506151624678008,0.56028938311193,8.73826358205742,8.321151624677945,12.57224250550975,0,0,45.4,king+tour,1,8,14.442802828832084,0.19997520744800568,0.0,0.0
21.04,-22.46499044179961,-14.007982788373923,9.506117375180343,0.5617395596807241,8.747119989537277,8.32111737518028,12.577837306102825,0,0,45.4,king+tour,1,8,14.431660965634155,0.1999819427728653,0.0,0.0
21.06,-22.466259358391373,-14.019147291188254,9.506077488641015,0.5618226217946186,8.755944538551194,8.321077488640952,12.584100875968549,0,0,45.3,king+tour,1,8,14.420525836031267,0.1999841183423996,0.0,0.0
21.08,-22.467488835141772,-14.030355289174624,9.5060409017871,0.563764513205944,8.764777820974254,8.321040901787038,12.589758127513381,0,0,45.3,king+tour,1,8,14.409358364498381,0.19998298585414886,0.0,0.0
21.1,-22.468704496626913,-14.041568597991935,9.505996230965922,0.5639550579636479,8.773610777334053,8.320996230965859,12.596077153554269,0,0,45.3,king+tour,1,8,14.398189300627624,0.19998927414417267,0.0,0.0
21.12,-22.469927106912294,-14.05281473289252,9.505957639466423,0.5656231418000411,8.782477596685428,8.32095763946636,12.601816458556339,0,0,45.3,king+tour,1,8,14.386986880703429,0.1999824047088623,0.0,0.0
21.14,-22.471172267895312,-14.064058557199287,9.50591553613401,0.565631911240997,8.791364195083858,8.320915536133947,12.608244179363961,0,0,45.2,king+tour,1,8,14.375781337375772,0.19996629655361176,0.0,0.0
21.16,-22.472448954634963,-14.075330390264613,9.505882614782193,0.5671975702944898,8.80029843469031,8.32088261478213,12.614122023253813,0,0,45.2,king+tour,1,8,14.36454106882445,0.1999766230583191,0.0,0.0
21.18,-22.473773517963835,-14.086587541537371,9.505849312320043,0.5667429572653175,8.809261255233688,8.32084931231998,12.620597812464153,0,0,45.2,king+tour,1,8,14.35330343307478,0.1999829113483429,0.0,0.0
21.2,-22.47515393697316,-14.097852602160518,9.505831982388425,0.5674668444302047,8.81827426023762,8.320831982388363,12.626542840303474,0,0,45.1,king+tour,1,8,14.342044555756019,0.199974924325943,0.0,0.0
21.22,-22.47659186433441,-14.109092597014385,9.505818429895486,0.5665803188455495,8.827314925598605,8.320818429895423,12.632944767587682,0,0,45.1,king+tour,1,8,14.330795978200062,0.1999838948249817,0.0,0.0
21.24,-22.478078559414453,-14.12033947018292,9.505816925691319,0.5672354462495376,8.836399855958149,8.320816925691256,12.638835097321548,0,0,45.1,king+tour,1,8,14.319528869925097,0.1999819427728653,0.0,0.0
21.26,-22.47962396653462,-14.13156364314603,9.505813909733705,0.5665032015992878,8.845514721087344,8.320813909733642,12.645359320546635,0,0,45.0,king+tour,1,8,14.308269441169552,0.19998005032539368,0.0,0.0
21.28,-22.48122572278043,-14.142800027053454,9.505817202392445,0.5674988044647751,8.854682747457016,8.320817202392382,12.651397410009327,0,0,45.0,king+tour,1,8,14.296984419948561,0.19997459650039673,0.0,0.0
21.3,-22.482895110769793,-14.154011230877309,9.50581659489658,0.5667405663266813,8.863884889601536,8.320816594896517,12.658004117303568,0,0,45.0,king+tour,1,8,14.285707255733568,0.19998325407505035,0.0,0.0
21.32,-22.48462937174535,-14.165223901712755,9.505828334358746,0.5673001547029132,8.873138189946564,8.320828334358684,12.664150588673673,0,0,45.0,king+tour,1,8,14.274412784550387,0.19998057186603546,0.0,0.0
21.34,-22.486438781754646,-14.176398616957451,9.505842511435391,0.5660133089674093,8.882421364916778,8.320842511435329,12.67058674307236,0,0,44.9,king+tour,1,8,14.263136668756056,0.1999804526567459,0.0,0.0
21.36,-22.488317545256454,-14.187559585359947,9.505869094559703,0.5659012162907661,8.891747595423748,8.32086909455964,12.676566856880068,0,0,44.9,king+tour,1,8,14.251856856947994,0.19997143745422363,0.0,0.0
21.38,-22.490257506005673,-14.198689257355937,9.505890610011038,0.5648750068853338,8.901098448943952,8.320890610010975,12.683097471524245,0,0,44.9,king+tour,1,8,14.2405923538725,0.19997914135456085,0.0,0.0
21.4,-22.492232555613846,-14.209832892726443,9.505911056980434,0.5658662569549674,8.910488222810086,8.320911056980371,12.689196845219783,0,0,44.8,king+tour,1,8,14.229305720604394,0.19997988641262054,0.0,0.0
21.42,-22.494236383972922,-14.220964258514929,9.505918369977614,0.5655145574820712,8.919893597745492,8.320918369977552,12.695813426132482,0,0,44.8,king+tour,1,8,14.218023930792292,0.19997891783714294,0.0,0.0
21.44,-22.496242737807265,-14.232119310541712,9.505925478666502,0.5667025056461719,8.929322214583541,8.320925478666439,12.702027103612958,0,0,44.8,king+tour,1,8,14.206718608866959,0.199967160820961,0.0,0.0
21.46,-22.49824768812571,-14.24326342861463,9.505925825580116,0.5661519087729817,8.93874639909187,8.320925825580053,12.708146616665697,0,0,44.7,king+tour,1,8,14.195424275033439,0.19997742772102356,0.0,0.0
21.48,-22.500225338907082,-14.254423587119572,9.505924597769111,0.5667015130913429,8.94816766696679,8.320924597769048,12.713878455347706,0,0,44.7,king+tour,1,8,14.184121178302266,0.19997981190681458,0.0,0.0
21.5,-22.502188167669473,-14.265591626610604,9.505900305807955,0.5669620642580898,8.957588806682498,8.320900305807893,12.720042107026066,0,0,44.7,king+tour,1,8,14.172814151798512,0.1999765783548355,0.0,0.0
21.52,-22.504124438399316,-14.276819609112113,9.505851256355905,0.569691015468461,8.967039352438892,8.320851256355843,12.725835846622923,0,0,44.7,king+tour,1,8,14.161455644920359,0.19996385276317596,0.0,0.0
21.54,-22.506048120108186,-14.288091222532943,9.505761013489575,0.5717472435451151,8.976517269727113,8.320761013489513,12.73208754442231,0,0,44.6,king+tour,1,8,14.150058023223002,0.199972465634346,0.0,0.0
21.56,-22.507947552566385,-14.299450077360758,9.505639171927104,0.5758608165802205,8.986046141791308,8.320639171927041,12.73800002969945,0,0,44.6,king+tour,1,8,14.13858191185938,0.19997762143611908,0.0,0.0
21.58,-22.50983904193794,-14.310872783328744,9.505479461363462,0.5789677260821952,8.995620427266259,8.3204794613634,12.744345011414115,0,0,44.6,king+tour,1,8,14.12704595686552,0.19997823238372803,0.0,0.0
21.6,-22.511711603220107,-14.322394876392206,9.50528748215016,0.5837421741164587,9.005258402782939,8.320287482150098,12.75037700863008,0,0,44.5,king+tour,1,8,14.115418444256317,0.21995913982391357,0.0,0.0
21.62,-22.513584572296402,-14.333985803663522,9.505065149431475,0.5871691408944242,9.014951389455016,8.320065149431413,12.755308859117477,0,0,44.5,king+tour,1,8,14.103724208484786,0.24194809794425964,0.0,0.0
21.64,-22.515448211389103,-14.345674108913531,9.504856252130237,0.5918894921514537,9.024713490677645,8.319856252130174,12.761245497059553,0,0,44.5,king+tour,1,8,14.0919380039619,0.2650923430919647,0.0,0.0
21.66,-22.517350018503112,-14.357518501205975,9.504687008332152,0.5998648650725222,9.034620143478124,8.319687008332089,12.76609048722932,0,0,44.4,king+tour,1,8,14.079991205201711,0.2886754274368286,0.0,0.0
21.68,-22.519277758113905,-14.369558678981749,9.504567947471369,0.6097053312211635,9.044691956621731,8.319567947471306,12.770650301889438,0,0,44.4,king+tour,1,8,14.067848376026888,0.3123787045478821,0.0,0.0
21.7,-22.521276610477592,-14.381869378421325,9.504546230016171,0.6235968311161552,9.055014539893143,8.319546230016108,12.775880714293168,0,0,44.4,king+tour,1,8,14.055425929056332,0.3360626995563507,0.0,0.0
21.72,-22.52335725774584,-14.39458201447109,9.504623592975546,0.6441005228536674,9.06569115881719,8.319623592975484,12.780955590184945,0,0,44.3,king+tour,1,8,14.042593895652685,0.3598380386829376,0.0,0.0
21.74,-22.525563824202397,-14.407759758881602,9.504781343495253,0.6681069684235168,9.076798555193498,8.31978134349519,12.785726492686464,0,0,44.3,king+tour,1,8,14.029280149457755,0.38362324237823486,0.0,0.0
21.76,-22.527905550567286,-14.421530464517621,9.505043952011054,0.6985430897849229,9.08843679143081,8.320043952010991,12.791194986297185,0,0,44.3,king+tour,1,8,14.015358532403106,0.407374769449234,0.0,0.0
21.78,-22.530413016002367,-14.436007171172408,9.505375554278334,0.7347999362760372,9.100710011684086,8.320375554278272,12.797726380599634,0,0,44.2,king+tour,1,8,14.000711956897483,0.4311084747314453,0.0,0.0
21.8,-22.533069784607864,-14.451332490305536,9.505800264490254,0.7779849046085391,9.113712060348565,8.320800264490192,12.80372834693549,0,0,44.2,king+tour,1,8,13.985206341225338,0.4547742009162903,0.0,0.0
21.82,-22.535903775486563,-14.467610458365122,9.506294267077976,0.8265104158541067,9.12753932228344,8.321294267077914,12.811365420264478,0,0,44.2,king+tour,1,8,13.968733992715205,0.4784821569919586,0.0,0.0
21.84,-22.53890137557732,-14.48501069083193,9.50686169153556,0.8832831747493498,9.142308120430714,8.321861691535497,12.819775259517126,0,0,44.1,king+tour,1,8,13.951133993869739,0.5022206902503967,0.0,0.0
21.86,-22.54208769817349,-14.503626407545978,9.507468325343654,0.9448089291514353,9.158105829972905,8.322468325343591,12.829683606883844,0,0,44.1,king+tour,1,8,13.93230984561474,0.5259847640991211,0.0,0.0
21.88,-22.545443408317826,-14.523595261177798,9.50812220832974,1.0129702227871427,9.175022512845036,8.323122208329677,12.839803241200125,0,0,44.0,king+tour,1,8,13.912133047440435,0.549666702747345,0.0,0.0
21.9,-22.54899088327256,-14.544976844926403,9.508806998493128,1.0842343378173833,9.193119937531367,8.323806998493065,12.8515790094326,0,0,44.0,king+tour,1,8,13.890540379240203,0.5734599828720093,0.0,0.0
21.92,-22.552709565243582,-14.56787458557839,9.509457351580629,1.1603427098337402,9.212463288340997,8.324457351580566,12.863584918616237,0,0,43.9,king+tour,1,8,13.867436839240119,0.5972216129302979,0.0,0.0
21.94,-22.55662650603304,-14.592351579599725,9.510088385552585,1.2398224321877467,9.233120975899773,8.325088385552522,12.877357091907518,0,0,43.8,king+tour,1,8,13.842754681927158,0.6209792494773865,0.0,0.0
21.96,-22.560724823705712,-14.618511298708249,9.510658750597557,1.3242473596986395,9.255161844423014,8.325658750597494,12.893637135741564,0,0,43.8,king+tour,1,8,13.81639799662245,0.6447524428367615,0.0,0.0
21.98,-22.565033546148275,-14.646394683444026,9.511152228749495,1.4109320980266962,9.278640314453419,8.326152228749432,12.90915982959256,0,0,43.7,king+tour,1,8,13.788320038693572,0.668533980846405,0.0,0.0
22.0,-22.569518547834626,-14.67600502960615,9.511550117224308,1.4975364396282682,9.303540756674055,8.326550117224246,12.9276241174011,0,0,43.6,king+tour,1,8,13.7585262642745,0.6922488808631897,0.0,0.0
22.02,-22.574204050871963,-14.707382144054424,9.511811146842014,1.586304972470872,9.329914241506266,8.326811146841951,12.945454386063904,0,0,43.5,king+tour,1,8,13.726972257175477,0.7159736156463623,0.0,0.0
22.04,-22.57905303983331,-14.740557111475095,9.511991567978129,1.676397707210415,9.357764643566416,8.326991567978066,12.966308588304504,0,0,43.5,king+tour,1,8,13.69363734799222,0.7395549416542053,0.0,0.0
22.06,-22.5840815537879,-14.775545537064792,9.512029288681537,1.767397310092427,9.387120460463397,8.327029288681475,12.987751050550868,0,0,43.4,king+tour,1,8,13.65850265122129,0.7631762623786926,0.0,0.0
22.08,-22.589242234024745,-14.81233280408063,9.511916832611096,1.85738275630608,9.41794563189097,8.326916832611033,13.011891665575842,0,0,43.3,king+tour,1,8,13.621594422404756,0.7866703271865845,0.0,0.0
22.1,-22.59454330975603,-14.850908200734834,9.511670810346311,1.946935513757947,9.450244482392742,8.326670810346249,13.035269595038692,0,0,43.2,king+tour,1,8,13.582921276906152,0.810371994972229,0.0,0.0
22.12,-22.600001157869468,-14.891224349122963,9.511312787450308,2.034273892127748,9.483999434430183,8.326312787450245,13.061623044965325,0,0,43.1,king+tour,1,8,13.542525288568438,0.8340972661972046,0.0,0.0
22.14,-22.605692235623295,-14.933280976829737,9.510858448930463,2.122118471926626,9.519267774818939,8.3258584489304,13.087300879918404,0,0,43.0,king+tour,1,8,13.500387817755001,0.8578810095787048,0.0,0.0
22.16,-22.611627123094685,-14.977029272570164,9.510343103295627,2.207601555202667,9.556026445839418,8.325343103295564,13.115999527564883,0,0,42.9,king+tour,1,8,13.456553694034815,0.881676435470581,0.0,0.0
22.18,-22.6178776484214,-15.022466498993957,9.509793974914727,2.293421109350425,9.594327099637185,8.324793974914664,13.144063569297854,0,0,42.7,king+tour,1,8,13.411007694084056,0.9054306149482727,0.0,0.0
22.2,-22.624448527454636,-15.069540082578895,9.509256825918479,2.37665061159695,9.634139258688599,8.324256825918416,13.17519626982402,0,0,42.6,king+tour,1,8,13.363799662515035,0.9291853308677673,0.0,0.0
22.22,-22.63139834243327,-15.118245398107746,9.508768619013802,2.4600538789750255,9.675503596119807,8.32376861901374,13.20584522852192,0,0,42.5,king+tour,1,8,13.314919404590237,0.9528102874755859,0.0,0.0
22.24,-22.638707755588644,-15.168487298665227,9.508291156193442,2.538653217283001,9.718340861063675,8.32329115619338,13.239495296057902,0,0,42.4,king+tour,1,8,13.264463945326082,0.9764609336853027,0.0,0.0
22.26,-22.646422630553733,-15.220229723413883,9.507805185632616,2.6158335105580393,9.762658557135204,8.322805185632554,13.272634293519337,0,0,42.2,king+tour,1,8,13.212456603341263,1.0,0.0,0.0
22.28,-22.65451519807188,-15.273367117607368,9.507254742061015,2.687645483892514,9.80836288228968,8.322254742060952,13.308598830934868,0,0,42.1,king+tour,1,8,13.15900653860805,1.0,0.0,0.0
22.3,-22.663023261285794,-15.32785845807084,9.506622741255233,2.7577584875114334,9.855451071037562,8.32162274125517,13.345959762209207,0,0,42.0,king+tour,1,8,13.10414381077247,1.0,0.0,0.0
22.32,-22.671917040307072,-15.383610326774274,9.505889655457331,2.823077923114829,9.903836095851709,8.320889655457268,13.38350223902355,0,0,41.8,king+tour,1,8,13.04796630028125,1.0,0.0,0.0
22.34,-22.681212582832536,-15.440499257059525,9.505075847823642,2.882455456163801,9.953436715214409,8.32007584782358,13.422512560643074,0,0,41.7,king+tour,1,8,12.990589241149587,1.0,0.0,0.0
22.36,-22.690888068235903,-15.498474915451494,9.504240862709974,2.939170454360042,10.004202689250752,8.319240862709911,13.463091718712528,0,0,41.5,king+tour,1,8,12.932066780547457,1.0,0.0,0.0
22.38,-22.7009237760644,-15.557418849361072,9.50341358704098,2.989894296370743,10.05603230076803,8.318413587040917,13.50371252032359,0,0,41.4,king+tour,1,8,12.872518386919179,1.0,0.0,0.0
22.4,-22.71124554444754,-15.617216904911771,9.502660408661589,3.034350683371512,10.10879189439648,8.317660408661526,13.546432386045598,0,0,41.2,king+tour,1,8,12.812073331390161,1.0,0.0,0.0
22.42,-22.721832153081902,-15.67775006408101,9.502004012709358,3.072771752437716,10.162377233873546,8.317004012709296,13.588422166957324,0,0,41.1,king+tour,1,8,12.750852046660379,1.0,0.0,0.0
22.44,-22.732597931092908,-15.738863701109487,9.501494692017731,3.102836611311366,10.216615121409193,8.316494692017669,13.631740835225267,0,0,40.9,king+tour,1,8,12.689025952368011,1.0,0.0,0.0
22.46,-22.74351553763057,-15.800434247834682,9.50112365709653,3.1266051971201176,10.271392717373624,8.316123657096467,13.674276287733761,0,0,40.8,king+tour,1,8,12.6267214903576,1.0,0.0,0.0
22.48,-22.754500093172496,-15.86233222003958,9.500898155966517,3.143274675514258,10.326555948008409,8.315898155966455,13.71855293540135,0,0,40.6,king+tour,1,8,12.564085672340294,1.0,0.0,0.0
22.5,-22.765526192042334,-15.924465158494163,9.50078686919312,3.1551898841569286,10.382016542053005,8.315786869193058,13.761928164161006,0,0,40.5,king+tour,1,8,12.501214441916655,1.0,0.0,0.0
22.52,-22.776522746609444,-15.986698639616645,9.500785623953108,3.1598775239399037,10.437624539343872,8.315785623953046,13.805968532488444,0,0,40.3,king+tour,1,8,12.438256114846443,1.0,0.0,0.0
22.54,-22.787477629778998,-16.04893587217677,9.500833691295684,3.1597012882830344,10.493295678923111,8.315833691295621,13.849079861252283,0,0,40.2,king+tour,1,8,12.375307421091145,1.0,0.0,0.0
22.56,-22.79832785828062,-16.111091869629156,9.500891080057393,3.1547974464726827,10.548923150118814,8.31589108005733,13.893510911142727,0,0,40.0,king+tour,1,8,12.312466894796506,1.0,0.0,0.0
22.58,-22.809065282561644,-16.173118752027158,9.500975892835093,3.147472642221633,10.604463071155514,8.31597589283503,13.936847263375036,0,0,39.9,king+tour,1,8,12.249783035817618,1.0,0.0,0.0
22.6,-22.819666584939988,-16.234920402411422,9.501106543143846,3.1352227480034616,10.659823879456692,8.316106543143784,13.980469342145982,0,0,39.7,king+tour,1,8,12.187354863486263,1.0,0.0,0.0
22.62,-22.8301572731127,-16.29644225131111,9.501224067637349,3.1204992558802056,10.71497628996754,8.316224067637286,14.023303361667432,0,0,39.6,king+tour,1,8,12.125228529396717,1.0,0.0,0.0
22.64,-22.840514563428474,-16.357647002334684,9.50129060954756,3.103747508403582,10.769874915109114,8.316290609547497,14.066744810143971,0,0,39.4,king+tour,1,8,12.0634460891635,1.0,0.0,0.0
22.66,-22.85076571690305,-16.41850900522977,9.501303716801452,3.0859640777886144,10.82451390414379,8.31630371680139,14.109091204138345,0,0,39.3,king+tour,1,8,12.002025255421566,1.0,0.0,0.0
22.68,-22.86088356658147,-16.47898274168622,9.501253640536806,3.0657161442115957,10.878838419364765,8.316253640536743,14.15163153774766,0,0,39.1,king+tour,1,8,11.941017153028557,1.0,0.0,0.0
22.7,-22.870893745217796,-16.53905837994379,9.501154293482609,3.0451994426566302,10.93285386381861,8.316154293482546,14.193062342144875,0,0,39.0,king+tour,1,8,11.880424604030523,1.0,0.0,0.0
22.72,-22.880774302913746,-16.598733272263505,9.500996848663544,3.0243772014348886,10.986542715280963,8.315996848663481,14.235267532751164,0,0,38.9,king+tour,1,8,11.820256001726632,1.0,0.0,0.0
22.74,-22.89055568148436,-16.658040832938234,9.500783644046644,3.0054565277745824,11.039947868631169,8.315783644046581,14.276380656761862,0,0,38.7,king+tour,1,8,11.760471152009414,1.0,0.0,0.0
22.76,-22.900210099823422,-16.716972708331166,9.500501050774877,2.9859058883991976,11.093044036434067,8.315501050774815,14.318177231363098,0,0,38.6,king+tour,1,8,11.701085517582564,1.0,0.0,0.0
22.78,-22.90976194884409,-16.77555619514381,9.500153003858088,2.967904935934226,11.145865786215383,8.315153003858025,14.358876450492476,0,0,38.5,king+tour,1,8,11.642066394810946,1.0,0.0,0.0
22.8,-22.919205564703997,-16.833791589450986,9.499723474307299,2.9498845427645635,11.198408165452129,8.314723474307236,14.400263925283467,0,0,38.3,king+tour,1,8,11.583415067257425,1.0,0.0,0.0
22.82,-22.92858698352161,-16.891715329657867,9.499204969711833,2.934041387575078,11.250725964712075,8.31420496971177,14.440576663899453,0,0,38.2,king+tour,1,8,11.525084218137016,1.0,0.0,0.0
22.84,-22.937895478555333,-16.949327640193395,9.498675309055935,2.918093104000246,11.302811244613354,8.313675309055872,14.481399202093453,0,0,38.1,king+tour,1,8,11.467076510778393,1.0,0.0,0.0
22.86,-22.947173608835023,-17.006667024356762,9.498188658628477,2.9043611631301167,11.354718407187539,8.313188658628414,14.521221641145061,0,0,37.9,king+tour,1,8,11.40934349066406,1.0,0.0,0.0
22.88,-22.95641138097885,-17.063760064091806,9.497752243785815,2.891860161852422,11.406461465165297,8.312752243785752,14.562039083113511,0,0,37.8,king+tour,1,8,11.351862209240753,1.0,0.0,0.0
22.9,-22.965652694201918,-17.120671512826416,9.49735675497013,2.882911409739353,11.458117069797492,8.312356754970068,14.601910586244585,0,0,37.7,king+tour,1,8,11.29455850859301,1.0,0.0,0.0
22.92,-22.974881121895372,-17.177421424679764,9.49697146292982,2.8748325268668093,11.509690541673667,8.311971462929757,14.642809756421613,0,0,37.6,king+tour,1,8,11.237417463351871,1.0,0.0,0.0
22.94,-22.984133684383973,-17.234066828222264,9.496567675366745,2.869875737507809,11.56124850685428,8.311567675366682,14.682779588015011,0,0,37.4,king+tour,1,8,11.180374174993053,1.0,0.0,0.0
22.96,-22.993389019080563,-17.290623055356175,9.496211961860562,2.8654818879495196,11.612789934214932,8.311211961860499,14.723850757282648,0,0,37.3,king+tour,1,8,11.123419624065885,1.0,0.0,0.0
22.98,-23.002679378517715,-17.347143206270683,9.495946414383118,2.86396087321965,11.66437574640404,8.310946414383055,14.76408327701755,0,0,37.2,king+tour,1,8,11.06649396944072,1.0,0.0,0.0
23.0,-23.011975735839297,-17.40363542639381,9.495780964549398,2.862612691029613,11.715994984676716,8.310780964549336,14.80554875388884,0,0,37.1,king+tour,1,8,11.009597230597922,1.0,0.0,0.0
23.02,-23.021304417212193,-17.46014597898119,9.495713728857085,2.8637699674234,11.767699835444024,8.310713728857023,14.846205893279905,0,0,36.9,king+tour,1,8,10.952677762050065,1.0,0.0,0.0
23.04,-23.030629800292562,-17.516675277655462,9.495723258915021,2.864665979229983,11.819469589167179,8.310723258914958,14.888134955726876,0,0,36.8,king+tour,1,8,10.895744885827254,1.0,0.0,0.0
23.06,-23.039971963358365,-17.573262570131725,9.495799978069073,2.8676661095613145,11.871347368779896,8.31079997806901,14.929252558182295,0,0,36.7,king+tour,1,8,10.838755436355255,1.0,0.0,0.0
23.08,-23.04931360412758,-17.629899335619093,9.495921158521803,2.8701063315817206,11.923315817274222,8.31092115852174,14.97161282219682,0,0,36.6,king+tour,1,8,10.781722403965885,1.0,0.0,0.0
23.1,-23.05869235503968,-17.68661573253306,9.496071633758326,2.874340485385579,11.975420580921917,8.311071633758264,15.013169902690056,0,0,36.5,king+tour,1,8,10.724606552724284,1.0,0.0,0.0
23.12,-23.068084988575624,-17.743397623904468,9.496234218716191,2.8776862173991096,12.027636352063418,8.311234218716129,15.055955360929474,0,0,36.3,king+tour,1,8,10.66742789689924,1.0,0.0,0.0
23.14,-23.077522787152073,-17.800269301620087,9.496401484447691,2.8824849288348537,12.080000298586556,8.311401484447629,15.09794359164406,0,0,36.2,king+tour,1,8,10.610154540773143,1.0,0.0,0.0
23.16,-23.08697671962853,-17.857211282339446,9.496562664440301,2.886083846020107,12.132479488667153,8.311562664440238,15.14107754521181,0,0,36.1,king+tour,1,8,10.552813255387797,1.0,0.0,0.0
23.18,-23.096472083268754,-17.914242408366555,9.496719750591343,2.890819928082302,12.185103198753511,8.31171975059128,15.18341841136351,0,0,36.0,king+tour,1,9,12.47612423496128,1.0,0.0,0.0
23.2,-23.10597439109608,-17.97133883704109,9.496867621247377,2.8940965287815064,12.237831922126224,8.311867621247314,15.225508512780298,0,0,35.9,king+tour,1,9,12.423194689427543,1.0,0.0,0.0
23.22,-23.115503478753787,-18.02851500035308,9.497015854752464,2.898249098956148,12.290688237189665,8.312015854752401,15.267604562157969,0,0,35.8,king+tour,1,9,12.37023908511465,1.0,0.0,0.0
23.24,-23.125026668982166,-18.085762884960996,9.497154857117433,2.9017368789504525,12.343646944466839,8.31215485711737,15.309583618893628,0,0,35.6,king+tour,1,9,12.317257718957686,1.0,0.0,0.0
23.26,-23.134472532219693,-18.14312735730934,9.497279439205048,2.9068550620913958,12.396705816456459,8.312279439204985,15.351889827975565,0,0,35.5,king+tour,1,9,12.264189615307892,1.0,0.0,0.0
23.28,-23.143730711325553,-18.200611671500035,9.497442932451403,2.9112656132566332,12.449807120986513,8.31244293245134,15.393897582563115,0,0,35.4,king+tour,1,9,12.211003550571618,1.0,0.0,0.0
23.3,-23.15272147873079,-18.258265886801233,9.4976779755991,2.9175750572236594,12.502949784569074,8.312677975599037,15.437018263971725,0,0,35.3,king+tour,1,9,12.157630225809061,1.0,0.0,0.0
23.32,-23.161310332751917,-18.316093578423146,9.498000638246815,2.9231466106318513,12.556064613742189,8.313000638246752,15.479208910127493,0,0,35.2,king+tour,1,9,12.10403041503651,1.0,0.0,0.0
23.34,-23.16941291753332,-18.374096698787174,9.498421683090948,2.928391679260367,12.609109250129546,8.313421683090885,15.522334122409418,0,0,35.1,king+tour,1,9,12.050178663031447,1.0,0.0,0.0
23.36,-23.17689581775647,-18.432263130897887,9.498925367817579,2.9323971928030543,12.662003483689784,8.313925367817516,15.564463077328549,0,0,35.0,king+tour,1,9,11.996049487629788,1.0,0.0,0.0
23.38,-23.18365674769041,-18.490592838061545,9.499501558326253,2.936152630089277,12.714694983104144,8.31450155832619,15.607328125919782,0,0,34.9,king+tour,1,9,11.941613103194848,1.0,0.0,0.0
23.4,-23.18955077186452,-18.549052249233682,9.50009268282396,2.937937926390618,12.767080936395848,8.315092682823897,15.64903509718106,0,0,34.7,king+tour,1,9,11.886859909878712,1.0,0.0,0.0
23.42,-23.194486176922638,-18.607662999298718,9.500673987653334,2.941052601356482,12.81913463486534,8.315673987653271,15.691887632290907,0,0,34.6,king+tour,1,9,11.831740542798313,1.0,0.0,0.0
23.44,-23.198323169160986,-18.666396568550383,9.501206519108107,2.9430588917942053,12.870762133200563,8.316206519108045,15.733456325525074,0,0,34.5,king+tour,1,9,11.776240394784683,1.0,0.0,0.0
23.46,-23.200977924288292,-18.725217816563404,9.501644285591698,2.94413764203096,12.92189479093317,8.316644285591636,15.775476056688392,0,0,34.4,king+tour,1,9,11.720365734725188,1.0,0.0,0.0
23.48,-23.202403402959302,-18.784138830057795,9.501968430206736,2.9469572826811916,12.972524158821109,8.316968430206673,15.816258676524233,0,0,34.3,king+tour,1,9,11.664087162684556,1.0,0.0,0.0
23.5,-23.20250979271494,-18.843117417524855,9.502120853415027,2.9489440191466296,13.022573707488153,8.317120853414965,15.857805500936069,0,0,34.2,king+tour,1,9,11.60741564395677,1.0,0.0,0.0
23.52,-23.20124680313977,-18.90215900622508,9.502083215177189,2.9527553892721565,13.072028929573698,8.317083215177126,15.897825834850876,0,0,34.1,king+tour,1,9,11.550327087044925,1.0,0.0,0.0
23.54,-23.198610381837376,-18.96122053681306,9.501853924379217,2.9560394478712526,13.120859022228242,8.316853924379155,15.937768955128032,0,0,34.0,king+tour,1,9,11.492856929922848,1.0,0.0,0.0
23.56,-23.194538574539415,-19.020298555359084,9.501439971139533,2.9609809385070123,13.169036683577364,8.31643997113947,15.978351167273445,0,0,33.9,king+tour,1,9,11.434986686379226,1.0,0.0,0.0
23.58,-23.18901650044925,-19.079338447204496,9.500870776846469,2.965015224884403,13.216516221981815,8.315870776846406,16.016962319702454,0,0,33.8,king+tour,1,9,11.376760302952835,1.0,0.0,0.0
23.6,-23.182076718192555,-19.138333034520574,9.500197147723979,2.9702591160365457,13.263317176992548,8.315197147723916,16.056345825283895,0,0,33.7,king+tour,1,9,11.318189851272601,1.0,0.0,0.0
23.62,-23.173707804212157,-19.197225328726166,9.499453299609742,2.974430343791172,13.309393611158125,8.31445329960968,16.09415801264517,0,0,33.6,king+tour,1,9,11.259323328905367,1.0,0.0,0.0
23.64,-23.16392862781714,-19.25601100114759,9.498745942200634,2.979885873447352,13.354760331719723,8.31374594220057,16.13269944249286,0,0,33.5,king+tour,1,9,11.20016714024315,1.0,0.0,0.0
23.66,-23.152828343447858,-19.31463065123464,9.498002408481272,2.983300408858732,13.399420722347646,8.313002408481209,16.169338532002143,0,0,33.5,king+tour,1,9,11.14080089952165,1.0,0.0,0.0
23.68,-23.140522390627645,-19.373084951488124,9.497228687749887,2.9870304387082496,13.443442186017563,8.312228687749824,16.206591720019144,0,0,33.4,king+tour,1,9,11.081254637193469,1.0,0.0,0.0
23.7,-23.12707120925581,-19.43132598707647,9.496444787297628,2.988965961089163,13.486821358951659,8.311444787297566,16.24205939584479,0,0,33.3,king+tour,1,9,11.021589936991928,1.0,0.0,0.0
23.72,-23.11258090845016,-19.48936360372825,9.495697377333727,2.991192231248083,13.529626967892188,8.310697377333664,16.278409939580634,0,0,33.2,king+tour,1,9,10.96182637001156,1.0,0.0,0.0
23.74,-23.09711228053909,-19.54715844451736,9.495024074866256,2.9916447848559677,13.571861499153478,8.310024074866194,16.313166032858632,0,0,33.1,king+tour,1,9,10.902018210509958,1.0,0.0,0.0
23.76,-23.080776754598663,-19.60473089412294,9.494474212523821,2.9923814554351953,13.61360364035841,8.309474212523758,16.348578365321163,0,0,33.0,king+tour,1,9,10.842177142773378,1.0,0.0,0.0
23.78,-23.063645949053548,-19.662050733982028,9.494093070525226,2.991309834052263,13.654867386418774,8.309093070525163,16.382534644521673,0,0,32.9,king+tour,1,9,10.782352318854812,1.0,0.0,0.0
23.8,-23.045866589415894,-19.71915053525044,9.493797840129547,2.990225783700795,13.695757428484585,8.308797840129484,16.417405726289218,0,0,32.9,king+tour,1,9,10.722554219837797,1.0,0.0,0.0
23.82,-23.02752980236979,-19.776012005850113,9.49352991474188,2.987279858811894,13.73630551222458,8.308529914741817,16.450949893587207,0,0,32.8,king+tour,1,9,10.66282641745416,1.0,0.0,0.0
23.84,-23.008766376649387,-19.832676371299954,9.493262075369664,2.9845385717592343,13.776613577612938,8.308262075369601,16.48532772307253,0,0,32.7,king+tour,1,9,10.603166738289941,1.0,0.0,0.0
23.86,-22.989660641348845,-19.889135888034698,9.492979308261958,2.9802626178460465,13.8167170507168,8.307979308261896,16.518558556375503,0,0,32.6,king+tour,1,9,10.54360677572235,1.0,0.0,0.0
23.88,-22.970339646937234,-19.945441551235756,9.492669034989845,2.976459643212044,13.85672243038843,8.307669034989782,16.552169366207277,0,0,32.6,king+tour,1,9,10.484133880191708,1.0,0.0,0.0
23.9,-22.950887922653465,-20.001595793310436,9.49232363855003,2.9714423178373663,13.896672143389921,8.307323638549967,16.585022154801177,0,0,32.5,king+tour,1,9,10.4247698397811,1.0,0.0,0.0
23.92,-22.93137971659478,-20.057647354454158,9.491936147869199,2.967531701306757,13.93664356098949,8.306936147869136,16.618592179598476,0,0,32.4,king+tour,1,9,10.365489046410483,1.0,0.0,0.0
23.94,-22.911875515704104,-20.113597491495284,9.49149692483365,2.9626949742505153,13.976665191704846,8.306496924833587,16.65135712808674,0,0,32.3,king+tour,1,9,10.306307465776742,1.0,0.0,0.0
23.96,-22.892450807556052,-20.16950072533733,9.490991787849937,2.9592000625200865,14.016818970489876,8.305991787849875,16.685173291886674,0,0,32.3,king+tour,1,9,10.247194136117212,1.0,0.0,0.0
23.98,-22.873144475067154,-20.225364330753756,9.49051142762557,2.9553796838305515,14.057127471711283,8.305511427625508,16.718358442890917,0,0,32.2,king+tour,1,9,10.188153004402215,1.0,0.0,0.0
24.0,-22.854035675992975,-20.2812373971564,9.490014113917615,2.9526230170035594,14.097668648517496,8.305014113917553,16.751897314321656,0,0,32.1,king+tour,1,9,10.129159203520892,1.0,0.0,0.0
24.02,-22.835169703119274,-20.337120484821323,9.489556988171922,2.9491750471039073,14.13846122215262,8.304556988171859,16.78563321353276,0,0,32.0,king+tour,1,9,10.0702248123041,1.0,0.0,0.0
24.04,-22.81653524288723,-20.393048492442862,9.489184314651242,2.947593946852123,14.179527981117939,8.30418431465118,16.81980723814207,0,0,32.0,king+tour,1,9,10.011313002947226,1.0,0.0,0.0
24.06,-22.798182947211426,-20.44901471235767,9.488896479397454,2.9449564416380234,14.220883323865838,8.303896479397391,16.85519853184167,0,0,31.9,king+tour,1,9,9.952444311365177,1.0,0.0,0.0
24.08,-22.78010570095829,-20.505047849500478,9.488715055492781,2.943863195188563,14.26254644899921,8.303715055492718,16.890082040820545,0,0,31.8,king+tour,1,9,9.893589037794944,1.0,0.0,0.0
24.1,-22.762354711670817,-20.56113802323358,9.488634135585254,2.9416032015401883,14.304528704269895,8.303634135585192,16.926147917056653,0,0,31.7,king+tour,1,9,9.834770915966313,1.0,0.0,0.0
24.12,-22.744918876290562,-20.617312323396312,9.488662421285952,2.9409017130215616,14.346845972159876,8.303662421285889,16.9613095587668,0,0,31.7,king+tour,1,9,9.775960703383936,1.0,0.0,0.0
24.14,-22.72779901318755,-20.673547059008037,9.48880077744025,2.9391556374288124,14.38947430055702,8.303800777440188,16.99854443633606,0,0,31.6,king+tour,1,9,9.71718127426285,1.0,0.0,0.0
24.16,-22.710967320657875,-20.729864371918527,9.48904532113134,2.938964702275409,14.432418020390095,8.304045321131277,17.034107998809535,0,0,31.5,king+tour,1,9,9.658403510762035,1.0,0.0,0.0
24.18,-22.694428770668896,-20.786243153467876,9.489378793456712,2.9377720506017937,14.47565753516314,8.30437879345665,17.071876186324875,0,0,31.4,king+tour,1,9,9.599649036669303,1.0,0.0,0.0
24.2,-22.678122167800673,-20.84270013855925,9.489792556851798,2.9383105957576343,14.51917809869541,8.304792556851735,17.10792765934739,0,0,31.3,king+tour,1,9,9.54088460772942,1.0,0.0,0.0
24.22,-22.66204600768319,-20.899219450859285,9.490265710605362,2.9381539533635546,14.562962380493104,8.3052657106053,17.146147906681897,0,0,31.3,king+tour,1,9,9.482125054577164,1.0,0.0,0.0
24.24,-22.646132880419668,-20.955821581324557,9.490777828336304,2.9399366732479293,14.606997175261142,8.305777828336241,17.183232750762006,0,0,31.2,king+tour,1,9,9.423331814685968,1.0,0.0,0.0
24.26,-22.630375684375856,-21.012497020380977,9.4913264231053,2.941383847622335,14.651269009474222,8.306326423105237,17.222220718578015,0,0,31.1,king+tour,1,9,9.364512056141344,1.0,0.0,0.0
24.28,-22.614716291765163,-21.06923189861443,9.491914889306365,2.942961636502551,14.695738609152395,8.306914889306302,17.259399012005538,0,0,31.0,king+tour,1,9,9.305662801066251,1.0,0.0,0.0
24.3,-22.599150071577107,-21.126002328689616,9.492532189128882,2.943454603410601,14.740380980754724,8.30753218912882,17.29865508657946,0,0,31.0,king+tour,1,9,9.246805706026347,1.0,0.0,0.0
24.32,-22.583607182735733,-21.18281965830728,9.49316406115813,2.945415760414481,14.785175297360244,8.308164061158067,17.336651733163176,0,0,30.9,king+tour,1,9,9.187910276696012,1.0,0.0,0.0
24.34,-22.568076771950615,-21.239666012703395,9.493813030784057,2.9466603252065102,14.830099861977903,8.308813030783995,17.37667975870642,0,0,30.8,king+tour,1,9,9.128990627425154,1.0,0.0,0.0
24.36,-22.552517936173437,-21.29654800805364,9.494479346576023,2.9487636148482883,14.875142617802306,8.30947934657596,17.414829401899905,0,0,30.7,king+tour,1,9,9.070028907925385,1.0,0.0,0.0
24.38,-22.53694847467318,-21.35344158328452,9.49515710854924,2.949468763715017,14.920288560746199,8.310157108549177,17.454975275537716,0,0,30.7,king+tour,1,9,9.011053213516158,1.0,0.0,0.0
24.4,-22.521320850226722,-21.410358463097968,9.495846396304295,2.951367890973299,14.965527847028037,8.310846396304232,17.493228245394427,0,0,30.6,king+tour,1,9,8.952038905314293,1.0,0.0,0.0
24.42,-22.50564636577977,-21.467279683316512,9.49653801149164,2.952199648318608,15.010847475831453,8.311538011491578,17.53344992348764,0,0,30.5,king+tour,1,9,8.893007349209183,1.0,0.0,0.0
24.44,-22.489871283712883,-21.52422147700272,9.497223059638921,2.9545263467193457,15.056239648901613,8.312223059638859,17.572179315972452,0,0,30.5,king+tour,1,9,8.833927811588682,1.0,0.0,0.0
24.46,-22.473999934850088,-21.581170721784726,9.497906174505099,2.956172712260776,15.101694050587993,8.312906174505036,17.612843316463913,0,0,30.4,king+tour,1,9,8.774814077424828,1.0,0.0,0.0
24.48,-22.45799014414343,-21.638117585334093,9.49859531939934,2.957927309479788,15.147184394426718,8.313595319399278,17.651902343292573,0,0,30.3,king+tour,1,9,8.71566366178762,1.0,0.0,0.0
24.5,-22.441857491223814,-21.695022413700734,9.499306960525924,2.9575870294696247,15.192680783334717,8.314306960525862,17.692848199574826,0,0,30.2,king+tour,1,9,8.656518972218512,1.0,0.0,0.0
24.52,-22.42557321453777,-21.75188570727526,9.500057321754312,2.957691187946865,15.2381719911926,8.31505732175425,17.731864054885776,0,0,30.2,king+tour,1,9,8.597371389263884,1.0,0.0,0.0
24.54,-22.409167901718742,-21.808676967794288,9.500853101242988,2.955932519960815,15.283642337180158,8.315853101242926,17.772741950155005,0,0,30.1,king+tour,1,9,8.538258780138705,1.0,0.0,0.0
24.56,-22.392605928436712,-21.865401744498694,9.501703857797,2.9549632137615554,15.32908254413373,8.316703857796938,17.811865980496613,0,0,30.0,king+tour,1,9,8.479165755379205,1.0,0.0,0.0
24.58,-22.37591135096492,-21.922034617514978,9.502613533962087,2.9524645356742227,15.374478791105135,8.317613533962025,17.852826822129337,0,0,29.9,king+tour,1,9,8.42012348295857,1.0,0.0,0.0
24.6,-22.3590674785259,-21.978588739741376,9.503489022222682,2.9507843276131207,15.419836430313282,8.31848902222262,17.891845893740605,0,0,29.9,king+tour,1,9,8.36111463708293,1.0,0.0,0.0
24.62,-22.3421104165435,-22.035049451178676,9.50435879388022,2.947927403201012,15.465156018695629,8.319358793880157,17.932647872335078,0,0,29.8,king+tour,1,9,8.302163479988254,1.0,0.0,0.0
24.64,-22.325011651461907,-22.091437340908556,9.505247747380501,2.9465030603371134,15.510445152694402,8.320247747380439,17.97159978609939,0,0,29.7,king+tour,1,9,8.243242233017853,1.0,0.0,0.0
24.66,-22.307802071804137,-22.147742113239953,9.506164930660688,2.944162972925081,15.555706191568204,8.321164930660625,18.01236193408471,0,0,29.7,king+tour,1,9,8.18436951284635,1.0,0.0,0.0
24.68,-22.29045420018649,-22.20399089492241,9.507116465179804,2.9435435738085953,15.600953359264777,8.322116465179741,18.05132048009197,0,0,29.6,king+tour,1,9,8.12551157833183,1.0,0.0,0.0
24.7,-22.27300052898325,-22.260179578694746,9.508093864798608,2.942258542579761,15.646195225896372,8.323093864798546,18.09210491031041,0,0,29.5,king+tour,1,9,8.06668157043601,1.0,0.0,0.0
24.72,-22.255418211687125,-22.31634206606576,9.509084011045275,2.942933595407318,15.691454253922794,8.324084011045212,18.13143006014765,0,0,29.5,king+tour,1,9,8.007840567551312,1.0,0.0,0.0
24.74,-22.23774314386874,-22.372481863796477,9.510084775920324,2.9432492427439336,15.73674722326525,8.325084775920262,18.17259480818625,0,0,29.4,king+tour,1,9,7.9489953639466435,1.0,0.0,0.0
24.76,-22.21995599558151,-22.428609654729176,9.511091177970643,2.9443693740187147,15.782076572955798,8.32609117797058,18.211919909003488,0,0,29.3,king+tour,1,10,11.17558178931892,1.0,0.0,0.0
24.78,-22.20209618513381,-22.484705423886474,9.512091723366316,2.943938364532066,15.827438348851624,8.327091723366253,18.25050687577777,0,0,29.3,king+tour,1,10,11.124479061778489,1.0,0.0,0.0
24.8,-22.184137423662108,-22.540785050260027,9.513086548109818,2.944669456859703,15.872837194297148,8.328086548109756,18.28944856330863,0,0,29.2,king+tour,1,10,11.073391216597152,1.0,0.0,0.0
24.82,-22.166053255813686,-22.59681203383096,9.514061655163369,2.944066426133072,15.918229280957243,8.329061655163306,18.328224111144912,0,0,29.1,king+tour,1,10,11.02232361343176,0.9981650710105896,0.0,0.0
24.84,-22.147758629957572,-22.652779197470373,9.515010987135524,2.944451550055365,15.963576737524855,8.330010987135461,18.367340827120337,0,0,29.1,king+tour,1,10,10.971217991324945,0.9920212626457214,0.0,0.0
24.86,-22.129235420771458,-22.70864496710899,9.51592535774997,2.9431826181398137,16.00883471825973,8.330925357749907,18.40517000836873,0,0,29.0,king+tour,1,10,10.920088220430747,0.9813612103462219,0.0,0.0
24.88,-22.110406119835613,-22.764395276546622,9.516800112133685,2.942534949391497,16.053962576509083,8.331800112133623,18.444558116312344,0,0,28.9,king+tour,1,10,10.868885091982884,0.9700502157211304,0.0,0.0
24.9,-22.09116694721363,-22.819953727113965,9.517636776123217,2.940062584050648,16.09885269428525,8.332636776123154,18.481665967000016,0,0,28.9,king+tour,1,10,10.817580461843903,0.9588010907173157,0.0,0.0
24.92,-22.071468256813088,-22.875239800198734,9.51843057475538,2.934799140017698,16.143413600870925,8.333430574755317,18.520335240941964,0,0,28.8,king+tour,1,10,10.766188170630006,0.9480493664741516,0.0,0.0
24.94,-22.051196068350556,-22.930199437930703,9.519168824490437,2.9291928996573446,16.187555912639237,8.334168824490375,18.55700752361961,0,0,28.7,king+tour,1,10,10.714655296296694,0.9378094673156738,0.0,0.0
24.96,-22.03028939138412,-22.984751782493834,9.519889358534222,2.9212867919898997,16.231184706516384,8.33488935853416,18.594791792954968,0,0,28.7,king+tour,1,10,10.662985288492138,0.9276820421218872,0.0,0.0
24.98,-22.008668510629732,-23.038757562571945,9.520595205235649,2.9088593065007844,16.274144088676433,8.335595205235586,18.630248161582763,0,0,28.6,king+tour,1,10,10.611204813111542,0.9181166887283325,0.0,0.0
25.0,-21.986273976813614,-23.09214546331764,9.52131824006506,2.894955038613716,16.316349209500228,8.336318240064998,18.666833523342262,0,0,28.5,king+tour,1,10,10.559309936387576,0.9093818664550781,0.0,0.0
25.02,-21.963030277748842,-23.144778532214918,9.522061531678927,2.877091400261086,16.35764841904594,8.337061531678865,18.70071969825591,0,0,28.5,king+tour,1,10,10.50732661416434,0.9013159871101379,0.0,0.0
25.04,-21.938989643591167,-23.196646275331474,9.522435959998662,2.8584764575184622,16.398052989345583,8.337435959998599,18.735492026400244,0,0,28.4,king+tour,1,10,10.455294279168278,0.893063485622406,0.0,0.0
25.06,-21.914178895178186,-23.247682801813443,9.522119439968696,2.837428614558581,16.437512981366467,8.337119439968633,18.76723929261986,0,0,28.4,king+tour,1,10,10.403269444256924,0.8853238821029663,0.0,0.0
25.08,-21.888499335640148,-23.297770813128977,9.521357904666507,2.8146174658508922,16.475887136836,8.336357904666444,18.799577880684172,0,0,28.3,king+tour,1,10,10.351246197523315,0.8792384266853333,0.0,0.0
25.1,-21.86184750606123,-23.3467361342413,9.520335000682145,2.787906483410842,16.51297961930618,8.335335000682083,18.829585052760795,0,0,28.3,king+tour,1,10,10.299250762845402,0.8740926384925842,0.0,0.0
25.12,-21.834145696021764,-23.39446509566102,9.519213487106779,2.759846839213796,16.548660680955862,8.334213487106716,18.860212368427224,0,0,28.2,king+tour,1,10,10.247288917510666,0.8700259327888489,0.0,0.0
25.14,-21.80553791985642,-23.44100009046194,9.517622293334806,2.7324176546915426,16.583021768961164,8.332622293334744,18.88738085008188,0,0,28.1,king+tour,1,10,10.19543535272706,0.8633996248245239,0.0,0.0
25.16,-21.776131657907943,-23.486421326219517,9.515269253173058,2.708022201501718,16.61617683725713,8.330269253172995,18.914693886880695,0,0,28.1,king+tour,1,10,10.143713851476985,0.8567801117897034,0.0,0.0
25.18,-21.74581830146933,-23.530522647538298,9.512578272038207,2.679117158741278,16.647897879701983,8.327578272038144,18.939752255099155,0,0,28.0,king+tour,1,10,10.092167179223306,0.8564851880073547,0.0,0.0
25.2,-21.714622487512283,-23.573276124105387,9.509584552562593,2.6504720915876816,16.678169121783235,8.32458455256253,18.964033710943234,0,0,28.0,king+tour,1,10,10.040825658372128,0.875723123550415,0.0,0.0
25.22,-21.682574580702276,-23.61471005150035,9.506365027099152,2.6240255403117976,16.707029601406795,8.32136502709909,18.987645236059436,0,0,27.9,king+tour,1,10,9.989688679556707,0.8969559669494629,0.0,0.0
25.24,-21.64974797685958,-23.654824161029932,9.502993889450128,2.597158193220638,16.734504891748042,8.317993889450065,19.008096735011403,0,0,27.9,king+tour,1,10,9.938807802594672,0.9192268252372742,0.0,0.0
25.26,-21.616208768924263,-23.69368363951908,9.499518496405344,2.572457917144885,16.76067967108092,8.314518496405281,19.028845439667855,0,0,27.8,king+tour,1,10,9.888188006419991,0.9424343705177307,0.0,0.0
25.28,-21.581944245909053,-23.731357738057262,9.496063838657765,2.552121616556184,16.785617328476057,8.311063838657702,19.046271646479386,0,0,27.8,king+tour,1,10,9.837771818673573,0.9650287628173828,0.0,0.0
25.3,-21.546958307077897,-23.768011544866667,9.49271144034219,2.539072687018196,16.80947791140391,8.307711440342127,19.064882814477205,0,0,27.8,king+tour,1,10,9.787454203912642,0.9884071946144104,0.0,0.0
25.32,-21.511204675519057,-23.803776736653067,9.489591895781142,2.5333785107201674,16.832374747837218,8.30459189578108,19.080355354091367,0,0,27.7,king+tour,1,10,9.737113453523126,1.0,0.0,0.0
25.34,-21.474710423355234,-23.838815089464283,9.486767786416493,2.533521364831676,16.85447327823722,8.30176778641643,19.09752526620772,0,0,27.7,king+tour,1,10,9.686665856466217,1.0,0.0,0.0
25.36,-21.437427647498115,-23.873313028326194,9.48430954906785,2.5427131632345015,16.875939951302,8.299309549067788,19.11447000599106,0,0,27.6,king+tour,1,10,9.635954714539027,1.0,0.0,0.0
25.38,-21.39939759790793,-23.907464305786988,9.482214290995914,2.5578235525656545,16.89697626004347,8.297214290995852,19.131155134679428,0,0,27.6,king+tour,1,10,9.584887896954523,1.0,0.0,0.0
25.4,-21.360636461064686,-23.941408795937086,9.480433549010309,2.5777049787311195,16.91772507201272,8.295433549010246,19.149223649126892,0,0,27.6,king+tour,1,10,9.533388510383041,1.0,0.0,0.0
25.42,-21.32119504434054,-23.975332490926633,9.47886609038284,2.6023543962632454,16.938383915619397,8.293866090382778,19.16560046631581,0,0,27.5,king+tour,1,10,9.481377298270584,1.0,0.0,0.0
25.44,-21.28110503613927,-24.009335518111957,9.477524666475677,2.6292651223501537,16.959062759276403,8.292524666475614,19.18378285394998,0,0,27.5,king+tour,1,10,9.428814956390202,1.0,0.0,0.0
25.46,-21.24040354375283,-24.0435868050469,9.476354366959171,2.660419017815454,16.979939021777188,8.291354366959109,19.201726791065422,0,0,27.5,king+tour,1,10,9.37562273267221,1.0,0.0,0.0
25.48,-21.199126789111375,-24.078173134432316,9.475331439843137,2.693061006537053,17.00111140359304,8.290331439843074,19.221775830577233,0,0,27.4,king+tour,1,10,9.321773433819352,1.0,0.0,0.0
25.5,-21.157344796375913,-24.11321140739571,9.474411838687255,2.7268393588040856,17.022717035201453,8.289411838687192,19.23989853992653,0,0,27.4,king+tour,1,10,9.267246865613615,1.0,0.0,0.0
25.52,-21.115131100168608,-24.148737020404926,9.473562158791864,2.7589795591341577,17.044815475543626,8.288562158791802,19.26029342892193,0,0,27.4,king+tour,1,10,9.212077346015194,1.0,0.0,0.0
25.54,-21.072511794832458,-24.184813189625945,9.472740414359718,2.792208103325706,17.06747904496009,8.287740414359655,19.27999082638569,0,0,27.3,king+tour,1,10,9.15624490321183,1.0,0.0,0.0
25.56,-21.02951390553636,-24.221429746126333,9.4719406418816,2.82410619926138,17.090709711528973,8.286940641881538,19.3019935779722,0,0,27.3,king+tour,1,10,9.09977691633606,1.0,0.0,0.0
25.58,-20.986175158668726,-24.25863451199622,9.471161809568994,2.8561548291633465,17.11456780310421,8.286161809568931,19.322930440015497,0,0,27.3,king+tour,1,10,9.042672227524388,1.0,0.0,0.0
25.6,-20.94253747362223,-24.29639917616661,9.470416843498201,2.885728846654685,17.139041199057694,8.285416843498139,19.346211418764458,0,0,27.2,king+tour,1,10,8.984981298271125,1.0,0.0,0.0
25.62,-20.898640894183657,-24.33476424651886,9.469721159586946,2.915163925770109,17.164182987685937,8.284721159586883,19.36906653793353,0,0,27.2,king+tour,1,10,8.926709490591936,1.0,0.0,0.0
25.64,-20.854528486496193,-24.373696468468445,9.469121163038949,2.941930664450902,17.189975564120044,8.284121163038886,19.394103828692764,0,0,27.2,king+tour,1,10,8.86791137760816,1.0,0.0,0.0
25.66,-20.810276669112614,-24.41319452096799,9.468576543188375,2.965896198364121,17.216440225652867,8.283576543188312,19.41740008658183,0,0,27.1,king+tour,1,10,8.808647102160561,1.0,0.0,0.0
25.68,-20.765953807836368,-24.453192191231253,9.468079144519072,2.9852039560297707,17.243532559361586,8.283079144519009,19.443240370871617,0,0,27.1,king+tour,1,10,8.749011818325164,1.0,0.0,0.0
25.7,-20.72157661447709,-24.493653674295345,9.46765766620251,3.002767284591039,17.27122328627228,8.282657666202446,19.46803376751616,0,0,27.1,king+tour,1,10,8.689041491608062,1.0,0.0,0.0
25.72,-20.677187674875547,-24.534493568822484,9.46734437432715,3.0159464085658536,17.299441333790252,8.282344374327087,19.49497804579941,0,0,27.0,king+tour,1,10,8.628823546391056,1.0,0.0,0.0
25.74,-20.632829609098778,-24.5756876909496,9.467098507840145,3.0268193485940813,17.32817411449126,8.282098507840082,19.520835752096943,0,0,27.0,king+tour,1,10,8.568406657567854,1.0,0.0,0.0
25.76,-20.58854696474399,-24.617137991266468,9.466905594729717,3.032786343809595,17.357337328298648,8.281905594729654,19.54799322160965,0,0,26.9,king+tour,1,10,8.507887782035214,1.0,0.0,0.0
25.78,-20.54438155907124,-24.65881772803826,9.466767842776932,3.036363981477308,17.386914322416185,8.281767842776869,19.57447597006739,0,0,26.9,king+tour,1,10,8.447316618490754,1.0,0.0,0.0
25.8,-20.500338030322606,-24.700666735662793,9.466715286899381,3.037751893222211,17.41684646561114,8.281715286899319,19.601714130277344,0,0,26.9,king+tour,1,10,8.386735214311301,1.0,0.0,0.0
25.82,-20.456447973408203,-24.742640782827195,9.466760128016372,3.0365110497226007,17.447096778247843,8.281760128016309,19.629017517417996,0,0,26.8,king+tour,1,10,8.326196392814593,1.0,0.0,0.0
25.84,-20.412674426546424,-24.784687882100005,9.46683809967621,3.0348344442891406,17.47760413687021,8.281838099676147,19.65700594602662,0,0,26.8,king+tour,1,10,8.265704675827527,1.0,0.0,0.0
25.86,-20.369056347538987,-24.826761580967293,9.466906650901368,3.0301557930017506,17.508330705037046,8.281906650901306,19.684779418513475,0,0,26.7,king+tour,1,10,8.20531989006417,1.0,0.0,0.0
25.88,-20.325565719855668,-24.868814130607216,9.466959535854318,3.0248365345607575,17.53922146398507,8.281959535854256,19.713171890981997,0,0,26.7,king+tour,1,10,8.145050650700052,1.0,0.0,0.0
25.9,-20.282248763292493,-24.910801108333768,9.467000252765645,3.0163167449609865,17.570241637308474,8.282000252765583,19.74046304341049,0,0,26.7,king+tour,1,10,8.0849610316208,1.0,0.0,0.0
25.92,-20.239085521466645,-24.95267465193288,9.467031370835391,3.0068505395171514,17.601337678250427,8.282031370835329,19.769270062205887,0,0,26.6,king+tour,1,10,8.025065813650102,1.0,0.0,0.0
25.94,-20.19606968909955,-24.994439380184836,9.467072816107224,2.997772538863069,17.63251036254181,8.282072816107162,19.796763535126967,0,0,26.6,king+tour,1,10,7.9653572870790015,1.0,0.0,0.0
25.96,-20.153198040405652,-25.036026219536186,9.467121713572666,2.9864049708345894,17.66368931736938,8.282121713572604,19.822741458527407,0,0,26.5,king+tour,1,11,2.9679302907684817,0.9990085363388062,0.0,0.0
25.98,-20.11046582597301,-25.077431911094358,9.467185880400011,2.975095612375078,17.69486800365269,8.282185880399949,19.850025628620287,0,0,26.5,king+tour,1,12,6.773418401713686,1.0,0.0,0.0
26.0,-20.067862031758047,-25.118671911509256,9.467273221292501,2.9647211269203533,17.726056912551304,8.282273221292439,19.875919994901693,0,0,26.5,king+tour,1,13,0.8839369066381819,0.9943114519119263,0.0,0.0
26.02,-20.02536840116894,-25.159699937742083,9.467372348768965,2.9533952510041046,17.75720483133956,8.282372348768902,19.90324666920014,0,0,26.4,king+tour,1,14,6.083680511371041,0.98469477891922,0.0,0.0
26.04,-19.982960628516384,-25.20053109785067,9.467710626555451,2.9435171347492313,17.7883194775208,8.282710626555389,19.929192785542735,0,0,26.4,king+tour,1,15,1.2006520133190528,0.9707624912261963,0.0,0.0
26.06,-19.940624453550242,-25.241109483788424,9.468207736954001,2.932236448014255,17.819341417817558,8.283207736953939,19.956620919530362,0,0,26.3,king+tour,1,16,6.068885535983413,0.9551319479942322,0.0,0.0
26.08,-19.8983367262073,-25.281443640368533,9.469004203152826,2.9222125304577373,17.85027261404898,8.284004203152763,19.983219100345103,0,0,26.3,king+tour,1,17,3.283018091048744,0.9375134706497192,0.0,0.0
26.1,-19.85608799178097,-25.321469552552653,9.470016122837036,2.9103492867028913,17.881046922769606,8.285016122836973,20.010656333115076,0,0,26.3,king+tour,1,18,6.732453234595514,0.9182854294776917,0.0,0.0
26.12,-19.813920408082947,-25.361146929118615,9.471315088228797,2.895723846111692,17.91163155423202,8.286315088228735,20.036708002574592,0,0,26.2,king+tour,1,19,5.364375267459014,0.8977676630020142,0.0,0.0
26.14,-19.771829930320134,-25.40041355372285,9.47283290876329,2.879140455624943,17.941962767890644,8.287832908763228,20.06404122204069,0,0,26.2,king+tour,1,20,7.904333450441775,0.8759793043136597,0.0,0.0
26.16,-19.729853713708632,-25.439166134843504,9.474575767519271,2.8577976053125425,17.97194428975726,8.289575767519208,20.08926373887128,0,0,26.2,king+tour,1,21,7.444069572337395,0.8534154891967773,0.0,0.0
26.18,-19.6879948317766,-25.477354931716395,9.476487463039538,2.8346978599847774,18.001525469978848,8.291487463039475,20.116245853745845,0,0,26.1,king+tour,1,22,9.394898721177402,0.8303273916244507,0.0,0.0
26.2,-19.646271212533428,-25.514859619461728,9.47853234241912,2.8069750343124378,18.030588957473075,8.293532342419057,20.14084384614629,0,0,26.1,king+tour,1,22,9.399653914144933,0.8071635365486145,0.0,0.0
26.22,-19.60477064604285,-25.551575128793676,9.480679785992189,2.7726057952956267,18.059044783322758,8.295679785992126,20.16708475366686,0,0,26.1,king+tour,1,22,9.404240581809827,0.7840067148208618,0.0,0.0
26.24,-19.563541261229588,-25.587425807651343,9.482922828310892,2.7341198700309097,18.086823725717625,8.29792282831083,20.19014916952227,0,0,26.0,king+tour,1,22,9.408614231225433,0.7608848214149475,0.0,0.0
26.26,-19.522689318478132,-25.622338684472417,9.485236494919892,2.689397352414296,18.11386896646762,8.30023649491983,20.214546171958332,0,0,26.0,king+tour,1,22,9.412764967279124,0.7378188967704773,0.0,0.0
26.28,-19.482249130151132,-25.656222125742328,9.487617348452854,2.6406272397671637,18.14009161099211,8.302617348452792,20.236016174347935,0,0,26.0,king+tour,1,22,9.4166232144941,0.7148153781890869,0.0,0.0
26.3,-19.442324095882967,-25.689006670906345,9.490048458285854,2.585896874367625,18.165436142407295,8.30504845828579,20.25911156552786,0,0,26.0,king+tour,1,22,9.420175961725482,0.6918861269950867,0.0,0.0
26.32,-19.40296201491817,-25.72062931439897,9.49252528784191,2.527597517401919,18.18984294808045,8.307525287841848,20.27880218259182,0,0,25.9,king+tour,1,22,9.423381322275212,0.6690347194671631,0.0,0.0
26.34,-19.364277304571722,-25.75105318788857,9.495027357200154,2.463929404311955,18.213288959568796,8.310027357200092,20.299872904942088,0,0,25.9,king+tour,1,22,9.426255700002033,0.6462721228599548,0.0,0.0
26.36,-19.32631249051777,-25.78021774128223,9.497549154824359,2.397007375906631,18.235714899991766,8.312549154824296,20.317690797626238,0,0,25.9,king+tour,1,22,9.428753515094577,0.6236042976379395,0.0,0.0
26.38,-19.289176914130657,-25.808091613215215,9.50007112953043,2.325061357554657,18.257100925040593,8.315071129530367,20.336957163753357,0,0,25.9,king+tour,1,22,9.430890046508573,0.6010438203811646,0.0,0.0
26.4,-19.252917739802363,-25.834634904339932,9.502588435494497,2.250339338865255,18.27740795110379,8.317588435494434,20.352631342821557,0,0,25.9,king+tour,1,22,9.43263742891838,0.5785990357398987,0.0,0.0
26.42,-19.217646064690573,-25.8598424663868,9.505076355168287,2.171233516829577,18.29664116290758,8.320076355168224,20.36961500441116,0,0,25.8,king+tour,1,22,9.43403169661828,0.5562840700149536,0.0,0.0
26.44,-19.18340095827536,-25.88367938688038,9.507521388052933,2.0897991995725094,18.314764380720977,8.32252138805287,20.383390189251113,0,0,25.8,king+tour,1,22,9.435043517089497,0.5341031551361084,0.0,0.0
26.46,-19.1502651474526,-25.9061544440818,9.509904904753782,2.005487039943096,18.331791301732355,8.32490490475372,20.39837165656561,0,0,25.8,king+tour,1,22,9.435703957985295,0.5120821595191956,0.0,0.0
26.48,-19.118266312380417,-25.927273340880873,9.512232716565702,1.9205155270254715,18.347723840728747,8.32723271656564,20.40963412588774,0,0,25.8,king+tour,1,22,9.436011480784073,0.49023884534835815,0.0,0.0
26.5,-19.087492387599365,-25.94708356925187,9.514492192439437,1.833429045371525,18.362614484751795,8.329492192439375,20.422427292124073,0,0,25.8,king+tour,1,22,9.436032855525383,0.46859586238861084,0.0,0.0
26.52,-19.05795934971066,-25.965594532416496,9.516680010163364,1.7461691145267983,18.376467069750728,8.331680010163302,20.431426868510087,0,0,25.8,king+tour,1,22,9.435764358979567,0.44717535376548767,0.0,0.0
26.54,-19.02968175336017,-25.9828737803158,9.518797997858906,1.6603318457505858,18.38934299997104,8.333797997858843,20.441443278872573,0,0,25.8,king+tour,1,22,9.435251577596523,0.4260116517543793,0.0,0.0
26.56,-19.002604786498715,-25.998941420860845,9.520858077141813,1.5776367878514292,18.401246927908332,8.33585807714175,20.448715353395173,0,0,25.8,king+tour,1,22,9.434464399438008,0.4051406979560852,0.0,0.0
26.58,-18.97673361277066,-26.013859436130424,9.522868624023658,1.4965853704473524,18.412234345578156,8.337868624023596,20.456876065573105,0,0,25.7,king+tour,1,22,9.433441604978425,0.3846050500869751,0.0,0.0
26.6,-18.95201311138871,-26.02764252220531,9.524832285836414,1.4185667221155662,18.422305648156826,8.339832285836351,20.462796294286093,0,0,25.7,king+tour,1,22,9.432151309202185,0.3644554615020752,0.0,0.0
26.62,-18.9284466930769,-26.040349956515122,9.526752283143532,1.3421450633637393,18.431514321181385,8.34175228314347,20.468629087586923,0,0,25.7,king+tour,1,22,9.430631698339903,0.3447548747062683,0.0,0.0
26.64,-18.905978954492063,-26.051988140516414,9.528639960376058,1.268670494354923,18.439853535665716,8.343639960375995,20.47440830441618,0,0,25.7,king+tour,1,22,9.428846298298431,0.32557031512260437,0.0,0.0
26.66,-18.88460800814759,-26.062615724680974,9.530494625195667,1.1969781476976453,18.447376243736468,8.345494625195604,20.47752622047417,0,0,25.7,king+tour,1,22,9.426832326775124,0.30701062083244324,0.0,0.0
26.68,-18.864278726924425,-26.07224151556937,9.532312109017042,1.1283159716128877,18.45407896825099,8.347312109016979,20.482014876859225,0,0,25.7,king+tour,1,22,9.424557847394816,0.2891656756401062,0.0,0.0
26.7,-18.84498537186485,-26.08083964062281,9.534066926653901,1.059764937177127,18.459931177883405,8.349066926653839,20.483656269471904,0,0,25.7,king+tour,1,22,9.421987717623356,0.2721954882144928,0.0,0.0
26.72,-18.82666816000719,-26.08843491084239,9.53575984831398,0.9950808556269138,18.464945417875732,8.350759848313917,20.48664112034524,0,0,25.7,king+tour,1,22,9.419103186278466,0.2562267482280731,0.0,0.0
26.74,-18.80931677124148,-26.09500530773432,9.537368421325366,0.9311663580549117,18.46909501525096,8.352368421325304,20.48680595576893,0,0,25.7,king+tour,1,22,9.415871639863798,0.24148957431316376,0.0,0.0
26.76,-18.792873984628397,-26.100572376672897,9.538909089595297,0.8713942088519494,18.472390384819512,8.353909089595234,20.488432907719822,0,0,25.7,king+tour,1,22,9.412274638058733,0.22810183465480804,0.0,0.0
26.78,-18.777333016381345,-26.105114384985168,9.54037322537093,0.8128579628910171,18.47480620598741,8.355373225370867,20.487039843725306,0,0,25.7,king+tour,1,22,9.408283049690882,0.21640363335609436,0.0,0.0
26.8,-18.76265507618034,-26.108657626499518,9.541766908192512,0.7581867197143458,18.476360696021747,8.35676690819245,20.48730541101589,0,0,25.7,king+tour,1,22,9.40389344252981,0.20657207071781158,0.0,0.0
26.82,-18.748831507268072,-26.11118268474119,9.543078305709642,0.7056676626500225,18.47703105062812,8.35807830570958,20.48371933710991,0,0,25.7,king+tour,1,22,9.399078956454577,0.19894249737262726,0.0,0.0
26.84,-18.73584518906235,-26.11272240643755,9.544297313619223,0.656698530008524,18.476845341546607,8.35929731361916,20.481916406166818,0,0,25.7,king+tour,1,22,9.393854081189405,0.19363583624362946,0.0,0.0
26.86,-18.723633700745637,-26.113247028838718,9.545399359962754,0.613616699814099,18.47576385781785,8.360399359962692,20.477384812906127,0,0,25.7,king+tour,1,22,9.388157044371393,0.19088946282863617,0.0,0.0
26.88,-18.7121774222115,-26.11276832554901,9.546367433949428,0.5753534607850787,18.47379393751892,8.361367433949365,20.474609668305295,0,0,25.7,king+tour,1,22,9.381984116509209,0.1905391961336136,0.0,0.0
26.9,-18.70148235319318,-26.11125658813959,9.547164131855622,0.5415361919008286,18.470905289479298,8.36216413185556,20.468511726880244,0,0,25.7,king+tour,1,22,9.375309048560734,0.1926654428243637,0.0,0.0
26.92,-18.691568557347875,-26.108731755773945,9.54777357551218,0.5124196232277799,18.467118777135695,8.362773575512117,20.463667458505963,0,0,25.7,king+tour,1,22,9.368155966645306,0.19590887427330017,0.0,0.0
26.94,-18.6824206573446,-26.105150664456712,9.548172830625845,0.49159865270890424,18.462388221143296,8.363172830625782,20.456817112685137,0,0,25.7,king+tour,1,22,9.360477044780918,0.19820445775985718,0.0,0.0
26.96,-18.67406063215292,-26.100522532239307,9.54837215661274,0.4778842952964449,18.456724332859647,8.363372156612677,20.449805899997177,0,0,25.8,king+tour,1,22,9.352288922416719,0.19949734210968018,0.0,0.0
26.98,-18.666471378652094,-26.094821875155716,9.54839790116697,0.47459172629360846,18.450098507371177,8.363397901166907,20.443356638538525,0,0,25.8,king+tour,1,22,9.343559081970781,0.20001327991485596,0.0,0.0
27.0,-18.659666232917512,-26.08808778315372,9.54828268839061,0.4787255934877192,18.44255022296613,8.363282688390548,20.433699241502186,0,0,25.8,king+tour,1,22,9.334326616858453,0.20015586912631989,0.0,0.0
27.02,-18.65359665998354,-26.080372161886373,9.54806233069919,0.49096610029138893,18.434123914178887,8.363062330699128,20.425467186177343,0,0,25.8,king+tour,1,22,9.324611313529278,0.20014724135398865,0.0,0.0
27.04,-18.64821322147055,-26.071697416192563,9.547683917926003,0.5108224234074183,18.42483482221493,8.36268391792594,20.415707331418453,0,0,25.8,king+tour,1,22,9.314407406315407,0.20007331669330597,0.0,0.0
27.06,-18.64350741926523,-26.06212680533046,9.547185851620691,0.5338287101540261,18.41474406438756,8.362185851620628,20.40534084899171,0,0,25.8,king+tour,1,22,9.303765354844197,0.2000233680009842,0.0,0.0
27.08,-18.63940732954389,-26.051742725779626,9.546639366841998,0.5588794356890808,18.40392381440328,8.361639366841935,20.39491574569232,0,0,25.8,king+tour,1,22,9.292720876663124,0.20000354945659637,0.0,0.0
27.1,-18.63589073935297,-26.040609407558286,9.54611901277182,0.5843542366297555,18.392434657068154,8.361119012771757,20.382512017321442,0,0,25.8,king+tour,1,22,9.281319011440853,0.19998802244663239,0.0,0.0
27.12,-18.632848101682164,-26.028835681440725,9.54559373143459,0.6085930314470042,18.380370454816276,8.360593731434527,20.370821520128956,0,0,25.8,king+tour,1,22,9.269599987746817,0.19996137917041779,0.0,0.0
27.14,-18.630237804823565,-26.016495077891374,9.545074593288069,0.6312163853771631,18.36779874579578,8.360074593288006,20.357532588343474,0,0,25.9,king+tour,1,22,9.257607437295771,0.19997166097164154,0.0,0.0
27.16,-18.627946534706226,-26.00368025318454,9.544590930249239,0.6513516349726902,18.354797026483205,8.359590930249176,20.34537723726174,0,0,25.9,king+tour,1,22,9.24536568899876,0.1999698132276535,0.0,0.0
27.18,-18.625919838862167,-25.99046487586512,9.544195786208837,0.6687859010020581,18.341431447966368,8.359195786208774,20.331885279341375,0,0,25.9,king+tour,1,22,9.232911961456837,0.19996578991413116,0.0,0.0
27.2,-18.62405090052379,-25.976956213777427,9.54393518658149,0.6819911914348353,18.327794892426684,8.358935186581427,20.319067750046703,0,0,25.9,king+tour,1,22,9.220286175990266,0.19996242225170135,0.0,0.0
27.22,-18.622291106301386,-25.963247461086237,9.543743989754123,0.6911283026330589,18.313973654170603,8.35874398975406,20.30524512390251,0,0,25.9,king+tour,1,22,9.207545014708822,0.19995050132274628,0.0,0.0
27.24,-18.620520335801828,-25.949442471058838,9.543598590570536,0.6959427396368913,18.300055563132396,8.358598590570473,20.29150942828578,0,0,25.9,king+tour,1,22,9.194718254206176,0.1999501883983612,0.0,0.0
27.26,-18.618680962159555,-25.93562441042218,9.543481225734563,0.6970220040626899,18.28611583183631,8.3584812257345,20.278049801116016,0,1,25.9,king+tour,1,22,9.18184886684068,0.1999707669019699,0.0,0.0
27.28,-18.616701988026538,-25.921822316063693,9.543416224211906,0.697169944306371,18.27217428851534,8.358416224211844,20.264421539044786,0,1,26.0,king+tour,1,22,9.168926112339053,0.19996953010559082,0.0,0.0
27.3,-18.614524820692726,-25.90813595011824,9.543399785305084,0.6929230488119111,18.258322493308967,8.358399785305021,20.25060833063465,0,1,26.0,king+tour,1,22,9.156006417993694,0.19996954500675201,0.0,0.0
27.32,-18.61207993766638,-25.89459824168004,9.543427426095288,0.6878367662162346,18.2445843405591,8.358427426095226,20.23740419363184,0,1,26.0,king+tour,1,22,9.143082781478153,0.199973002076149,0.0,0.0
27.34,-18.609363844640455,-25.881229546113865,9.543492065970472,0.6820985280367861,18.230979614654704,8.35849206597041,20.22395055163355,0,1,26.0,king+tour,1,22,9.130170546644612,0.19998405873775482,0.0,0.0
27.36,-18.606303625841228,-25.86806225923674,9.543576714815169,0.6759244562644103,18.217531295307104,8.358576714815106,20.211551186385762,0,1,26.0,king+tour,1,22,9.117260378461483,0.19998309016227722,0.0,0.0
27.38,-18.60289088406451,-25.855118419227857,9.543674519726514,0.6693268379700685,18.204260268521868,8.358674519726451,20.199450999995825,0,1,26.1,king+tour,1,22,9.104366527699602,0.19995397329330444,0.0,0.0
27.4,-18.599120759593816,-25.84240653427924,9.543807439802068,0.6629923174854194,18.19117447163669,8.358807439802005,20.187125847291068,0,1,26.1,king+tour,1,22,9.091493387240215,0.19996565580368042,0.0,0.0
27.42,-18.594997928393788,-25.829985505201254,9.543965840227534,0.6544172811650006,18.178333061281634,8.358965840227471,20.175225285799105,0,1,26.1,king+tour,1,22,9.078693682111153,0.19997859001159668,0.0,0.0
27.44,-18.590519907522143,-25.817848980117923,9.544165678979514,0.6468922776476301,18.165729585594843,8.359165678979451,20.16315479142903,0,1,26.1,king+tour,1,22,9.06596027441594,0.19996927678585052,0.0,0.0
27.46,-18.58572681431869,-25.80601892042434,9.544393408551885,0.6383101040419925,18.153391056811802,8.359393408551822,20.15190790211155,0,1,26.1,king+tour,1,22,9.053332082807092,0.19994953274726868,0.0,0.0
27.48,-18.58065270476748,-25.794453863290293,9.544549941135498,0.6315093758233948,18.141280799079567,8.359549941135436,20.14034919502689,0,1,26.1,king+tour,1,22,9.040790354203255,0.19990397989749908,0.0,0.0
27.5,-18.575319199792233,-25.78319465450695,9.544694421329465,0.6229705696787291,18.129442229071632,8.359694421329403,20.128613844931863,0,1,26.1,king+tour,1,22,9.028381073588609,0.1999155879020691,0.0,0.0
27.52,-18.569755086497008,-25.772208918159226,9.544764295141253,0.6157325763133822,18.117847011918144,8.35976429514119,20.116554209709555,0,1,26.2,king+tour,1,22,9.016090783597905,0.19988957047462463,0.0,0.0
27.54,-18.563970687365387,-25.76150356143181,9.544822559686251,0.6084146010992447,18.106503470227427,8.359822559686188,20.105497805906367,0,1,26.2,king+tour,1,22,9.003930584430842,0.19987955689430237,0.0,0.0
27.56,-18.557978773494963,-25.751018672577143,9.54491391015186,0.6038300071892148,18.095353933734987,8.359913910151798,20.09409906831766,0,1,26.2,king+tour,1,22,8.991855256968396,0.19991633296012878,0.0,0.0
27.58,-18.551795084152925,-25.740766425482633,9.545034894247916,0.598667732380002,18.08441261787914,8.360034894247853,20.083488938657027,0,1,26.2,king+tour,1,22,8.979883258817896,0.19995369017124176,0.0,0.0
27.6,-18.545437687294033,-25.730693135612363,9.54519431225122,0.595636377607457,18.073628668931867,8.360194312251158,20.072482589042693,0,1,26.2,king+tour,1,22,8.967977482469335,0.19996032118797302,0.0,0.0
27.62,-18.538940343503437,-25.720802764800286,9.545374244573123,0.591750130490075,18.063010356692356,8.36037424457306,20.062420111271834,0,1,26.2,king+tour,1,22,8.956158483123824,0.19996753334999084,0.0,0.0
27.64,-18.53234081810759,-25.711034091941276,9.545573978384251,0.58953498299962,18.05250172623363,8.360573978384188,20.051903077050984,0,1,26.2,king+tour,1,22,8.944392660128734,0.1999637633562088,0.0,0.0
27.66,-18.52567287492431,-25.701401358908146,9.54577885963235,0.5858604533264886,18.042121170272676,8.360778859632287,20.041762890488688,0,1,26.3,king+tour,1,22,8.932709435653772,0.1999761015176773,0.0,0.0
27.68,-18.518976526327076,-25.6918540573555,9.545992408268743,0.5831759050513119,18.031823550693456,8.36099240826868,20.03113206824296,0,1,26.3,king+tour,1,22,8.921085566518874,0.19997936487197876,0.0,0.0
27.7,-18.512272636478937,-25.68239889085431,9.546209668197738,0.5796324579808528,18.02161811238376,8.361209668197676,20.019798339081664,0,1,26.3,king+tour,1,22,8.909537421444286,0.21997115015983582,0.0,0.0
27.72,-18.50559080946386,-25.672977838745545,9.546433025780596,0.577609131907697,18.011450903191683,8.361433025780533,20.007969005891965,0,1,26.3,king+tour,1,22,8.898029976135474,0.24194693565368652,0.0,0.0
27.74,-18.498915238492764,-25.663551111944297,9.546653325482076,0.5776568140643528,18.001280491745693,8.361653325482013,19.99692404160784,0,1,26.3,king+tour,1,22,8.886520914763272,0.2650965750217438,0.0,0.0
27.76,-18.492241079691752,-25.65401362747997,9.546899790368883,0.5821699720631843,17.991001981502077,8.36189979036882,19.985270158217986,0,1,26.3,king+tour,1,22,8.87491715610457,0.2886943519115448,0.0,0.0
27.78,-18.485554517170325,-25.644332890375807,9.547188815421139,0.5884520471408289,17.98058143195172,8.362188815421076,19.97208537218035,0,1,26.3,king+tour,1,22,8.863183664202635,0.31242331862449646,0.0,0.0
27.8,-18.478854800020482,-25.634411824389137,9.547517924896471,0.5987947754583832,17.96992238627421,8.362517924896409,19.960087934831208,0,1,26.4,king+tour,1,22,8.851236310484495,0.3361230790615082,0.0,0.0
27.82,-18.472078243713604,-25.624136327855656,9.547919159156763,0.6157688960184624,17.958903884326716,8.3629191591567,19.94637487972764,0,1,26.4,king+tour,1,22,8.83894442587037,0.3598872423171997,0.0,0.0
27.84,-18.465224087214235,-25.613395830225176,9.548383241095566,0.6374816128997645,17.947416100517096,8.363383241095503,19.933649046388105,0,1,26.4,king+tour,1,22,8.826212223639782,0.38365358114242554,0.0,0.0
27.86,-18.458228328153474,-25.602058212503177,9.548938587701508,0.6666907647086932,17.935320214232952,8.363938587701446,19.91910079725715,0,1,26.4,king+tour,1,22,8.81289333262562,0.407437264919281,0.0,0.0
27.88,-18.45108216672717,-25.59000518608028,9.54956415461679,0.701310207838515,17.922497801570845,8.364564154616728,19.90566732380264,0,1,26.4,king+tour,1,22,8.798881245913151,0.4311510920524597,0.0,0.0
27.9,-18.44371255766601,-25.577093254135136,9.550270861559529,0.7441917746341818,17.908797737988404,8.365270861559466,19.89024683871,0,1,26.4,king+tour,1,22,8.784015225226945,0.4548629820346832,0.0,0.0
27.92,-18.436103528993616,-25.563217961254658,9.551033361860965,0.7921528838646675,17.89411452913629,8.366033361860902,19.875523326443226,0,1,26.5,king+tour,1,22,8.768197103703514,0.478564977645874,0.0,0.0
27.94,-18.42817349392268,-25.548247542996855,9.551848613733505,0.8480323028274444,17.87830778582589,8.366848613733442,19.85883510313947,0,1,26.5,king+tour,1,22,8.751271991124344,0.5023044347763062,0.0,0.0
27.96,-18.419919068075792,-25.532081294579015,9.552688557141666,0.9085546748793419,17.86127730856303,8.367688557141603,19.842704224560087,0,1,26.5,king+tour,1,22,8.733151389761147,0.5260555148124695,0.0,0.0
27.98,-18.411267437552617,-25.514586286415447,9.55355036506579,0.9768171966275713,17.84288270313627,8.368550365065728,19.824178995303143,0,1,26.5,king+tour,1,22,8.713683920225424,0.5498057007789612,0.0,0.0
28.0,-18.402153441061607,-25.495699077764503,9.554402623173711,1.049425946106913,17.823053574816278,8.369402623173649,19.805692815303267,0,1,26.6,king+tour,1,22,8.692782039315732,0.5735465884208679,0.0,0.0
28.02,-18.392481054123298,-25.47530830865943,9.555231621598193,1.1291875089733896,17.801668426382506,8.37023162159813,19.78586900484051,0,1,26.6,king+tour,1,22,8.670301270448727,0.5972548723220825,0.0,0.0
28.04,-18.38223234920785,-25.453332712514886,9.556022512852907,1.2130419276850104,17.778644923710086,8.371022512852845,19.764539957906067,0,1,26.6,king+tour,1,22,8.646162668252794,0.6209836602210999,0.0,0.0
28.06,-18.371360600547817,-25.429758958764356,9.556733450220287,1.2984820144670934,17.75396490146621,8.371733450220225,19.742217419426247,0,1,26.7,king+tour,1,22,8.620331297888788,0.6446908116340637,0.0,0.0
28.08,-18.359850602960417,-25.404518996368488,9.557309019075582,1.387323885862658,17.72755960879215,8.37230901907552,19.718512253444114,0,1,26.7,king+tour,1,22,8.592741055548927,0.6681511402130127,0.0,0.0
28.1,-18.347648180596767,-25.377585026112314,9.55778796507069,1.4786541638999793,17.699395835913766,8.372787965070627,19.693501898543722,0,1,26.7,king+tour,1,22,8.56334079199018,0.6917566657066345,0.0,0.0
28.12,-18.334742508930677,-25.348897182478545,9.558188833271426,1.5729823813561885,17.669413643049296,8.373188833271364,19.6666362793081,0,1,26.8,king+tour,1,22,8.532073746597115,0.715238094329834,0.0,0.0
28.14,-18.321098334492046,-25.318480840436642,9.558532740247324,1.6669100390617302,17.637635040815237,8.373532740247262,19.6384532023245,0,1,26.8,king+tour,1,22,8.498944206675802,0.738787829875946,0.0,0.0
28.16,-18.30670861485253,-25.286296424771294,9.558814721063518,1.7627961851875045,17.60402085821166,8.373814721063455,19.609202457106203,0,1,26.9,king+tour,1,22,8.463914855601981,0.7624141573905945,0.0,0.0
28.18,-18.2915341822283,-25.25237466880289,9.559067374697667,1.8580990065830632,17.568598219051395,8.374067374697605,19.577712196769056,0,1,26.9,king+tour,1,22,8.426992581812788,0.7860182523727417,0.0,0.0
28.2,-18.27561124860184,-25.216770614729185,9.559252138098744,1.950142699439105,17.531427044837937,8.374252138098681,19.5457813570341,0,1,27.0,king+tour,1,22,8.388243538118648,0.8095451593399048,0.0,0.0
28.22,-18.258910001183622,-25.179530772214957,9.559354373800847,2.040678801249642,17.492551396724767,8.374354373800784,19.511293656460207,0,1,27.0,king+tour,1,22,8.3476928853045,0.8332146406173706,0.0,0.0
28.24,-18.241474995892705,-25.14071982178543,9.55939765448532,2.127364070836761,17.452041811980138,8.374397654485257,19.476624364989288,0,1,27.1,king+tour,1,22,8.305419297905578,0.8569539785385132,0.0,0.0
28.26,-18.223274131437563,-25.100368003988997,9.55941664657449,2.21333516841137,17.409926119077948,8.374416646574428,19.439472697932008,0,1,27.1,king+tour,1,22,8.261432695443352,0.8806617259979248,0.0,0.0
28.28,-18.204311969397533,-25.058548027303278,9.55946859115285,2.2959076296018512,17.36627855336509,8.374468591152787,19.40223776697908,0,1,27.2,king+tour,1,22,8.215798159020604,0.9043707847595215,0.0,0.0
28.3,-18.184537398085798,-25.01533898432236,9.559516968970817,2.37595107604463,17.321173753249045,8.374516968970754,19.36263066627399,0,1,27.2,king+tour,1,22,8.168557663439227,0.927822470664978,0.0,0.0
28.32,-18.163973752179018,-24.97083663385696,9.55956946064709,2.451186184942384,17.27471123007206,8.374569460647027,19.321932760927183,0,1,27.3,king+tour,1,22,8.119805464711456,0.951316773891449,0.0,0.0
28.34,-18.142581042444405,-24.92512339716563,9.559584874002345,2.5235630941975167,17.22697053652514,8.374584874002283,19.2805721284875,0,1,27.4,king+tour,1,22,8.069591796317248,0.9739310145378113,0.0,0.0
28.36,-18.12034401648013,-24.87821516008804,9.559595231565073,2.5956059681424,17.177967966834775,8.37459523156501,19.237683097994395,0,1,27.4,king+tour,1,22,8.01792233702775,0.9974938035011292,0.0,0.0
28.38,-18.09725291005891,-24.830200145460672,9.559613120361366,2.6639449813347293,17.12779251563715,8.374613120361303,19.194508678416625,0,1,27.5,king+tour,1,22,7.964867571782797,1.0,0.0,0.0
28.4,-18.07334360116668,-24.781123542833395,9.559559163415559,2.7295470725432005,17.07649530400121,8.374559163415496,19.14909422153902,0,1,27.6,king+tour,1,23,8.99000197740069,0.9940134286880493,0.0,0.0
28.42,-18.048636417217452,-24.73108744109212,9.559384943467075,2.7902001580327767,17.02418245301552,8.374384943467012,19.10406621890362,0,1,27.6,king+tour,1,23,8.946491364563345,0.9842479825019836,0.0,0.0
28.44,-18.023175883876135,-24.680129675283997,9.559071596300376,2.8482586086181367,16.97089868698661,8.374071596300313,19.058528422032655,0,1,27.7,king+tour,1,23,8.902386464641644,0.9716433882713318,0.0,0.0
28.46,-17.99706774205089,-24.62830175263319,9.558656974019836,2.9016980147407674,16.91670837803784,8.373656974019774,19.012255207857592,0,1,27.8,king+tour,1,23,8.85772706536085,0.956646203994751,0.0,0.0
28.48,-17.970475697318363,-24.575678515654605,9.55820776459484,2.94811113353484,16.861704449259108,8.373207764594778,18.96626195053079,0,1,27.9,king+tour,1,23,8.812560972783983,0.9395396113395691,0.0,0.0
28.5,-17.94357160198033,-24.522314830652405,9.557763744979775,2.9881894084840845,16.805960024549083,8.372763744979713,18.920004816590797,0,1,27.9,king+tour,1,23,8.766912103411308,0.920546293258667,0.0,0.0
28.52,-17.91649299422209,-24.46833781799659,9.557394890200033,3.0194804798256176,16.749616042914326,8.37239489019997,18.874440760471828,0,1,28.0,king+tour,1,23,8.720879935123342,0.8999942541122437,0.0,0.0
28.54,-17.88942621676558,-24.413854234221958,9.557159640031168,3.0418442947697852,16.69279717685933,8.372159640031105,18.82791736553225,0,1,28.1,king+tour,1,23,8.674529656944589,0.8781834840774536,0.0,0.0
28.56,-17.862530748031137,-24.35904879551251,9.55710430213852,3.0524602425186593,16.635702302541485,8.372104302138457,18.78258547587934,0,1,28.2,king+tour,1,23,8.628005074689716,0.8554919958114624,0.0,0.0
28.58,-17.83599723952556,-24.30404353522696,9.557260398198581,3.053534877267878,16.578470027457016,8.372260398198518,18.736446668194343,0,1,28.3,king+tour,1,23,8.581377918626218,0.8323007225990295,0.0,0.0
28.6,-17.809975533035153,-24.24904128266348,9.557644195719678,3.0424185676312474,16.52131479853629,8.372644195719616,18.691948294162373,0,1,28.3,king+tour,1,23,8.534804581769345,0.8090205788612366,0.0,0.0
28.62,-17.784647682064648,-24.19418096111676,9.558262010171859,3.021397280105307,16.464389667074435,8.373262010171796,18.646898720414967,0,1,28.4,king+tour,1,23,8.488367776911527,0.7857102155685425,0.0,0.0
28.64,-17.760147646285656,-24.13968054654419,9.559094285858336,2.987992480149566,16.407921377477237,8.374094285858273,18.60306332514983,0,1,28.5,king+tour,1,23,8.442235365484052,0.7624127268791199,0.0,0.0
28.66,-17.736641375743563,-24.08569309872802,9.560108171839461,2.9445785951834504,16.352074329287063,8.375108171839399,18.559007153728164,0,1,28.6,king+tour,1,23,8.39650076810655,0.7391657829284668,0.0,0.0
28.68,-17.714235804781975,-24.032417100528434,9.561255121895105,2.890353390464047,16.297052488690735,8.376255121895042,18.516783109133776,0,1,28.7,king+tour,1,23,8.351313814784014,0.7159600853919983,0.0,0.0
28.7,-17.69297094201601,-23.98001260910307,9.562518769788491,2.8284368103267785,16.243015574206737,8.377518769788429,18.47456309325361,0,1,28.8,king+tour,1,23,8.306803495679098,0.6928276419639587,0.0,0.0
28.72,-17.672929079328405,-23.92867302945676,9.563829265151751,2.7564225439623824,16.190160150389783,8.378829265151689,18.43257768168166,0,0,28.8,king+tour,1,23,8.263117757715328,0.6697093844413757,0.0,0.0
28.74,-17.654122862757056,-23.8785465417623,9.565137992073444,2.6777095232992587,16.138631824967558,8.380137992073381,18.393540222135524,0,0,28.9,king+tour,1,23,8.220379258510757,0.6466729044914246,0.0,0.0
28.76,-17.63661255676555,-23.829762587440754,9.566402124036879,2.5923363230799423,16.088561657824513,8.381402124036816,18.354425745763905,0,0,29.0,king+tour,1,23,8.178678522996561,0.6237137317657471,0.0,0.0
28.78,-17.620401732399333,-23.78250508986857,9.567569063193265,2.4987114931559153,16.040130408429093,8.382569063193202,18.3145242943308,0,0,29.1,king+tour,1,23,8.13817383624842,0.6007885336875916,0.0,0.0
28.8,-17.605423699320344,-23.736906107760742,9.56860031580536,2.400350040168752,15.993461689103002,8.383600315805298,18.27823639645785,0,0,29.2,king+tour,1,23,8.098994491915779,0.5779873728752136,0.0,0.0
28.82,-17.591640795840906,-23.693008164402478,9.569411918402025,2.300900127223917,15.948592623569656,8.384411918401963,18.241335575629083,0,0,29.2,king+tour,1,23,8.06117663085365,0.5554095506668091,0.0,0.0
28.84,-17.578964627787396,-23.65090338737143,9.56991755100794,2.198723009889681,15.905606011530361,8.384917551007877,18.2062086529791,0,0,29.3,king+tour,1,23,8.024819930465496,0.5329923629760742,0.0,0.0
28.86,-17.56736584520295,-23.610635221651503,9.570069774242816,2.0952804703677517,15.864541199777527,8.385069774242753,18.170616572119336,0,0,29.4,king+tour,1,23,7.989961039212117,0.5107099413871765,0.0,0.0
28.88,-17.55676527494099,-23.572249224834767,9.569844777615366,1.9911726852382143,15.825435920017648,8.384844777615303,18.138390954994847,0,0,29.4,king+tour,1,24,8.365974990641364,0.4875260591506958,0.0,0.0
28.9,-17.54714263099487,-23.535739951787388,9.5692349176057,1.8880507303785332,15.788281971323068,8.384234917605637,18.105975820826426,0,0,29.5,king+tour,1,24,8.32884130390211,0.4643021821975708,0.0,0.0
28.92,-17.53842356832356,-23.501145056718066,9.568229624006651,1.7845443633767306,15.753110044767778,8.383229624006589,18.073378718737082,0,0,29.5,king+tour,1,24,8.29383014721145,0.44096580147743225,0.0,0.0
28.94,-17.530534337606433,-23.468497848807832,9.566938981435296,1.6805846481872337,15.719946767138392,8.381938981435233,18.043638116576425,0,0,29.6,king+tour,1,24,8.26094019023654,0.4174364507198334,0.0,0.0
28.96,-17.523459297902644,-23.437785785539578,9.56547952055424,1.5775115237825332,15.688777747393724,8.380479520554177,18.013590654595834,0,0,29.6,king+tour,1,24,8.230153268047394,0.3939838111400604,0.0,0.0
28.98,-17.517151004145443,-23.409007103828085,9.56391628358081,1.4751701605354022,15.659596978523673,8.378916283580747,17.98573667846908,0,0,29.7,king+tour,1,24,8.2014472778002,0.3705342411994934,0.0,0.0
29.0,-17.511514309960702,-23.38209689954223,9.562347334329445,1.3769468197719,15.632331943232254,8.377347334329382,17.9602649459329,0,0,29.7,king+tour,1,24,8.174722465214938,0.3471064269542694,0.0,0.0
29.02,-17.506501487158417,-23.35698968474654,9.560817367995464,1.2824209763442396,15.606913325089817,8.3758173679954,17.93471147579006,0,0,29.7,king+tour,1,24,8.149898766298339,0.3239029049873352,0.0,0.0
29.04,-17.502004949006768,-23.333644029598734,9.559383103927582,1.1908983825729742,15.583291280902072,8.374383103927519,17.912547640234703,0,0,29.8,king+tour,1,24,8.126891989914537,0.3008771240711212,0.0,0.0
29.06,-17.497984142249205,-23.311968222823275,9.558096772052492,1.1041536759454795,15.561371069348494,8.37309677205243,17.889865897453866,0,0,29.8,king+tour,1,24,8.1056012948457,0.277948796749115,0.0,0.0
29.08,-17.49439093977814,-23.291927799782435,9.556996264001917,1.019486117638787,15.541114492856007,8.371996264001854,17.87067628533601,0,0,29.8,king+tour,1,24,8.085974219427332,0.254835307598114,0.0,0.0
29.1,-17.49113545529038,-23.273411231817114,9.556108999424415,0.941074793646763,15.522403369948028,8.371108999424353,17.850740419144913,0,0,29.9,king+tour,1,24,8.067870705106083,0.23253676295280457,0.0,0.0
29.12,-17.488173041244846,-23.25636666023362,9.555434480434004,0.8656620202342857,15.505182512916528,8.370434480433941,17.834180294785934,0,0,29.9,king+tour,1,24,8.051224023303373,0.21591340005397797,0.0,0.0
29.14,-17.485406057905752,-23.2406524369012,9.554920332254316,0.7982126284560814,15.48930319592868,8.369920332254253,17.816868655278757,0,0,29.9,king+tour,1,24,8.035863556612282,0.20656980574131012,0.0,0.0
29.16,-17.482783240105586,-23.226178803098247,9.55445830347455,0.7358306858037482,15.474671995289839,8.369458303474488,17.802601585453406,0,1,29.9,king+tour,1,24,8.021685558029981,0.20193907618522644,0.0,0.0
29.18,-17.480257073166957,-23.21283945117164,9.554064278073122,0.6791080275637977,15.461179288904969,8.36906427807306,17.787215571412624,0,1,30.0,king+tour,1,24,8.008573046661098,0.20005401968955994,0.0,0.0
29.2,-17.47782132278495,-23.200570722456643,9.553683881778678,0.6256981811274337,15.448761126069261,8.368683881778615,17.77455277014138,0,1,30.0,king+tour,1,24,7.996465461834838,0.19950823485851288,0.0,0.0
29.22,-17.475423481202988,-23.189259952847546,9.553318152196384,0.5783962991099487,15.437301187936976,8.368318152196322,17.76148716541404,0,1,30.0,king+tour,1,25,9.529742130838008,0.19213701784610748,0.0,0.0
29.24,-17.473053903080842,-23.178841839246143,9.55294093617242,0.5345425226710261,15.426733639723484,8.367940936172356,17.749515791303033,0,1,30.0,king+tour,1,25,9.520325314117711,0.18687596917152405,0.0,0.0
29.26,-17.47066458071466,-23.1692105020757,9.552595445811672,0.4964647033014005,15.41694929135693,8.36759544581161,17.737458184521206,0,1,30.0,king+tour,1,25,9.511674873261105,0.18381448090076447,0.0,0.0
29.28,-17.46826162841942,-23.160261360202856,9.55229473531855,0.463550824597858,15.4078443462279,8.367294735318488,17.727984576281177,0,1,30.0,king+tour,1,25,9.503688093017308,0.18359623849391937,0.0,0.0
29.3,-17.465905057101693,-23.151871054229087,9.552013595612479,0.43597506305790007,15.399300335167286,8.367013595612416,17.71738643800651,0,1,30.0,king+tour,1,25,9.496229829403825,0.18589787185192108,0.0,0.0
29.32,-17.463626348268097,-23.143974928499755,9.55179085635048,0.41106851089728985,15.391255151159228,8.366790856350418,17.70770555094966,0,1,30.1,king+tour,1,25,9.489229093779533,0.19159454107284546,0.0,0.0
29.34,-17.461512324864184,-23.136464995275094,9.55160367318868,0.39020260611391494,15.383607616664593,8.366603673188617,17.698677457796066,0,1,30.1,king+tour,1,25,9.482558319710117,0.19583982229232788,0.0,0.0
29.36,-17.459665496309324,-23.129242085942476,9.551503845529012,0.372797399735797,15.376266489231947,8.36650384552895,17.689149431311478,0,1,30.1,king+tour,1,25,9.47609415605315,0.19839979708194733,0.0,0.0
29.38,-17.45813885246785,-23.12221958349794,9.55148271212867,0.35932794430308906,15.36914930390074,8.366482712128608,17.68064784579724,0,1,30.1,king+tour,1,25,9.469738550925618,0.2189614176750183,0.0,0.0
29.4,-17.457055435310927,-23.115275659924073,9.551538215585094,0.35140769758688506,15.3621437303773,8.366538215585031,17.671472606028885,0,1,30.1,king+tour,1,25,9.463340711159349,0.24119043350219727,0.0,0.0
29.42,-17.45648000601001,-23.1083227168617,9.551673107906982,0.34890088867561586,15.35516721851325,8.36667310790692,17.663090442045906,0,1,30.1,king+tour,1,25,9.456798436803322,0.26445212960243225,0.0,0.0
29.44,-17.456526852159087,-23.101233775424692,9.551886705246407,0.3546156690081223,15.348101704038395,8.366886705246344,17.65398868091252,0,1,30.1,king+tour,1,25,9.449958300898421,0.288083016872406,0.0,0.0
29.46,-17.457247419448354,-23.093914826361267,9.552165921376169,0.3679816376481847,15.34085737268981,8.367165921376106,17.64513762065793,0,1,30.1,king+tour,1,25,9.442715581601266,0.31177935004234314,0.0,0.0
29.48,-17.458709721969296,-23.086220182238442,9.552524898303613,0.39202914838726705,15.333294230427885,8.36752489830355,17.63545787054007,0,1,30.2,king+tour,1,25,9.434911418626598,0.3355150520801544,0.0,0.0
29.5,-17.460976513175982,-23.07802721636381,9.553010395530794,0.4257309589258243,15.325295032278115,8.368010395530732,17.626505327772236,0,1,30.2,king+tour,1,25,9.426410685286637,0.35920774936676025,0.0,0.0
29.52,-17.4640739485311,-23.06916021744664,9.553594569756674,0.47052905091615566,15.316687019755953,8.368594569756612,17.616586439722735,0,1,30.2,king+tour,1,25,9.417037113032709,0.3829871714115143,0.0,0.0
29.54,-17.46806979682279,-23.059510389210566,9.554283031842132,0.5233544893258899,15.307367500989896,8.36928303184207,17.607057079945026,0,1,30.2,king+tour,1,25,9.40666779715193,0.4067518711090088,0.0,0.0
29.56,-17.472993979404315,-23.04891612034957,9.555024946014942,0.5853130432407162,15.297178501898404,8.37002494601488,17.596442843453676,0,1,30.2,king+tour,1,25,9.395139295468118,0.43052423000335693,0.0,0.0
29.58,-17.478903207522976,-23.037273351139955,9.55581373013048,0.6540168809129726,15.286021740859203,8.370813730130417,17.585782834693084,0,1,30.2,king+tour,1,25,9.382336524569045,0.45422136783599854,0.0,0.0
29.6,-17.48581402253437,-23.02443090786305,9.556574647206572,0.730182696725521,15.273749192894355,8.37157464720651,17.575344153625103,0,1,30.3,king+tour,1,25,9.368109966267406,0.47790005803108215,0.0,0.0
29.62,-17.49379213059317,-23.010293947236786,9.557304832955902,0.8124608224015455,15.260273111622839,8.37230483295584,17.56293249616968,0,1,30.3,king+tour,1,25,9.3523513032974,0.5016106367111206,0.0,0.0
29.64,-17.502836882486807,-22.994784823429285,9.55799579563883,0.8983566768313687,15.245518124874,8.372995795638767,17.550929682349647,0,1,30.3,king+tour,1,25,9.334986751745392,0.525402307510376,0.0,0.0
29.66,-17.512951360519185,-22.977820758668596,9.558609463935055,0.9880014522383945,15.229404334515646,8.373609463934992,17.536433885709492,0,1,30.3,king+tour,1,25,9.315936695251,0.5491726994514465,0.0,0.0
29.68,-17.524078208553576,-22.959328792754377,9.559173926694022,1.0794421808964305,15.211857106815993,8.37417392669396,17.521717532381498,0,1,30.4,king+tour,1,25,9.295147181945904,0.5728432536125183,0.0,0.0
29.7,-17.536226361519823,-22.939215917955085,9.559687597478797,1.175126813219027,15.192787299027778,8.374687597478735,17.5055127819667,0,1,30.4,king+tour,1,25,9.272527259031996,0.5965502262115479,0.0,0.0
29.72,-17.549327283230948,-22.917418077929334,9.560158660151389,1.2718115814762285,15.17212861416479,8.375158660151326,17.48778092192852,0,1,30.4,king+tour,1,25,9.248034490706504,0.6202884316444397,0.0,0.0
29.74,-17.563348785188293,-22.89392888804244,9.560585339816217,1.3679607214926874,15.149875264114252,8.375585339816155,17.468926315801934,0,1,30.5,king+tour,1,25,9.221672310822976,0.6440500617027283,0.0,0.0
29.76,-17.578228414252507,-22.868680849634437,9.560929596366076,1.4654225645804475,15.125958139716552,8.375929596366014,17.449324163935195,0,1,30.5,king+tour,1,25,9.193393150856027,0.6678324341773987,0.0,0.0
29.78,-17.593941791523253,-22.84166498166681,9.56121966350518,1.5627311718928205,15.10036966768703,8.376219663505116,17.42700743906226,0,1,30.6,king+tour,1,25,9.163195717139926,0.691605806350708,0.0,0.0
29.8,-17.610395441668295,-22.812879285702863,9.561467021595549,1.6578601277317186,15.073103371914767,8.376467021595486,17.40480106653459,0,1,30.6,king+tour,1,25,9.131103506672689,0.7154030799865723,0.0,0.0
29.82,-17.627568582362798,-22.78230031413955,9.561679744579125,1.7535931072021402,15.044137535801216,8.376679744579063,17.38028537664941,0,1,30.7,king+tour,1,25,9.097100067556019,0.7391671538352966,0.0,0.0
29.84,-17.645376318528484,-22.74997319495854,9.56181676004466,1.845384021774171,15.013513126112715,8.376816760044598,17.355358261433718,0,1,30.7,king+tour,1,25,9.061251767489932,0.7628231644630432,0.0,0.0
29.86,-17.663803124148043,-22.71592642124111,9.561891452601005,1.935675298755349,14.98126052045201,8.376891452600942,17.32768749402223,0,1,30.8,king+tour,1,25,9.02359070565755,0.7866023778915405,0.0,0.0
29.88,-17.682755443827332,-22.68021125767512,9.561934436548162,2.02161147193976,14.947425652392583,8.3769344365481,17.300206084390762,0,1,30.8,king+tour,1,25,8.984191104990016,0.8103911876678467,0.0,0.0
29.9,-17.702204945550672,-22.642882247682095,9.561910269368015,2.1046013211520465,14.912063395239867,8.376910269367952,17.27005166342167,0,1,30.9,king+tour,1,25,8.943113309108305,0.8340217471122742,0.0,0.0
29.92,-17.722058662983073,-22.60401225592628,9.561819596745151,2.1823465447238832,14.87524064283047,8.376819596745088,17.239493942634972,0,1,30.9,king+tour,1,25,8.900451878136304,0.857715904712677,0.0,0.0
29.94,-17.74229761766129,-22.563644163587924,9.561672639525485,2.2578860477940355,14.837001098340224,8.376672639525422,17.207070526666943,0,1,31.0,king+tour,1,25,8.856253237558837,0.8814795613288879,0.0,0.0
29.96,-17.76291149550155,-22.521811471546236,9.56148879940085,2.331812535485751,14.79737994240868,8.376488799400787,17.17442669591287,0,1,31.1,king+tour,1,25,8.810552521467432,0.9052633047103882,0.0,0.0
29.98,-17.783943058919547,-22.478561847680464,9.561309237661176,2.4046251614099967,14.756431782979222,8.376309237661113,17.139231514682443,0,1,31.1,king+tour,1,25,8.763385154782004,0.9290485978126526,0.0,0.0
30.0,-17.805373922968997,-22.43394112498582,9.561166289944884,2.475030940083198,14.714203548546285,8.376166289944821,17.10458814553456,0,1,31.2,king+tour,1,25,8.714800429023695,0.9528352618217468,0.0,0.0
30.02,-17.827257897603523,-22.387969136461102,9.561091420017158,2.5457502235233576,14.670723749720581,8.376091420017096,17.067466351446384,0,1,31.3,king+tour,1,25,8.6648043531144,0.9765530228614807,0.0,0.0
30.04,-17.849568787768145,-22.340695007146905,9.561123205887396,2.6137234612209004,14.62604208756472,8.376123205887334,17.030886037039377,0,1,31.4,king+tour,1,25,8.613451549801988,1.0,0.0,0.0
30.06,-17.87233257085608,-22.292197971605887,9.56113816047806,2.6786902118298963,14.580243704518193,8.376138160477998,16.991903100244116,0,1,31.4,king+tour,1,25,8.560812805414255,1.0,0.0,0.0
30.08,-17.8955041527119,-22.242563420117374,9.561074490620271,2.7388478239113074,14.533412361760192,8.376074490620208,16.953669419747964,0,1,31.5,king+tour,1,25,8.506982691055029,1.0,0.0,0.0
30.1,-17.91911238036058,-22.19183770663712,9.560908174783657,2.7975319845134035,14.4856009679251,8.375908174783595,16.914366185205516,0,1,31.6,king+tour,1,25,8.451999662650865,1.0,0.0,0.0
30.12,-17.94312017075315,-22.140072284048994,9.560687691087503,2.8531042691782447,14.43686034715091,8.37568769108744,16.875124620857104,0,1,31.7,king+tour,1,25,8.39592350021754,1.0,0.0,0.0
30.14,-17.967521837903305,-22.087381428719098,9.5603814241904,2.9033865547474584,14.387307134104082,8.375381424190337,16.834663491570264,0,1,31.8,king+tour,1,25,8.338867180438271,1.0,0.0,0.0
30.16,-17.992268636731907,-22.033842455536863,9.560034957361871,2.9491294227850595,14.337016164566759,8.375034957361809,16.79505275986781,0,1,31.9,king+tour,1,25,8.280918416905031,1.0,0.0,0.0
30.18,-18.017352674475585,-21.97957125811397,9.55962438497851,2.9894566349601157,14.286105090441414,8.374624384978448,16.753409964059795,0,1,32.0,king+tour,1,25,8.222192401101283,1.0,0.0,0.0
30.2,-18.042707363497627,-21.924678949570122,9.559190747104173,3.0233317029742732,14.234679577785764,8.37419074710411,16.713215457508063,0,1,32.1,king+tour,1,25,8.162813909349289,1.0,0.0,0.0
30.22,-18.068327658673603,-21.869264238831057,9.558721298811717,3.0526259486292346,14.182840011624336,8.373721298811654,16.671128315934467,0,1,32.1,king+tour,1,25,8.102880826890566,1.0,0.0,0.0
30.24,-18.09413930934817,-21.81344417407815,9.558239165436932,3.0750420290443996,14.130696139983149,8.37323916543687,16.630473695447357,0,1,32.2,king+tour,1,25,8.042525401489737,1.0,0.0,0.0
30.26,-18.12014622528194,-21.75729048577678,9.557951500834253,3.094220070210371,14.078322092171039,8.37295150083419,16.58809553137861,0,1,32.3,king+tour,1,25,7.981817205063313,1.0,0.0,0.0
30.28,-18.14626526795839,-21.70092693858272,9.557803232374054,3.1060730135364243,14.02583217278182,8.372803232373991,16.54605901695878,0,1,32.4,king+tour,1,26,8.746187248491031,0.9919483065605164,0.0,0.0
30.3,-18.172485956434343,-21.644447027244475,9.557783581722376,3.113480879609325,13.973319502048822,8.372783581722313,16.50331437025149,0,1,32.5,king+tour,1,26,8.709030336896795,0.9812780618667603,0.0,0.0
30.32,-18.198738251941826,-21.587958043502248,9.557877243113532,3.114561396127124,13.920882588760444,8.37287724311347,16.461617256470184,0,1,32.6,king+tour,1,26,8.67216871251188,0.9681679010391235,0.0,0.0
30.34,-18.22492839678175,-21.531501098560227,9.55806458055712,3.11181033091682,13.868550328867318,8.373064580557058,16.41941954827803,0,1,32.7,king+tour,1,26,8.635596606809903,0.9528104662895203,0.0,0.0
30.36,-18.25098397088076,-21.475185437959716,9.558334598709253,3.102587420324901,13.816421131211792,8.37333459870919,16.37772175404474,0,1,32.8,king+tour,1,26,8.59937567806932,0.9354127049446106,0.0,0.0
30.38,-18.27680671357053,-21.41905658523356,9.558697977193425,3.089253223798418,13.764525793612501,8.373697977193363,16.335918223905413,0,1,32.9,king+tour,1,26,8.563496732068003,0.9162269234657288,0.0,0.0
30.4,-18.302237866540008,-21.363190608809308,9.559159622330567,3.0691871804374777,13.712915514354416,8.374159622330504,16.294678388145535,0,1,33.0,king+tour,1,26,8.527943867190281,0.8955385684967041,0.0,0.0
30.42,-18.32718799210113,-21.307632806180063,9.559731795163357,3.0452855285902856,13.661619682645638,8.374731795163294,16.255233403168543,0,1,33.1,king+tour,1,26,8.492705879102568,0.8736886382102966,0.0,0.0
30.44,-18.3515078327719,-21.252460718807505,9.560411712071962,3.0149113429334737,13.6106896690582,8.3754117120719,16.213690468278067,0,1,33.2,king+tour,1,26,8.45776607009919,0.8509646654129028,0.0,0.0
30.46,-18.375094357930525,-21.197782707174,9.561182005084275,2.9776679115447213,13.560212870830705,8.376182005084212,16.175017588325648,0,1,33.3,king+tour,1,26,8.423154191897984,0.8278093934059143,0.0,0.0
30.48,-18.397829424984508,-21.14364724036111,9.562025892296221,2.936087612208281,13.51021412471674,8.377025892296158,16.135653227161317,0,1,33.4,king+tour,1,26,8.388837794711401,0.8045739531517029,0.0,0.0
30.5,-18.419628409412375,-21.090165965705857,9.562925471675404,2.8880147609976863,13.460784875594673,8.377925471675342,16.099254010108243,0,1,33.5,king+tour,1,26,8.354853002808525,0.7813422083854675,0.0,0.0
30.52,-18.44043233420517,-21.03744299919164,9.563877152226429,2.8343518574423303,13.412012435714065,8.378877152226366,16.061192174919974,0,0,33.6,king+tour,1,26,8.321240489345696,0.7581432461738586,0.0,0.0
30.54,-18.46018219411479,-20.98563157846883,9.564847046996078,2.7728239123815417,13.364032099725524,8.379847046996016,16.025352445968505,0,0,33.7,king+tour,1,26,8.288080221305748,0.7350012063980103,0.0,0.0
30.56,-18.47882994782782,-20.934836645778898,9.56581992908767,2.705924243710828,13.316932799834085,8.380819929087608,15.987570540626594,0,0,33.8,king+tour,1,26,8.255415011081954,0.7119075059890747,0.0,0.0
30.58,-18.49638226142543,-20.88518542824547,9.566763580721656,2.6335420983852544,13.270834181634129,8.381763580721593,15.953072826689697,0,0,33.9,king+tour,1,26,8.223334592620262,0.6888859868049622,0.0,0.0
30.6,-18.5128040808463,-20.836741678769666,9.56766430693356,2.557970056546307,13.2257864783366,8.382664306933497,15.91690718072808,0,0,34.0,king+tour,1,26,8.191851894067012,0.6659275889396667,0.0,0.0
30.62,-18.52810684013347,-20.789625791250064,9.568492654297826,2.4772804937657917,13.181903525367362,8.383492654297763,15.884266635885282,0,0,34.1,king+tour,1,26,8.16105201189599,0.643060028553009,0.0,0.0
30.64,-18.542277929831034,-20.743899494766215,9.569234489338191,2.3938798489964492,13.139237481474433,8.384234489338128,15.85003736547458,0,0,34.2,king+tour,1,26,8.130957458217212,0.6202881336212158,0.0,0.0
30.66,-18.555352414469155,-20.69967911557999,9.569864504701004,2.3058517966704457,13.097902631112499,8.384864504700941,15.816533411750898,0,0,34.3,king+tour,1,26,8.101662537513436,0.5976293683052063,0.0,0.0
30.68,-18.567334376596428,-20.657018554950607,9.570364230206849,2.2157056298241184,13.057946816754203,8.385364230206786,15.78424746645263,0,0,34.4,king+tour,1,26,8.073192636658446,0.5750703811645508,0.0,0.0
30.7,-18.578283755320204,-20.615937599999754,9.570748848289009,2.1258420009373555,13.019394327694435,8.385748848288946,15.752245691861063,0,0,34.4,king+tour,1,26,8.045577199388454,0.5526168346405029,0.0,0.0
30.72,-18.588211679279034,-20.57647801082843,9.571006033403135,2.034507923236436,12.98228312381444,8.386006033403072,15.722018593140401,0,0,34.5,king+tour,1,26,8.018837162630403,0.5303024649620056,0.0,0.0
30.74,-18.597184308565996,-20.53863205212517,9.571159373343587,1.9447674537252424,12.946612516750612,8.386159373343524,15.691979954085442,0,0,34.6,king+tour,1,26,7.992985217051513,0.5081205368041992,0.0,0.0
30.76,-18.60522085591798,-20.502427086809824,9.571195840714703,1.854310476090169,12.912408611607393,8.38619584071464,15.664534200642706,0,0,34.7,king+tour,1,27,8.616070753381935,0.48467689752578735,0.0,0.0
30.78,-18.6123944579667,-20.467835134875212,9.571130744201048,1.7664002537336156,12.879653068368546,8.386130744200985,15.636894027331955,0,0,34.7,king+tour,1,27,8.580773916827587,0.4611140489578247,0.0,0.0
30.8,-18.61872188396055,-20.43486676550319,9.570971001815956,1.6785225768419763,12.848355905117343,8.385971001815893,15.609814491291207,0,0,34.8,king+tour,1,27,8.547216306239111,0.43749549984931946,0.0,0.0
30.82,-18.624271979862947,-20.403478152094973,9.57074759055536,1.5938150212680309,12.818483367566254,8.385747590555297,15.586123893075053,0,0,34.9,king+tour,1,27,8.515343365838383,0.4139781594276428,0.0,0.0
30.84,-18.62906359358429,-20.373618466135277,9.570457532245038,1.5121545402913938,12.789986234167444,8.385457532244976,15.561848784191142,0,0,34.9,king+tour,1,27,8.485101817116735,0.3905065357685089,0.0,0.0
30.86,-18.633164128234874,-20.345297672555482,9.5701211000508,1.4309043644067383,12.762884217838145,8.385121100050737,15.538473964355997,0,0,35.0,king+tour,1,27,8.456490616319744,0.3669378161430359,0.0,0.0
30.88,-18.63659742496723,-20.318479586376892,9.569779017765413,1.3519562613345846,12.737144078627093,8.38477901776535,15.518273495650977,0,0,35.0,king+tour,1,27,8.42947028054403,0.34359505772590637,0.0,0.0
30.9,-18.639446338853823,-20.293112591487585,9.56945061385312,1.2764291883776624,12.71272850323109,8.384450613853057,15.497257880942605,0,0,35.1,king+tour,1,27,8.403976601582622,0.3201296627521515,0.0,0.0
30.92,-18.64175786508057,-20.269196610007985,9.569127624257419,1.2014799685268658,12.689644613096974,8.384127624257356,15.479286751072769,0,0,35.1,king+tour,1,27,8.380002044870754,0.2967042922973633,0.0,0.0
30.94,-18.64363030224877,-20.24667786455927,9.568807765504182,1.1299360901782582,12.667856456385897,8.38380776550412,15.460589879556618,0,0,35.2,king+tour,1,27,8.35747776298505,0.2734575569629669,0.0,0.0
30.96,-18.645099768063172,-20.22557602614646,9.568531228301755,1.057737428434331,12.647389081509457,8.383531228301692,15.444935002261495,0,0,35.2,king+tour,1,27,8.336417431991865,0.2504214644432068,0.0,0.0
30.98,-18.64625795968713,-20.20585385181812,9.568332431636266,0.9878576418055128,12.62822205789323,8.383332431636203,15.42847200161133,0,0,35.2,king+tour,1,27,8.316769501982648,0.2280610054731369,0.0,0.0
31.0,-18.647143837774735,-20.187504916098874,9.568169333096929,0.9185516087142929,12.610355673573695,8.383169333096866,15.414281321765893,0,0,35.3,king+tour,1,27,8.298521347012015,0.2131853997707367,0.0,0.0
31.02,-18.647849172171295,-20.17047016027464,9.567995319799808,0.8525119987862831,12.593748435893577,8.382995319799745,15.399213501349,0,0,35.3,king+tour,1,27,8.281599754946875,0.2051074057817459,0.0,0.0
31.04,-18.648409783453488,-20.154711217223177,9.567737607950072,0.7885508647299018,12.578368935390861,8.382737607950009,15.385584386050471,0,0,35.4,king+tour,1,27,8.265960993724187,0.2012822926044464,0.0,0.0
31.06,-18.648906967477444,-20.140181012212754,9.56744201102582,0.7270856674771025,12.564185767169601,8.382442011025757,15.370912773416578,0,0,35.4,king+tour,1,27,8.251545267046655,0.1998073011636734,0.0,0.0
31.08,-18.64937376131079,-20.126816470546448,9.567092666335235,0.668862676762057,12.551142912624648,8.382092666335172,15.359290645392537,0,0,35.4,king+tour,1,27,8.23828484471014,0.19945450127124786,0.0,0.0
31.1,-18.649864377778098,-20.11450539810285,9.566669454647155,0.616405542971607,12.539140113259505,8.381669454647092,15.346170775723602,0,0,35.4,king+tour,1,27,8.226060056566132,0.19949106872081757,0.0,0.0
31.12,-18.650440470063664,-20.103210228079927,9.566219372569591,0.5659401957026446,12.528151886772052,8.381219372569529,15.334140642202698,0,0,35.5,king+tour,1,27,8.214823608897584,0.19965596497058868,0.0,0.0
31.14,-18.651117676745255,-20.092817059657804,9.565733026404377,0.5213278510990144,12.518069210600707,8.380733026404315,15.320579751305342,0,0,35.5,king+tour,1,27,8.204460462643324,0.2196553647518158,0.0,0.0
31.16,-18.651969813999994,-20.083219239489075,9.565236152781157,0.4824188358926362,12.5088011213763,8.380236152781094,15.309882389006876,0,1,35.5,king+tour,1,27,8.194853180869902,0.24164164066314697,0.0,0.0
31.18,-18.65302994453006,-20.074252467889032,9.564784652686265,0.45202522607649637,12.500192462127767,8.379784652686203,15.297524916077922,0,1,35.5,king+tour,1,27,8.185834181410273,0.26480329036712646,0.0,0.0
31.2,-18.654374891031146,-20.06580429422102,9.564394584348996,0.4281724907190443,12.49214728174794,8.379394584348933,15.285148299716138,0,1,35.5,king+tour,1,27,8.177279856196785,0.2884124517440796,0.0,0.0
31.22,-18.65604423483552,-20.057702163555355,9.564128186285867,0.41383027314570836,12.484503686018478,8.379128186285804,15.274125404635072,0,1,35.5,king+tour,1,27,8.169013481154472,0.3121282756328583,0.0,0.0
31.24,-18.658113831015218,-20.04973271480914,9.564035377047176,0.41171578552555554,12.477066627950016,8.379035377047114,15.262802468463507,0,1,35.6,king+tour,1,27,8.160812169777047,0.33582985401153564,0.0,0.0
31.26,-18.660603913278745,-20.04171546041778,9.564184472799347,0.419818732306618,12.469662999582122,8.379184472799285,15.252475837081839,0,1,35.6,king+tour,1,27,8.152494674849322,0.35957348346710205,0.0,0.0
31.28,-18.663602052000826,-20.033430808689342,9.564535291219386,0.4408723273868523,12.462094139195719,8.379535291219323,15.241637645343248,0,1,35.6,king+tour,1,27,8.143830182009907,0.38333675265312195,0.0,0.0
31.3,-18.667139759907617,-20.024693147359525,9.565094368075906,0.4721617034444641,12.454184371468102,8.380094368075843,15.231861658878096,0,1,35.6,king+tour,1,27,8.134630694069525,0.4070489704608917,0.0,0.0
31.32,-18.671250619872527,-20.01526171619306,9.565849437376436,0.515803240459643,12.445704466907642,8.380849437376373,15.221981924597998,0,1,35.6,king+tour,1,27,8.124653549183451,0.4307384192943573,0.0,0.0
31.34,-18.676012124732345,-20.00496195094354,9.566814636105937,0.569404735914385,12.436498803508822,8.381814636105874,15.212476372352253,0,1,35.7,king+tour,1,27,8.113714299253427,0.4544585943222046,0.0,0.0
31.36,-18.68144929990012,-19.993606834943293,9.56789672918323,0.6318078398770474,12.426389888811562,8.382896729183168,15.201336808752684,0,1,35.7,king+tour,1,27,8.10162490987987,0.4782090187072754,0.0,0.0
31.38,-18.687606898425877,-19.981054167366434,9.56908405546741,0.701596797677689,12.415248321655508,8.384084055467348,15.19038159131338,0,1,35.7,king+tour,1,27,8.088238453179807,0.5019670724868774,0.0,0.0
31.4,-18.69449891447279,-19.967092818608027,9.57034749542642,0.7810496541110993,12.402871542979836,8.385347495426357,15.180201917436767,0,1,35.7,king+tour,1,27,8.073345097580576,0.525654673576355,0.0,0.0
31.42,-18.702164388333575,-19.95160352945636,9.571620847924688,0.8664568577245437,12.389152379381631,8.386620847924625,15.16753028805719,0,1,35.8,king+tour,1,27,8.056821703660347,0.5493645668029785,0.0,0.0
31.44,-18.710580648262674,-19.934480844862122,9.572901399779958,0.9561113585272631,12.373985690782039,8.387901399779896,15.155233536631702,0,1,35.8,king+tour,1,27,8.038568811804664,0.5730314254760742,0.0,0.0
31.46,-18.719783189656855,-19.91561156669545,9.574120204854129,1.0514536514412955,12.35727038449029,8.389120204854066,15.141641280153369,0,1,35.9,king+tour,1,27,8.018470025901948,0.5965493321418762,0.0,0.0
31.48,-18.729732459458948,-19.89492178129069,9.575217085640267,1.1491935619694484,12.338929696958534,8.390217085640204,15.126622127977388,0,1,35.9,king+tour,1,27,7.996459814020851,0.62006676197052,0.0,0.0
31.5,-18.740407292830643,-19.872446960604105,9.576026729288483,1.244713978435119,12.318997941550483,8.39102672928842,15.110525052159211,0,1,35.9,king+tour,1,28,9.189498487373875,0.6193937659263611,0.0,0.0
31.52,-18.751755298171595,-19.848171937364082,9.57637235259064,1.3399379034016088,12.297453776193535,8.391372352590578,15.094340384595792,0,1,36.0,king+tour,1,28,9.174583433166376,0.6130856275558472,0.0,0.0
31.54,-18.76376729870904,-19.822119958173662,9.5761636364861,1.434431367356084,12.274322197267729,8.391163636486038,15.076202747367555,0,1,36.0,king+tour,1,28,9.158550077185163,0.6014977693557739,0.0,0.0
31.56,-18.77637816969007,-19.794313855048763,9.575378475715183,1.5271132205314946,12.24961673475443,8.39037847571512,15.057947383011074,0,1,36.1,king+tour,1,28,9.141395784610628,0.585404098033905,0.0,0.0
31.58,-18.78947398213106,-19.76477201312387,9.574060304587167,1.6170639311169226,12.223336528581502,8.389060304587105,15.038547229469462,0,1,36.1,king+tour,1,28,9.123088591113323,0.5659149885177612,0.0,0.0
31.6,-18.80288518952543,-19.73352347786038,9.572295861248024,1.7025309837014382,12.195479298091191,8.387295861247962,15.019622305500794,0,1,36.2,king+tour,1,28,9.103575754964664,0.5442204475402832,0.0,0.0
31.62,-18.816470098534484,-19.70064658976919,9.57023274859925,1.781639664148231,12.166095826093535,8.385232748599188,15.000034871153401,0,1,36.3,king+tour,1,28,9.082859798026204,0.5217500329017639,0.0,0.0
31.64,-18.83006687230355,-19.66626602322584,9.568041233471673,1.8518223128333833,12.135277137199463,8.38304123347161,14.979701893002842,0,1,36.3,king+tour,1,28,9.060970187004875,0.4991399645805359,0.0,0.0
31.66,-18.84353817516764,-19.63059334569323,9.565895736786889,1.9095935949999878,12.103203200152995,8.380895736786826,14.959284714741294,0,1,36.4,king+tour,1,28,9.0380206274186,0.4765329957008362,0.0,0.0
31.68,-18.85669409432241,-19.593810188806987,9.563942395393456,1.955693215923748,12.07001244851149,8.378942395393393,14.938213451015347,0,1,36.5,king+tour,1,28,9.014068488171974,0.45404988527297974,0.0,0.0
31.7,-18.86937600332737,-19.5561963207878,9.562296178672401,1.9864188335215283,12.035944363331694,8.377296178672339,14.917603144392945,0,1,36.5,king+tour,1,28,8.989267239328662,0.43170347809791565,0.0,0.0
31.72,-18.881424428145923,-19.51797910108836,9.561052337191706,2.0045370810941847,12.001185628243379,8.376052337191643,14.896119073668123,0,1,36.6,king+tour,1,28,8.963722118188466,0.4095646142959595,0.0,0.0
31.74,-18.892720177637454,-19.479480561989835,9.560259307144133,2.006464780374017,11.966022750929449,8.37525930714407,14.875064984601755,0,1,36.7,king+tour,1,28,8.937636164772229,0.387613445520401,0.0,0.0
31.76,-18.903107512149237,-19.440949281094927,9.559944282438845,1.9954044491198184,11.930661465419254,8.374944282438783,14.854342088541642,0,0,36.8,king+tour,1,28,8.911127284441704,0.3659523129463196,0.0,0.0
31.78,-18.9124811598238,-19.402699706740496,9.560109374331144,1.9690876468270726,11.89538168693304,8.375109374331082,14.833471584512424,0,0,36.9,king+tour,1,28,8.884392725099424,0.34465181827545166,0.0,0.0
31.8,-18.92080001844966,-19.365004663126566,9.560748900346539,1.9303683038590371,11.860436067661052,8.375748900346476,14.812581329895435,0,0,36.9,king+tour,1,28,8.857627589227842,0.32376641035079956,0.0,0.0
31.82,-18.927965934010754,-19.32814584791798,9.56181822070367,1.8782079560285831,11.82607297238195,8.376818220703607,14.792424609951746,0,0,37.0,king+tour,1,28,8.831000499101334,0.30333149433135986,0.0,0.0
31.84,-18.933961632894725,-19.292369951378237,9.563283628296036,1.8152207839140186,11.79252419066491,8.378283628295973,14.773159985296862,0,0,37.1,king+tour,1,28,8.804694026633829,0.28355491161346436,0.0,0.0
31.86,-18.938709735736758,-19.257949688315286,9.565072387395201,1.7396110549747035,11.760033494054525,8.380072387395138,14.751803828642478,0,0,37.2,king+tour,1,28,8.778877350320881,0.2647726237773895,0.0,0.0
31.88,-18.942227578342063,-19.225102756885732,9.567084263134578,1.654798903888537,11.728812251251744,8.382084263134516,14.734227023732181,0,0,37.3,king+tour,1,28,8.7537262513562,0.24689485132694244,0.0,0.0
31.9,-18.944487231461924,-19.193976654659934,9.56927179193502,1.5642294862372557,11.698993664726462,8.384271791934957,14.715242552166426,0,0,37.3,king+tour,1,28,8.7293329693558,0.23016402125358582,0.0,0.0
31.92,-18.94550349791477,-19.164789897659745,9.571562918998694,1.4647088831174258,11.670790189980961,8.386562918998631,14.697323383252535,0,0,37.4,king+tour,1,28,8.705872680294283,0.21591448783874512,0.0,0.0
31.94,-18.945334644141553,-19.137665463390896,9.5738353709288,1.3609991585013126,11.644331636467639,8.388835370928737,14.678547174495948,0,0,37.5,king+tour,1,28,8.683467222822335,0.20707540214061737,0.0,0.0
31.96,-18.944118519250576,-19.112673902002797,9.575983947752897,1.255660665481143,11.61971553188846,8.390983947752835,14.6618262615813,0,0,37.5,king+tour,1,28,8.662242086701815,0.20256729423999786,0.0,0.0
31.98,-18.94194733316113,-19.089818957363818,9.57789283567651,1.1518532855692847,11.596964749613008,8.392892835676447,14.643493069458971,0,0,37.6,king+tour,1,28,8.642243707043548,0.20061631500720978,0.0,0.0
32.0,-18.938946125271116,-19.069106590188188,9.579456833335014,1.0493515753705096,11.57611240793922,8.394456833334951,14.62585327213999,0,0,37.7,king+tour,1,28,8.62354085116854,0.1998852789402008,0.0,0.0
32.02,-18.935182890325397,-19.05049529905698,9.580635973823686,0.9512261391478907,11.557132961360546,8.395635973823623,14.608327849611264,0,0,37.7,king+tour,1,28,8.60613235565112,0.1997193694114685,0.0,0.0
32.04,-18.930784103385527,-19.033918092395268,9.581435719105539,0.8584764116785129,11.539989754658299,8.396435719105476,14.591189799741946,0,0,37.8,king+tour,1,28,8.590031176004247,0.19973480701446533,0.0,0.0
32.06,-18.925817341781887,-19.019299542955554,9.581873058123048,0.7722725781176655,11.524624837668618,8.396873058122985,14.574662728303409,0,0,37.8,king+tour,1,28,8.57521093375173,0.19980889558792114,0.0,0.0
32.08,-18.92041049542759,-19.00652401540792,9.581988551643098,0.6936523451494082,11.510955029934268,8.396988551643036,14.558197157441182,0,0,37.8,king+tour,1,28,8.561648101972066,0.1998502016067505,0.0,0.0
32.1,-18.914633226647894,-18.99547305484976,9.581810837760273,0.6235626392651832,11.498881287082654,8.39681083776021,14.543504774116846,0,0,37.9,king+tour,1,28,8.549284356810254,0.19987733662128448,0.0,0.0
32.12,-18.908539002381342,-18.985999739108337,9.581427659073599,0.5635381674156723,11.488273228974203,8.396427659073536,14.528837344344462,0,0,37.9,king+tour,1,28,8.538029485350854,0.19990964233875275,0.0,0.0
32.14,-18.902124926579834,-18.97797719481185,9.580877064532034,0.514307154640576,11.47900727567137,8.395877064531971,14.515090784502474,0,0,37.9,king+tour,1,28,8.527777818817139,0.19992971420288086,0.0,0.0
32.16,-18.895443144234616,-18.971246200706744,9.580253463926637,0.4752403988164281,11.470940827610859,8.395253463926574,14.50126575147159,0,0,37.9,king+tour,1,28,8.518429266555067,0.1999388337135315,0.0,0.0
32.18,-18.888491034051523,-18.965642354028333,9.579590178202242,0.4477021374339405,11.463913840839096,8.39459017820218,14.489218170727948,0,0,37.9,king+tour,1,28,8.509848294431311,0.19993698596954346,0.0,0.0
32.2,-18.881321823482622,-18.96095815345078,9.578951845207461,0.42937973940381535,11.457736833006471,8.393951845207399,14.478904789132363,0,0,37.9,king+tour,1,28,8.501896327202573,0.19994348287582397,0.0,0.0
32.22,-18.873932230477084,-18.9570193716602,9.578341581663986,0.4197990840086564,11.45223993023409,8.393341581663924,14.467801879327313,0,1,38.0,king+tour,1,28,8.494429582081342,0.1999533772468567,0.0,0.0
32.24,-18.8663663232278,-18.953673923538357,9.577804805540461,0.4144969971165759,11.447285390158939,8.392804805540399,14.459304096273446,0,1,38.0,king+tour,1,28,8.487349540742564,0.1999567449092865,0.0,0.0
32.26,-18.858608682557684,-18.950741095429656,9.577406890791648,0.4151530007996591,11.442694145942948,8.392406890791586,14.450113218410216,0,1,38.0,king+tour,1,28,8.48049999150519,0.19995026290416718,0.0,0.0
32.28,-18.850695661824393,-18.94808070133167,9.57712536980796,0.4176507151506224,11.438338119204793,8.392125369807898,14.443192813802938,0,1,38.0,king+tour,1,28,8.473787455197325,0.19997377693653107,0.0,0.0
32.3,-18.842602522039034,-18.945535558808643,9.576986178702137,0.42425239012824334,11.434058956738644,8.391986178702075,14.434948930906844,0,1,38.0,king+tour,1,28,8.467069350438445,0.19997482001781464,0.0,0.0
32.32,-18.834356244553085,-18.94299550299588,9.576954567968045,0.43143358453458036,11.429755580833012,8.391954567967982,14.428651652608849,0,1,38.0,king+tour,1,28,8.460271086311032,0.19997815787792206,0.0,0.0
32.34,-18.82594803596837,-18.94031559805162,9.576969666124661,0.4412484846112639,11.42528498514643,8.391969666124599,14.422739586692757,0,1,38.0,king+tour,1,28,8.453268897085055,0.19997861981391907,0.0,0.0
32.36,-18.81741506532981,-18.937395040600997,9.57705650983703,0.45096780808412756,11.42055726426092,8.392056509836967,14.416608853790668,0,1,38.0,king+tour,1,28,8.446001294164116,0.1999630182981491,0.0,0.0
32.38,-18.808744903861843,-18.934165381050857,9.577208344674613,0.46267011603397046,11.41550305389676,8.39220834467455,14.411307484779567,0,1,38.0,king+tour,1,28,8.43840488968036,0.19996985793113708,0.0,0.0
32.4,-18.799975798709447,-18.9305411186481,9.577388143834987,0.47451240994284516,11.410047419314264,8.392388143834925,14.405363100258686,0,1,38.1,king+tour,1,28,8.430431060477778,0.19998139142990112,0.0,0.0
32.42,-18.79109889856445,-18.926486718853152,9.57757161710421,0.48803477417617075,11.404153779509901,8.392571617104148,14.400158480762805,0,1,38.1,king+tour,1,28,8.42204529329275,0.1999891996383667,0.0,0.0
32.44,-18.782153551810246,-18.921939408237357,9.577727926418584,0.5018009938990345,11.39776943761331,8.392727926418521,14.394477982069889,0,1,38.1,king+tour,1,28,8.413218038562931,0.19998355209827423,0.0,0.0
32.46,-18.773134886893747,-18.916883625455412,9.57785642616974,0.5169955720321437,11.39087807309111,8.392856426169677,14.389520155170631,0,1,38.1,king+tour,1,28,8.403933349127382,0.1999901682138443,0.0,0.0
32.48,-18.764085920724416,-18.911286661074236,9.577957123480191,0.5320242921290826,11.383456965594133,8.392957123480128,14.382840046175183,0,1,38.1,king+tour,1,28,8.394188345015095,0.1999863088130951,0.0,0.0
32.5,-18.755009096091328,-18.905166327283094,9.578037070328142,0.5473883964638708,11.375523869949246,8.393037070328079,14.376966275700614,0,1,38.1,king+tour,1,28,8.383998658835505,0.1999724805355072,0.0,0.0
32.52,-18.745928759818156,-18.898486159108995,9.578092390436842,0.5636493013890929,11.36704823582982,8.39309239043678,14.372016119134344,0,1,38.2,king+tour,1,28,8.373347662714565,0.19998188316822052,0.0,0.0
32.54,-18.736829674082877,-18.891257541405924,9.57815926852524,0.5810566835383771,11.358037705561971,8.393159268525178,14.365179195892921,0,1,38.2,king+tour,1,28,8.362235697662205,0.1999797821044922,0.0,0.0
32.56,-18.727751676787797,-18.88353282672655,9.57825313197389,0.596007680559136,11.34855174479932,8.393253131973827,14.359309462103528,0,1,38.2,king+tour,1,28,8.350728117595008,0.19997680187225342,0.0,0.0
32.58,-18.718674175656737,-18.87533208067425,9.578300158019136,0.6116687707567,11.338605349065785,8.393300158019073,14.352020408486357,0,1,38.2,king+tour,1,28,8.338829485938557,0.19995324313640594,0.0,0.0
32.6,-18.709631890274206,-18.866704572764572,9.578274423668613,0.6248949510267221,11.328253851554216,8.39327442366855,14.345629579429799,0,1,38.3,king+tour,1,28,8.326599800129323,0.19995011389255524,0.0,0.0
32.62,-18.70060329522744,-18.857666390462594,9.578199276244451,0.638768179736672,11.317508202185856,8.393199276244388,14.33832358938672,0,1,38.3,king+tour,1,28,8.314039912219773,0.19996316730976105,0.0,0.0
32.64,-18.691622414164495,-18.84826622937848,9.578111166708828,0.6500519524704932,11.306423006322733,8.393111166708765,14.331982984690631,0,1,38.3,king+tour,1,28,8.30120902191581,0.1999703347682953,0.0,0.0
32.66,-18.682670506073404,-18.83853912982338,9.57806790311293,0.6609746514899454,11.295028367742082,8.393067903112867,14.324087185196744,0,1,38.3,king+tour,1,28,8.288125270444173,0.19996780157089233,0.0,0.0
32.68,-18.673786622157564,-18.828556536624053,9.57809470699911,0.668162178781734,11.283402173258633,8.393094706999047,14.317269744471183,0,1,38.4,king+tour,1,28,8.274869531498977,0.19996723532676697,0.0,0.0
32.7,-18.6649455662246,-18.81835793793896,9.578119583881811,0.6748635121428747,11.27157756639829,8.393119583881749,14.308985671258656,0,1,38.4,king+tour,1,28,8.261460046849695,0.19992664456367493,0.0,0.0
32.72,-18.656181326408635,-18.80801011858332,9.578111319028912,0.6780290061577949,11.259626815241422,8.393111319028849,14.301743570056047,0,1,38.4,king+tour,1,28,8.247971042573399,0.19994525611400604,0.0,0.0
32.74,-18.647465841343628,-18.797542529538415,9.57809137990643,0.6810479019495235,11.247572715575522,8.393091379906368,14.293137543516687,0,1,38.5,king+tour,1,28,8.234410919266741,0.1999669224023819,0.0,0.0
32.76,-18.638829322233384,-18.78701399656379,9.578070829867553,0.6808815815607884,11.23547897179016,8.39307082986749,14.28563430117058,0,1,38.5,king+tour,1,28,8.220845240628547,0.199966162443161,0.0,0.0
32.78,-18.630237988418216,-18.77645025983312,9.578081582272484,0.6808150741073655,11.223363633248573,8.393081582272421,14.27686208548869,0,1,38.5,king+tour,1,28,8.207276159200658,0.19994619488716125,0.0,0.0
32.8,-18.62171775668418,-18.765905181262244,9.578131899056139,0.6778561105542613,11.211284678485228,8.393131899056076,14.269250083446748,0,1,38.5,king+tour,1,28,8.193762746399308,0.19996632635593414,0.0,0.0
32.82,-18.613228597968988,-18.755401646993576,9.578242006158549,0.6752817400885549,11.19925616078126,8.393242006158486,14.260476085157473,0,1,38.6,king+tour,1,28,8.180301309201418,0.19997544586658478,0.0,0.0
32.84,-18.604791635322215,-18.744988514946797,9.57840135659779,0.6701511961662224,11.187330210306985,8.393401356597728,14.252896789762769,0,1,38.6,king+tour,1,28,8.166944108508252,0.19997285306453705,0.0,0.0
32.86,-18.596360409365367,-18.734685268007063,9.57861415632234,0.6657472349911912,11.175516334464143,8.393614156322277,14.244214616633052,0,1,38.6,king+tour,1,28,8.15368105041476,0.19997374713420868,0.0,0.0
32.88,-18.587950670347052,-18.724535614137707,9.578871912483539,0.6591768015155938,11.163860576067808,8.393871912483476,14.236746820726232,0,1,38.7,king+tour,1,28,8.140557141826617,0.19996798038482666,0.0,0.0
32.9,-18.579533965899447,-18.714543118387645,9.579069312368103,0.653318168635567,11.15236065408147,8.39406931236804,14.22818174459679,0,1,38.7,king+tour,1,28,8.127559328206322,0.199914813041687,0.0,0.0
32.92,-18.57114338200334,-18.704740020229224,9.57926669957952,0.6452549754409209,11.141054935715898,8.394266699579457,14.220781423720398,0,1,38.7,king+tour,1,28,8.114732932000676,0.1999206393957138,0.0,0.0
32.94,-18.56274467626698,-18.695127811400777,9.579398669459163,0.6382598073214089,11.129937972445004,8.3943986694591,14.212354962162784,0,1,38.8,king+tour,1,28,8.102059947432803,0.19991573691368103,0.0,0.0
32.96,-18.55436498026919,-18.685729605018373,9.579430827109729,0.6295764892689732,11.11903797460935,8.394430827109666,14.204995480951185,0,1,38.8,king+tour,1,28,8.089574817314043,0.19990739226341248,0.0,0.0
32.98,-18.54596414867541,-18.676547552930284,9.579368819534386,0.622269830850934,11.108349008980307,8.394368819534323,14.196558316623987,0,1,38.8,king+tour,1,28,8.077256790989223,0.19994477927684784,0.0,0.0
33.0,-18.537562440034048,-18.667603115150524,9.579231417656263,0.6136174593474634,11.097896291334393,8.3942314176562,14.18905516290587,0,1,38.8,king+tour,1,28,8.0651351010614,0.19996917247772217,0.0,0.0
33.02,-18.529173440683156,-18.6588679415555,9.579042676456899,0.6056281678654543,11.087654865649677,8.394042676456836,14.18056653060078,0,1,38.9,king+tour,1,28,8.053194044530734,0.19998276233673096,0.0,0.0
33.04,-18.520784312440846,-18.650365470669865,9.578805804726324,0.5973390830251443,11.077645193363026,8.393805804726261,14.17350302625824,0,1,38.9,king+tour,1,28,8.041445870805154,0.1999761164188385,0.0,0.0
33.06,-18.512399483268386,-18.642058100142947,9.578540100712983,0.5903142467058723,11.067831401825039,8.39354010071292,14.165472648094884,0,1,38.9,king+tour,1,28,8.029862072431587,0.19993850588798523,0.0,0.0
33.08,-18.504018545262497,-18.633969150817578,9.578244893915716,0.5825769693785254,11.058236337741988,8.393244893915654,14.157597252424791,0,1,38.9,king+tour,1,28,8.018461806984416,0.1999591588973999,0.0,0.0
33.1,-18.495657269502523,-18.626063986046752,9.578037601944878,0.5754249133235142,11.048829257156449,8.393037601944815,14.149026300005119,0,1,39.0,king+tour,1,28,8.007225376621832,0.19989442825317383,0.0,0.0
33.12,-18.487295153529725,-18.61833737391846,9.577939361313764,0.569287207271406,11.03960102221789,8.3929393613137,14.14196311794559,0,1,39.0,king+tour,1,28,7.996137029209621,0.19991815090179443,0.0,0.0
33.14,-18.47892936414384,-18.610720870970685,9.577907006495709,0.5656823225908074,11.030484047553884,8.392907006495646,14.132688561978455,0,1,39.0,king+tour,1,29,8.744036241749802,0.1914401799440384,0.0,0.0
33.16,-18.470542534909967,-18.60322144915766,9.577913372095848,0.5625394933884734,11.021481815747984,8.392913372095785,14.12466550124788,0,1,39.0,king+tour,1,29,8.738115325444388,0.18405042588710785,0.0,0.0
33.18,-18.46213243325719,-18.595772774612865,9.577947861042077,0.5617244693169169,11.012528929390948,8.392947861042014,14.11767200077736,0,1,39.0,king+tour,1,29,8.732258942886153,0.17866557836532593,0.0,0.0
33.2,-18.453765932311565,-18.58832392805613,9.578018592713134,0.5601085967653723,11.003588568294804,8.393018592713071,14.108509122168906,0,1,39.1,king+tour,1,29,8.726405198322034,0.17602533102035522,0.0,0.0
33.22,-18.445530168629144,-18.580841334145532,9.57814379105322,0.5564006867535772,10.994644682117126,8.393143791053157,14.101451429317725,0,1,39.1,king+tour,1,29,8.720505401547701,0.17608703672885895,0.0,0.0
33.24,-18.43752386735955,-18.573227805221286,9.57830981952116,0.5524813303452711,10.985620845836301,8.393309819521097,14.09433559640483,0,1,39.1,king+tour,1,29,8.714445861056827,0.17906315624713898,0.0,0.0
33.26,-18.429832967325492,-18.565449052461847,9.578565137173625,0.5470925994060805,10.976499615269736,8.393565137173562,14.08650405513447,0,1,39.1,king+tour,1,29,8.70817673114283,0.1842481940984726,0.0,0.0
33.28,-18.422594883953554,-18.557473058626226,9.578891575735442,0.5387784579481628,10.967275532522995,8.39389157573538,14.079287973041616,0,1,39.2,king+tour,1,29,8.701640767650845,0.19094951450824738,0.0,0.0
33.3,-18.415893384878785,-18.549242969824224,9.579324794970887,0.531112347916836,10.957908205420834,8.394324794970824,14.072560299357292,0,1,39.2,king+tour,1,29,8.694765616459119,0.1956702321767807,0.0,0.0
33.32,-18.4098703982573,-18.540730592449627,9.579823008922107,0.5219797734379126,10.948396451184538,8.394823008922044,14.064791675859007,0,1,39.2,king+tour,1,29,8.687496256295214,0.198458731174469,0.0,0.0
33.34,-18.40462530037858,-18.531920990103636,9.580396743447972,0.5134425882170008,10.938743832662215,8.39539674344791,14.05911711555894,0,1,39.2,king+tour,1,29,8.679798166637468,0.19971215724945068,0.0,0.0
33.36,-18.400289552522317,-18.522780123790387,9.580987637682146,0.5067131891558624,10.92894135150623,8.395987637682083,14.051720197466063,0,1,39.3,king+tour,1,29,8.671611992833036,0.20017220079898834,0.0,0.0
33.38,-18.3969653578248,-18.51334047080304,9.581530477241138,0.5011287102514818,10.919039795721186,8.396530477241075,14.045713051251635,0,1,39.3,king+tour,1,29,8.662949038048573,0.2002439796924591,0.0,0.0
33.4,-18.394698949478194,-18.503609859816276,9.582010148396018,0.5001286869050362,10.909055280104718,8.397010148395955,14.037224792256575,0,1,39.3,king+tour,1,29,8.653806798789248,0.20019114017486572,0.0,0.0
33.42,-18.393505058254807,-18.49364021380036,9.582407589968561,0.5024370053536811,10.899041478950712,8.397407589968498,14.03084231935565,0,1,39.4,king+tour,1,29,8.64423218564492,0.20012962818145752,0.0,0.0
33.44,-18.39340465630064,-18.48341915713466,9.582626767821507,0.5111949697696963,10.888990488346865,8.397626767821444,14.022626126915208,0,1,39.4,king+tour,1,29,8.634208081465015,0.20003503561019897,0.0,0.0
33.46,-18.39441089900527,-18.472990340900363,9.582645309726242,0.5238632365215485,10.87894824798103,8.39764530972618,14.016380325093586,0,1,39.4,king+tour,1,29,8.623774213082338,0.19999517500400543,0.0,0.0
33.48,-18.396501929854626,-18.46236593775353,9.582538366325872,0.5414374135814859,10.868923430180326,8.39753836632581,14.00783778103596,0,1,39.4,king+tour,1,29,8.61294626277275,0.19997131824493408,0.0,0.0
33.5,-18.39962246990566,-18.451618969774188,9.582364219880146,0.559610172226148,10.858978281236451,8.397364219880084,14.00133807017908,0,1,39.5,king+tour,1,29,8.60180628990666,0.199968621134758,0.0,0.0
33.52,-18.40372787797708,-18.440755914359883,9.582103591374988,0.5807931550579276,10.84911199849119,8.397103591374925,13.993124685261952,0,1,39.5,king+tour,1,29,8.590369322290451,0.19996915757656097,0.0,0.0
33.54,-18.408760665787746,-18.42984119806179,9.58181269846096,0.601133520323183,10.839378318834445,8.396812698460897,13.98561351477249,0,1,39.5,king+tour,1,29,8.57870999878677,0.19997265934944153,0.0,0.0
33.56,-18.414589386972818,-18.41890369068314,9.581470480813111,0.6199196948592987,10.829781778925005,8.396470480813049,13.976470260746447,0,1,39.5,king+tour,1,29,8.56688193947468,0.1999582201242447,0.0,0.0
33.58,-18.42114478043911,-18.40796867962336,9.581090656053616,0.6377537087767844,10.82033536280858,8.396090656053554,13.96929666734195,0,1,39.6,king+tour,1,29,8.55492379404177,0.19996517896652222,0.0,0.0
33.6,-18.428303840909752,-18.397025520308095,9.580720631267345,0.6541058801219052,10.81100619885501,8.395720631267283,13.960574783661064,0,1,39.6,king+tour,1,29,8.542848845976645,0.19996336102485657,0.0,0.0
33.62,-18.436007581628292,-18.386101364961384,9.58040552455579,0.6685508270453812,10.801810806295181,8.395405524555727,13.953804243006129,0,1,39.6,king+tour,1,29,8.530695656752231,0.19997113943099976,0.0,0.0
33.64,-18.444137279276717,-18.375185640075134,9.58019755834028,0.6806031949562728,10.792716756527623,8.395197558340218,13.945567428960109,0,1,39.6,king+tour,1,29,8.518476583958964,0.19996750354766846,0.0,0.0
33.66,-18.452606332121267,-18.364311718174722,9.580045779123969,0.6891844283472784,10.783740713535805,8.395045779123906,13.939217094491575,0,1,39.6,king+tour,1,29,8.506241101813783,0.19995373487472534,0.0,0.0
33.68,-18.461275818309616,-18.35347248506304,9.579944146050877,0.6940088156876169,10.774848892866173,8.394944146050815,13.9314418177813,0,1,39.7,king+tour,1,29,8.494008162582848,0.19997097551822662,0.0,0.0
33.7,-18.470071587807997,-18.34270272238497,9.579912245749142,0.6952596041046145,10.76606105315682,8.39491224574908,13.925094502952424,0,1,39.7,king+tour,1,29,8.481825844741328,0.19997254014015198,0.0,0.0
33.72,-18.478862334447285,-18.331996074748865,9.579970328288125,0.6926631642819314,10.757344809063694,8.394970328288062,13.917327071060777,0,1,39.7,king+tour,1,29,8.469711824329897,0.19996902346611023,0.0,0.0
33.74,-18.487575766720035,-18.3213774515788,9.580115841581772,0.6868410189377776,10.748709855848452,8.39511584158171,13.911029227351126,0,1,39.7,king+tour,1,29,8.457703574437721,0.19997406005859375,0.0,0.0
33.76,-18.49615569186417,-18.31081313277457,9.58026153477212,0.6805166672869937,10.740111472038025,8.395261534772057,13.903316727372543,0,1,39.8,king+tour,1,29,8.445777799055028,0.1999485045671463,0.0,0.0
33.78,-18.504511859548835,-18.300322638400825,9.580349791492958,0.6706038320583594,10.731549886046588,8.395349791492896,13.896978869817602,0,1,39.8,king+tour,1,29,8.433969449777448,0.19994240999221802,0.0,0.0
33.8,-18.51259727909711,-18.28986474989281,9.580365469428914,0.6609494820244894,10.722974441772699,8.395365469428851,13.889327427662762,0,1,39.8,king+tour,1,29,8.42224580653312,0.19994030892848969,0.0,0.0
33.82,-18.520381070425906,-18.27944545079999,9.580309627827107,0.6502928557972637,10.7143838712822,8.395309627827045,13.883067037525661,0,1,39.8,king+tour,1,29,8.410617643759977,0.19996541738510132,0.0,0.0
33.84,-18.52782076333799,-18.269022826781665,9.580186774521328,0.6403030825089869,10.705727553306133,8.395186774521266,13.87554120540845,0,1,39.8,king+tour,1,29,8.399050554359999,0.1999817192554474,0.0,0.0
33.86,-18.53492077768672,-18.258601116981207,9.580104427887315,0.6305335436859811,10.697009686879577,8.395104427887253,13.869414395492432,0,1,39.9,king+tour,1,29,8.38754728970617,0.19990858435630798,0.0,0.0
33.88,-18.541640945863293,-18.248141895288274,9.580102963612228,0.6216027286125914,10.688183465349837,8.395102963612166,13.862099957282817,0,1,39.9,king+tour,1,29,8.376076399818244,0.19992034137248993,0.0,0.0
33.9,-18.548001405765,-18.23765743842672,9.580184526090362,0.6131597228310275,10.679264243206717,8.395184526090299,13.856154453545344,0,1,39.9,king+tour,1,29,8.364645837722449,0.19995105266571045,0.0,0.0
33.92,-18.553973247629965,-18.22711526247974,9.580331438587754,0.605850543119224,10.670213373927757,8.395331438587691,13.84903704899204,0,1,39.9,king+tour,1,29,8.35322805331549,0.19997283816337585,0.0,0.0
33.94,-18.559584400352954,-18.216535207507928,9.58051591807627,0.5988669108594126,10.661055334695721,8.395515918076207,13.84320430967456,0,1,40.0,king+tour,1,29,8.341837202674474,0.19996872544288635,0.0,0.0
33.96,-18.56482364049203,-18.20589053047599,9.580719062945954,0.5932959931333526,10.651760877350492,8.395719062945892,13.836192804369167,0,1,40.0,king+tour,1,29,8.330448402159758,0.19997969269752502,0.0,0.0
33.98,-18.56973286838427,-18.195206990714908,9.580926279263961,0.5879657280127693,10.64236336972908,8.395926279263898,13.830411807429991,0,1,40.0,king+tour,1,29,8.319079377457747,0.19998548924922943,0.0,0.0
34.0,-18.574305056628408,-18.184464640423442,9.581134908157974,0.5838375654662125,10.632841211005722,8.396134908157912,13.823470220732357,0,1,40.0,king+tour,1,29,8.307711328753363,0.19998887181282043,0.0,0.0
34.02,-18.57858525516364,-18.17369647718154,9.581338056733058,0.5794711132766485,10.623235678347044,8.396338056732995,13.817033966232971,0,1,40.1,king+tour,1,29,8.296368722394643,0.19997946918010712,0.0,0.0
34.04,-18.58257437831493,-18.162889113497105,9.581536819131955,0.5760896627588149,10.613533390735215,8.396536819131892,13.809494297341724,0,1,40.1,king+tour,1,29,8.285037964442822,0.19998174905776978,0.0,0.0
34.06,-18.586324064083882,-18.15205848500917,9.58171547159576,0.573137360308089,10.603760538971523,8.396715471595698,13.803160104134404,0,1,40.1,king+tour,1,29,8.273725714259468,0.19996488094329834,0.0,0.0
34.08,-18.589860115747445,-18.141173663140524,9.58186854413351,0.5722902228794898,10.59389210467693,8.396868544133447,13.795700063153225,0,1,40.2,king+tour,1,29,8.262396934701982,0.19997228682041168,0.0,0.0
34.1,-18.59325683325937,-18.130258734072065,9.581983407847094,0.5715911128114923,10.583967343672807,8.396983407847031,13.789408437388746,0,1,40.2,king+tour,1,29,8.251062563096134,0.1999783217906952,0.0,0.0
34.12,-18.596544273186904,-18.119291135073354,9.5820653681411,0.5724993593085662,10.573970538437194,8.397065368141037,13.781997397020088,0,1,40.2,king+tour,1,29,8.239695171133773,0.19998496770858765,0.0,0.0
34.14,-18.59979190653244,-18.108302974281493,9.582105903618134,0.5729058453615067,10.563947969863918,8.39710590361807,13.775793614391544,0,1,40.2,king+tour,1,29,8.228314519253269,0.19997698068618774,0.0,0.0
34.16,-18.603026576592153,-18.09727864678481,9.58212248181476,0.5744544411568195,10.55389020205973,8.397122481814698,13.768497002901125,0,1,40.3,king+tour,1,29,8.216900646191672,0.19994285702705383,0.0,0.0
34.18,-18.606306651931416,-18.086256969807977,9.582111581699703,0.5749703827708642,10.543847849478036,8.39711158169964,13.762247789223807,0,1,40.3,king+tour,1,29,8.205481882876757,0.19996245205402374,0.0,0.0
34.2,-18.609649260569448,-18.07522776410809,9.582092977798247,0.5762307631986772,10.533814802232406,8.397092977798184,13.754936014899023,0,1,40.3,king+tour,1,29,8.194045314791541,0.19997859001159668,0.0,0.0
34.22,-18.613083392004683,-18.06423022185683,9.58206779916918,0.5760638598413739,10.523835763198182,8.397067799169116,13.748402718679756,0,1,40.3,king+tour,1,29,8.182624685798698,0.19997841119766235,0.0,0.0
34.24,-18.61659773412198,-18.05325226162287,9.582048381162014,0.5763388510130499,10.513896604805668,8.397048381161952,13.740854445755405,0,1,40.4,king+tour,1,29,8.171210058404464,0.1999819278717041,0.0,0.0
34.26,-18.62022564732694,-18.042323230980465,9.582026719031218,0.5757732501888666,10.504033434373651,8.397026719031155,13.734680413684403,0,1,40.4,king+tour,1,29,8.159824766247276,0.1999589055776596,0.0,0.0
34.28,-18.623961866099727,-18.031420339095888,9.582012588430658,0.5762650905588621,10.494223040107626,8.397012588430595,13.727518836582218,0,1,40.4,king+tour,1,29,8.148447312782409,0.19996806979179382,0.0,0.0
34.3,-18.627842338223484,-18.020581038005655,9.58199454557994,0.5756492803184028,10.484510085943754,8.396994545579878,13.721112603412092,0,1,40.4,king+tour,1,29,8.13710862874448,0.19997914135456085,0.0,0.0
34.32,-18.631865618307636,-18.009789925266386,9.58198356714586,0.5758363858622269,10.474879466855656,8.396983567145798,13.713824606853446,0,1,40.5,king+tour,1,29,8.12579388941583,0.19998450577259064,0.0,0.0
34.34,-18.63602106691012,-17.99906962345661,9.58197268204851,0.574875513624365,10.465351112531105,8.396972682048448,13.70551388595556,0,1,40.5,king+tour,1,29,8.114527304213059,0.21997126936912537,0.0,0.0
34.36,-18.640305859559106,-17.988394064201618,9.58195819225145,0.5751678524696939,10.455899201173596,8.396958192251388,13.696729508253329,0,1,40.5,king+tour,1,29,8.10328377144235,0.24194937944412231,0.0,0.0
34.38,-18.644736224433526,-17.97772124666971,9.58197869443905,0.5777923228323738,10.446486659352727,8.396978694438987,13.688938929257723,0,1,40.5,king+tour,1,29,8.092019290073893,0.2651033401489258,0.0,0.0
34.4,-18.649310405114875,-17.96696847599367,9.582053223260695,0.5842746799716761,10.43703279168772,8.397053223260633,13.680244115168733,0,1,40.6,king+tour,1,29,8.08065276318738,0.28869926929473877,0.0,0.0
34.42,-18.654066172066024,-17.95610828165052,9.58218626683933,0.5928297417017419,10.427519660249942,8.397186266839267,13.669795306790176,0,1,40.6,king+tour,1,29,8.06915093789458,0.3124347925186157,0.0,0.0
34.44,-18.65901094039271,-17.94505429715719,9.582423142965087,0.6055935462055662,10.417865226038115,8.397423142965025,13.661411509724863,0,1,40.6,king+tour,1,29,8.057427594633559,0.3361798822879791,0.0,0.0
34.46,-18.664209586760723,-17.93368834483194,9.582762545494758,0.62515196231927,10.40796957303025,8.397762545494695,13.651161418961097,0,1,40.7,king+tour,1,29,8.045355603142978,0.35993558168411255,0.0,0.0
34.48,-18.669662673515102,-17.921933186580528,9.583189465904224,0.6482710885550672,10.397758327325919,8.398189465904162,13.6404420635137,0,1,40.7,king+tour,1,29,8.032858944042582,0.3836480379104614,0.0,0.0
34.5,-18.675434482353126,-17.90967534144995,9.583723490330975,0.6779633592538054,10.38713644986518,8.398723490330912,13.630596880751135,0,1,40.7,king+tour,1,29,8.019815323165524,0.4074353277683258,0.0,0.0
34.52,-18.681552745254525,-17.896762948339276,9.584328434077827,0.7150681675757952,10.375963511365486,8.399328434077765,13.619762459871064,0,1,40.7,king+tour,1,29,8.006070710767542,0.4312065541744232,0.0,0.0
34.54,-18.688085028821796,-17.883104965326464,9.58502513535799,0.7577872743312211,10.364167709638345,8.400025135357927,13.609497155941389,0,1,40.8,king+tour,1,29,7.991524559554094,0.4549799859523773,0.0,0.0
34.56,-18.6950569276937,-17.868579693361163,9.585689137419916,0.8062750744693056,10.351638140920867,8.400689137419853,13.596316291656827,0,1,40.8,king+tour,1,30,9.16286559680214,0.4558138847351074,0.0,0.0
34.58,-18.702528605711585,-17.853132220609112,9.58623890585797,0.8584180685478038,10.33833720891061,8.401238905857907,13.584424690162736,0,1,40.9,king+tour,1,30,9.153439843135734,0.4512205421924591,0.0,0.0
34.6,-18.710521721008487,-17.836648293306,9.586562288865688,0.9161254390823907,10.324161086745802,8.401562288865625,13.571944963776314,0,1,40.9,king+tour,1,30,9.143416831637316,0.4409438371658325,0.0,0.0
34.62,-18.718998699310934,-17.819039050603358,9.586593771479587,0.9771714036641945,10.309017162205139,8.401593771479524,13.560494891461788,0,1,40.9,king+tour,1,30,9.13270608302701,0.4253319799900055,0.0,0.0
34.64,-18.727866469721537,-17.800237755171473,9.586300590722512,1.0394854699904628,10.292821375339605,8.40130059072245,13.548788940470429,0,1,41.0,king+tour,1,30,9.121207726651098,0.4055662453174591,0.0,0.0
34.66,-18.73703110364937,-17.780214193566177,9.58568732203668,1.101487213808398,10.275524733790219,8.400687322036617,13.537790430422893,0,1,41.0,king+tour,1,30,9.108852648644074,0.38496100902557373,0.0,0.0
34.68,-18.746432081725953,-17.758989795341282,9.584810265800945,1.161489018938537,10.25713604052648,8.399810265800882,13.526634192175145,0,1,41.1,king+tour,1,30,9.095633026384009,0.3642347455024719,0.0,0.0
34.7,-18.755942296876114,-17.736614837262934,9.583740964898926,1.2167850525352943,10.237675935178798,8.398740964898863,13.516457212400459,0,1,41.1,king+tour,1,30,9.081530502694589,0.3437923789024353,0.0,0.0
34.72,-18.76546656767265,-17.713198647729552,9.582599858781247,1.2652389000114084,10.217229367013402,8.397599858781184,13.504907443528534,0,1,41.2,king+tour,1,30,9.066592799224125,0.3237563967704773,0.0,0.0
34.74,-18.774835433934822,-17.688891213907322,9.581499546028049,1.3036848566807366,10.195902113859724,8.396499546027986,13.49466578586611,0,1,41.2,king+tour,1,30,9.050861921411725,0.30432456731796265,0.0,0.0
34.76,-18.783927654100708,-17.663853453099343,9.580581102347569,1.332667881184947,10.173821144930821,8.395581102347506,13.482316495700701,0,1,41.3,king+tour,1,30,9.034412739644576,0.28561273217201233,0.0,0.0
34.78,-18.792550627590302,-17.638303592297415,9.579894541756076,1.348723863737353,10.151150612847715,8.394894541756013,13.471526591145778,0,1,41.4,king+tour,1,30,9.01732905499848,0.26783478260040283,0.0,0.0
34.8,-18.80057289596163,-17.61242876522679,9.579537626266825,1.3546132791527548,10.128038233188821,8.394537626266763,13.45883683117891,0,1,41.4,king+tour,1,30,8.999698430230522,0.25120288133621216,0.0,0.0
34.82,-18.80779481280292,-17.58646541210321,9.579544286852606,1.3474529979240655,10.104661698436795,8.394544286852543,13.448984844563691,0,0,41.5,king+tour,1,30,8.981611682268,0.2361462414264679,0.0,0.0
34.84,-18.814087671066332,-17.560623343696125,9.579953685215575,1.3300189582288695,10.081189335613285,8.394953685215512,13.43646429516809,0,0,41.6,king+tour,1,30,8.963172733466406,0.2227332890033722,0.0,0.0
34.86,-18.819361700915955,-17.535181072750877,9.580764698460245,1.2997906410160327,10.057865046180012,8.395764698460182,13.425410534066494,0,0,41.6,king+tour,1,30,8.944562650202556,0.21173566579818726,0.0,0.0
34.88,-18.823502763724225,-17.510339410700396,9.581924566509405,1.260557285988789,10.03485097719475,8.396924566509343,13.412443642288938,0,0,41.7,king+tour,1,30,8.925882419994945,0.2049722969532013,0.0,0.0
34.9,-18.826465830113513,-17.48632386042191,9.583343820150262,1.2119619409277205,10.012350301600108,8.398343820150199,13.402533436658825,0,0,41.8,king+tour,1,30,8.907290123958896,0.2017146497964859,0.0,0.0
34.92,-18.82820349536737,-17.463282634345553,9.584902150623881,1.1579572244919583,9.990490930185926,8.399902150623818,13.390918737167206,0,0,41.8,king+tour,1,30,8.888877132281758,0.2004002034664154,0.0,0.0
34.94,-18.82871250586783,-17.44142829964923,9.58649331237034,1.0959046861064425,9.969474513768143,8.401493312370278,13.37948672595723,0,0,41.9,king+tour,1,30,8.870812792700836,0.19990691542625427,0.0,0.0
34.96,-18.828013527620506,-17.420895667410747,9.58797583217508,1.0298973519269576,9.949434031706497,8.402975832175017,13.365802395962298,0,0,42.0,king+tour,1,30,8.853214508272247,0.1998305469751358,0.0,0.0
34.98,-18.82618750299425,-17.401771441162026,9.58924852171722,0.9626657444546773,9.930471852784523,8.404248521717157,13.354225422922106,0,0,42.0,king+tour,1,30,8.836192974423978,0.19984307885169983,0.0,0.0
35.0,-18.82327094581723,-17.384072345284732,9.590215115549935,0.8981906872679353,9.912612083340276,8.405215115549872,13.341641905626195,0,0,42.1,king+tour,1,30,8.819777038971191,0.19987261295318604,0.0,0.0
35.02,-18.819332117957334,-17.36786530447443,9.590839945568524,0.8345252382174918,9.895936074095562,8.405839945568461,13.32806440117151,0,0,42.1,king+tour,1,30,8.804055952119638,0.1998976469039917,0.0,0.0
35.04,-18.814451366409678,-17.353179018164212,9.591135041564138,0.7739441564194527,9.880491852596514,8.406135041564076,13.313597158766298,0,0,42.2,king+tour,1,30,8.789094585490272,0.19990968704223633,0.0,0.0
35.06,-18.80868930515389,-17.339995965822553,9.591140848915272,0.719364741775171,9.866278234497543,8.406140848915209,13.301620113654225,0,0,42.2,king+tour,1,30,8.774909322140756,0.19990165531635284,0.0,0.0
35.08,-18.80217105240515,-17.32821964007067,9.590843731697827,0.6731599842381475,9.853234386519713,8.405843731697765,13.288883995266069,0,0,42.2,king+tour,1,30,8.761486740826326,0.19988074898719788,0.0,0.0
35.1,-18.794956787068752,-17.317820994631678,9.590258759386195,0.6334817359545915,9.84134852653634,8.405258759386133,13.274798199774319,0,0,42.3,king+tour,1,30,8.748835048126628,0.1999373584985733,0.0,0.0
35.12,-18.787139018607466,-17.308748217579584,9.589500091113441,0.6000174262040092,9.830595223039143,8.404500091113379,13.263383435575175,0,0,42.3,king+tour,1,30,8.736961742588026,0.19994601607322693,0.0,0.0
35.14,-18.77875905854988,-17.30088604196805,9.588662267142753,0.5760631148562788,9.820874807187709,8.40366226714269,13.25105651867389,0,0,42.3,king+tour,1,30,8.725793668055442,0.19997456669807434,0.0,0.0
35.16,-18.769916420198804,-17.29414898610715,9.587791262198508,0.5575366003539215,9.81213111787875,8.402791262198445,13.239532691473038,0,0,42.3,king+tour,1,30,8.71531480138326,0.19997628033161163,0.0,0.0
35.18,-18.760654978972614,-17.288399034037806,9.586916901201784,0.546810638014846,9.804243060954388,8.401916901201721,13.228862549194549,0,0,42.4,king+tour,1,30,8.70543487185907,0.19997550547122955,0.0,0.0
35.2,-18.751058898259362,-17.28351384711846,9.586135925008632,0.5398141812385098,9.797114683226745,8.40113592500857,13.21793312379958,0,0,42.4,king+tour,1,30,8.69609881589991,0.19995927810668945,0.0,0.0
35.22,-18.741186940316645,-17.27935658181216,9.585491186830117,0.5365493820902428,9.790629400801818,8.400491186830054,13.209612723594194,0,0,42.4,king+tour,1,30,8.687225440162187,0.1999669373035431,0.0,0.0
35.24,-18.73112699873088,-17.27575096214974,9.584962993711603,0.5349810880523534,9.784639400338145,8.39996299371154,13.20008267967644,0,1,42.4,king+tour,1,30,8.678716192003465,0.19996339082717896,0.0,0.0
35.26,-18.720919257589202,-17.272587902390885,9.584522228237915,0.5347831346825535,9.779049774297558,8.399522228237853,13.192832236133727,0,1,42.4,king+tour,1,30,8.670502490321933,0.19996239244937897,0.0,0.0
35.28,-18.71063501965341,-17.269708017070734,9.584221616760473,0.5342042133808917,9.773724292895738,8.39922161676041,13.18432126067113,0,1,42.4,king+tour,1,30,8.662490227518157,0.19994930922985077,0.0,0.0
35.3,-18.700304018668277,-17.267012328654918,9.584060101325315,0.5339063696609105,9.768574705647566,8.399060101325253,13.17786626253611,0,1,42.5,king+tour,1,30,8.654612992660718,0.19996283948421478,0.0,0.0
35.32,-18.689988346219966,-17.264342542619822,9.583992511142373,0.5327884757736445,9.763462938886729,8.39899251114231,13.170122246237487,0,1,42.5,king+tour,1,30,8.646771840646387,0.19997535645961761,0.0,0.0
35.34,-18.679708396241722,-17.26160923405841,9.583967436964066,0.5318575372256479,9.758307201746602,8.398967436964003,13.16407999163594,0,1,42.5,king+tour,1,30,8.638902670016469,0.1999521553516388,0.0,0.0
35.36,-18.669516023902606,-17.25866420363461,9.58402402488447,0.5304735155712521,9.75297614455108,8.399024024884408,13.1588221596025,0,1,42.5,king+tour,1,30,8.630908753926764,0.1999436765909195,0.0,0.0
35.38,-18.659425123546775,-17.255424813320204,9.584175872973544,0.5299598509381588,9.747392556404023,8.399175872973482,13.152208870175816,0,1,42.5,king+tour,1,30,8.62272762550699,0.19995178282260895,0.0,0.0
35.4,-18.64950203567903,-17.25182203529834,9.584384787427064,0.5279472690399597,9.741504935487855,8.399384787427001,13.147070278806265,0,1,42.5,king+tour,1,30,8.61433642316238,0.19996598362922668,0.0,0.0
35.42,-18.639752892911865,-17.2477660932255,9.584587579973325,0.5280567573889168,9.735226930479575,8.399587579973263,13.142269106545024,0,1,42.6,king+tour,1,30,8.605662104068069,0.19996453821659088,0.0,0.0
35.44,-18.63015104284903,-17.2432240027789,9.584758013172163,0.531166541043238,9.72851943392007,8.3997580131721,13.136428280250641,0,1,42.6,king+tour,1,30,8.596661714527816,0.19997744262218475,0.0,0.0
35.46,-18.620723729777907,-17.238175944230424,9.584864769677718,0.5347161017802964,9.721369037381773,8.399864769677656,13.131287523229627,0,1,42.6,king+tour,1,30,8.587332460465744,0.1999741941690445,0.0,0.0
35.48,-18.611438816266606,-17.232583513641732,9.584898123550804,0.5419548211856217,9.713730110568411,8.399898123550742,13.126692899730378,0,1,42.6,king+tour,1,30,8.577623927287354,0.19997814297676086,0.0,0.0
35.5,-18.602323430406337,-17.22643351273019,9.584863041054566,0.5498045138391199,9.705595625539074,8.399863041054504,13.120037981173434,0,1,42.6,king+tour,1,30,8.567538869008832,0.19997423887252808,0.0,0.0
35.52,-18.59336683971107,-17.219748736499252,9.584757540753687,0.5588333393188769,9.696984538932806,8.399757540753624,13.11475855701199,0,1,42.7,king+tour,1,30,8.557090086141422,0.1999824345111847,0.0,0.0
35.54,-18.58454431375818,-17.21250594184785,9.584592111598472,0.5707941953042344,9.687867839872304,8.399592111598409,13.109627530423017,0,1,42.7,king+tour,1,30,8.546244118090883,0.1999829113483429,0.0,0.0
35.56,-18.575844803895208,-17.204726876168365,9.584399101576144,0.5835935819780504,9.678263536132954,8.399399101576082,13.103174285475612,0,1,42.7,king+tour,1,30,8.535012889827264,0.1999821960926056,0.0,0.0
35.58,-18.567234271002413,-17.19647540252975,9.584195886313456,0.5963836649961772,9.668225270098349,8.399195886313393,13.097739360310113,0,1,42.8,king+tour,1,30,8.523431650775095,0.19996997714042664,0.0,0.0
35.6,-18.558706637051817,-17.187757854197194,9.584006970842843,0.6098193969956921,9.657757402709045,8.39900697084278,13.090911970655132,0,1,42.8,king+tour,1,30,8.511502169022442,0.19997623562812805,0.0,0.0
35.62,-18.550230363063612,-17.178652467377475,9.583849457906107,0.6220532537191805,9.646928334287052,8.398849457906044,13.085196265265242,0,1,42.8,king+tour,1,30,8.499273357430665,0.1999795287847519,0.0,0.0
35.64,-18.541798682483336,-17.169174670852595,9.583747523267636,0.6342953867192583,9.635751249169381,8.398747523267573,13.07816458954927,0,1,42.9,king+tour,1,30,8.486754428720191,0.19997814297676086,0.0,0.0
35.66,-18.533381065723027,-17.159413347299424,9.583712213640965,0.6444783863769576,9.624305324547626,8.398712213640902,13.072350846576349,0,1,42.9,king+tour,1,30,8.474003974777519,0.19996002316474915,0.0,0.0
35.68,-18.52497060450878,-17.149393245613602,9.58376562169003,0.6541046323988253,9.612612913325497,8.398765621689968,13.065300498982502,0,1,42.9,king+tour,1,30,8.461039105931018,0.1999649554491043,0.0,0.0
35.7,-18.516540098852445,-17.139217939120932,9.583797553204615,0.6607028595800574,9.600768436888428,8.398797553204552,13.059302454936292,0,1,43.0,king+tour,1,30,8.447932720305495,0.1999160498380661,0.0,0.0
35.72,-18.508084244768664,-17.12892111261336,9.583795373504966,0.6661946208961648,9.588803445817602,8.398795373504903,13.052070540659008,0,1,43.0,king+tour,1,30,8.434710415171107,0.1999397724866867,0.0,0.0
35.74,-18.49961613009311,-17.118581302607804,9.58376949004789,0.6682464123784526,9.576797394149095,8.398769490047828,13.045436720500984,0,1,43.0,king+tour,1,30,8.42144554574994,0.1999509632587433,0.0,0.0
35.76,-18.491157812067236,-17.108218881924667,9.583758494652717,0.6688105620050746,9.56477517148424,8.398758494652654,13.037665208427617,0,1,43.1,king+tour,1,30,8.40816711098459,0.19992077350616455,0.0,0.0
35.78,-18.482702614969735,-17.097905359001857,9.583780755401772,0.666820081764725,9.552804871761106,8.39878075540171,13.03135093992664,0,0,43.1,king+tour,1,30,8.394931996127413,0.19994743168354034,0.0,0.0
35.8,-18.47426172464019,-17.08764847228821,9.58386713434832,0.6641908911119023,9.54089660108851,8.398867134348258,13.023981195913406,0,0,43.1,king+tour,1,30,8.38175273121974,0.19996321201324463,0.0,0.0
35.82,-18.465829849287026,-17.077529145217277,9.584021403604236,0.6586370421998999,9.529127990370405,8.399021403604173,13.0157568019051,0,0,43.2,king+tour,1,30,8.36869494271257,0.19996817409992218,0.0,0.0
35.84,-18.457418565713574,-17.06756242200693,9.5842398788135,0.6521751956371449,9.517516366241862,8.399239878813438,13.00964473971882,0,0,43.2,king+tour,1,30,8.355777573567437,0.19997917115688324,0.0,0.0
35.86,-18.44900496765628,-17.057759877539993,9.584472921636186,0.6460124210360844,9.506067883712833,8.399472921636123,13.001876301045058,0,0,43.2,king+tour,1,30,8.342998243511957,0.2199222445487976,0.0,0.0
35.88,-18.440638231957674,-17.04814589213906,9.584682866099532,0.6373285224618078,9.494817440302759,8.39968286609947,12.993120141051865,0,0,43.3,king+tour,1,30,8.330403857196895,0.24184578657150269,0.0,0.0
35.9,-18.432303135713067,-17.038735720666676,9.584889044545882,0.6286248207363795,9.483776497797379,8.39988904454582,12.982729546474214,0,0,43.3,king+tour,1,30,8.317999256566504,0.2650221586227417,0.0,0.0
35.92,-18.423995603535708,-17.029480362422714,9.585104704951117,0.6219390173327094,9.472896426015868,8.400104704951055,12.971598367488594,0,1,43.3,king+tour,1,30,8.30574086194542,0.28863218426704407,0.0,0.0
35.94,-18.415646759698614,-17.020320371415387,9.585331219458817,0.6197982282418795,9.462103949868988,8.400331219458755,12.961864288976308,0,1,43.4,king+tour,1,30,8.293541729788712,0.31232160329818726,0.0,0.0
35.96,-18.407189852751515,-17.01114197131001,9.585601368908982,0.6241700175667447,9.451273434719582,8.40060136890892,12.951160985756294,0,1,43.4,king+tour,1,30,8.281270080130266,0.3360903263092041,0.0,0.0
35.98,-18.398548712978176,-17.001904756173786,9.585924026518251,0.6326522504268866,9.440348812602716,8.400924026518188,12.938721180466452,0,1,43.4,king+tour,1,30,8.26885125002083,0.359813928604126,0.0,0.0
36.0,-18.389651192798247,-16.99250280580885,9.586343507664512,0.6475694952068753,9.429211193523113,8.40134350766445,12.928317978736429,0,1,43.5,king+tour,1,30,8.256157283123894,0.38357049226760864,0.0,0.0
36.02,-18.380361988992924,-16.982824733642317,9.58683645465718,0.6711880975834247,9.417722594125037,8.401836454657117,12.916040003860923,0,1,43.5,king+tour,1,30,8.243022043849026,0.4073325991630554,0.0,0.0
36.04,-18.370613173055613,-16.972767864568688,9.58743111499535,0.7009522962754215,9.405768661834458,8.402431114995288,12.905584620683333,0,1,43.6,king+tour,1,30,8.22932264537301,0.4311336576938629,0.0,0.0
36.06,-18.360276266841176,-16.96222951023848,9.588084948073943,0.7388099210381913,9.393221972589577,8.40308494807388,12.89310488305665,0,1,43.6,king+tour,1,30,8.214904069824184,0.4548625648021698,0.0,0.0
36.08,-18.349287966629422,-16.951110685597225,9.58881826703604,0.7824780502460771,9.379973319267854,8.403818267035977,12.882222441210239,0,1,43.6,king+tour,1,30,8.19964911322987,0.47862231731414795,0.0,0.0
36.1,-18.337546492881028,-16.93933466806806,9.589480121656868,0.8321280643184049,9.365927114471297,8.404480121656805,12.86913277549373,0,1,43.7,king+tour,1,30,8.183439082278047,0.48540154099464417,0.0,0.0
36.12,-18.324990502802077,-16.926804416835672,9.590105851219068,0.8874846763387612,9.350977089737635,8.405105851219005,12.857074253702939,0,1,43.7,king+tour,1,30,8.166159579534455,0.5074847936630249,0.0,0.0
36.14,-18.311520404334402,-16.91344682195874,9.590590767257035,0.9488203691808532,9.335032431791142,8.405590767256973,12.844577628148707,0,1,43.8,king+tour,1,30,8.147696309819315,0.5142173171043396,0.0,0.0
36.16,-18.297070980748636,-16.899159070728523,9.59099708282148,1.0162317274069306,9.317981185634626,8.405997082821417,12.83062863052243,0,1,43.8,king+tour,1,30,8.127928081424422,0.535929262638092,0.0,0.0
36.18,-18.281578618373867,-16.883913923106988,9.591319090917356,1.0868894920451972,9.29978598751942,8.406319090917293,12.816686774141065,0,1,43.9,king+tour,1,30,8.106798774242675,0.5467769503593445,0.0,0.0
36.2,-18.264988384027614,-16.86762384786614,9.591515265610374,1.1625843104117197,9.280352897502839,8.406515265610311,12.803188040691293,0,1,44.0,king+tour,1,30,8.084205788552778,0.568986177444458,0.0,0.0
36.22,-18.2472531460554,-16.850286822693615,9.591531141867398,1.24007193321545,9.259673681838603,8.406531141867335,12.787071128143365,0,1,44.0,king+tour,1,30,8.060123376217467,0.5852694511413574,0.0,0.0
36.24,-18.22836361501683,-16.831866617420033,9.591448231220324,1.3192092511742388,9.23771509129176,8.406448231220262,12.771794414465926,0,1,44.1,king+tour,1,30,8.034516808061106,0.6079656481742859,0.0,0.0
36.26,-18.208211696337692,-16.812301066025935,9.59142165513219,1.404378273555739,9.214398437215294,8.406421655132128,12.755472401236823,0,1,44.2,king+tour,1,30,8.007277408418634,0.629091739654541,0.0,0.0
36.28,-18.18688153033189,-16.79163177257553,9.591276232813039,1.4851067480360123,9.189786942580332,8.406276232812976,12.739983443041652,0,1,44.2,king+tour,1,30,7.978486014482431,0.6125950813293457,0.0,0.0
36.3,-18.164410857292133,-16.769934282485593,9.590891844184263,1.56193788103161,9.163967498776534,8.4058918441842,12.724109866717994,0,1,44.3,king+tour,1,31,8.959974041253865,0.5966987013816833,0.0,0.0
36.32,-18.1408969213204,-16.74726721540279,9.590213504499054,1.6333717119409001,9.137022553851867,8.405213504498992,12.706659266230638,0,1,44.4,king+tour,1,31,8.9426477060665,0.576965868473053,0.0,0.0
36.34,-18.11644031459422,-16.723706390860382,9.589277065937567,1.6986133924885582,9.109051731924108,8.404277065937505,12.690204090432433,0,1,44.5,king+tour,1,31,8.924732504810672,0.5551384687423706,0.0,0.0
36.36,-18.09116470282878,-16.69928617305087,9.588151329800802,1.7581743868505972,9.08011812591304,8.403151329800739,12.6741314997127,0,1,44.6,king+tour,1,31,8.906246802798627,0.5329352617263794,0.0,0.0
36.38,-18.065258942022147,-16.674039430783886,9.586946162844011,1.8096676942602874,9.050295261264324,8.401946162843949,12.656690253467723,0,1,44.7,king+tour,1,31,8.887192076703355,0.5106645226478577,0.0,0.0
36.4,-18.038914573613127,-16.64808682941242,9.585761069777465,1.8499781825691812,9.019741893512307,8.400761069777403,12.64000808757162,0,1,44.7,king+tour,1,31,8.867652556265584,0.4884718060493469,0.0,0.0
36.42,-18.012331722884912,-16.621481363611494,9.584690755255927,1.8812524661098802,8.988550552806176,8.399690755255865,12.62271147338128,0,1,44.8,king+tour,1,31,8.847641837402211,0.46645188331604004,0.0,0.0
36.44,-17.98570886025834,-16.594366030889862,9.583820541004645,1.9005100340969363,8.956900184025713,8.398820541004582,12.606567991095313,0,0,44.9,king+tour,1,31,8.827258706334336,0.44463083148002625,0.0,0.0
36.46,-17.959268506798054,-16.56682940201149,9.583219203839842,1.9090048634536894,8.924919152778095,8.39821920383978,12.589606321837215,0,0,45.0,king+tour,1,31,8.806540241804086,0.4230715334415436,0.0,0.0
36.48,-17.933224922263385,-16.539054352651668,9.582925621891448,1.9038171214138704,8.892825158770467,8.397925621891385,12.574142102241952,0,0,45.1,king+tour,1,31,8.785613721277107,0.4017947018146515,0.0,0.0
36.5,-17.907793162112878,-16.511158489085762,9.58297285074919,1.8874293755036207,8.860770249751981,8.397972850749127,12.557603022876803,0,0,45.2,king+tour,1,31,8.764539250801395,0.380898118019104,0.0,0.0
36.52,-17.883175295562506,-16.483353049114715,9.583377540344044,1.8569771263693973,8.828994635337446,8.398377540343981,12.540515053369843,0,0,45.4,king+tour,1,31,8.743467606461456,0.36042943596839905,0.0,0.0
36.54,-17.859575262580194,-16.455774545567106,9.584112136898598,1.815265164369695,8.797664020840642,8.399112136898536,12.526068130186097,0,0,45.5,king+tour,1,31,8.722473343153261,0.34050849080085754,0.0,0.0
36.56,-17.837138368666313,-16.428586109172763,9.585177882816918,1.7633498634943985,8.766958808982864,8.400177882816855,12.510342701603614,0,0,45.6,king+tour,1,31,8.70166847426604,0.32116222381591797,0.0,0.0
36.58,-17.816051223849087,-16.401970990420043,9.586498688648879,1.6991003139968808,8.737085725572904,8.401498688648816,12.493756287053428,0,0,45.7,king+tour,1,31,8.681172085652435,0.3025868833065033,0.0,0.0
36.6,-17.796420040700134,-16.376109052756767,9.588032240202988,1.6252499437748267,8.708233655269643,8.403032240202926,12.479190727871703,0,0,45.8,king+tour,1,31,8.661118143790782,0.2848949134349823,0.0,0.0
36.62,-17.778355283564796,-16.351099831689297,9.589717478820177,1.5448597168976035,8.68051299265928,8.404717478820114,12.46479640123511,0,0,45.9,king+tour,1,31,8.64156083383699,0.2682502567768097,0.0,0.0
36.64,-17.761929633822398,-16.327125573460645,9.591481915698028,1.4557474579833463,8.654109281511372,8.406481915697965,12.448553406989497,0,0,46.0,king+tour,1,31,8.622643404440694,0.25286221504211426,0.0,0.0
36.66,-17.747160566442286,-16.30432147997591,9.593254061955331,1.3613343943499385,8.629152846073584,8.408254061955269,12.435423161324973,0,0,46.0,king+tour,1,31,8.604477947916536,0.23895801603794098,0.0,0.0
36.68,-17.734085038371056,-16.282741922944126,9.594974811465855,1.2645233241299902,8.605698195103026,8.409974811465792,12.42180246005495,0,0,46.1,king+tour,1,31,8.587094058843775,0.22676216065883636,0.0,0.0
36.7,-17.722708574787763,-16.262522061686838,9.596585796491976,1.1628219830227466,8.583874883232259,8.411585796491913,12.407069612789378,0,0,46.2,king+tour,1,31,8.570608324687745,0.21654747426509857,0.0,0.0
36.72,-17.713023710598854,-16.243728110484888,9.598023257081557,1.059570065032797,8.563743068596436,8.413023257081495,12.394405026529448,0,0,46.3,king+tour,1,31,8.555075318656275,0.2085300087928772,0.0,0.0
36.74,-17.704829622641046,-16.22625516404341,9.598910331492974,0.9659630373601343,8.545163190993675,8.413910331492911,12.379901367249113,0,0,46.3,king+tour,1,31,8.540437991406348,0.20188802480697632,0.0,0.0
36.76,-17.698142132100237,-16.210194153758472,9.599365109863808,0.8701801601864078,8.52822527131264,8.414365109863745,12.368475103865881,0,0,46.4,king+tour,1,31,8.526771820942662,0.19782859086990356,0.0,0.0
36.78,-17.693000783977503,-16.195559803791525,9.599487423383335,0.7755846505560133,8.512948536369509,8.414487423383273,12.356227006794253,0,0,46.4,king+tour,1,31,8.514073401154807,0.19610662758350372,0.0,0.0
36.8,-17.689368809391567,-16.182392096018162,9.599284046466067,0.6830467216231642,8.49936523511244,8.414284046466005,12.343055835828203,0,0,46.5,king+tour,1,31,8.502385366001299,0.19681397080421448,0.0,0.0
36.82,-17.68721229528086,-16.170695742169304,9.598822907343447,0.5951216173140489,8.487473866275026,8.413822907343384,12.33150741220575,0,0,46.5,king+tour,1,31,8.491716898142778,0.19814451038837433,0.0,0.0
36.84,-17.686496381458625,-16.160403831756803,9.598151743390734,0.5169294284311667,8.477202640811605,8.41315174339067,12.31938168904558,0,0,46.6,king+tour,1,31,8.482009767169284,0.1992368847131729,0.0,0.0
36.86,-17.68712759731952,-16.151453017786686,9.59729694089234,0.45068334643604885,8.468474229556545,8.412296940892277,12.308346603528808,0,0,46.6,king+tour,1,31,8.473226366164464,0.19983744621276855,0.0,0.0
36.88,-17.689060168923692,-16.143716002616475,9.596265084214902,0.4020602098942405,8.461156386282083,8.41126508421484,12.299252341646621,0,0,46.6,king+tour,1,31,8.465255650842842,0.20005272328853607,0.0,0.0
36.9,-17.692210750581197,-16.13707983395833,9.595083662105335,0.372023713763319,8.455125249025363,8.410083662105272,12.289253006678832,0,0,46.6,king+tour,1,31,8.458011553784043,0.20009516179561615,0.0,0.0
36.92,-17.696476210186276,-16.131470321610212,9.593873798883036,0.35750714483401713,8.450292197604298,8.408873798882974,12.281102058766624,0,0,46.6,king+tour,1,31,8.451451439928261,0.20004498958587646,0.0,0.0
36.94,-17.70179709591333,-16.12674346477686,9.592703348552341,0.36064163105492253,8.446507088747309,8.407703348552278,12.273169336035105,0,0,46.7,king+tour,1,31,8.445454157749353,0.2000253051519394,0.0,0.0
36.96,-17.708055216327356,-16.122767651473854,9.591599833621963,0.3747963038049767,8.443622439522315,8.4065998336219,12.266350720336705,0,0,46.7,king+tour,1,31,8.439926848689764,0.19999803602695465,0.0,0.0
36.98,-17.71516323840308,-16.11939121474835,9.590588521813661,0.39669589852911175,8.441476082254034,8.405588521813598,12.26097409194121,0,0,46.7,king+tour,1,31,8.434749120470473,0.1999790221452713,0.0,0.0
37.0,-17.7229823368004,-16.116459150753027,9.589667096267391,0.420072386788722,8.439893903108551,8.404667096267328,12.254627912266317,0,0,46.7,king+tour,1,31,8.42981130182435,0.1999596804380417,0.0,0.0
37.02,-17.731443082369378,-16.113859337983037,9.588921493850668,0.4441260096690823,8.438755497625497,8.403921493850605,12.250473437779684,0,0,46.7,king+tour,1,31,8.425026044179583,0.19994470477104187,0.0,0.0
37.04,-17.74043011858386,-16.11140850103563,9.588357478859054,0.4666142265671799,8.437862454933233,8.403357478858991,12.245867994693842,0,0,46.7,king+tour,1,31,8.420249635235052,0.1999407559633255,0.0,0.0
37.06,-17.749872111736952,-16.108990845212865,9.587952091428182,0.4877515590684485,8.437090113772115,8.40295209142812,12.243041451550306,0,1,46.7,king+tour,1,31,8.415391140124456,0.199957937002182,0.0,0.0
37.08,-17.75966032342051,-16.106446786584087,9.58764270587553,0.5059077032645485,8.436264077089602,8.402642705875467,12.24018664540084,0,1,46.7,king+tour,1,31,8.410327066777828,0.19995945692062378,0.0,0.0
37.1,-17.7697401415975,-16.103679750402335,9.587504893777393,0.5226811070975028,8.435281064676523,8.40250489377733,12.238751874062572,0,1,46.7,king+tour,1,31,8.404979746143498,0.19991812109947205,0.0,0.0
37.12,-17.780009932991113,-16.10056512712958,9.587533615573815,0.5365871745139446,8.434001836961704,8.402533615573752,12.236171559112929,0,1,46.7,king+tour,1,31,8.399256590704084,0.1999361664056778,0.0,0.0
37.14,-17.79040566158488,-16.097049675988824,9.587704489688033,0.5487685479353468,8.432363659512676,8.40270448968797,12.234698718786687,0,1,46.7,king+tour,1,31,8.393123411209135,0.19995318353176117,0.0,0.0
37.16,-17.80083572715602,-16.093019608249808,9.587954798229923,0.5592190272277602,8.430239066474648,8.40295479822986,12.23453838675054,0,1,46.7,king+tour,1,31,8.386494492842004,0.19994239509105682,0.0,0.0
37.18,-17.811244721302394,-16.088427005727553,9.58826633224084,0.5690698781930305,8.427571514321956,8.403266332240777,12.232221380275842,0,1,46.7,king+tour,1,31,8.379337748116459,0.1999659687280655,0.0,0.0
37.2,-17.821550141751953,-16.083249092540537,9.588592721754692,0.5768860496865462,8.424324087032135,8.40359272175463,12.231642508793442,0,1,46.7,king+tour,1,31,8.371652147393508,0.19997695088386536,0.0,0.0
37.22,-17.831732476184204,-16.077432477700253,9.58891324105851,0.5865485387300968,8.420440771028284,8.403913241058447,12.230389607605018,0,1,46.7,king+tour,1,31,8.363390430121095,0.19996584951877594,0.0,0.0
37.24,-17.841727214991028,-16.070957389691134,9.589218890548795,0.5956403909939247,8.415890355894621,8.404218890548732,12.230011132314479,0,1,46.7,king+tour,1,31,8.354549335584794,0.199978306889534,0.0,0.0
37.26,-17.851512256345266,-16.063833635807917,9.589503277110133,0.6053424225367445,8.41067819128238,8.40450327711007,12.227277380691726,0,1,46.8,king+tour,1,31,8.345143047942422,0.2199215292930603,0.0,0.0
37.28,-17.861032212867975,-16.056080390086073,9.58973712943992,0.613997309297299,8.40481256186308,8.404737129439857,12.224383095419684,0,1,46.8,king+tour,1,31,8.33520332360992,0.24185019731521606,0.0,0.0
37.3,-17.870290371798,-16.04768408149984,9.589957187631168,0.6250198601972572,8.398280218795213,8.404957187631105,12.219615158231553,0,1,46.8,king+tour,1,31,8.324715140837084,0.26503318548202515,0.0,0.0
37.32,-17.87932780508133,-16.038625555625867,9.590183651354023,0.6398893989937523,8.39106955226671,8.40518365135396,12.215903442820641,0,1,46.8,king+tour,1,31,8.313648500018656,0.2886457145214081,0.0,0.0
37.34,-17.888173485375408,-16.028866672240742,9.590428727413007,0.6586765652886999,8.383148255761474,8.405428727412945,12.208923381479977,0,1,46.9,king+tour,1,31,8.301958279134483,0.31235459446907043,0.0,0.0
37.36,-17.896898266521422,-16.018408353811644,9.590678395082374,0.681103083892881,8.374530514580691,8.405678395082312,12.203838706111528,0,1,46.9,king+tour,1,31,8.289626615827578,0.3360746204853058,0.0,0.0
37.38,-17.905553325845723,-16.007179222716907,9.590909667176433,0.7089727142694845,8.365156142489466,8.40590966717637,12.195863445158428,0,1,46.9,king+tour,1,31,8.276570906817946,0.3598111569881439,0.0,0.0
37.4,-17.914208138792063,-15.995166176508176,9.591156955108293,0.740405661901734,8.35502599462468,8.40615695510823,12.189490247699986,0,1,47.0,king+tour,1,31,8.26276042725805,0.383605033159256,0.0,0.0
37.42,-17.922960070556343,-15.98231649142337,9.591432806096496,0.7774747747563937,8.344107839615095,8.406432806096433,12.180627072319313,0,1,47.0,king+tour,1,31,8.248119266702734,0.40739375352859497,0.0,0.0
37.44,-17.931863275283465,-15.968621709820905,9.591719136003677,0.8168477250505025,8.332405024622735,8.406719136003614,12.171473665035778,0,1,47.0,king+tour,1,31,8.232625429736876,0.43113788962364197,0.0,0.0
37.46,-17.941042967166446,-15.954043735503316,9.592063440317688,0.8615431267954526,8.319906142092124,8.407063440317625,12.160767815962137,0,1,47.1,king+tour,1,31,8.216210550451729,0.45487216114997864,0.0,0.0
37.48,-17.950577804586523,-15.938530825599381,9.592461725469315,0.9106620248161185,8.306578013700845,8.407461725469252,12.151701959276132,0,1,47.1,king+tour,1,31,8.198804974143792,0.47863495349884033,0.0,0.0
37.5,-17.9605848065536,-15.922070282585986,9.592815334055306,0.9633465156643354,8.292434011388755,8.407815334055243,12.140124425465435,0,1,47.2,king+tour,1,31,8.18036746689854,0.5006698369979858,0.0,0.0
37.52,-17.971122544287233,-15.90462990100937,9.593182010205206,1.0190010763974913,8.277457549649432,8.408182010205143,12.129731895649382,0,1,47.2,king+tour,1,31,8.160852749696621,0.5241872072219849,0.0,0.0
37.54,-17.982316037447806,-15.886169059741562,9.593587936372568,1.0796547196955506,8.261637918937659,8.408587936372506,12.11682069937751,0,1,47.3,king+tour,1,31,8.140191091833497,0.5426401495933533,0.0,0.0
37.56,-17.994213672737573,-15.86666695491099,9.594007743049545,1.142433866747778,8.244969332185484,8.409007743049482,12.105487358207181,0,1,47.3,king+tour,1,31,8.11835129629911,0.5658448934555054,0.0,0.0
37.58,-18.006955265834957,-15.846047468619993,9.594537954646261,1.2122216524848168,8.227411510071047,8.409537954646199,12.093033624829408,0,1,47.4,king+tour,1,31,8.095226259482882,0.5828710794448853,0.0,0.0
37.6,-18.02057620288178,-15.824287663507635,9.595156693235886,1.2839410831533902,8.208956053508459,8.410156693235823,12.081160449764319,0,1,47.5,king+tour,1,31,8.07078657938095,0.6059163808822632,0.0,0.0
37.62,-18.03514755372897,-15.801407270632653,9.59580594301355,1.3567038815629067,8.18964465839187,8.410805943013488,12.067481182928676,0,1,47.5,king+tour,1,31,8.0450357698333,0.6245598196983337,0.0,0.0
37.64,-18.050689665327837,-15.777402034047528,9.596459512444023,1.4302410369060297,8.169485941911152,8.41145951244396,12.055350648387972,0,1,47.6,king+tour,1,31,8.01796689816479,0.6477274298667908,0.0,0.0
37.66,-18.067238833881667,-15.752277630204674,9.597043782019055,1.5045364894363658,8.148502496650929,8.412043782018992,12.040761136587207,0,1,47.7,king+tour,1,31,7.989579099115728,0.6689985394477844,0.0,0.0
37.68,-18.084727732701786,-15.72608274936192,9.597407550160751,1.5749330871240619,8.126737244721575,8.412407550160689,12.02561113465029,0,1,47.8,king+tour,1,32,8.7394138991291,0.6596729755401611,0.0,0.0
37.7,-18.103165469956902,-15.698844383638601,9.59742478528729,1.6445964698183562,8.104228690775443,8.412424785287227,12.011713221609769,0,1,47.8,king+tour,1,32,8.723999754546666,0.644814133644104,0.0,0.0
37.72,-18.1225115110973,-15.670582645978662,9.59703786578024,1.7125600938873473,8.080998159390406,8.412037865780178,11.998151273501255,0,1,47.9,king+tour,1,32,8.708211026836612,0.6258987188339233,0.0,0.0
37.74,-18.14267754380475,-15.641307431715312,9.59628003934537,1.7778367094789425,8.0570462260584,8.411280039345307,11.985863377991585,0,1,48.0,king+tour,1,32,8.692028330483732,0.6045689582824707,0.0,0.0
37.76,-18.163589775180608,-15.611082563381528,9.595229889329621,1.838455127251881,8.032428726792116,8.410229889329559,11.973304289194264,0,1,48.1,king+tour,1,32,8.67548601535377,0.5822750329971313,0.0,0.0
37.78,-18.18510619637024,-15.579983122895154,9.593997108960053,1.8918584294382328,8.007195791148035,8.40899710895999,11.960597558036795,0,1,48.2,king+tour,1,32,8.658594459741831,0.5597934722900391,0.0,0.0
37.8,-18.207112621417114,-15.548141283117204,9.592695654326551,1.9364137522437306,7.981457870585229,8.407695654326488,11.948437976469593,0,0,48.3,king+tour,1,32,8.641425428665423,0.5373011231422424,0.0,0.0
37.82,-18.22945168416803,-15.515660358572754,9.591433485348759,1.9720783797684758,7.955285255480336,8.406433485348696,11.93508529229437,0,0,48.4,king+tour,1,32,8.62400209729414,0.5149158835411072,0.0,0.0
37.84,-18.25196078181818,-15.482713790076575,9.590311997537253,1.995866721257205,7.928812546448016,8.40531199753719,11.922806304298705,0,0,48.4,king+tour,1,32,8.606403206585316,0.4926576614379883,0.0,0.0
37.86,-18.274453780414124,-15.449413072410744,9.589408969421342,2.009781233539312,7.902105629260122,8.40440896942128,11.909731356434795,0,0,48.5,king+tour,1,32,8.5886384394909,0.4705882668495178,0.0,0.0
37.88,-18.29676733163904,-15.41595842504956,9.588785746545014,2.0109055205812414,7.875318911850924,8.403785746544951,11.897968519811617,0,0,48.6,king+tour,1,32,8.570802113239111,0.4487259089946747,0.0,0.0
37.9,-18.318715107727005,-15.382483992129252,9.588480874077545,2.001459143828038,7.848533902090139,8.403480874077482,11.885141225874895,0,0,48.7,king+tour,1,32,8.552915881484754,0.42712053656578064,0.0,0.0
37.92,-18.34013949322835,-15.34921225523956,9.588520155568304,1.9786449358099711,7.8219216418499,8.403520155568241,11.87367466062746,0,0,48.8,king+tour,1,32,8.535088259253316,0.40580904483795166,0.0,0.0
37.94,-18.360859317557896,-15.316297249737735,9.588925220352772,1.9447832687166793,7.795577833871783,8.40392522035271,11.86177201948847,0,0,48.9,king+tour,1,32,8.517352841936951,0.38488754630088806,0.0,0.0
37.96,-18.38071739195912,-15.283972133044438,9.58967569049038,1.897247673333173,7.7696777675032385,8.404675690490317,11.84833615208798,0,0,49.0,king+tour,1,32,8.499819698274845,0.36438390612602234,0.0,0.0
37.98,-18.39954185267093,-15.25239296105968,9.590701241692202,1.8389237202782591,7.744315675594511,8.405701241692139,11.836486125571724,0,0,49.1,king+tour,1,32,8.482521569382016,0.34440407156944275,0.0,0.0
38.0,-18.41722873898087,-15.221703903113527,9.59199332821275,1.7722257986355183,7.719590393499108,8.406993328212687,11.824435768686843,0,0,49.2,king+tour,1,32,8.465513392389365,0.32504838705062866,0.0,0.0
38.02,-18.43361713488289,-15.19207849730951,9.593484018429596,1.694451494301754,7.695611863322211,8.408484018429533,11.810158567979327,0,0,49.3,king+tour,1,32,8.448843353393942,0.3064141869544983,0.0,0.0
38.04,-18.448635072336273,-15.163654335085088,9.595102591707787,1.6094185463785131,7.672478470579842,8.410102591707725,11.799145645274534,0,0,49.4,king+tour,1,32,8.432573595255706,0.28864169120788574,0.0,0.0
38.06,-18.462198020949778,-15.1365124875893,9.59681097876761,1.5194999563370644,7.650230387893827,8.411810978767548,11.785904641773385,0,0,49.5,king+tour,1,32,8.416710857792737,0.27188172936439514,0.0,0.0
38.08,-18.474273712638425,-15.110798791697805,9.59853976255181,1.4230294968236663,7.628984570227853,8.413539762551748,11.774925700888565,0,0,49.6,king+tour,1,32,8.401344220517228,0.25631171464920044,0.0,0.0
38.1,-18.484815735176014,-15.086596465014848,9.600237876895864,1.322658731851402,7.608794299832429,8.415237876895802,11.761545800277363,0,0,49.6,king+tour,1,32,8.386502348204722,0.2421209067106247,0.0,0.0
38.12,-18.49384243953596,-15.064001474496537,9.601849616827762,1.219234076923421,7.589744335197508,8.4168496168277,11.751293500651164,0,0,49.7,king+tour,1,32,8.372259951952266,0.22952711582183838,0.0,0.0
38.14,-18.501333849595277,-15.043032913924367,9.603314767018317,1.115737897342464,7.571835957881163,8.418314767018254,11.740165499586853,0,0,49.8,king+tour,1,32,8.358607482836732,0.21879182755947113,0.0,0.0
38.16,-18.507321525895758,-15.023770932611956,9.604570984997036,1.0105125867214977,7.555145043617112,8.419570984996973,11.727800597677305,0,0,49.9,king+tour,1,32,8.345615942014579,0.21010716259479523,0.0,0.0
38.18,-18.511892373129246,-15.006254792009983,9.605607242280335,0.9066168639193755,7.539725979338207,8.420607242280273,11.715948365161728,0,0,49.9,king+tour,1,32,8.333353406478373,0.20367297530174255,0.0,0.0
38.2,-18.51508091896403,-14.990459095086205,9.606415329781726,0.8067277596225793,7.525557664651294,8.421415329781663,11.704943521568582,0,0,50.0,king+tour,1,32,8.32180713936982,0.19950319826602936,0.0,0.0
38.22,-18.516973223584497,-14.97635542230707,9.606984628025224,0.7120718066452386,7.512632723649294,8.421984628025161,11.692355243809162,0,0,50.0,king+tour,1,32,8.310991642453539,0.19771435856819153,0.0,0.0
38.24,-18.51760764419547,-14.963887305736192,9.607269895515328,0.6243752835385613,7.500904406186079,8.422269895515266,11.682740887950805,0,0,50.1,king+tour,1,32,8.300873763278599,0.19780178368091583,0.0,0.0
38.26,-18.517040360168977,-14.952950456191166,9.60725541892225,0.5475780736776241,7.490286781124335,8.422255418922187,11.67196099545225,0,0,50.1,king+tour,1,32,8.291391539521241,0.19883032143115997,0.0,0.0
38.28,-18.515294662701226,-14.943504260134723,9.606919995479517,0.4806001156668902,7.480746209116022,8.421919995479454,11.661967731444356,0,0,50.1,king+tour,1,32,8.282519984976025,0.1996079385280609,0.0,0.0
38.3,-18.51242069846298,-14.9354649098811,9.606297284235268,0.4280145798827428,7.472216719507812,8.421297284235205,11.65078732624543,0,0,50.2,king+tour,1,32,8.274213804109074,0.19998495280742645,0.0,0.0
38.32,-18.50841567536868,-14.9287819818845,9.605495723460146,0.39161280708691215,7.464649532420884,8.420495723460084,11.642134178416269,0,0,50.2,king+tour,1,32,8.26642798640364,0.20006680488586426,0.0,0.0
38.34,-18.503343676018364,-14.923301007718708,9.604525134509203,0.3765245613748029,7.4579170134769175,8.41952513450914,11.63256598854414,0,0,50.2,king+tour,1,32,8.25906781106763,0.2000402957201004,0.0,0.0
38.36,-18.497266451712377,-14.918945577918207,9.603505125911134,0.3773024037575367,7.451966071825054,8.418505125911071,11.624030862752694,0,0,50.2,king+tour,1,32,8.252103577142712,0.20001474022865295,0.0,0.0
38.38,-18.49022730965657,-14.915576459607843,9.602521455630642,0.3932813442427459,7.4466786548230415,8.41752145563058,11.616720459923876,0,0,50.3,king+tour,1,32,8.245443533313889,0.19999262690544128,0.0,0.0
38.4,-18.482336343053078,-14.913044900570132,9.601601829482654,0.4168988407004146,7.44194750103257,8.416601829482591,11.608157939533017,0,0,50.3,king+tour,1,32,8.239024753546571,0.1999913603067398,0.0,0.0
38.42,-18.473650855801154,-14.911233028095578,9.600769438233227,0.44557111065315136,7.437679466001599,8.415769438233164,11.601689601627886,0,0,50.3,king+tour,1,32,8.2327816652848,0.1999785602092743,0.0,0.0
38.44,-18.46425643656896,-14.909950340844487,9.600033959897914,0.47550322731828365,7.433720148482022,8.415033959897851,11.594853142045844,0,0,50.3,king+tour,1,32,8.226603141296183,0.19997979700565338,0.0,0.0
38.46,-18.45422423004142,-14.9090669970966,9.5994109106014,0.5045137619878817,7.429968722471638,8.414410910601337,11.589670876935717,0,0,50.3,king+tour,1,32,8.220420929724797,0.19997645914554596,0.0,0.0
38.48,-18.44366479645001,-14.908406276251695,9.598891842114854,0.5296404957610514,7.426290516162349,8.413891842114792,11.583897381108725,0,0,50.3,king+tour,1,32,8.21414840996697,0.19997915625572205,0.0,0.0
38.5,-18.432652656442723,-14.907854484254143,9.598475406827138,0.5516908561355953,7.422600244053131,8.413475406827075,11.579832820598115,0,0,50.3,king+tour,1,32,8.207731912550434,0.1999875009059906,0.0,0.0
38.52,-18.421297045436376,-14.907253065259212,9.598156217398703,0.5688002461896966,7.418779039244623,8.41315621739864,11.57415146508179,0,1,50.4,king+tour,1,32,8.201098247888341,0.19997993111610413,0.0,0.0
38.54,-18.409679040370328,-14.906507370393674,9.59791321362094,0.5822223659891174,7.414760524247331,8.412913213620877,11.570216606648886,0,1,50.4,king+tour,1,32,8.194212182777765,0.19995655119419098,0.0,0.0
38.56,-18.39785658081338,-14.905482326407357,9.597716172084342,0.5934224686442512,7.4104324239726775,8.412716172084279,11.5671886816082,0,1,50.4,king+tour,1,32,8.186991429440237,0.19997148215770721,0.0,0.0
38.58,-18.385890473991054,-14.904090721156841,9.597559245466561,0.6023887939278473,7.405728659937226,8.412559245466499,11.562681279182325,0,1,50.4,king+tour,1,32,8.17939508373385,0.19998088479042053,0.0,0.0
38.6,-18.37385501835776,-14.90228440696337,9.597426099363963,0.6085488705748477,7.400623943021643,8.4124260993639,11.559360537095689,0,1,50.4,king+tour,1,32,8.171422015550476,0.19996920228004456,0.0,0.0
38.62,-18.361789338944725,-14.899973825220743,9.597292335176636,0.6142827128963351,7.39504292877169,8.412292335176573,11.556063763476404,0,1,50.4,king+tour,1,32,8.163016907128346,0.19998084008693695,0.0,0.0
38.64,-18.349725287095215,-14.897130849281615,9.597167678171648,0.6197568042930758,7.388966936613347,8.412167678171585,11.552963737703434,0,1,50.5,king+tour,1,32,8.154172185164333,0.19997979700565338,0.0,0.0
38.66,-18.337736070984285,-14.893700465732296,9.597053613729477,0.6235419892577236,7.382362603822168,8.412053613729414,11.5490472691836,0,1,50.5,king+tour,1,32,8.144879393383052,0.19997543096542358,0.0,0.0
38.68,-18.325865031659582,-14.88967799735757,9.596943179232063,0.6267256621771432,7.375236333973228,8.411943179232,11.545976708031239,0,1,50.5,king+tour,1,32,8.135156493848669,0.1999691128730774,0.0,0.0
38.7,-18.314123871775305,-14.885034830886623,9.596839834177114,0.6313170964450255,7.367562669467779,8.411839834177052,11.54181221162715,0,1,50.5,king+tour,1,32,8.12498427097207,0.1999780237674713,0.0,0.0
38.72,-18.302531369071385,-14.879800603212145,9.596752522218031,0.635985223230123,7.359374070111704,8.411752522217968,11.538606256036642,0,0,50.6,king+tour,1,32,8.114396620932544,0.19997702538967133,0.0,0.0
38.74,-18.291123517806565,-14.873943882968954,9.596690322495718,0.6411788192320271,7.3506488282178655,8.411690322495655,11.534268717835966,0,0,50.6,king+tour,1,32,8.103384820633837,0.1999714970588684,0.0,0.0
38.76,-18.27992538228169,-14.867510736661478,9.596650880597627,0.6457266571665712,7.341436767806316,8.411650880597564,11.530429526433966,0,0,50.6,king+tour,1,32,8.092000061545955,0.19996494054794312,0.0,0.0
38.78,-18.26891433811281,-14.860517040613558,9.59664958303339,0.6522171413405256,7.331745851694227,8.411649583033327,11.526297690037135,0,0,50.7,king+tour,1,32,8.080242798993986,0.19997365772724152,0.0,0.0
38.8,-18.258113554766926,-14.853006267235918,9.596693493200238,0.6577814335282295,7.3216230161270675,8.411693493200175,11.520393522243149,0,0,50.7,king+tour,1,32,8.06816124926024,0.21996566653251648,0.0,0.0
38.82,-18.247487496239334,-14.845032933207538,9.596775818256106,0.6642551331655729,7.3111102547774545,8.411775818256043,11.514989283303436,0,0,50.8,king+tour,1,32,8.05578214001628,0.24191787838935852,0.0,0.0
38.84,-18.237027558658212,-14.836599089466564,9.596910984801061,0.6718598894915545,7.300206338405679,8.411910984800999,11.506894952287436,0,0,50.8,king+tour,1,32,8.04310199132923,0.2651086747646332,0.0,0.0
38.86,-18.226689575121526,-14.827746679761582,9.597091773414157,0.6805728207037687,7.288939221690377,8.412091773414094,11.500784307794396,0,0,50.8,king+tour,1,32,8.030132594636049,0.28871482610702515,0.0,0.0
38.88,-18.216422957665173,-14.818451870904358,9.59730847848469,0.6925385671120073,7.277271950805865,8.412308478484627,11.491970035863845,0,0,50.9,king+tour,1,32,8.016826583740293,0.3124444782733917,0.0,0.0
38.9,-18.206170013441373,-14.808756785644194,9.597541070866095,0.7056409190836546,7.265229565295977,8.412541070866032,11.482245079789191,0,0,50.9,king+tour,1,32,8.003189061119901,0.3361419439315796,0.0,0.0
38.92,-18.195863907145984,-14.798636020098595,9.597801869696285,0.7223464166012662,7.252769806238386,8.412801869696223,11.472858555651356,0,0,51.0,king+tour,1,32,7.989163013800159,0.320250004529953,0.0,0.0
38.94,-18.18536454548448,-14.788072395956027,9.598042068305482,0.744789308624262,7.239839583667997,8.413042068305419,11.46421461636666,0,0,51.0,king+tour,1,33,8.973467460761702,0.3047056794166565,0.0,0.0
38.96,-18.17460194691927,-14.777051009339033,9.598198016128046,0.7702739943688945,7.2264066682768675,8.413198016127984,11.45636806768393,0,0,51.1,king+tour,1,33,8.964859311374065,0.2878758907318115,0.0,0.0
38.98,-18.16351852943405,-14.765608634245636,9.598248186383579,0.7965120965563307,7.212492236523506,8.413248186383516,11.449895903543911,0,0,51.1,king+tour,1,33,8.955923119393875,0.27142056822776794,0.0,0.0
39.0,-18.152121562457623,-14.753779053857201,9.59819515125647,0.82132916841083,7.1981315033290985,8.413195151256406,11.442262499309752,0,0,51.2,king+tour,1,33,8.946692262712691,0.25596821308135986,0.0,0.0
39.02,-18.140486619918654,-14.741596027100867,9.598065995505891,0.8423400590594635,7.183377131840217,8.413065995505828,11.43637755606828,0,0,51.3,king+tour,1,33,8.937185860869585,0.24179978668689728,0.0,0.0
39.04,-18.12866349823974,-14.729099553530272,9.5978944386899,0.8601998164324168,7.168280995939618,8.412894438689838,11.428219361124233,0,0,51.3,king+tour,1,33,8.927434083669434,0.22920982539653778,0.0,0.0
39.06,-18.116775581991522,-14.716334525711389,9.597715146852163,0.8722107450389196,7.1529181641688115,8.4127151468521,11.42193202879146,0,0,51.4,king+tour,1,33,8.917456014620523,0.2184472382068634,0.0,0.0
39.08,-18.104909233305122,-14.703314888373104,9.597608203153088,0.8808130115445798,7.137323934105206,8.412608203153026,11.4154433344707,0,0,51.4,king+tour,1,33,8.907247558038854,0.20980165898799896,0.0,0.0
39.1,-18.093229978976186,-14.69006258735501,9.597644890727455,0.8832182770021263,7.121560845226363,8.412644890727393,11.40900101193006,0,0,51.5,king+tour,1,33,8.896794910821672,0.20346492528915405,0.0,0.0
39.12,-18.081869545589115,-14.67664505447787,9.597887633214377,0.8791310470660054,7.105726357005562,8.412887633214314,11.402938843823385,0,0,51.6,king+tour,1,33,8.886134921411772,0.19969427585601807,0.0,0.0
39.14,-18.07099606325296,-14.663090916333175,9.598379006426267,0.869178817323362,7.089888963765894,8.413379006426204,11.39560073503623,0,0,51.6,king+tour,1,33,8.87525776598291,0.19841407239437103,0.0,0.0
39.16,-18.060740069317816,-14.649486263001187,9.599110335641807,0.8526529867167817,7.074162956293913,8.414110335641745,11.389908500994508,0,0,51.7,king+tour,1,33,8.864216924951448,0.198850616812706,0.0,0.0
39.18,-18.051238647793372,-14.635845229301102,9.600053587326212,0.8325330851266031,7.058594258628092,8.415053587326149,11.38331851021052,0,0,51.8,king+tour,1,33,8.852993484256995,0.19942328333854675,0.0,0.0
39.2,-18.042628983982613,-14.622264055618754,9.601221741185634,0.8061314609970107,7.043308156547546,8.416221741185572,11.375118917067075,0,0,51.8,king+tour,1,33,8.841647965122796,0.1997564733028412,0.0,0.0
39.22,-18.03504249700436,-14.608767898768281,9.602543243088196,0.7769288926314926,7.028359573527945,8.417543243088133,11.369696639555558,0,0,51.9,king+tour,1,33,8.830172292964736,0.19994232058525085,0.0,0.0
39.24,-18.028540487352064,-14.595373768623539,9.603975569471876,0.7478810244989514,7.013778396221656,8.418975569471813,11.361933672018726,0,0,51.9,king+tour,1,33,8.818565803595936,0.20001766085624695,0.0,0.0
39.26,-18.023175357827345,-14.58215683135658,9.605436374188152,0.7169483871849507,6.999649035129945,8.420436374188089,11.356406037783138,0,0,52.0,king+tour,1,33,8.806886597651944,0.2000177651643753,0.0,0.0
39.28,-18.01901486542793,-14.569121356815481,9.606865624786174,0.687888164582596,6.985991355438821,8.421865624786111,11.349196590014518,0,0,52.1,king+tour,1,33,8.79512040458951,0.2000071108341217,0.0,0.0
39.3,-18.01610017781425,-14.556325411049722,9.608215456532031,0.6596470224061322,6.972871341841941,8.423215456531969,11.34188390891711,0,0,52.1,king+tour,1,33,8.783311621720127,0.19997386634349823,0.0,0.0
39.32,-18.0143875235048,-14.543805441262322,9.609400247359996,0.6345993964051514,6.960313741108474,8.424400247359934,11.333930454714917,0,0,52.2,king+tour,1,33,8.771503196428595,0.19994458556175232,0.0,0.0
39.34,-18.01385115536656,-14.531566654474647,9.610394092079119,0.6145390958669804,6.9483179426549535,8.425394092079056,11.328312321444244,0,0,52.2,king+tour,1,33,8.759704150984922,0.19993776082992554,0.0,0.0
39.36,-18.01442808635291,-14.51962410706331,9.611212801820818,0.5992236095069301,6.936884184593857,8.426212801820755,11.321043412382007,0,0,52.3,king+tour,1,33,8.74794208656633,0.19995181262493134,0.0,0.0
39.38,-18.01612804064252,-14.508018642193377,9.611874146488212,0.5873968764878731,6.926055975878952,8.42687414648815,11.312997757595403,0,0,52.3,king+tour,1,33,8.736253726113667,0.19994567334651947,0.0,0.0
39.4,-18.01888376347489,-14.496763066339152,9.612358493779505,0.5799064330511443,6.915831047023656,8.427358493779442,11.306003106182457,0,0,52.4,king+tour,1,33,8.724666420450042,0.19993972778320312,0.0,0.0
39.42,-18.022571833653494,-14.485844695152796,9.612695597596097,0.5764684076090956,6.9061686752495755,8.427695597596035,11.29805290292221,0,0,52.4,king+tour,1,33,8.71319587426527,0.1999426633119583,0.0,0.0
39.44,-18.027134106529793,-14.47527122022275,9.612930740855155,0.5759079749543342,6.89706406184602,8.427930740855093,11.291416279045677,0,0,52.4,king+tour,1,33,8.701863139003853,0.1999625414609909,0.0,0.0
39.46,-18.03244405768302,-14.465018627730991,9.613116703920415,0.5773772950015728,6.8884646171957264,8.428116703920352,11.283698470387135,0,0,52.5,king+tour,1,33,8.690674125404746,0.19995750486850739,0.0,0.0
39.48,-18.03843515912669,-14.455085608085685,9.613300933720554,0.580069212253236,6.880354517944154,8.428300933720491,11.27750023765588,0,0,52.5,king+tour,1,33,8.679643383515709,0.19996726512908936,0.0,0.0
39.5,-18.044965580782,-14.445426835774775,9.61343368648835,0.5830006707705279,6.872656163335441,8.428433686488287,11.270033928046551,0,0,52.5,king+tour,1,33,8.668759658610439,0.19992876052856445,0.0,0.0
39.52,-18.051963818988497,-14.436026273773683,9.613509671846783,0.585985660460103,6.865337630478605,8.42850967184672,11.264114121414693,0,0,52.6,king+tour,1,33,8.658024269677798,0.19994166493415833,0.0,0.0
39.54,-18.05931189000582,-14.426829206829426,9.613535596500318,0.5886018606418951,6.858317453314809,8.428535596500256,11.2570600213613,0,0,52.6,king+tour,1,33,8.647411220784301,0.1999463140964508,0.0,0.0
39.56,-18.066952809198845,-14.417809202829348,9.613536984339884,0.5910670862979749,6.851556668499812,8.428536984339821,11.251632884964696,0,0,52.6,king+tour,1,33,8.636908197792929,0.19996462762355804,0.0,0.0
39.58,-18.074775614056705,-14.408908796959695,9.613524530010418,0.5924813406323558,6.8449721455278505,8.428524530010355,11.245979597731067,0,0,52.6,king+tour,1,33,8.626484573209233,0.19996142387390137,0.0,0.0
39.6,-18.082727712116277,-14.400100143075642,9.61351173617871,0.5933557332667612,6.838523999996904,8.428511736178647,11.241958870852123,0,0,52.7,king+tour,1,33,8.616125314756415,0.1999719887971878,0.0,0.0
39.62,-18.090756326260326,-14.391343593797684,9.613506818069897,0.5940029977178897,6.832160660065985,8.428506818069835,11.236162825239226,0,0,52.7,king+tour,1,33,8.605803780872789,0.19996453821659088,0.0,0.0
39.64,-18.098840915898258,-14.382636370330896,9.613519836941132,0.5940885868397789,6.825874357552926,8.428519836941069,11.232118020687446,0,0,52.7,king+tour,1,33,8.595521995798563,0.19997315108776093,0.0,0.0
39.66,-18.106899727772046,-14.373933597826714,9.613549962435963,0.5930505999113487,6.819600449530474,8.4285499624359,11.22641833652787,0,0,52.8,king+tour,1,33,8.585254366733732,0.19999243319034576,0.0,0.0
39.68,-18.114907074608457,-14.365225212393671,9.613581374101019,0.5915119755797695,6.813322340831526,8.428581374100956,11.222607733789525,0,0,52.8,king+tour,1,33,8.574996687546182,0.19999824464321136,0.0,0.0
39.7,-18.122845391443715,-14.356452321996015,9.613612522796622,0.5915687837171778,6.806978416068179,8.42861252279656,11.21783089331996,0,0,52.8,king+tour,1,33,8.564695256354232,0.19999809563159943,0.0,0.0
39.72,-18.1306728793024,-14.347611003085508,9.613631032601026,0.5904210973280057,6.800553507058641,8.428631032600963,11.21493045687794,0,0,52.8,king+tour,1,33,8.55435522660883,0.19999806582927704,0.0,0.0
39.74,-18.138391389439903,-14.338665991995502,9.61364994375527,0.5907389012391069,6.794013809648305,8.428649943755207,11.210282379255247,0,0,52.9,king+tour,1,33,8.543941546205348,0.19999217987060547,0.0,0.0
39.76,-18.145958712695162,-14.329639935601968,9.613660248505905,0.58892737552425,6.787369390312098,8.428660248505842,11.207497920223327,0,0,52.9,king+tour,1,33,8.53348525233425,0.1999950408935547,0.0,0.0
39.78,-18.1533736669845,-14.320504211664408,9.613677781376534,0.5883096684099485,6.780591896616962,8.428677781376472,11.202913231183997,0,0,52.9,king+tour,1,33,8.522958356704052,0.19998355209827423,0.0,0.0
39.8,-18.160628401573216,-14.311281744210353,9.613685636679637,0.5866965604117728,6.773700772056344,8.428685636679575,11.200257846114168,0,0,52.9,king+tour,1,33,8.512384631156149,0.1999773234128952,0.0,0.0
39.82,-18.167757511461563,-14.301945650333495,9.613692017402528,0.5873391213584729,6.766679178440523,8.428692017402465,11.195783032628567,0,0,53.0,king+tour,1,33,8.501730066162814,0.19998250901699066,0.0,0.0
39.84,-18.17474756892553,-14.292525404368181,9.613686372746303,0.5865193288773699,6.759551397507201,8.42868637274624,11.193249985557856,0,0,53.0,king+tour,1,33,8.49102608753706,0.19998371601104736,0.0,0.0
39.86,-18.181629131773285,-14.283002093814444,9.613683258456383,0.5874720436525449,6.752307330516767,8.42868325845632,11.188888830834589,0,0,53.0,king+tour,1,33,8.480247419772022,0.19998496770858765,0.0,0.0
39.88,-18.188382722775536,-14.273411367747187,9.613677884796385,0.5865003128709192,6.744975506470406,8.428677884796322,11.186498493026962,0,0,53.1,king+tour,1,33,8.469432851089058,0.1999911665916443,0.0,0.0
39.9,-18.195034498775954,-14.263741878135766,9.6136904959181,0.5868247445905846,6.737551980455918,8.428690495918037,11.182280945307562,0,0,53.1,king+tour,1,33,8.458565498301933,0.19997791945934296,0.0,0.0
39.92,-18.201558590320403,-14.254035196174014,9.613716064369088,0.5847736718864449,6.730069091382656,8.428716064369025,11.178816044066334,0,0,53.1,king+tour,1,33,8.4476913132364,0.19998659193515778,0.0,0.0
39.94,-18.20797666305989,-14.244287391669948,9.613765355543737,0.5835532965348974,6.722528788754173,8.428765355543675,11.173550547404147,0,0,53.1,king+tour,1,33,8.436801659194439,0.1999818980693817,0.0,0.0
39.96,-18.214274766120983,-14.234506894615665,9.6138131878677,0.5816496211814653,6.714934873306072,8.428813187867638,11.170302616631892,0,0,53.2,king+tour,1,33,8.425907571792203,0.19997668266296387,0.0,0.0
39.98,-18.22048761351445,-14.224659251054856,9.61385954790188,0.5821891996765305,6.70726385239782,8.428859547901817,11.165185062090204,0,0,53.2,king+tour,1,33,8.414967862661017,0.19997945427894592,0.0,0.0
40.0,-18.22659585760505,-14.214759459103066,9.613884045401534,0.5816294496640037,6.6995243439669485,8.428884045401471,11.162121042958518,0,0,53.2,king+tour,1,33,8.40400114369262,0.19998544454574585,0.0,0.0
40.02,-18.232629761546438,-14.204780369111992,9.613894098182024,0.5830744696910795,6.691698765452064,8.428894098181962,11.157150098215059,0,0,53.3,king+tour,1,33,8.392974351511919,0.19998155534267426,0.0,0.0
40.04,-18.238586529681005,-14.19474349734012,9.613876179768667,0.5835713380631821,6.68380675794192,8.428876179768604,11.15422876139477,0,0,53.3,king+tour,1,33,8.381908995009393,0.19997751712799072,0.0,0.0
40.06,-18.244514182513125,-14.1846300096257,9.61383975508287,0.5861335782174298,6.675844057067737,8.428839755082807,11.149398578604139,0,0,53.3,king+tour,1,33,8.3707764783121,0.1999777853488922,0.0,0.0
40.08,-18.2504031863477,-14.174467376872817,9.613777462473424,0.5872890067990122,6.667834178733057,8.428777462473361,11.146613674736338,0,0,53.4,king+tour,1,33,8.359605607078617,0.19998528063297272,0.0,0.0
40.1,-18.2562962957983,-14.164244298504613,9.613707638619731,0.5900104780632489,6.659778786856434,8.428707638619668,11.141928607937798,0,0,53.4,king+tour,1,33,8.348376343559973,0.19998109340667725,0.0,0.0
40.12,-18.262176948123635,-14.153993682756353,9.6136295818735,0.5908961157546672,6.651704589825355,8.428629581873437,11.139362945725232,0,0,53.4,king+tour,1,33,8.337124320655377,0.19995689392089844,0.0,0.0
40.14,-18.268082496492056,-14.143711304973635,9.613563283262422,0.5928895131137758,6.6436186057900875,8.42856328326236,11.134914511211651,0,0,53.5,king+tour,1,33,8.325837618985407,0.19997026026248932,0.0,0.0
40.16,-18.27398873945637,-14.133435344149978,9.61350815857725,0.5926257578222637,6.635550291981232,8.428508158577188,11.132167971017617,0,0,53.5,king+tour,1,33,8.31455863945835,0.19998012483119965,0.0,0.0
40.18,-18.27992693159658,-14.123168427111565,9.613483216750334,0.5930268405865928,6.627511498937031,8.428483216750271,11.127557451697733,0,0,53.5,king+tour,1,33,8.303283486420835,0.19996604323387146,0.0,0.0
40.2,-18.285868785633408,-14.112940187354413,9.613482356430499,0.5914442464529498,6.619522197309528,8.428482356430436,11.124965916245445,0,0,53.6,king+tour,1,33,8.29204705146179,0.19997887313365936,0.0,0.0
40.22,-18.29184292749351,-14.102746360267808,9.613517587986992,0.5907743285273055,6.611586924812395,8.42851758798693,11.120513628765009,0,0,53.6,king+tour,1,33,8.280839278912927,0.19997724890708923,0.0,0.0
40.24,-18.297815280110967,-14.092614894004608,9.613577181990518,0.5880458227784138,6.603722175930491,8.428577181990455,11.117474197984642,0,0,53.6,king+tour,1,33,8.269694591899324,0.19997738301753998,0.0,0.0
40.26,-18.303809785122212,-14.082541678039664,9.613669542815053,0.586114964678699,6.595931242821096,8.42866954281499,11.112566791841614,0,0,53.7,king+tour,1,33,8.258604072256727,0.19996824860572815,0.0,0.0
40.28,-18.309798232000954,-14.072536174198534,9.613776231791498,0.583058714179121,6.588214616376699,8.428776231791435,11.109913128560805,0,0,53.7,king+tour,1,33,8.247582815606703,0.19997833669185638,0.0,0.0
40.3,-18.315811288322884,-14.062577879839338,9.613898808390516,0.5816775264219256,6.580562072967846,8.428898808390453,11.1053652585649,0,0,53.7,king+tour,1,33,8.236604499732595,0.1999787837266922,0.0,0.0
40.32,-18.321813929756456,-14.052680160297877,9.614022480685739,0.5788174391335902,6.5729756723126975,8.429022480685676,11.103073256532019,0,0,53.8,king+tour,1,33,8.225689408822491,0.19997818768024445,0.0,0.0
40.34,-18.327830614581824,-14.042828362246592,9.614158969229402,0.57722839988536,6.565448929539623,8.42915896922934,11.098862720603156,0,0,53.8,king+tour,1,33,8.214818227939556,0.19996532797813416,0.0,0.0
40.36,-18.333835167160128,-14.033044084373971,9.614297935933227,0.57403409502191,6.557994330544056,8.429297935933164,11.09582643832295,0,0,53.8,king+tour,1,33,8.204017461688387,0.1999763548374176,0.0,0.0
40.38,-18.33986155314768,-14.02332269754845,9.614441539644414,0.571933807158457,6.550617928270123,8.429441539644351,11.090869920096395,0,0,53.9,king+tour,1,33,8.193275704607613,0.1999785304069519,0.0,0.0
40.4,-18.345890206384084,-14.013658982933244,9.614566965595248,0.5695343968498885,6.54330871003354,8.429566965595185,11.088139079434413,0,0,53.9,king+tour,1,33,8.182591857356858,0.19997520744800568,0.0,0.0
40.42,-18.35196239216055,-14.004023881996094,9.614678229901195,0.5694712238532296,6.536051966499087,8.429678229901132,11.083455765813678,0,0,53.9,king+tour,1,33,8.17192916393779,0.2199571430683136,0.0,0.0
40.44,-18.35805208629353,-13.994416061770776,9.614772093707133,0.5687780642072081,6.528838424428587,8.42977209370707,11.07780799540858,0,0,54.0,king+tour,1,33,8.161291633070318,0.24193605780601501,0.0,0.0
40.46,-18.364194418668834,-13.984811981993557,9.614843389244205,0.5700256100157062,6.5216569016813395,8.429843389244143,11.072543319525373,0,0,54.0,king+tour,1,33,8.150649194248398,0.2651088833808899,0.0,0.0
40.48,-18.370405219954513,-13.975126895099127,9.614942936184315,0.5752931217130557,6.514432269903737,8.429942936184252,11.066383694370229,0,0,54.0,king+tour,1,33,8.139915732984276,0.2886728048324585,0.0,0.0
40.5,-18.376733356841857,-13.965323232553335,9.61508299978362,0.5834739359829025,6.507144873175841,8.430082999783558,11.058961014204348,0,0,54.0,king+tour,1,33,8.129044765151919,0.31237131357192993,0.0,0.0
40.52,-18.38321203185497,-13.955298100587239,9.61533611118281,0.5969517699185487,6.499708487226153,8.430336111182747,11.05363131766791,0,0,54.1,king+tour,1,33,8.1179289971732,0.3359304666519165,0.0,0.0
40.54,-18.389927622115533,-13.944953323412621,9.615698774232865,0.6169381894245102,6.4920588126364285,8.430698774232802,11.046268156410868,0,0,54.1,king+tour,1,33,8.106455228596023,0.3597065210342407,0.0,0.0
40.56,-18.39689620832,-13.93421508879118,9.61611015052446,0.6403907145787484,6.484132673227879,8.431110150524397,11.038645377836986,0,0,54.1,king+tour,1,33,8.094548217294182,0.38325589895248413,0.0,0.0
40.58,-18.404206622855195,-13.922983020183759,9.616599595372886,0.6705242019081572,6.475865637275851,8.431599595372823,11.032001458653346,0,0,54.2,king+tour,1,33,8.082092330619552,0.4069939851760864,0.0,0.0
40.6,-18.411912135752843,-13.911129055199666,9.617070280176828,0.7073064382652692,6.467156385129287,8.432070280176765,11.023351111093836,0,0,54.2,king+tour,1,33,8.068951976099093,0.4293072819709778,0.0,0.0
40.62,-18.420098874713194,-13.898577326170122,9.61757587381606,0.7497069783656227,6.457964464423731,8.432575873815997,11.01606663543657,0,0,54.3,king+tour,1,33,8.055036396141936,0.45280301570892334,0.0,0.0
40.64,-18.42882538924549,-13.885202552972315,9.618054335646514,0.7988515814879465,6.448194688420393,8.433054335646451,11.007448769297431,0,0,54.3,king+tour,1,33,8.040211997135442,0.4656250476837158,0.0,0.0
40.66,-18.43816457660045,-13.870954164608774,9.618448085684745,0.8520446445198551,6.437828169348738,8.433448085684683,10.999433904307168,0,0,54.3,king+tour,1,33,8.024415826161917,0.4483250379562378,0.0,0.0
40.68,-18.448185176690696,-13.855703810760506,9.618747343109739,0.9125174980137065,6.426772393046238,8.433747343109676,10.993158962990922,0,0,54.4,king+tour,1,33,8.007509700789605,0.4674716591835022,0.0,0.0
40.7,-18.45896241810958,-13.839407793411603,9.6189095712047,0.9769025437465504,6.41501821124436,8.433909571204637,10.984940507136193,0,0,54.4,king+tour,1,33,7.989437488346802,0.48847559094429016,0.0,0.0
40.72,-18.47047639850573,-13.8220702095793,9.618799441482313,1.0406436545004385,6.402570711911572,8.43379944148225,10.976330577882687,0,0,54.5,king+tour,1,34,9.009436252795439,0.4813216030597687,0.0,0.0
40.74,-18.482765873036616,-13.803691915778414,9.61830408744944,1.1057104536166211,6.389452309928756,8.433304087449377,10.969101988236053,0,0,54.5,king+tour,1,34,8.999599846040217,0.4681572914123535,0.0,0.0
40.76,-18.49581810092128,-13.784268216162411,9.617376059204727,1.1710059734570686,6.375663562876063,8.432376059204664,10.961985086951605,0,0,54.6,king+tour,1,34,8.989283178192116,0.4499368369579315,0.0,0.0
40.78,-18.509568167012695,-13.763787465440787,9.61604673403961,1.2352050164185082,6.361180976274308,8.431046734039548,10.956209138245049,0,0,54.7,king+tour,1,34,8.978452030359673,0.4293026626110077,0.0,0.0
40.8,-18.523955835314002,-13.742284495493621,9.614394211792913,1.2962576378492738,6.34602615836344,8.42939421179285,10.950877226724081,0,0,54.7,king+tour,1,34,8.967114675804728,0.4082750678062439,0.0,0.0
40.82,-18.53885333393801,-13.7198041178278,9.612529585010472,1.3516468457848558,6.330205918303011,8.42752958501041,10.945773906018585,0,0,54.8,king+tour,1,34,8.955253497508112,0.38728225231170654,0.0,0.0
40.84,-18.55414933673291,-13.696465008432606,9.610589853439155,1.3986102811640784,6.313800572502399,8.425589853439092,10.94118399358942,0,0,54.8,king+tour,1,34,8.94292177128327,0.3665322959423065,0.0,0.0
40.86,-18.569679250660098,-13.672370589051226,9.608713272090052,1.4363502614886767,6.296855351942615,8.423713272089989,10.935497554045496,0,0,54.9,king+tour,1,34,8.930130957026986,0.3461962938308716,0.0,0.0
40.88,-18.585295747958984,-13.6477091479904,9.607008463919227,1.461991821097284,6.279498301472161,8.422008463919164,10.930533387233112,0,0,55.0,king+tour,1,34,8.916972149138225,0.32634589076042175,0.0,0.0
40.9,-18.60082639613458,-13.6226042968263,9.605587020232194,1.4777305969637164,6.2617851766492345,8.420587020232132,10.924611720278639,0,0,55.1,king+tour,1,34,8.903465605783147,0.30716556310653687,0.0,0.0
40.92,-18.616087640716554,-13.597251747730049,9.604544623220153,1.4804930964034928,6.2438315849188895,8.41954462322009,10.919922710933925,0,0,55.1,king+tour,1,34,8.889684990209911,0.28879454731941223,0.0,0.0
40.94,-18.63086764762502,-13.571780817401562,9.603960536563264,1.4727169222526186,6.225677363751889,8.418960536563201,10.914269618887495,0,0,55.2,king+tour,1,34,8.875629550436992,0.27147430181503296,0.0,0.0
40.96,-18.644982726703237,-13.546416952127164,9.603881989908528,1.4513504819814171,6.2074584048431065,8.418881989908465,10.908002651420157,0,0,55.3,king+tour,1,34,8.86139229166183,0.25534942746162415,0.0,0.0
40.98,-18.65822886682788,-13.521312246716274,9.604305042570076,1.4194060690335346,6.189231435739473,8.419305042570013,10.902991528351729,0,0,55.4,king+tour,1,34,8.846990114629538,0.24075153470039368,0.0,0.0
41.0,-18.67045883702575,-13.496646466651285,9.605260099163669,1.377393380948324,6.171097277296678,8.420260099163606,10.896302370408199,0,0,55.4,king+tour,1,34,8.832490814844196,0.22792381048202515,0.0,0.0
41.02,-18.68150150387413,-13.472597114275997,9.606696278950144,1.325117403453574,6.153143101315211,8.421696278950082,10.892020789611395,0,0,55.5,king+tour,1,34,8.817945563625447,0.217226043343544,0.0,0.0
41.04,-18.69125859971451,-13.449327793927878,9.608622838157986,1.2652804225575822,6.135469371915476,8.423622838157923,10.886125238424704,0,0,55.6,king+tour,1,34,8.803430685294325,0.20892158150672913,0.0,0.0
41.06,-18.699571459236314,-13.427029914388811,9.610962500207341,1.1955888547837557,6.118177564015436,8.425962500207278,10.880801974341036,0,0,55.7,king+tour,1,34,8.789012757397431,0.20326223969459534,0.0,0.0
41.08,-18.706404042833203,-13.405844547061445,9.613559396820897,1.1205443536797268,6.101369894830331,8.428559396820834,10.873254509107035,0,0,55.8,king+tour,1,34,8.77478047985455,0.20082761347293854,0.0,0.0
41.1,-18.711813005308546,-13.385861881443038,9.616264921057631,1.043891351712757,6.0851390088523045,8.431264921057569,10.867664861974376,0,0,55.9,king+tour,1,34,8.760829728327565,0.20002956688404083,0.0,0.0
41.12,-18.715798585423034,-13.367118982557987,9.618985255692028,0.9677051823610315,6.06950796278073,8.433985255691965,10.861777061657538,0,0,55.9,king+tour,1,34,8.747182312118806,0.19980119168758392,0.0,0.0
41.14,-18.71841193342855,-13.349719051697608,9.621607824318463,0.8894732260504711,6.054582113074304,8.4366078243184,10.854150340957487,0,0,56.0,king+tour,1,34,8.733944201356437,0.19983215630054474,0.0,0.0
41.16,-18.719667319818676,-13.333696956316917,9.624028363852547,0.8126231399187008,6.040390965818333,8.439028363852485,10.84649980049984,0,0,56.1,king+tour,1,34,8.721145031293565,0.19986768066883087,0.0,0.0
41.18,-18.71964985415195,-13.319040351340744,9.626143530549378,0.7404226911576695,6.026950637858116,8.441143530549315,10.836862744195225,0,0,56.1,king+tour,1,34,8.708814294170622,0.199888214468956,0.0,0.0
41.2,-18.718419591789498,-13.30571244950272,9.627895200304891,0.6749349224497009,6.014246575163227,8.442895200304829,10.830026280666848,0,0,56.2,king+tour,1,34,8.696948766032946,0.19987012445926666,0.0,0.0
41.22,-18.71602800904146,-13.293652458390401,9.629278944362637,0.6186230703895119,6.002240332435261,8.444278944362575,10.82093187603367,0,0,56.3,king+tour,1,34,8.685521651912905,0.19989261031150818,0.0,0.0
41.24,-18.71255812737222,-13.28285887098689,9.630310440557551,0.5692222593940153,5.990961800642775,8.445310440557488,10.811205291620787,0,0,56.3,king+tour,1,34,8.674574193502204,0.1998976320028305,0.0,0.0
41.26,-18.708037192615137,-13.27328073198279,9.63103637172909,0.5308167619938776,5.980374391472085,8.446036371729027,10.801883408176755,0,0,56.4,king+tour,1,34,8.664076800979982,0.19991719722747803,0.0,0.0
41.28,-18.702549885522814,-13.264811234277426,9.631498927441765,0.5051160468000625,5.970414473515815,8.446498927441702,10.792163495985776,0,0,56.4,king+tour,1,34,8.653985075993264,0.19989848136901855,0.0,0.0
41.3,-18.696127278392055,-13.25738256800054,9.631720179615254,0.49113113710515016,5.961033468119266,8.446720179615191,10.783571545071965,0,0,56.4,king+tour,1,34,8.64425897073752,0.19990937411785126,0.0,0.0
41.32,-18.68884199044102,-13.250882622420765,9.631769887834386,0.48817820510694737,5.952159568428007,8.446769887834323,10.774408699174462,0,0,56.5,king+tour,1,34,8.634844411768306,0.19990651309490204,0.0,0.0
41.34,-18.68076729461825,-13.245243208246372,9.631710628061416,0.4924612080694492,5.943761926562392,8.446710628061354,10.766158397566747,0,0,56.5,king+tour,1,34,8.62572499057372,0.19993259012699127,0.0,0.0
41.36,-18.672027317524957,-13.240335298817122,9.631606862223812,0.5012123848879554,5.9357744589565575,8.44660686222375,10.757145663508801,0,0,56.6,king+tour,1,34,8.616861058123003,0.19993442296981812,0.0,0.0
41.38,-18.662697686121174,-13.236072653777525,9.631501857672815,0.5128917790816923,5.9281508708110415,8.446501857672752,10.749226342170955,0,0,56.6,king+tour,1,34,8.60822264831171,0.1999559849500656,0.0,0.0
41.4,-18.652888237990737,-13.232307437288128,9.631420450922967,0.5253778518711077,5.920801755531681,8.446420450922904,10.74176016156037,0,0,56.6,king+tour,1,34,8.59974649758269,0.1999538689851761,0.0,0.0
41.42,-18.642659306809744,-13.228941494506127,9.631380970039462,0.538428645823537,5.913663236314781,8.4463809700394,10.735089230508564,0,0,56.7,king+tour,1,34,8.591384089312944,0.19996890425682068,0.0,0.0
41.44,-18.632119026601025,-13.225856793780652,9.631402842404466,0.5491205783897666,5.906671648661985,8.446402842404403,10.72732915732832,0,0,56.7,king+tour,1,34,8.583095774883631,0.19996944069862366,0.0,0.0
41.46,-18.621328857868818,-13.222970835745098,9.631477893031258,0.5584848423392543,5.8997769722292,8.446477893031195,10.720927198600194,0,0,56.7,king+tour,1,34,8.574846243904048,0.19998221099376678,0.0,0.0
41.48,-18.610337939995695,-13.220154916809335,9.631585429141047,0.567320983133448,5.892881377800204,8.446585429140985,10.715952927686413,0,0,56.7,king+tour,1,34,8.566554321527983,0.19997729361057281,0.0,0.0
41.5,-18.599176387911076,-13.217331945749606,9.631736156326475,0.5756998550159257,5.885926613620319,8.446736156326413,10.708810006137314,0,0,56.8,king+tour,1,34,8.558171759333682,0.19998782873153687,0.0,0.0
41.52,-18.58792793467639,-13.214443882220316,9.631914130602441,0.5807329118558859,5.878892453304095,8.446914130602378,10.703557296847938,0,0,56.8,king+tour,1,34,8.549694922246648,0.19999143481254578,0.0,0.0
41.54,-18.576609920916365,-13.211389603941175,9.632114572776185,0.5862299641429011,5.871692651844634,8.447114572776123,10.699283366531773,0,0,56.8,king+tour,1,34,8.541047850706667,0.1999930888414383,0.0,0.0
41.56,-18.565282704565675,-13.208106892174143,9.632332872370391,0.5897662280802262,5.864293091109684,8.447332872370328,10.693343115630405,0,0,56.9,king+tour,1,34,8.532210214335725,0.19999435544013977,0.0,0.0
41.58,-18.553967299673765,-13.20457917736749,9.632570282378957,0.5927468328407981,5.856686214364436,8.447570282378894,10.688761079672988,0,0,56.9,king+tour,1,34,8.523178942710002,0.19999684393405914,0.0,0.0
41.6,-18.5427115916038,-13.200730167846443,9.632808054056119,0.5948999365855594,5.8488193997940705,8.447808054056056,10.684543961989421,0,0,56.9,king+tour,1,34,8.513914702099465,0.19999030232429504,0.0,0.0
41.62,-18.53152813597001,-13.19653809450957,9.633048155459372,0.5972872162086462,5.840676542578243,8.44804815545931,10.67998473907795,0,0,57.0,king+tour,1,34,8.50440519923735,0.19999369978904724,0.0,0.0
41.64,-18.520438427364695,-13.191991440275194,9.633289368973246,0.5993994612047543,5.832254314883912,8.448289368973183,10.676722591248557,0,0,57.0,king+tour,1,34,8.49465152037369,0.19998688995838165,0.0,0.0
41.66,-18.509439645264884,-13.187078572989115,9.63354877137243,0.602446599821298,5.823539964810821,8.448548771372367,10.671548469805957,0,0,57.1,king+tour,1,34,8.484641673553806,0.1999748945236206,0.0,0.0
41.68,-18.498568310716642,-13.181821138113797,9.633815760430805,0.6039408486874042,5.814566407723038,8.448815760430742,10.667805197697621,0,0,57.1,king+tour,1,34,8.474412764672378,0.19998233020305634,0.0,0.0
41.7,-18.487793038821433,-13.176213820354018,9.634000993996185,0.607418324444816,5.805315943383068,8.449000993996123,10.662834041193488,0,0,57.1,king+tour,1,34,8.463943002805143,0.199933260679245,0.0,0.0
41.72,-18.477145103910853,-13.17026590596756,9.634161148445793,0.609880834377421,5.795808048757327,8.44916114844573,10.659214585409801,0,0,57.2,king+tour,1,34,8.45325626275187,0.19993849098682404,0.0,0.0
41.74,-18.466595703996674,-13.163983215344164,9.63424803043982,0.6139413418630227,5.786036449108156,8.449248030439758,10.653740034388752,0,0,57.2,king+tour,1,34,8.442341659320265,0.19994109869003296,0.0,0.0
41.76,-18.456178790367122,-13.157386987216142,9.634335703591951,0.6165022337023749,5.77603270722477,8.449335703591888,10.649632320002523,0,0,57.3,king+tour,1,34,8.43123466026707,0.1999310404062271,0.0,0.0
41.78,-18.445858851078174,-13.15047991064819,9.634369134029757,0.6209065373251934,5.765785293419338,8.449369134029695,10.645288296295101,0,0,57.3,king+tour,1,34,8.419918282043687,0.1999189704656601,0.0,0.0
41.8,-18.435656449759502,-13.143288098593871,9.634337154637715,0.6241237376782681,5.755325371332839,8.449337154637652,10.64112966985843,0,0,57.4,king+tour,1,34,8.408425120068912,0.19994404911994934,0.0,0.0
41.82,-18.425546922382953,-13.135848309308294,9.634262556362458,0.6276116898482167,5.744677291522939,8.449262556362395,10.635873045898812,0,0,57.4,king+tour,1,34,8.396772990600095,0.199967622756958,0.0,0.0
41.84,-18.415554642379778,-13.128191767300276,9.634155475837515,0.629443725485503,5.733878480362034,8.449155475837452,10.631919468641215,0,0,57.5,king+tour,1,34,8.385000934481107,0.19997191429138184,0.0,0.0
41.86,-18.405645670560528,-13.120339425460266,9.634047670164213,0.6321760374892956,5.722935384155428,8.44904767016415,10.62630563208004,0,0,57.5,king+tour,1,34,8.373108580944866,0.199981689453125,0.0,0.0
41.88,-18.39584743360785,-13.112334625305184,9.633946311495741,0.6326384166394737,5.711897917761847,8.448946311495678,10.62204391734129,0,0,57.6,king+tour,1,34,8.361146959710238,0.19998233020305634,0.0,0.0
41.9,-18.386118913727174,-13.104196563321475,9.633871148337839,0.634188066388397,5.700768514706591,8.448871148337776,10.616180787140792,0,0,57.6,king+tour,1,34,8.34911060746376,0.19998005032539368,0.0,0.0
41.92,-18.376481783970778,-13.09596473875577,9.633815953676104,0.6337196779192045,5.689591527081167,8.448815953676041,10.611691942714664,0,0,57.7,king+tour,1,34,8.337044343116647,0.19997647404670715,0.0,0.0
41.94,-18.366888188677446,-13.087656620070092,9.633789143580541,0.6345522546031311,5.678365529859295,8.448789143580479,10.60563915140849,0,0,57.7,king+tour,1,34,8.32493776652018,0.1999835968017578,0.0,0.0
41.96,-18.357353838074125,-13.07930769554313,9.63377512598152,0.6336571996691829,5.667129114517286,8.448775125981458,10.600963400187235,0,0,57.8,king+tour,1,34,8.312829236689245,0.19998253881931305,0.0,0.0
41.98,-18.347824201232736,-13.070933727794799,9.633772629439981,0.6343053689106957,5.655877118745159,8.448772629439919,10.595352923619561,0,0,57.8,king+tour,1,34,8.300703528478241,0.19998259842395782,0.0,0.0
42.0,-18.338308799870603,-13.062566235675195,9.633776602594791,0.6335570282935847,5.644642370482809,8.448776602594728,10.59112282798211,0,0,57.9,king+tour,1,34,8.288592466537006,0.19997259974479675,0.0,0.0
42.02,-18.328756952982335,-13.054234535534356,9.633793712732075,0.6337493569435392,5.633434040971069,8.448793712732012,10.585404732243317,0,0,57.9,king+tour,1,34,8.276494526085214,0.1999797374010086,0.0,0.0
42.04,-18.31918237850559,-13.04598184326672,9.633822333270624,0.632021014702546,5.622297577539227,8.448822333270561,10.58114852484735,0,0,58.0,king+tour,1,34,8.26445379649723,0.19998270273208618,0.0,0.0
42.06,-18.309564364407077,-13.03781500584116,9.633879976817976,0.6308857890166897,5.611232178032343,8.448879976817913,10.575408820769487,0,0,58.0,king+tour,1,34,8.252465393287656,0.19998157024383545,0.0,0.0
42.08,-18.299939103116746,-13.029759024030957,9.633959965237366,0.627596398931467,5.6002743579171765,8.448959965237304,10.571093229948108,0,0,58.1,king+tour,1,34,8.24056965424461,0.199968621134758,0.0,0.0
42.1,-18.290270229421697,-13.021824899402281,9.634069252013898,0.6253986643607581,5.58942168678661,8.449069252013835,10.565327311709504,0,0,58.1,king+tour,1,34,8.228757109024908,0.19997632503509521,0.0,0.0
42.12,-18.28058691961748,-13.014033582540371,9.634194650473072,0.6214636593975283,5.578704404452597,8.449194650473009,10.560970768696851,0,0,58.2,king+tour,1,34,8.217060999737338,0.19998124241828918,0.0,0.0
42.14,-18.27084570410589,-13.006394408387894,9.634334608661732,0.6190069661758038,5.5681161678173074,8.449334608661669,10.555219465591229,0,0,58.2,king+tour,1,34,8.205466813909425,0.19998350739479065,0.0,0.0
42.16,-18.261068633160416,-12.998925156155977,9.634479568983505,0.6152273130147042,5.557681789728052,8.449479568983442,10.550880031327992,0,0,58.3,king+tour,1,34,8.194001417987218,0.19997192919254303,0.0,0.0
42.18,-18.251236907181372,-12.99161218508898,9.634640499036657,0.6127158395938989,5.547382275998737,8.449640499036594,10.54515757049729,0,0,58.3,king+tour,1,34,8.182643594075557,0.19994449615478516,0.0,0.0
42.2,-18.24139445891669,-12.984450680843812,9.634805279337627,0.6086626394072097,5.537228891568613,8.449805279337564,10.540773267082647,0,0,58.4,king+tour,1,34,8.171412256719691,0.1999637335538864,0.0,0.0
42.22,-18.231511072384038,-12.97742782194518,9.634976920576305,0.6062823953793611,5.5271993679437585,8.449976920576242,10.535036746321929,0,0,58.4,king+tour,1,34,8.16028093671801,0.19997844099998474,0.0,0.0
42.24,-18.221622070266807,-12.97053550613012,9.635139835379714,0.6027497851561266,5.5172987333887615,8.450139835379652,10.53056898783755,0,0,58.5,king+tour,1,34,8.149261202488512,0.19997359812259674,0.0,0.0
42.26,-18.211688942529765,-12.963760011176891,9.635294312528615,0.6012450034952614,5.507501026483575,8.450294312528552,10.524785155415044,0,0,58.5,king+tour,1,34,8.138321524853504,0.1999770700931549,0.0,0.0
42.28,-18.2017385392994,-12.957090694829905,9.635421740227603,0.5989710819428589,5.497805870642178,8.45042174022754,10.520197463019747,0,0,58.6,king+tour,1,34,8.12746686789449,0.19995886087417603,0.0,0.0
42.3,-18.191724071984982,-12.95051337945899,9.635513932921068,0.5990808221199267,5.4881841291086175,8.450513932921005,10.515303006870889,0,0,58.6,king+tour,1,34,8.116661070520118,0.19997034966945648,0.0,0.0
42.32,-18.181663292380815,-12.944016031329113,9.635576514816442,0.5988295572575225,5.478630977496783,8.45057651481638,10.511547001254897,0,0,58.6,king+tour,1,34,8.105903190527314,0.19997847080230713,0.0,0.0
42.34,-18.171543569159923,-12.937586640460651,9.635629107402778,0.5994760858179707,5.469131148298102,8.450629107402715,10.505987191537818,0,0,58.7,king+tour,1,34,8.09517659741266,0.19998255372047424,0.0,0.0
42.36,-18.161417534589027,-12.931212880383525,9.635674849006014,0.5982547240641212,5.459691295556777,8.450674849005951,10.50155980349025,0,0,58.7,king+tour,1,34,8.084497998662593,0.1999879628419876,0.0,0.0
42.38,-18.151272608724334,-12.924883640109755,9.635735023444896,0.5978762919834413,5.450296857796856,8.450735023444834,10.495893388613217,0,0,58.8,king+tour,1,34,8.073851478755643,0.19997921586036682,0.0,0.0
42.4,-18.14116248540461,-12.91858805838879,9.635805670396396,0.5955122453341064,5.440955900267888,8.450805670396333,10.491365497441882,0,0,58.8,king+tour,1,34,8.06325538800567,0.19997839629650116,0.0,0.0
42.42,-18.131066745443757,-12.912313360344017,9.635897707590429,0.5943573667317648,5.4316494958813495,8.450897707590366,10.485586488228831,0,0,58.9,king+tour,1,34,8.052688274539234,0.19996300339698792,0.0,0.0
42.44,-18.12103109416209,-12.906048833750976,9.635998049813255,0.5915417539022212,5.422382869440045,8.450998049813192,10.480949518028234,0,0,58.9,king+tour,1,34,8.042164371187894,0.1999731808900833,0.0,0.0
42.46,-18.11102726865379,-12.899779627646875,9.636110284035862,0.5903220868663399,5.4131324325052175,8.4511102840358,10.475029232768561,0,0,58.9,king+tour,1,34,8.031656374229783,0.19997912645339966,0.0,0.0
42.48,-18.101092859741946,-12.893494687424573,9.636216317645198,0.5878014059866548,5.403900163890295,8.451216317645136,10.47024267618928,0,0,59.0,king+tour,1,34,8.021173957082416,0.19998112320899963,0.0,0.0
42.5,-18.091192084510634,-12.887176657412562,9.636317483500461,0.5872671622522583,5.394657612060403,8.451317483500398,10.464126904169262,0,0,59.0,king+tour,1,34,8.010683802446014,0.1999647319316864,0.0,0.0
42.52,-18.081354593720814,-12.880813626425617,9.63639361482962,0.5858117964840169,5.385403181042217,8.451393614829557,10.459132353596965,0,0,59.1,king+tour,1,34,8.000190715307381,0.1999712586402893,0.0,0.0
42.54,-18.071537379577443,-12.874385402060877,9.636439798112686,0.5867322534935685,5.376103428778273,8.451439798112624,10.45431481084072,0,0,59.1,king+tour,1,34,7.989655267241763,0.1999792456626892,0.0,0.0
42.56,-18.061762620051127,-12.867878127707801,9.636462634887122,0.5871351310000303,5.366752401561978,8.45146263488706,10.45042117743979,0,0,59.2,king+tour,1,35,9.077225712127548,0.1901012361049652,0.0,0.0
42.58,-18.052009632299544,-12.861302467339785,9.636469246226598,0.5881328996660004,5.357353229869466,8.451469246226536,10.44508635168582,0,0,59.2,king+tour,1,35,9.072890823234673,0.1809736043214798,0.0,0.0
42.6,-18.042318609912474,-12.854672793504603,9.636486723137644,0.5870877181264681,5.347932433132819,8.451486723137581,10.441402862516627,0,0,59.3,king+tour,1,35,9.06850300243241,0.17376792430877686,0.0,0.0
42.62,-18.03274074564785,-12.847938901075217,9.636534296491865,0.5854123639499242,5.33845880579726,8.451534296491802,10.436321148270554,0,0,59.3,king+tour,1,35,9.06400197324528,0.16909047961235046,0.0,0.0
42.64,-18.02331619938023,-12.8411258897356,9.63662734810334,0.5814805552781906,5.328968550483378,8.451627348103278,10.432453794332048,0,0,59.3,king+tour,1,35,9.05940317271429,0.1674986183643341,0.0,0.0
42.66,-18.014099504448062,-12.834192474777396,9.636812400704999,0.5767450756631847,5.319439472780089,8.451812400704936,10.427240427687494,0,0,59.4,king+tour,1,35,9.054653911643836,0.16872936487197876,0.0,0.0
42.68,-18.005212329711306,-12.827113626663882,9.637101980010488,0.5682777084973908,5.309885960746116,8.452101980010426,10.423218358233878,0,0,59.4,king+tour,1,35,9.049702361269734,0.17305171489715576,0.0,0.0
42.7,-17.996723493002566,-12.81983558658695,9.637550975385883,0.5595351036266291,5.300277799984718,8.45255097538582,10.418054613171673,0,0,59.5,king+tour,1,35,9.044479893167622,0.17955097556114197,0.0,0.0
42.72,-17.98876676123833,-12.812325305778478,9.63815066991679,0.5478903442307609,5.29062479570133,8.453150669916727,10.41402521992254,0,0,59.5,king+tour,1,35,9.038923411311963,0.18821430206298828,0.0,0.0
42.74,-17.98141524124614,-12.804525278310436,9.638928660830764,0.5373326357109258,5.280893936707553,8.453928660830702,10.410306309021928,0,0,59.6,king+tour,1,35,9.032959083527437,0.1942870020866394,0.0,0.0
42.76,-17.974800428647583,-12.796404341558368,9.639827101862311,0.5256247609565651,5.271095601436236,8.454827101862248,10.40593106977786,0,0,59.6,king+tour,1,35,9.026525502317762,0.19789597392082214,0.0,0.0
42.78,-17.969008372010425,-12.787943942589429,9.640840664368564,0.5151542966815299,5.26123770751481,8.455840664368502,10.403759277266133,0,0,59.7,king+tour,1,35,9.019583456626918,0.19955387711524963,0.0,0.0
42.8,-17.964159803920932,-12.779107452451244,9.641904476387667,0.5067639156764147,5.251322190871418,8.456904476387605,10.399676034788783,0,0,59.7,king+tour,1,35,9.012068184698574,0.20017728209495544,0.0,0.0
42.82,-17.960344945672382,-12.76992454461387,9.642937715332618,0.499866288430235,5.241404633036499,8.457937715332555,10.397191038191664,0,0,59.8,king+tour,1,35,9.003986298238408,0.20029279589653015,0.0,0.0
42.84,-17.957598115543234,-12.760403255979652,9.643915966837886,0.49788801206202365,5.23150304228319,8.458915966837823,10.392636068264183,0,0,59.8,king+tour,1,35,8.995336050699352,0.20023594796657562,0.0,0.0
42.86,-17.955950925459586,-12.750589755405013,9.644812851061126,0.4995558777804927,5.221671465554472,8.459812851061063,10.390305260816758,0,0,59.9,king+tour,1,35,8.986153664751603,0.20013444125652313,0.0,0.0
42.88,-17.955394986479348,-12.740496985436732,9.645637842269581,0.5070840272490069,5.2119205308591985,8.460637842269518,10.386031161144883,0,0,59.9,king+tour,1,35,8.976452373501592,0.2000603973865509,0.0,0.0
42.9,-17.95592890395007,-12.730185696075145,9.646323255030355,0.5173914060373801,5.202309140748704,8.461323255030292,10.382759615904908,0,0,60.0,king+tour,1,35,8.966290700934351,0.19999496638774872,0.0,0.0
42.92,-17.95750531818868,-12.71968843352571,9.646874576844226,0.5314639184034488,5.192855507836808,8.461874576844163,10.377550528607793,0,0,60.0,king+tour,1,35,8.955710519159803,0.19998303055763245,0.0,0.0
42.94,-17.960117448824768,-12.70904000693535,9.647299853155548,0.548618891515837,5.183593403671535,8.462299853155486,10.374419836545888,0,0,60.1,king+tour,1,35,8.944746987198108,0.1999741941690445,0.0,0.0
42.96,-17.963691531938487,-12.698250371044661,9.647595441493412,0.5685017265208697,5.174512164919427,8.462595441493349,10.369108254523637,0,0,60.1,king+tour,1,35,8.933426649079156,0.1999686360359192,0.0,0.0
42.98,-17.96815352460794,-12.687381623197217,9.64777614527732,0.5875196001221185,5.1656506057881595,8.462776145277257,10.365779503242292,0,0,60.2,king+tour,1,35,8.921827142835028,0.19996881484985352,0.0,0.0
43.0,-17.973466100016452,-12.676426869881725,9.647892261862914,0.6087765615064824,5.156994074570364,8.462892261862851,10.36074867147835,0,0,60.2,king+tour,1,35,8.909950778550245,0.19996798038482666,0.0,0.0
43.02,-17.979550519186176,-12.665441202312133,9.647942443389807,0.6279083666589153,5.148573301770592,8.462942443389744,10.357380745784788,0,0,60.2,king+tour,1,35,8.89786982008894,0.19996358454227448,0.0,0.0
43.04,-17.98629815387779,-12.654436993340058,9.647961859287854,0.6454137549077013,5.140368579643028,8.462961859287791,10.352524206258984,0,0,60.3,king+tour,1,35,8.885621801358017,0.19996783137321472,0.0,0.0
43.06,-17.993666708413507,-12.64345589839797,9.648010252902115,0.66121551708739,5.132409115949036,8.463010252902052,10.349118150348408,0,0,60.3,king+tour,1,35,8.873257752622706,0.1999722570180893,0.0,0.0
43.08,-18.001533530081005,-12.632504935680046,9.648051582149563,0.6741887267380685,5.124664636832133,8.4630515821495,10.34418010530032,0,0,60.4,king+tour,1,35,8.860813150943363,0.19995516538619995,0.0,0.0
43.1,-18.00984288851982,-12.621617279280105,9.6481025351295,0.6848158434098279,5.117150954111175,8.463102535129437,10.340840089790918,0,0,60.4,king+tour,1,35,8.848333732333813,0.19996817409992218,0.0,0.0
43.12,-18.018474940133686,-12.610789098831669,9.648196035022071,0.6924062194952231,5.109827078350469,8.463196035022008,10.33584129342514,0,0,60.4,king+tour,1,35,8.83584350627808,0.19995994865894318,0.0,0.0
43.14,-18.0273620076213,-12.600044182042796,9.648291525334221,0.6972128866582897,5.102694655853042,8.463291525334158,10.332547908568468,0,0,60.5,king+tour,1,35,8.82338147095908,0.19995619356632233,0.0,0.0
43.16,-18.03637657484272,-12.589367730874933,9.648388332135262,0.6986744651230736,5.095698088997925,8.4633883321352,10.32839869676406,0,0,60.5,king+tour,1,35,8.810962204664255,0.19995778799057007,0.0,0.0
43.18,-18.04544818656876,-12.578774932496202,9.64849603451685,0.6973397963035569,5.088828381573805,8.463496034516787,10.326237328638872,0,0,60.5,king+tour,1,35,8.798616489756363,0.19997118413448334,0.0,0.0
43.2,-18.054530228023253,-12.568248521575839,9.64857481567908,0.6951528794391543,5.08205358484925,8.463574815679017,10.322417094548413,0,0,60.6,king+tour,1,35,8.786337994930642,0.19995328783988953,0.0,0.0
43.22,-18.06353702811548,-12.557830736760744,9.6486157189668,0.6885752708199067,5.075383689749121,8.463615718966738,10.320487649630804,0,0,60.6,king+tour,1,35,8.77418690025046,0.19996558129787445,0.0,0.0
43.24,-18.07241953534368,-12.547510458349484,9.648626316892637,0.6808215505200788,5.068790527350261,8.463626316892574,10.316449092445731,0,0,60.6,king+tour,1,35,8.762163059617098,0.19996431469917297,0.0,0.0
43.26,-18.081181473228252,-12.537312434152215,9.648626203644632,0.6722560022677257,5.062297629451591,8.46362620364457,10.314387247328067,0,0,60.7,king+tour,1,35,8.75028960303672,0.1999741941690445,0.0,0.0
43.28,-18.08976742664214,-12.52721786781659,9.648628520820914,0.6626063516506089,5.055866881704041,8.463628520820851,10.310265607679813,0,0,60.7,king+tour,1,35,8.738560124501513,0.19996830821037292,0.0,0.0
43.3,-18.098175022851425,-12.51724516198172,9.648643207949645,0.6521938963970075,5.049513366754265,8.463643207949582,10.308200179984677,0,0,60.7,king+tour,1,35,8.726992803538181,0.19997714459896088,0.0,0.0
43.32,-18.106368364499797,-12.507365244286774,9.648664305528879,0.6417633250149366,5.04319579232234,8.463664305528816,10.30391133483484,0,0,60.7,king+tour,1,35,8.715566772773055,0.19998587667942047,0.0,0.0
43.34,-18.114364097090817,-12.497588812367907,9.648686996273439,0.6314880751076081,5.0369286612862805,8.463686996273376,10.30169242490697,0,0,60.8,king+tour,1,35,8.704288505238113,0.19999419152736664,0.0,0.0
43.36,-18.122122158782368,-12.487879535212398,9.648698960418098,0.6214051159130616,5.030662275555092,8.463698960418036,10.29748775907614,0,0,60.8,king+tour,1,35,8.69313086240013,0.19999222457408905,0.0,0.0
43.38,-18.129654535683052,-12.478241760514853,9.648678866299448,0.6116040522024756,5.024403548265043,8.463678866299386,10.295344034518436,0,0,60.8,king+tour,1,35,8.682095110376814,0.19999085366725922,0.0,0.0
43.4,-18.136983901255253,-12.468631468232482,9.648629238400119,0.6043173429001105,5.018118363397543,8.463629238400056,10.291332821590894,0,0,60.9,king+tour,1,35,8.671133024519897,0.19998541474342346,0.0,0.0
43.42,-18.14409606637331,-12.459058926359894,9.648619639614417,0.5962728878325436,5.01180992309985,8.463619639614354,10.289462682675072,0,0,60.9,king+tour,1,35,8.660257347820561,0.19995293021202087,0.0,0.0
43.44,-18.15102732483376,-12.449485691917925,9.648594944432048,0.5909521371872981,5.00545463341583,8.463594944431986,10.2857122617367,0,0,60.9,king+tour,1,35,8.649422432245817,0.1999494582414627,0.0,0.0
43.46,-18.157772565252984,-12.439927769767456,9.648599588698815,0.584919151927781,4.999064541271353,8.463599588698752,10.284091898833292,0,0,61.0,king+tour,1,35,8.638644724737002,0.19995608925819397,0.0,0.0
43.48,-18.164373536703717,-12.430353809129782,9.648659557638894,0.5814575278102707,4.992625107273314,8.463659557638831,10.280631375762423,0,0,61.0,king+tour,1,35,8.6278844370948,0.19995573163032532,0.0,0.0
43.5,-18.170821812483826,-12.42078743556063,9.648760055880715,0.5768575727541547,4.986154420918675,8.463760055880652,10.279324805508779,0,0,61.0,king+tour,1,35,8.617166232386419,0.19997575879096985,0.0,0.0
43.52,-18.17715611247672,-12.41120556712611,9.648901100470455,0.574359322795222,4.979644877300057,8.463901100470393,10.276160671482721,0,0,61.1,king+tour,1,35,8.60645914013041,0.19997839629650116,0.0,0.0
43.54,-18.183376276168325,-12.401637790036885,9.649058205389005,0.5706519883758291,4.973123315595215,8.464058205388943,10.275135485021913,0,0,61.1,king+tour,1,35,8.595791953564484,0.19997848570346832,0.0,0.0
43.56,-18.189529979455106,-12.392068706685976,9.649230866553285,0.5689139482294865,4.9665930055607586,8.464230866553223,10.272249022669996,0,0,61.1,king+tour,1,35,8.585139420710059,0.19998453557491302,0.0,0.0
43.58,-18.195610372128222,-12.382534226996277,9.64940231855569,0.5654796057367152,4.960084267328932,8.464402318555628,10.270743552284722,0,0,61.2,king+tour,1,35,8.574538004810249,0.19999068975448608,0.0,0.0
43.6,-18.201659673591625,-12.37302715761658,9.64957795044363,0.5634919319422124,4.95360622213256,8.464577950443568,10.267383620413586,0,0,61.2,king+tour,1,35,8.563971725301956,0.1999797374010086,0.0,0.0
43.62,-18.207667257604005,-12.363567563208859,9.649741934166153,0.5603612287748123,4.9471731588099015,8.46474193416609,10.266169703597658,0,0,61.2,king+tour,1,35,8.553462400912517,0.19998571276664734,0.0,0.0
43.64,-18.213672889712658,-12.354134251618477,9.649900724911099,0.5591962962287303,4.940780627928462,8.464900724911036,10.2630949671881,0,0,61.2,king+tour,1,35,8.542980957430055,0.19998201727867126,0.0,0.0
43.66,-18.219659568833677,-12.344753154183923,9.650042332747972,0.5564740981260683,4.934445940561211,8.46504233274791,10.26183314936889,0,0,61.3,king+tour,1,35,8.532556314206666,0.1999785155057907,0.0,0.0
43.68,-18.225661939979275,-12.335410607234737,9.650178397444472,0.5552705567309212,4.928169858926488,8.46517839744441,10.258702041062207,0,0,61.3,king+tour,1,35,8.522167889829412,0.19998088479042053,0.0,0.0
43.7,-18.231675952898165,-12.326129679260715,9.650294965077027,0.552986354850887,4.921972091572396,8.465294965076964,10.257586709378055,0,0,61.3,king+tour,1,35,8.511839129790033,0.19998662173748016,0.0,0.0
43.72,-18.23775046182848,-12.316895612494767,9.650398524052864,0.5526716300027866,4.91585824973436,8.465398524052802,10.254608198069947,0,0,61.4,king+tour,1,35,8.501545510312841,0.19998109340667725,0.0,0.0
43.74,-18.24387542516043,-12.307733163814394,9.650476987452503,0.5510712253041722,4.909847392820556,8.46547698745244,10.252840510257833,0,0,61.4,king+tour,1,35,8.491313434533964,0.19996190071105957,0.0,0.0
43.76,-18.25009491043026,-12.298631001994838,9.650535671390475,0.551214093197049,4.903946748922208,8.465535671390413,10.249214520149746,0,0,61.4,king+tour,1,35,8.481122822467077,0.19997535645961761,0.0,0.0
43.78,-18.256398827858106,-12.289592498837855,9.650555503742547,0.5509861785428808,4.898155816831758,8.465555503742484,10.24775860965385,0,0,61.5,king+tour,1,35,8.470979214015545,0.1999780386686325,0.0,0.0
43.8,-18.262832441827598,-12.280586933582441,9.650538934046008,0.5533802237901178,4.892464901082788,8.465538934045945,10.24440883004961,0,0,61.5,king+tour,1,35,8.460843402981935,0.19997134804725647,0.0,0.0
43.82,-18.269379579953718,-12.271623117669451,9.650475031521635,0.5550204881288042,4.886876254813902,8.465475031521573,10.243202684224155,0,0,61.5,king+tour,1,35,8.450727544954036,0.1999795287847519,0.0,0.0
43.84,-18.276077474257537,-12.262676412030672,9.650375372354098,0.5588274819695689,4.881382934014131,8.465375372354035,10.240114115567426,0,0,61.5,king+tour,1,35,8.440600118752833,0.19997920095920563,0.0,0.0
43.86,-18.282900508287174,-12.253759259466538,9.650235176960276,0.5614469208439823,4.875986779569516,8.465235176960213,10.239173607327624,0,0,61.6,king+tour,1,35,8.430478786977051,0.19997665286064148,0.0,0.0
43.88,-18.289880814885688,-12.244853227517654,9.650074003112737,0.5658358028017669,4.87068472747324,8.465074003112674,10.236351215265273,0,0,61.6,king+tour,1,35,8.420339207573784,0.19997182488441467,0.0,0.0
43.9,-18.296985929003423,-12.235974847617541,9.649892557745945,0.5686413603886731,4.865479504339462,8.464892557745882,10.235720864977118,0,0,61.6,king+tour,1,35,8.410204433698453,0.19998161494731903,0.0,0.0
43.92,-18.30424224861952,-12.227111333520504,9.649710565847347,0.57282016717833,4.860371010926161,8.464710565847284,10.23321367014333,0,0,61.6,king+tour,1,35,8.400056859659257,0.19997836649417877,0.0,0.0
43.94,-18.311609642537146,-12.218282822832775,9.649525850413767,0.575011334436597,4.855361916340329,8.464525850413704,10.232306354015835,0,0,61.7,king+tour,1,35,8.389924585789897,0.19997747242450714,0.0,0.0
43.96,-18.31910817052619,-12.2094818047558,9.64935802170996,0.578173865864608,4.850454333133277,8.464358021709897,10.22952534720792,0,0,61.7,king+tour,1,35,8.379796467994218,0.19996757805347443,0.0,0.0
43.98,-18.326697013371508,-12.200715483463709,9.64919903760815,0.5797934991696201,4.845638558942249,8.464199037608088,10.228987386284937,0,0,61.7,king+tour,1,35,8.369688006477974,0.19997826218605042,0.0,0.0
44.0,-18.334396585081883,-12.191965197952818,9.64905975229593,0.5828170841771771,4.840906710729934,8.464059752295867,10.226559334336853,0,0,61.7,king+tour,1,35,8.35957705510614,0.19997794926166534,0.0,0.0
44.02,-18.34215893628733,-12.183241004333611,9.64893348465538,0.5839126519846893,4.836248415769412,8.463933484655318,10.226369367214229,0,0,61.8,king+tour,1,35,8.349483237155395,0.19997821748256683,0.0,0.0
44.04,-18.349998124865195,-12.174528859094027,9.64883583179967,0.586011707039974,4.831657267932378,8.463835831799607,10.224276231033567,0,0,61.8,king+tour,1,35,8.339390160923607,0.19996443390846252,0.0,0.0
44.06,-18.35785874846472,-12.16584102035782,9.648759875209532,0.5858193294082528,4.827121319895329,8.463759875209469,10.223382908376935,0,0,61.8,king+tour,1,35,8.329320948297784,0.19997625052928925,0.0,0.0
44.08,-18.365748045814072,-12.157167470331204,9.648716287024172,0.586245218873092,4.822634733103779,8.46371628702411,10.220570652242156,0,0,61.8,king+tour,1,35,8.319264425944766,0.1999780386686325,0.0,0.0
44.1,-18.37361842581272,-12.148495357872298,9.64868842823074,0.5855535670103333,4.818165682961567,8.463688428230677,10.219483578008768,0,0,61.8,king+tour,1,35,8.309217389268515,0.21997076272964478,0.0,0.0
44.12,-18.38148551794686,-12.139791777582982,9.648670476255843,0.5866084102130517,4.813691163485518,8.46367047625578,10.216423199751361,0,0,61.9,king+tour,1,35,8.299144492718709,0.24194496870040894,0.0,0.0
44.14,-18.389314778600887,-12.131036877784346,9.648626093096793,0.5872554017155933,4.809178460289214,8.46362609309673,10.212435610046596,0,0,61.9,king+tour,1,35,8.289032970758562,0.2505175471305847,0.0,0.0
44.16,-18.397134532667835,-12.122190674881072,9.648628369018255,0.5903470687935224,4.80460388618748,8.463628369018192,10.209669256719343,0,0,61.9,king+tour,1,35,8.27883802628672,0.23290450870990753,0.0,0.0
44.18,-18.40496518855391,-12.113156599028413,9.648677555555029,0.5977794690208282,4.7998897924657955,8.463677555554966,10.209136886929082,0,0,61.9,king+tour,1,35,8.268460923901324,0.21861903369426727,0.0,0.0
44.2,-18.412845669853283,-12.103911540946571,9.648769912379754,0.6074158670742892,4.7950332205145365,8.463769912379691,10.208137113711047,0,0,62.0,king+tour,1,35,8.257871464923058,0.20892027020454407,0.0,0.0
44.22,-18.420742726013277,-12.094450942890013,9.648907553769575,0.6162088865271886,4.7900164384686335,8.463907553769513,10.208665714290325,0,0,62.0,king+tour,1,35,8.247071577493008,0.20348967611789703,0.0,0.0
44.24,-18.428664367190414,-12.084798053337172,9.649111246664278,0.6244440856754195,4.784864692438808,8.464111246664215,10.207168934768175,0,0,62.0,king+tour,1,35,8.236082517446121,0.20091240108013153,0.0,0.0
44.26,-18.436556699512064,-12.074978241258208,9.649316925853762,0.6299998465684378,4.779577525299615,8.4643169258537,10.207920145371896,0,0,62.0,king+tour,1,35,8.224939425347406,0.19989897310733795,0.0,0.0
44.28,-18.444431577555115,-12.065003769977558,9.649463130488659,0.6354627394991029,4.774171645370957,8.464463130488596,10.20656507298478,0,0,62.1,king+tour,1,35,8.2136519847544,0.1995997428894043,0.0,0.0
44.3,-18.45224989451474,-12.05491061861732,9.64953001523471,0.6383616882909964,4.7686620669472255,8.464530015234647,10.207272580910967,0,0,62.1,king+tour,1,35,8.202262825766052,0.19964927434921265,0.0,0.0
44.32,-18.46003509334163,-12.044722872082133,9.649552104614237,0.641092793946702,4.76308098791833,8.464552104614175,10.205910910115348,0,0,62.1,king+tour,1,35,8.190791048631427,0.1997656375169754,0.0,0.0
44.34,-18.467738024235096,-12.03447607488547,9.649555811186962,0.6409602383879827,4.757437938567518,8.4645558111869,10.205582292601745,0,0,62.2,king+tour,1,35,8.17928068721706,0.19986067712306976,0.0,0.0
44.36,-18.47537337565129,-12.024197826576268,9.649575364454398,0.6401979418208295,4.751763941248656,8.464575364454335,10.2032475949256,0,0,62.2,king+tour,1,35,8.167755940508032,0.19990232586860657,0.0,0.0
44.38,-18.482905969972144,-12.013898130733637,9.649612809275572,0.6380147211622913,4.746051521416573,8.46461280927551,10.203100866811251,0,0,62.2,king+tour,1,35,8.156233048762292,0.1999499350786209,0.0,0.0
44.4,-18.49036604284787,-12.003580711759675,9.649683856303696,0.6366059795423473,4.740317425142901,8.464683856303633,10.200968962184483,0,0,62.2,king+tour,1,35,8.14470987170435,0.19996944069862366,0.0,0.0
44.42,-18.49770997696268,-11.993256284565154,9.64978176976839,0.6335154935440754,4.734550658333279,8.464781769768328,10.201188306974625,0,0,62.3,king+tour,1,35,8.133204863032642,0.19997818768024445,0.0,0.0
44.44,-18.504959789205348,-11.98293125160469,9.649924762519747,0.6308457222561822,4.728766510544576,8.464924762519685,10.199417655902474,0,0,62.3,king+tour,1,35,8.121720051795663,0.19996190071105957,0.0,0.0
44.46,-18.512093154172103,-11.97264076331265,9.650107845127028,0.6261241176448773,4.722985144866188,8.465107845126965,10.198950611452213,0,0,62.3,king+tour,1,35,8.110293923323374,0.1999402791261673,0.0,0.0
44.48,-18.519153904453304,-11.962417904825328,9.650335029489321,0.62131441903395,4.717255596706401,8.465335029489259,10.196402055476266,0,0,62.4,king+tour,1,35,8.09895079931832,0.1999615728855133,0.0,0.0
44.5,-18.52613206221218,-11.95227792648895,9.650590857831267,0.6155877161512062,4.711586039907639,8.465590857831204,10.19610507078417,0,0,62.4,king+tour,1,35,8.087707395681567,0.19997699558734894,0.0,0.0
44.52,-18.53307170628569,-11.942222750760719,9.650871019227585,0.6110313191657912,4.705998336746132,8.465871019227523,10.193885430973435,0,0,62.4,king+tour,1,35,8.076557487048596,0.1999693363904953,0.0,0.0
44.54,-18.539942424975802,-11.932254590901564,9.651162000743861,0.6055073421089714,4.700479561622784,8.466162000743799,10.193855857430734,0,0,62.4,king+tour,1,35,8.065508726501044,0.19994252920150757,0.0,0.0
44.56,-18.546779523477642,-11.922378086318847,9.6514678679082,0.6008011597411985,4.695050023915291,8.466467867908138,10.191910326058501,0,0,62.5,king+tour,1,35,8.054559224189052,0.19996316730976105,0.0,0.0
44.58,-18.553544372832516,-11.912595356267554,9.651779889113431,0.5948998892315952,4.689692658705016,8.466779889113369,10.190866675461786,0,0,62.5,king+tour,1,35,8.04371799315412,0.19997741281986237,0.0,0.0
44.6,-18.560263945098495,-11.90291270088764,9.652093086528234,0.5895009738425117,4.684425312789637,8.467093086528171,10.188144429052343,0,0,62.5,king+tour,1,35,8.032986310559387,0.19996875524520874,0.0,0.0
44.62,-18.566925743441313,-11.893305559336508,9.652388511369626,0.5847307110559054,4.679219931996946,8.467388511369563,10.187596598224923,0,0,62.5,king+tour,1,35,8.022342206479593,0.19994240999221802,0.0,0.0
44.64,-18.57357627635708,-11.883761466202934,9.652658485189795,0.5817907434585633,4.67408766736919,8.467658485189732,10.185109519234343,0,0,62.6,king+tour,1,35,8.01176506740915,0.19996294379234314,0.0,0.0
44.66,-18.580189916224597,-11.874261694223636,9.652887523814531,0.5788746812728317,4.6689994885576365,8.467887523814468,10.184712335760683,0,0,62.6,king+tour,1,35,8.001241022685667,0.19997435808181763,0.0,0.0
44.68,-18.586805169313436,-11.864796009974048,9.653081343224022,0.5774909473441716,4.663965011345633,8.46808134322396,10.182363435985494,0,0,62.6,king+tour,1,35,7.990753150234522,0.19996753334999084,0.0,0.0
44.7,-18.593393174219315,-11.85534994017843,9.653245045368006,0.5758837591378909,4.658957432385251,8.468245045367944,10.180263021725912,0,0,62.7,king+tour,1,36,9.09976832318416,0.19596649706363678,0.0,0.0
44.72,-18.599988935551544,-11.845919219363529,9.653375126187631,0.5754552190656709,4.653990141842988,8.468375126187569,10.176788340126832,0,0,62.7,king+tour,1,36,9.094962704924887,0.19377300143241882,0.0,0.0
44.74,-18.60656335100104,-11.836488404315146,9.653540477182478,0.574870750540683,4.649035389633097,8.468540477182415,10.175527068548417,0,0,62.7,king+tour,1,36,9.090158217421283,0.19377587735652924,0.0,0.0
44.76,-18.613087911872306,-11.82702140708735,9.6538654801821,0.5751077247431755,4.644047644211257,8.468865480182037,10.172407508294489,0,0,62.7,king+tour,1,36,9.085309251184906,0.19572532176971436,0.0,0.0
44.78,-18.61946966185498,-11.817486000949984,9.654370761618738,0.5742517139201306,4.638952527118762,8.469370761618675,10.171551908101865,0,0,62.8,king+tour,1,36,9.08034070571405,0.19777221977710724,0.0,0.0
44.8,-18.625681698569686,-11.807860820247956,9.655122333546457,0.5740173430614156,4.633717554777865,8.470122333546394,10.168834522041342,0,0,62.8,king+tour,1,36,9.075220204757878,0.19909797608852386,0.0,0.0
44.82,-18.631621226298194,-11.79811786142385,9.656093515481663,0.5725959103878784,4.628266273846744,8.4710935154816,10.168373291137865,0,0,62.8,king+tour,1,36,9.069870857104508,0.19979697465896606,0.0,0.0
44.84,-18.637252388305555,-11.788238268269035,9.657318170498336,0.571874388235045,4.622563250140856,8.472318170498273,10.165994202275499,0,0,62.8,king+tour,1,36,9.064257555706138,0.2000187337398529,0.0,0.0
44.86,-18.64245782173595,-11.778196181784274,9.658823232146071,0.57053757266537,4.6165256092274465,8.473823232146009,10.165261881488439,0,0,62.9,king+tour,1,36,9.058297327253106,0.19999098777770996,0.0,0.0
44.88,-18.64719604693396,-11.767977150020858,9.660593399124823,0.5701159516743838,4.610118145136471,8.47559339912476,10.161620734438138,0,0,62.9,king+tour,1,36,9.051955595443715,0.20000965893268585,0.0,0.0
44.9,-18.65144478862247,-11.757600422225135,9.662546101415941,0.5690811276082566,4.603344266830171,8.477546101415879,10.160674678610246,0,0,63.0,king+tour,1,36,9.04523647742339,0.2000204622745514,0.0,0.0
44.92,-18.655176874782615,-11.74700214566343,9.66468187682457,0.5718685814529635,4.596133293484944,8.479681876824507,10.157607884189455,0,0,63.0,king+tour,1,36,9.038070257550814,0.1999758780002594,0.0,0.0
44.94,-18.658376608466085,-11.736195578995611,9.666896479591607,0.5742922692473915,4.588486777820117,8.481896479591544,10.156625390725909,0,0,63.0,king+tour,1,36,9.030459271973669,0.19996905326843262,0.0,0.0
44.96,-18.661088770855375,-11.725189637378115,9.669133774353694,0.5776938280051054,4.5804335638836235,8.484133774353632,10.153488576443424,0,0,63.1,king+tour,1,36,9.022433344904703,0.19997364282608032,0.0,0.0
44.98,-18.663279749749638,-11.713991298146542,9.671351119120304,0.5812052302640135,4.571960726974178,8.486351119120242,10.152449823220433,0,0,63.1,king+tour,1,36,9.013980240288172,0.19997332990169525,0.0,0.0
45.0,-18.664977755716087,-11.702606802405596,9.673548673123978,0.5859164000453035,4.563086518956996,8.488548673123915,10.149229122173189,0,0,63.2,king+tour,1,36,9.005119044953867,0.1999819129705429,0.0,0.0
45.02,-18.66615351992931,-11.691058418806426,9.675730613284534,0.5905684721158685,4.553813317648398,8.490730613284471,10.148012925389216,0,0,63.2,king+tour,1,36,8.99585283744915,0.1999795138835907,0.0,0.0
45.04,-18.666843740836722,-11.679367526972086,9.677912312299261,0.595636565730583,4.544176855621893,8.492912312299199,10.144651013461383,0,0,63.3,king+tour,1,36,8.986218120861537,0.1999831646680832,0.0,0.0
45.06,-18.667021921789527,-11.667561303841284,9.680018290863952,0.5996953367776818,4.534185106646361,8.49501829086389,10.141965666709899,0,0,63.4,king+tour,1,36,8.976223591612914,0.19995331764221191,0.0,0.0
45.08,-18.666718539857186,-11.655662062761655,9.68204980374735,0.6037611768394563,4.523871495431752,8.497049803747288,10.137243926040247,0,0,63.4,king+tour,1,36,8.965903387247424,0.19996823370456696,0.0,0.0
45.1,-18.665981670486858,-11.643697412805688,9.684008826204595,0.6073170383452065,4.513283317001875,8.499008826204532,10.134940949198741,0,0,63.5,king+tour,1,36,8.955305415665716,0.19997285306453705,0.0,0.0
45.12,-18.664839744270278,-11.631649482707928,9.68584282402025,0.6120052350928814,4.5024190365381225,8.500842824020188,10.129809314815995,0,0,63.5,king+tour,1,36,8.944428638355822,0.19995112717151642,0.0,0.0
45.14,-18.66332092726173,-11.619562544554553,9.687547378159678,0.6150332995928703,4.491330096583077,8.502547378159615,10.127026526455253,0,0,63.6,king+tour,1,36,8.933324993585304,0.19995428621768951,0.0,0.0
45.16,-18.66146935624109,-11.607426917713733,9.689085395864895,0.6186017550203073,4.480030493221335,8.504085395864832,10.121223787068146,0,0,63.6,king+tour,1,36,8.922008791047572,0.19993646442890167,0.0,0.0
45.18,-18.65933174284378,-11.59529400085961,9.690457786646705,0.6197994007809903,4.468587730540262,8.505457786646643,10.117725256590871,0,0,63.7,king+tour,1,36,8.91054786471436,0.19994591176509857,0.0,0.0
45.2,-18.656950553143997,-11.583144586140447,9.691631588131148,0.6218041338103658,4.45700717007545,8.506631588131086,10.111255941308954,0,0,63.8,king+tour,1,36,8.89894770569753,0.19992685317993164,0.0,0.0
45.22,-18.65437316590523,-11.571019805966941,9.692610454263399,0.6217141588770683,4.445348212500603,8.507610454263336,10.107050084918951,0,0,63.8,king+tour,1,36,8.887267885567667,0.19993707537651062,0.0,0.0
45.24,-18.651636691194785,-11.558890852828808,9.69344553005648,0.6230913850474328,4.433605560520639,8.508445530056417,10.10002421346107,0,0,63.9,king+tour,1,36,8.87550307485996,0.19997133314609528,0.0,0.0
45.26,-18.64878915853456,-11.546789658402275,9.694169019850632,0.6226371059494277,4.421831402384342,8.50916901985057,10.09535666363139,0,0,64.0,king+tour,1,36,8.863705477320192,0.19997724890708923,0.0,0.0
45.28,-18.645869169089856,-11.534678887352273,9.694741547657069,0.6235481173732732,4.410014299137357,8.509741547657006,10.089650127405987,0,0,64.0,king+tour,1,36,8.85186343499558,0.19994688034057617,0.0,0.0
45.3,-18.642924857351964,-11.522582374209225,9.695167140678027,0.6228477567778756,4.398199891369761,8.510167140677964,10.084939705382302,0,0,64.1,king+tour,1,36,8.840022443850472,0.1999472826719284,0.0,0.0
45.32,-18.639964444859565,-11.510499879033553,9.695487113969463,0.6221999572133393,4.386392302354332,8.5104871139694,10.078911123219717,0,0,64.1,king+tour,1,36,8.828186590830754,0.19997037947177887,0.0,0.0
45.34,-18.637033586977566,-11.498459962121315,9.695734225052213,0.619698699097607,4.374639996024183,8.51073422505215,10.074876432052562,0,0,64.2,king+tour,1,36,8.816404158742635,0.1999727040529251,0.0,0.0
45.36,-18.634143014786744,-11.486457687624137,9.695947994649098,0.6173647587458154,4.362944557328307,8.510947994649035,10.068473440559044,0,0,64.3,king+tour,1,36,8.804676609057445,0.199981227517128,0.0,0.0
45.38,-18.631281276307178,-11.474521377228207,9.696142465722861,0.6138054903467833,4.351323875337645,8.511142465722799,10.064458125900456,0,0,64.3,king+tour,1,36,8.79302201060107,0.1999763399362564,0.0,0.0
45.4,-18.628452972644485,-11.462631191163275,9.696342285149841,0.6111786851455707,4.339763649798442,8.511342285149778,10.057819545614707,0,0,64.4,king+tour,1,36,8.781425921529179,0.19998176395893097,0.0,0.0
45.42,-18.625658236988606,-11.450819594511685,9.69653629870155,0.6069637635484131,4.328291402300262,8.511536298701488,10.05363224310655,0,0,64.4,king+tour,1,36,8.769916006175876,0.19997446238994598,0.0,0.0
45.44,-18.622879234423703,-11.439048046121188,9.696730655324096,0.6048346494337751,4.316865031204816,8.511730655324033,10.04681329523145,0,0,64.5,king+tour,1,36,8.758450105387674,0.19998107850551605,0.0,0.0
45.46,-18.620115982702607,-11.427340638004098,9.696904858167812,0.6015174800556085,4.305504870425245,8.51190485816775,10.042417808542226,0,0,64.6,king+tour,1,36,8.747048682073926,0.19997096061706543,0.0,0.0
45.48,-18.617348427909565,-11.415651332283735,9.69705610743254,0.6006706753635774,4.29416129526897,8.512056107432477,10.036175222224688,0,0,64.6,king+tour,1,36,8.735662034827152,0.19997847080230713,0.0,0.0
45.5,-18.61457598312427,-11.403996110636998,9.697174331476834,0.5990505376150658,4.282847443734728,8.512174331476771,10.032326529715027,0,0,64.7,king+tour,1,36,8.724303405450494,0.19996988773345947,0.0,0.0
45.52,-18.611766358052446,-11.392343574205393,9.697268652514163,0.5993423370499195,4.271519422327907,8.5122686525141,10.025804058279535,0,0,64.7,king+tour,1,36,8.712929040245886,0.19997870922088623,0.0,0.0
45.54,-18.60890746357667,-11.380723936299471,9.697409078918293,0.5983497770187279,4.2601960568789075,8.51240907891823,10.02176648673356,0,0,64.8,king+tour,1,36,8.701558126661954,0.19994176924228668,0.0,0.0
45.56,-18.605963327359234,-11.369097929705283,9.697626159956096,0.5997480545444085,4.248824726397859,8.512626159956033,10.015284673369592,0,0,64.9,king+tour,1,36,8.690138230808808,0.1999465972185135,0.0,0.0
45.58,-18.602922240739925,-11.357489183755026,9.69790919633858,0.6001901781051862,4.237418787999759,8.512909196338518,10.01130998964394,0,0,64.9,king+tour,1,36,8.678683093843816,0.19995643198490143,0.0,0.0
45.6,-18.59976619286984,-11.345861682536555,9.698247668314592,0.6026482930001016,4.225938003101805,8.513247668314529,10.005518838573641,0,0,65.0,king+tour,1,36,8.667152524793082,0.1999732106924057,0.0,0.0
45.62,-18.59650272400439,-11.33424164356481,9.698618763406168,0.6037657788985253,4.214408280087287,8.513618763406106,10.002182050977686,0,0,65.0,king+tour,1,36,8.655572642984406,0.19997122883796692,0.0,0.0
45.64,-18.59310237216228,-11.32261036138845,9.69901937660664,0.6062375950331435,4.202797680631041,8.514019376606578,9.996215382609442,0,0,65.1,king+tour,1,36,8.643911840473402,0.19997921586036682,0.0,0.0
45.66,-18.58956292744577,-11.311009856090815,9.699429272670121,0.6067689157425833,4.1911399939511735,8.514429272670059,9.992669682050888,0,0,65.2,king+tour,1,36,8.632204410279082,0.19997292757034302,0.0,0.0
45.68,-18.585852546640993,-11.299414665351728,9.699847513928594,0.6090777859652388,4.179396214306387,8.514847513928531,9.986526925948715,0,0,65.2,king+tour,1,36,8.620411709210039,0.19998031854629517,0.0,0.0
45.7,-18.581968061280033,-11.28785884933268,9.700258018869816,0.6099070107245048,4.167592831467009,8.515258018869753,9.982782788856913,0,0,65.3,king+tour,1,36,8.608560734663314,0.19997303187847137,0.0,0.0
45.72,-18.57788666190149,-11.276315223611622,9.700665878460056,0.6125346217162115,4.155694265759171,8.515665878459993,9.976372805700155,0,0,65.3,king+tour,1,36,8.596616166991394,0.19997985661029816,0.0,0.0
45.74,-18.573615966308108,-11.264815039147118,9.70105463078296,0.6136860189410711,4.14373050385079,8.516054630782897,9.972337846242345,0,0,65.4,king+tour,1,36,8.584608352178135,0.19997210800647736,0.0,0.0
45.76,-18.569130291745584,-11.253324159889736,9.701421819507804,0.6170421580982658,4.1316585766647345,8.516421819507741,9.966814341436638,0,0,65.5,king+tour,1,36,8.572494560592455,0.19997987151145935,0.0,0.0
45.78,-18.564434018074383,-11.241865983567255,9.701777346365006,0.619417448854246,4.119500128376545,8.516777346364943,9.963670435403408,0,0,65.5,king+tour,1,36,8.560296772268073,0.1999739706516266,0.0,0.0
45.8,-18.559520911636177,-11.230439350660145,9.70214995480043,0.6221844411288755,4.1072504503864335,8.517149954800367,9.957910361726114,0,0,65.6,king+tour,1,36,8.548010537383671,0.19997507333755493,0.0,0.0
45.82,-18.554418608168998,-11.219100181483524,9.702546103654496,0.6220273149183695,4.094971152367325,8.517546103654434,9.95456453918236,0,0,65.7,king+tour,1,36,8.535697762264752,0.19997075200080872,0.0,0.0
45.84,-18.54911838754294,-11.20783952732014,9.702987674190155,0.6226749862693943,4.0826496798950425,8.517987674190092,9.94862233225147,0,0,65.7,king+tour,1,36,8.52334610088549,0.19997404515743256,0.0,0.0
45.86,-18.543647459158613,-11.196704718185886,9.703466147714504,0.620773647870526,4.070340266513335,8.518466147714442,9.945101270117052,0,0,65.8,king+tour,1,36,8.511009989059907,0.19997133314609528,0.0,0.0
45.88,-18.53799423877917,-11.185678696815009,9.703991620319762,0.6200971080977391,4.058022059557335,8.5189916203197,9.939023225482126,0,0,65.9,king+tour,1,36,8.498668721926627,0.199976846575737,0.0,0.0
45.9,-18.53218435342762,-11.17479967968592,9.704546128255874,0.6172828779100388,4.045740865387798,8.519546128255811,9.935344170849461,0,0,65.9,king+tour,1,36,8.486368213616194,0.19997228682041168,0.0,0.0
45.92,-18.526206483796077,-11.164040597850818,9.7050480987899,0.6159235782205815,4.033467679016943,8.520048098789838,9.929116730644463,0,0,66.0,king+tour,1,36,8.474079467506328,0.19994314014911652,0.0,0.0
45.94,-18.520080994741267,-11.153432168697723,9.705533955068798,0.6129772458676221,4.021239215050498,8.520533955068736,9.925216168110131,0,0,66.1,king+tour,1,36,8.46183927944632,0.1999439150094986,0.0,0.0
45.96,-18.5137914448827,-11.142942181670298,9.705953164903875,0.611910945613818,4.009019422327754,8.520953164903812,9.918733345165421,0,0,66.1,king+tour,1,36,8.449611601640699,0.19994258880615234,0.0,0.0
45.98,-18.50735502500647,-11.132594079547156,9.706354300755118,0.6096548784871733,3.9968372569507102,8.521354300755055,9.914557636933678,0,0,66.2,king+tour,1,36,8.437425414487656,0.199942484498024,0.0,0.0
46.0,-18.500746992818932,-11.122351402359703,9.706771006303919,0.6098199916210242,3.98464861151292,8.521771006303856,9.908061715978675,0,0,66.3,king+tour,1,36,8.425236672762605,0.19995523989200592,0.0,0.0
46.02,-18.493983842240873,-11.112228869700465,9.707199629434735,0.6090763313557958,3.972474836682064,8.522199629434672,9.903891540268205,0,0,66.3,king+tour,1,36,8.413066638825748,0.19996048510074615,0.0,0.0
46.04,-18.48704620626805,-11.102188088707763,9.70764046769319,0.6106193867806198,3.96027323038084,8.522640467693128,9.898047071596613,0,0,66.4,king+tour,1,36,8.400872532336562,0.19997423887252808,0.0,0.0
46.06,-18.479956486473945,-11.09224185020515,9.708081237492694,0.6111179614565824,3.9480668410482944,8.523081237492631,9.894488996106281,0,0,66.5,king+tour,1,36,8.388677165232988,0.1999710202217102,0.0,0.0
46.08,-18.472688908395835,-11.08236925916518,9.708524621408763,0.6133562061741606,3.9358240980432386,8.5235246214087,9.88854603040686,0,0,66.5,king+tour,1,36,8.376449151905302,0.1999797374010086,0.0,0.0
46.1,-18.46526064628996,-11.07259925278666,9.708962827064328,0.6140523730645292,3.9235787062474,8.523962827064265,9.884873703040622,0,0,66.6,king+tour,1,36,8.364222189171223,0.1999739706516266,0.0,0.0
46.12,-18.457661768549148,-11.06290753564009,9.709409158313143,0.6161808495738204,3.911305034367568,8.52440915831308,9.878742686176103,0,0,66.7,king+tour,1,36,8.351970504006003,0.19997958838939667,0.0,0.0
46.14,-18.449927041538384,-11.05331822632852,9.709854278947942,0.6163987901178815,3.899042488411952,8.52485427894788,9.874862233462034,0,0,66.7,king+tour,1,36,8.33973312983531,0.19997364282608032,0.0,0.0
46.16,-18.44204483643107,-11.043798897678473,9.710222279594332,0.6182277084075298,3.8867577433832885,8.525222279594269,9.869078328767841,0,0,66.8,king+tour,1,36,8.327476522920998,0.1999402642250061,0.0,0.0
46.18,-18.43404319012824,-11.034366549223309,9.710561255134898,0.6186890280107348,3.874480575127293,8.525561255134836,9.865484488002913,0,0,66.9,king+tour,1,36,8.315230108707423,0.19994154572486877,0.0,0.0
46.2,-18.425904419258252,-11.02500104428207,9.710831462850967,0.620534620888259,3.862184623229487,8.525831462850904,9.86058386617461,0,0,66.9,king+tour,1,36,8.302967517735686,0.19994477927684784,0.0,0.0
46.22,-18.41765278970287,-11.015729794352264,9.711095862322168,0.6207160636324344,3.8499063186419913,8.526095862322105,9.857881782546169,0,0,67.0,king+tour,1,36,8.290724981431456,0.19995731115341187,0.0,0.0
46.24,-18.40926994083081,-11.006533325021898,9.711320397593829,0.6222893608369732,3.8376195244532183,8.526320397593766,9.852718982922939,0,0,67.1,king+tour,1,36,8.27847634808221,0.1999528408050537,0.0,0.0
46.26,-18.400780588974865,-10.997439976321951,9.711561119059805,0.6221254542635375,3.825361729277416,8.526561119059743,9.849796802488518,0,0,67.1,king+tour,1,36,8.266258888670649,0.19994646310806274,0.0,0.0
46.28,-18.392162611047805,-10.98842265729058,9.71176988806668,0.6237490893040917,3.8130984064435607,8.526769888066617,9.844650157516897,0,0,67.2,king+tour,1,36,8.254038020194637,0.19992941617965698,0.0,0.0
46.3,-18.38343792197506,-10.979502227438834,9.711929229873439,0.6239384143635541,3.800859281201672,8.526929229873376,9.841662537208448,0,0,67.3,king+tour,1,36,8.241843201531601,0.19994141161441803,0.0,0.0
46.32,-18.374623300552344,-10.97065122262553,9.712062153394445,0.6246108902615973,3.78863078852993,8.527062153394382,9.83621502716118,0,0,67.3,king+tour,1,36,8.229660229269875,0.19994735717773438,0.0,0.0
46.34,-18.365767443505028,-10.961891318426897,9.71217167123168,0.6228445226707819,3.7764578964214306,8.527171671231617,9.832961228071353,0,0,67.4,king+tour,1,36,8.21753345599251,0.19996556639671326,0.0,0.0
46.36,-18.356871777139638,-10.953188454637425,9.712283369267473,0.6222644025525197,3.7643130118145933,8.52728336926741,9.827285630756466,0,0,67.5,king+tour,1,36,8.205434867704398,0.19996395707130432,0.0,0.0
46.38,-18.347980517614594,-10.944558836342265,9.712393667212332,0.6195501866242629,3.7522339460872995,8.52739366721227,9.823826225515662,0,0,67.5,king+tour,1,36,8.193401736334884,0.1999761462211609,0.0,0.0
46.4,-18.339092018183155,-10.935960983590382,9.712516724784667,0.6183519168965648,3.7401850833556396,8.527516724784604,9.817961334486194,0,0,67.6,king+tour,1,36,8.18139806562111,0.199971541762352,0.0,0.0
46.42,-18.3302460752142,-10.92740519800718,9.712638077202714,0.6153594485443387,3.7281967308356996,8.527638077202651,9.814306890364358,0,0,67.6,king+tour,1,36,8.169453705682214,0.1999794840812683,0.0,0.0
46.44,-18.321438261402378,-10.918842749974058,9.712762747371354,0.6142243953039284,3.7162255339933714,8.527762747371291,9.80824003657782,0,0,67.7,king+tour,1,36,8.157524970601132,0.19997449219226837,0.0,0.0
46.46,-18.312704089207248,-10.910277874053705,9.712869932527,0.6116664779984531,3.704294226044706,8.527869932526936,9.804358327361587,0,0,67.8,king+tour,1,36,8.145634220716095,0.19997940957546234,0.0,0.0
46.48,-18.304036746471837,-10.901654835293302,9.712957624359733,0.6113250310064395,3.6923521278478284,8.52795762435967,9.798143174104608,0,0,67.8,king+tour,1,36,8.133730495935263,0.19997505843639374,0.0,0.0
46.5,-18.295468069671195,-10.892971537060738,9.713012823955221,0.609969133040486,3.680414511753404,8.528012823955159,9.79408455133092,0,0,67.9,king+tour,1,36,8.121828768713007,0.19998012483119965,0.0,0.0
46.52,-18.287006907331037,-10.884172811814448,9.712955068572715,0.6103527049797153,3.6684394978547523,8.527955068572652,9.78931154406533,0,0,68.0,king+tour,1,36,8.109886776424764,0.19992463290691376,0.0,0.0
46.54,-18.27869958819235,-10.875256457438846,9.712758448714748,0.6094087011026168,3.65644993945853,8.527758448714685,9.785229389466199,0,0,68.0,king+tour,1,36,8.097926989146787,0.1999361366033554,0.0,0.0
46.56,-18.270548195216435,-10.86620881133793,9.712444837398865,0.6091047928572166,3.644435118025625,8.527444837398802,9.780288847294909,0,0,68.1,king+tour,1,36,8.085938741331212,0.19995605945587158,0.0,0.0
46.58,-18.262599275786023,-10.857033223928884,9.712037133835915,0.6073362878329924,3.6324226032314733,8.527037133835853,9.776548464404373,0,0,68.2,king+tour,1,36,8.073949295109307,0.19997765123844147,0.0,0.0
46.6,-18.254855445013593,-10.847716790604396,9.711578540666176,0.6061624217505154,3.6204025878955046,8.526578540666113,9.770524645834294,0,0,68.2,king+tour,1,36,8.061948902237424,0.19997714459896088,0.0,0.0
46.62,-18.24735811926961,-10.838279385217042,9.71107692669345,0.6031710585196919,3.608413798241288,8.526076926693387,9.766621830528178,0,0,68.3,king+tour,1,36,8.049976145530485,0.19998611509799957,0.0,0.0
46.64,-18.240112315327558,-10.828681624723142,9.710547796549344,0.6018692963889962,3.5964254477172917,8.525547796549281,9.76185155349867,0,0,68.4,king+tour,1,36,8.038000073303305,0.19998089969158173,0.0,0.0
46.66,-18.233142692324872,-10.81893864098941,9.709995440301503,0.5995966858227896,3.584463317843926,8.52499544030144,9.758479179923427,0,0,68.4,king+tour,1,36,8.02604642667621,0.19998688995838165,0.0,0.0
46.68,-18.22642988439078,-10.809043434290217,9.7094406300787,0.5985079789841707,3.5725109332671163,8.524440630078637,9.752712572280933,0,0,68.5,king+tour,1,36,8.01409895482469,0.19997958838939667,0.0,0.0
46.7,-18.219990833183402,-10.799026849433686,9.708871665528273,0.5960643281117918,3.5606033254402987,8.52387166552821,9.749118184839107,0,0,68.6,king+tour,1,36,8.002192745208784,0.19998542964458466,0.0,0.0
46.72,-18.213809678516416,-10.78885354241175,9.70828817190973,0.5959096273400228,3.5487021533108476,8.523288171909668,9.744740101904949,0,0,68.6,king+tour,1,36,7.990289383187269,0.199980691075325,0.0,0.0
46.74,-18.207903321265576,-10.778544850928037,9.707725169452893,0.5947082222555394,3.5368345599357593,8.52272516945283,9.740815234336372,0,0,68.7,king+tour,1,37,8.959601565119183,0.19005103409290314,0.0,0.0
46.76,-18.2022428695901,-10.768100500678116,9.70720786499884,0.5945434576454012,3.5249849216176194,8.522207864998776,9.737341209352174,0,0,68.7,king+tour,1,37,8.950503733865009,0.18087662756443024,0.0,0.0
46.78,-18.19684852337854,-10.757531060085203,9.70675994729001,0.593743791064787,3.5131732183927897,8.521759947289947,9.732691508065498,0,0,68.8,king+tour,1,37,8.941236240923244,0.1736222356557846,0.0,0.0
46.8,-18.19178028134677,-10.746886025603656,9.706386311920694,0.5897953878149746,3.5014737510208636,8.521386311920631,9.72966103106422,0,0,68.9,king+tour,1,37,8.931834844858411,0.16892434656620026,0.0,0.0
46.82,-18.187069414909512,-10.736155075453523,9.706095647135891,0.5861527952067359,3.4898950748860855,8.521095647135828,9.72547799927502,0,0,68.9,king+tour,1,37,8.922282376652785,0.16732360422611237,0.0,0.0
46.84,-18.182777441236812,-10.725398207243206,9.705897515039378,0.5791599693282958,3.478521442310838,8.520897515039316,9.722294087936774,0,0,69.0,king+tour,1,37,8.912624288224023,0.169901043176651,0.0,0.0
46.86,-18.178981258143295,-10.71462970830192,9.705800731889166,0.5709223732393979,3.467407107518001,8.520800731889103,9.717939402371616,0,0,69.1,king+tour,1,37,8.902857979941711,0.175664484500885,0.0,0.0
46.88,-18.175801888849367,-10.703917682825852,9.705866056184307,0.55870418418574,3.4566757797754377,8.520866056184245,9.715456281526864,0,0,69.1,king+tour,1,37,8.893024332482964,0.18331190943717957,0.0,0.0
46.9,-18.173329050104126,-10.693269564880875,9.70611525967619,0.5467162189163115,3.4463836486789217,8.521115259676128,9.711786921211834,0,0,69.2,king+tour,1,37,8.883111081534308,0.19102688133716583,0.0,0.0
46.92,-18.17166642202735,-10.682765982460595,9.706488619236291,0.5320455176543785,3.436656530741662,8.521488619236228,9.70894093228328,0,0,69.2,king+tour,1,37,8.873174673053448,0.19604066014289856,0.0,0.0
46.94,-18.170886084264826,-10.672421904924034,9.70691856309887,0.5191187697216978,3.427548496153634,8.521918563098808,9.704837552270213,0,0,69.3,king+tour,1,37,8.863213830983787,0.19874821603298187,0.0,0.0
46.96,-18.171030375059708,-10.662264305603335,9.707330677962307,0.5083490003285989,3.4191081383194826,8.522330677962245,9.702501283209427,0,0,69.3,king+tour,1,37,8.853245325251292,0.19987520575523376,0.0,0.0
46.98,-18.17215068456663,-10.652270042122973,9.707671878421113,0.503132223325281,3.4113475941906275,8.52267187842105,9.69919122703749,0,0,69.4,king+tour,1,37,8.843235267804928,0.20021992921829224,0.0,0.0
47.0,-18.17425294869844,-10.642447896810504,9.707905147672827,0.5023655729718808,3.4042816372288978,8.522905147672764,9.697515435017369,0,0,69.4,king+tour,1,37,8.833190700104954,0.20024536550045013,0.0,0.0
47.02,-18.177355836588763,-10.632770971754237,9.708012029118938,0.5081392905691198,3.3979027556695534,8.523012029118876,9.695396863563335,0,0,69.4,king+tour,1,37,8.82308145701827,0.20017820596694946,0.0,0.0
47.04,-18.181429523659364,-10.62323833442487,9.707999230848776,0.5183296841734113,3.3921990668949045,8.522999230848713,9.694829718602819,0,0,69.5,king+tour,1,37,8.812913136398906,0.20009498298168182,0.0,0.0
47.06,-18.186482499123315,-10.613843065391205,9.707885976862608,0.5334240051769844,3.3871752221492355,8.522885976862545,9.692850499978638,0,0,69.5,king+tour,1,37,8.802677892617346,0.20004022121429443,0.0,0.0
47.08,-18.19245956716073,-10.604596380151008,9.707698687469767,0.5505942416422156,3.3828160324256054,8.522698687469704,9.692606079789758,0,0,69.5,king+tour,1,37,8.792399062921145,0.20000357925891876,0.0,0.0
47.1,-18.199325982417875,-10.595461272833374,9.70747573671052,0.5715057988099084,3.379077635896032,8.522475736710458,9.692391867168851,0,0,69.6,king+tour,1,37,8.782048816214452,0.1999891996383667,0.0,0.0
47.12,-18.207029175509984,-10.586448039088564,9.707269440922413,0.592916782325047,3.375945530192626,8.52226944092235,9.692000019796291,0,0,69.6,king+tour,1,37,8.771649463210455,0.21994221210479736,0.0,0.0
47.14,-18.215464362432233,-10.57753034258989,9.707075124177276,0.6138311010635888,3.3733451485732715,8.522075124177213,9.690378878092746,0,0,69.6,king+tour,1,37,8.761198218268985,0.24182619154453278,0.0,0.0
47.16,-18.22458684963499,-10.568703289716508,9.706952098510433,0.6347278363768025,3.3712530048962677,8.52195209851037,9.690762990353877,0,0,69.6,king+tour,1,37,8.750700996016691,0.24845123291015625,0.0,0.0
47.18,-18.234322507554236,-10.55989251332348,9.70687998051488,0.6565402058782458,3.369571510718518,8.521879980514818,9.689779971639387,0,0,69.6,king+tour,1,37,8.740101649693836,0.2703686058521271,0.0,0.0
47.2,-18.24461427939152,-10.55109617324711,9.706830693291218,0.6769390584097644,3.3682721344573885,8.521830693291156,9.687255637232612,0,0,69.6,king+tour,1,37,8.72941148029107,0.293003112077713,0.0,0.0
47.22,-18.255400858133783,-10.54224243268165,9.706841061155128,0.697744778654967,3.3672662393715136,8.521841061155065,9.687016408206711,0,0,69.6,king+tour,1,37,8.718573962782404,0.2878267765045166,0.0,0.0
47.24,-18.26668720931557,-10.533245578246348,9.706921717630626,0.7216848657754557,3.3664925031081627,8.521921717630564,9.685516198657405,0,0,69.6,king+tour,1,37,8.707505574446168,0.30863749980926514,0.0,0.0
47.26,-18.278405449766773,-10.524033418668887,9.707076021742703,0.7453268630470374,3.3658589860976234,8.52207602174264,9.685684984080872,0,0,69.6,king+tour,1,37,8.696150499961275,0.33066803216934204,0.0,0.0
47.28,-18.290546538288645,-10.514536075613018,9.707286918396276,0.7707950976351203,3.3653102739343574,8.522286918396214,9.684037953791929,0,0,69.6,king+tour,1,37,8.684443316682565,0.35377684235572815,0.0,0.0
47.3,-18.303034948253284,-10.504686821965937,9.707468752676927,0.7953006421396362,3.3647548743326734,8.522468752676865,9.684600337344504,0,0,69.6,king+tour,1,37,8.672334652593314,0.3380492925643921,0.0,0.0
47.32,-18.315867914576017,-10.494408782817823,9.70757974703076,0.8220940230854696,3.3641364350816767,8.522579747030697,9.68639816178394,0,0,69.6,king+tour,1,37,8.659750657540151,0.3178679049015045,0.0,0.0
47.34,-18.329002953312706,-10.48365289738611,9.707591550066116,0.8488498885935798,3.3633980496817144,8.522591550066053,9.689683340567322,0,0,69.6,king+tour,1,37,8.646652393462189,0.29529857635498047,0.0,0.0
47.36,-18.342408756863556,-10.472435228229346,9.707536734877035,0.8740061139081093,3.362541592565672,8.522536734876972,9.692338706203055,0,0,69.6,king+tour,1,37,8.633062459282005,0.2719106078147888,0.0,0.0
47.38,-18.35598933374391,-10.460764837109078,9.707467931948388,0.895313954914967,3.361523492912929,8.522467931948325,9.697059659208506,0,0,69.6,king+tour,1,37,8.619008800298628,0.2484322339296341,0.0,0.0
47.4,-18.369682998110733,-10.448687905975694,9.707383471739652,0.9129291359664887,3.360349017877887,8.52238347173959,9.700726688056923,0,0,69.7,king+tour,1,37,8.604548846931438,0.22531317174434662,0.0,0.0
47.42,-18.383360502033035,-10.43624995081722,9.707347456109257,0.9243621303288831,3.358979628485843,8.522347456109195,9.706675595048953,0,0,69.7,king+tour,1,37,8.589751829887197,0.21145839989185333,0.0,0.0
47.44,-18.396936617356797,-10.423525373806728,9.707360049174119,0.9303573587139803,3.3574240549993735,8.522360049174056,9.71006908189093,0,0,69.7,king+tour,1,37,8.574706521621438,0.20407383143901825,0.0,0.0
47.46,-18.410305356952538,-10.410635022004405,9.707457447960723,0.92856590300583,3.355711767601771,8.52245744796066,9.715251931562806,0,0,69.7,king+tour,1,37,8.559550837018309,0.20073524117469788,0.0,0.0
47.48,-18.423384141188436,-10.397648472222581,9.707599433731096,0.9215818361435739,3.3538438002198054,8.522599433731033,9.717735847392728,0,0,69.7,king+tour,1,37,8.54436758509829,0.19959011673927307,0.0,0.0
47.5,-18.436098957508054,-10.384684137939121,9.707782949884706,0.9079843000205591,3.3518620328828086,8.522782949884643,9.721540996097344,0,0,69.7,king+tour,1,37,8.52928570067361,0.1993957906961441,0.0,0.0
47.52,-18.448386380645598,-10.371783565501396,9.707933182430656,0.8908256091961175,3.3497532489080717,8.522933182430593,9.722691081352133,0,0,69.7,king+tour,1,37,8.514356399127612,0.19946987926959991,0.0,0.0
47.54,-18.460200078424776,-10.35902945256727,9.708023350292137,0.869251088865257,3.3475452652944107,8.523023350292075,9.725972480056374,0,0,69.7,king+tour,1,37,8.499668063364012,0.19966794550418854,0.0,0.0
47.56,-18.471491538656505,-10.346432847008149,9.708090451010072,0.8458369350577118,3.345208216912703,8.52309045101001,9.726802350259538,0,0,69.7,king+tour,1,37,8.485238911546052,0.1998090296983719,0.0,0.0
47.58,-18.482206065980566,-10.334068268295436,9.708160381206541,0.818059888934427,3.342755734111334,8.523160381206479,9.727089133914298,0,0,69.8,king+tour,1,37,8.471150590489763,0.1998918354511261,0.0,0.0
47.6,-18.49231215288089,-10.321952451712184,9.708238498267445,0.7888791196867765,3.340171469709185,8.523238498267382,9.727669362133366,0,0,69.8,king+tour,1,37,8.457423677037179,0.1999293565750122,0.0,0.0
47.62,-18.50185203568358,-10.310110262541253,9.708336813855361,0.7603559597386792,3.3374933921009284,8.523336813855298,9.7276946706615,0,0,69.8,king+tour,1,37,8.444073655444917,0.19993466138839722,0.0,0.0
47.64,-18.510804451262626,-10.2985559906727,9.70844116927781,0.7308519569080604,3.334710168253101,8.523441169277747,9.726701292272915,0,0,69.8,king+tour,1,37,8.431117061973993,0.19996586441993713,0.0,0.0
47.66,-18.51922247892086,-10.287314021642318,9.708537104594452,0.7022361798565484,3.3318672855295492,8.52353710459439,9.725767825314309,0,0,69.8,king+tour,1,37,8.418567322308627,0.19998157024383545,0.0,0.0
47.68,-18.527131199314198,-10.276367188141972,9.708606281884723,0.6752514484282891,3.3289613136120084,8.52360628188466,9.725209314110675,0,0,69.8,king+tour,1,37,8.406402104169578,0.19997064769268036,0.0,0.0
47.7,-18.534606465806135,-10.265726550667114,9.708639503803834,0.6501997360287147,3.3260445649958994,8.523639503803771,9.723946460149381,0,0,69.8,king+tour,1,37,8.394618134284636,0.1999497413635254,0.0,0.0
47.72,-18.541659673474186,-10.255390121529151,9.708621051470221,0.6256793232586818,3.3231173383219508,8.523621051470158,9.72278239997623,0,0,69.9,king+tour,1,37,8.383210755230511,0.19996485114097595,0.0,0.0
47.74,-18.548372921216377,-10.245372478893975,9.708541333172446,0.6029660318399609,3.3202402616866076,8.523541333172384,9.720717425529827,0,0,69.9,king+tour,1,37,8.372179434983465,0.19997535645961761,0.0,0.0
47.76,-18.55476574168637,-10.235675177397138,9.708491640863437,0.5807501166760656,3.3174228943825383,8.523491640863375,9.71943032719453,0,0,69.9,king+tour,1,37,8.361521852449991,0.19992989301681519,0.0,0.0
47.78,-18.560903803502278,-10.226267095977839,9.708504814044778,0.5616670997591955,3.3146825702805898,8.523504814044715,9.717455135921758,0,0,69.9,king+tour,1,37,8.351195614829164,0.1999216079711914,0.0,0.0
47.8,-18.56680463780326,-10.21712346673679,9.708563144377145,0.5441259127560818,3.3120094599829657,8.523563144377082,9.716133808772307,0,0,69.9,king+tour,1,37,8.341172999873502,0.1999523639678955,0.0,0.0
47.82,-18.572559327095533,-10.208240356400644,9.708630561901513,0.5292226450591506,3.3094597638547887,8.52363056190145,9.713935786916032,0,0,69.9,king+tour,1,37,8.331434247661452,0.19996760785579681,0.0,0.0
47.84,-18.578194355794633,-10.199594882699143,9.708666245267528,0.5159918537769178,3.307032468424687,8.523666245267465,9.712526305961651,0,0,70.0,king+tour,1,37,8.32195214659879,0.1999513804912567,0.0,0.0
47.86,-18.583777691066928,-10.191141293823344,9.70863784660681,0.506551093493594,3.304739045530287,8.523637846606748,9.71027098737269,0,0,70.0,king+tour,1,37,8.31266992750811,0.19995856285095215,0.0,0.0
47.88,-18.589324358957892,-10.18284054257826,9.708620481862459,0.4991700548404266,3.30256020745934,8.523620481862396,9.70871347633544,0,0,70.0,king+tour,1,37,8.30354653804578,0.19994552433490753,0.0,0.0
47.9,-18.594921015732005,-10.174676205725838,9.708623148380363,0.4949216362146699,3.3005430900208914,8.5236231483803,9.707455103330812,0,0,70.0,king+tour,1,37,8.294551104218465,0.19995562732219696,0.0,0.0
47.92,-18.600592487230294,-10.166608571105128,9.708638744018707,0.4930835642999817,3.2986759603661717,8.523638744018644,9.706935401265524,0,0,70.0,king+tour,1,37,8.285640406175254,0.19996604323387146,0.0,0.0
47.94,-18.606396790814202,-10.158634883906881,9.708641317732415,0.49312684537970264,3.296997246455041,8.523641317732352,9.705534660879561,0,0,70.0,king+tour,1,37,8.27680210428854,0.19997912645339966,0.0,0.0
47.96,-18.612331114425647,-10.150727782139583,9.708605667998635,0.49431701869171674,3.2954857398382225,8.523605667998572,9.704844319590125,0,0,70.0,king+tour,1,37,8.268009936770348,0.19996976852416992,0.0,0.0
47.98,-18.618452605256195,-10.142863225349416,9.708605287249336,0.49830689248495363,3.2941648757596353,8.523605287249273,9.704212672136162,0,0,70.0,king+tour,1,37,8.259230878881597,0.19993478059768677,0.0,0.0
48.0,-18.62475684326182,-10.13498917430779,9.708659008286267,0.5043485466111839,3.292995552062431,8.523659008286204,9.704357359842655,0,0,70.0,king+tour,1,37,8.250414692987265,0.1999502182006836,0.0,0.0
48.02,-18.63128152187169,-10.127093384510756,9.708754342221813,0.5121621228680567,3.29199699727402,8.52375434222175,9.703763006690004,0,0,70.0,king+tour,1,37,8.241543372022523,0.19997236132621765,0.0,0.0
48.04,-18.63800342250263,-10.119134865329452,9.708860525825969,0.5208964643027517,3.2911254549343565,8.523860525825906,9.703871843342242,0,0,70.0,king+tour,1,37,8.232580739872693,0.1999690979719162,0.0,0.0
48.06,-18.64496703767845,-10.111106215051567,9.708945144931711,0.5314092631732936,3.290409102763543,8.523945144931648,9.70587274208185,0,0,70.0,king+tour,1,37,8.223512531809389,0.1999795138835907,0.0,0.0
48.08,-18.652161163750954,-10.102968822790631,9.709014172195836,0.5430869348423166,3.289815029742312,8.524014172195773,9.705563076108719,0,0,70.1,king+tour,1,37,8.214302969310188,0.19997917115688324,0.0,0.0
48.1,-18.65955124453148,-10.094739463079444,9.709057301954523,0.553031453388848,3.2893326229317434,8.52405730195446,9.70735988244418,0,0,70.1,king+tour,1,37,8.204974700824664,0.1999773532152176,0.0,0.0
48.12,-18.66714023852717,-10.086371271862578,9.709076223744352,0.5648446957853893,3.288933434385452,8.52407622374429,9.707144271584577,0,0,70.1,king+tour,1,37,8.19548140685816,0.19998453557491302,0.0,0.0
48.14,-18.674899709420405,-10.077873468281277,9.709072706315403,0.5753739362831857,3.2886058480736255,8.52407270631534,9.708920491761173,0,0,70.1,king+tour,1,37,8.185837192960578,0.19999152421951294,0.0,0.0
48.16,-18.682849500791917,-10.069245319055517,9.709057444249577,0.5866096974207246,3.2883659301088612,8.524057444249515,9.709469319750916,0,0,70.1,king+tour,1,37,8.176038494079114,0.19998683035373688,0.0,0.0
48.18,-18.69095872169302,-10.060485472348244,9.709050362367964,0.5968551501638225,3.28819277454463,8.524050362367902,9.711945670519881,0,0,70.1,king+tour,1,37,8.166089340574757,0.19999106228351593,0.0,0.0
48.2,-18.699234798891922,-10.051633041711629,9.709076093215819,0.6059283044528485,3.288120856737028,8.524076093215756,9.712759777540898,0,0,70.1,king+tour,1,37,8.156027510178971,0.19997945427894592,0.0,0.0
48.22,-18.70762137403145,-10.042685744085372,9.70915122237897,0.6131770172123281,3.28810947594386,8.524151222378908,9.715504821367904,0,0,70.1,king+tour,1,37,8.145860082948541,0.19997625052928925,0.0,0.0
48.24,-18.71611382681537,-10.033681052435071,9.709203839823196,0.618888104990609,3.2881823648035997,8.524203839823134,9.716575468790829,0,0,70.1,king+tour,1,37,8.135625050231171,0.1999518871307373,0.0,0.0
48.26,-18.72464836590018,-10.024611270965512,9.709210669395981,0.6226944273453039,3.288288683481254,8.524210669395918,9.718687968593114,0,0,70.1,king+tour,1,37,8.125325091386054,0.19995570182800293,0.0,0.0
48.28,-18.733213761833227,-10.015506551492159,9.70918528823724,0.6250251362575568,3.288441356279969,8.524185288237177,9.71914611103831,0,0,70.1,king+tour,1,37,8.11499184535773,0.1999722272157669,0.0,0.0
48.3,-18.741764059731164,-10.006350387962122,9.709142841092188,0.6263879119450793,3.28859578501588,8.524142841092125,9.721370569191663,0,0,70.1,king+tour,1,37,8.104616228804757,0.19998033344745636,0.0,0.0
48.32,-18.75030387186271,-9.997166698533741,9.709102811410661,0.6270369708686863,3.2887717149129876,8.524102811410598,9.721984675406135,0,0,70.1,king+tour,1,37,8.094221124778986,0.19998867809772491,0.0,0.0
48.34,-18.758780046113024,-9.98793266296723,9.70907741585503,0.6267247954635685,3.288914453463465,8.524077415854967,9.723284824970179,0,0,70.1,king+tour,1,37,8.083792130060367,0.19999247789382935,0.0,0.0
48.36,-18.76718952094245,-9.978667999741134,9.709071760333986,0.6256062731155768,3.289034730418205,8.524071760333923,9.722999304367905,0,0,70.1,king+tour,1,37,8.073349040352912,0.1999809294939041,0.0,0.0
48.38,-18.77551259207246,-9.969343433675927,9.709074622254514,0.6249421043789101,3.289098162459356,8.524074622254451,9.724491488992037,0,0,70.1,king+tour,1,37,8.0628657545594,0.19997796416282654,0.0,0.0
48.4,-18.78377808974851,-9.959973714525091,9.709094359659442,0.624720894407083,3.289136023194767,8.52409435965938,9.724328175765285,0,0,70.1,king+tour,1,37,8.052352281843248,0.19996236264705658,0.0,0.0
48.42,-18.791964004480374,-9.950566432103187,9.709138291052838,0.6235144195007839,3.2891366048366564,8.524138291052775,9.725898043809117,0,0,70.1,king+tour,1,37,8.04181929402527,0.1999666690826416,0.0,0.0
48.44,-18.80009627978848,-9.941162551221995,9.7092103749888,0.6216350887143253,3.289146017465326,8.524210374988737,9.726564019791148,0,0,70.1,king+tour,1,37,8.031303231898796,0.1999577134847641,0.0,0.0
48.46,-18.808146489731616,-9.931751398125712,9.709313101925199,0.6192459841486527,3.289135283966769,8.524313101925136,9.72723661924816,0,0,70.1,king+tour,1,37,8.02079765557069,0.19991149008274078,0.0,0.0
48.48,-18.81613808184362,-9.922374752124941,9.709443111181962,0.6160437020115803,3.2891487604814715,8.524443111181899,9.726401408676045,0,0,70.1,king+tour,1,37,8.010340239613273,0.19989870488643646,0.0,0.0
48.5,-18.8240754696536,-9.913025349097346,9.709598606965551,0.6132651163183646,3.289184427652881,8.524598606965489,9.727233368134401,0,0,70.1,king+tour,1,37,7.9999230419128144,0.1860836148262024,0.0,0.0
48.52,-18.832005995025995,-9.903746610039496,9.709806645284386,0.6103923146795821,3.289305828561345,8.524806645284324,9.726569678659535,0,0,70.1,king+tour,1,38,9.263773119613735,0.1721213161945343,0.0,0.0
48.54,-18.839925466423008,-9.89458676180413,9.710097898442303,0.6056105912735535,3.289539840420084,8.52509789844224,9.727670894797642,0,0,70.1,king+tour,1,38,9.26009603946865,0.15925222635269165,0.0,0.0
48.56,-18.847871971313754,-9.885647390001159,9.710500687336358,0.5983760253878533,3.2899793007398976,8.525500687336296,9.727407236086378,0,0,70.1,king+tour,1,38,9.256635317958766,0.1484212726354599,0.0,0.0
48.58,-18.85583241806812,-9.876972835413381,9.71105722179969,0.5893350923589011,3.2906404206088857,8.526057221799627,9.728866174656268,0,0,70.1,king+tour,1,38,9.253421503541357,0.14053335785865784,0.0,0.0
48.6,-18.863836149071346,-9.868668066956038,9.711855542041905,0.5780705067534473,3.2916099582299125,8.526855542041842,9.728831532181534,0,0,70.0,king+tour,1,38,9.250558860574149,0.1357497125864029,0.0,0.0
48.62,-18.871850552035035,-9.860880756852886,9.712930196128857,0.5613103751794766,3.2929523369648557,8.527930196128795,9.73059042902166,0,0,70.0,king+tour,1,38,9.248155171428737,0.13486787676811218,0.0,0.0
48.64,-18.87990993547395,-9.853716598736867,9.714341577082596,0.5437619403824281,3.2947563074319253,8.529341577082533,9.732079760622483,0,0,70.0,king+tour,1,38,9.246317396218473,0.13735777139663696,0.0,0.0
48.66,-18.887983344013698,-9.847326121525354,9.716128847091747,0.5225238236820111,3.2970867810365365,8.531128847091685,9.735386272658522,0,0,70.0,king+tour,1,38,9.245155944002756,0.14338834583759308,0.0,0.0
48.68,-18.89607393294336,-9.841814498557785,9.718359455817883,0.5020239841245453,3.3000059180663053,8.53335945581782,9.737769706412239,0,0,70.0,king+tour,1,38,9.244760385571848,0.15169233083724976,0.0,0.0
48.7,-18.904114629088742,-9.837327834370475,9.72106665036952,0.47987459917266817,3.303545410285568,8.536066650369458,9.741968859758085,0,0,70.0,king+tour,1,38,9.245217567945083,0.16248349845409393,0.0,0.0
48.72,-18.912113851289153,-9.833964789272223,9.724282672088465,0.46271055704707353,3.3077661402579053,8.539282672088403,9.74676128122925,0,0,70.0,king+tour,1,38,9.246613802229643,0.1744258850812912,0.0,0.0
48.74,-18.92000784300756,-9.831847636950485,9.727952647753586,0.4479569192074426,3.3126866133664032,8.542952647753523,9.752031550209965,0,0,70.0,king+tour,1,38,9.249016952285405,0.18632391095161438,0.0,0.0
48.76,-18.927762832283268,-9.8310181352265,9.731957764884298,0.43837454022552036,3.318299508316971,8.546957764884235,9.75954955093921,0,0,69.9,king+tour,1,38,9.252442464856442,0.19382911920547485,0.0,0.0
48.78,-18.935342634897548,-9.831501800196902,9.736152680534524,0.43383365702645427,3.3245863898590797,8.55115268053446,9.76582564310668,0,0,69.9,king+tour,1,38,9.256890804710013,0.19788900017738342,0.0,0.0
48.8,-18.94266870674913,-9.833281207376947,9.740414941657015,0.43302565906446566,3.3314700132951196,8.555414941656952,9.77385938173586,0,0,69.9,king+tour,1,38,9.262303623749439,0.199689120054245,0.0,0.0
48.82,-18.94971139825742,-9.83638207684827,9.744655166037585,0.4393017128258286,3.338939332740114,8.559655166037523,9.780941246177985,0,0,69.9,king+tour,1,38,9.268685288668951,0.20028679072856903,0.0,0.0
48.84,-18.956402213993762,-9.840776895697958,9.748837408954017,0.45158776486777735,3.3469212739173826,8.563837408953955,9.788054099982766,0,0,69.8,king+tour,1,38,9.275974624533704,0.2003743201494217,0.0,0.0
48.86,-18.962729762977087,-9.846438088870872,9.752953385825471,0.4717739127054615,3.3553892919410795,8.567953385825408,9.79695869653625,0,0,69.8,king+tour,1,38,9.28414117637287,0.20027686655521393,0.0,0.0
48.88,-18.968678047883834,-9.853326476339465,9.757035478983598,0.49873705447085126,3.3643074449404944,8.572035478983535,9.804498192226216,0,0,69.7,king+tour,1,38,9.293142541008244,0.20014673471450806,0.0,0.0
48.9,-18.97418990856023,-9.861362549424944,9.761078522403702,0.52750658490681,3.3735838044577195,8.57607852240364,9.812827028669643,0,0,69.7,king+tour,1,38,9.302880542064566,0.20007385313510895,0.0,0.0
48.92,-18.979269296438716,-9.870446029205894,9.765124893687743,0.5583075020079256,3.383163110327677,8.58012489368768,9.81983489587399,0,0,69.6,king+tour,1,38,9.31327243374208,0.20002377033233643,0.0,0.0
48.94,-18.983895177923426,-9.880491077736501,9.76909782252929,0.5875498767611647,3.3929799406513763,8.584097822529227,9.828403276497648,0,0,69.6,king+tour,1,38,9.324234594368214,0.19996154308319092,0.0,0.0
48.96,-18.98811193787111,-9.891383606241199,9.772916611601914,0.6144334619453518,3.403003638789077,8.587916611601852,9.835350835089745,0,0,69.6,king+tour,1,38,9.335694721100548,0.19985024631023407,0.0,0.0
48.98,-18.99191778677922,-9.902995947373677,9.776532628701185,0.6371941072989984,3.4131587694311825,8.591532628701122,9.843575867823402,0,0,69.5,king+tour,1,38,9.347544497576221,0.19982576370239258,0.0,0.0
49.0,-18.995357150576254,-9.915228689048966,9.779884312306708,0.6570825199589853,3.42342347715108,8.594884312306645,9.850041513357189,0,0,69.5,king+tour,1,38,9.359724262057997,0.19977238774299622,0.0,0.0
49.02,-18.998446878251826,-9.927936242318664,9.782939569822704,0.6714963248232656,3.433725133555776,8.59793956982264,9.857440656342181,0,0,69.4,king+tour,1,38,9.372120584850325,0.1997879147529602,0.0,0.0
49.04,-19.001228763410023,-9.941045824197607,9.78571505190899,0.6842940210271437,3.4440550959237615,8.600715051908928,9.863168270519303,0,0,69.4,king+tour,1,38,9.384694876551182,0.19986845552921295,0.0,0.0
49.06,-19.00372837232142,-9.954428759860617,9.788208325429308,0.6920394217769292,3.4543565131016623,8.603208325429245,9.86979977142847,0,0,69.3,king+tour,1,38,9.397352527157427,0.19988913834095,0.0,0.0
49.08,-19.00600223274621,-9.968017776155243,9.790356349187135,0.6972191390646738,3.464634070298906,8.605356349187073,9.874807154909185,0,0,69.3,king+tour,1,38,9.410067249248858,0.19977721571922302,0.0,0.0
49.1,-19.008085690944565,-9.981695380618262,9.792111598745242,0.6973137079577927,3.474843538388323,8.60711159874518,9.880580718599576,0,0,69.2,king+tour,1,38,9.422758801796139,0.19973213970661163,0.0,0.0
49.12,-19.010032463387486,-9.995410847029346,9.793550033435325,0.6963710149333259,3.48499587790141,8.608550033435263,9.88484875651326,0,0,69.1,king+tour,1,38,9.435413075058824,0.19987420737743378,0.0,0.0
49.14,-19.011863618083034,-10.009089880961032,9.794668300295351,0.6923142667775133,3.4950610732481553,8.609668300295288,9.889804332004088,0,0,69.1,king+tour,1,38,9.447978495296057,0.19988442957401276,0.0,0.0
49.16,-19.01361995378048,-10.022721159284705,9.79554569156589,0.68859690541928,3.5050635852497685,8.610545691565827,9.89335472398697,0,0,69.0,king+tour,1,38,9.460467210480692,0.19995445013046265,0.0,0.0
49.18,-19.015329014448834,-10.036237998331112,9.796163330525555,0.6819224737077645,3.514982012416272,8.611163330525493,9.89762341987239,0,0,69.0,king+tour,1,38,9.472837288214823,0.19991134107112885,0.0,0.0
49.2,-19.01703776159955,-10.049638057359635,9.796576008301685,0.6757434826542519,3.5248502949677256,8.611576008301622,9.900550588107155,0,0,68.9,king+tour,1,38,9.485111531015775,0.19995024800300598,0.0,0.0
49.22,-19.018778848569045,-10.06286452895638,9.796739231803665,0.667078662240158,3.534656152152213,8.611739231803602,9.904307342108929,0,0,68.9,king+tour,1,38,9.497258843642571,0.19988639652729034,0.0,0.0
49.24,-19.02060303746197,-10.075925699518992,9.796675387005505,0.6594048789267751,3.544442405928889,8.611675387005443,9.908237682493116,0,0,68.8,king+tour,1,38,9.509312843940075,0.19992099702358246,0.0,0.0
49.26,-19.022524104970362,-10.088805095122295,9.796426516167944,0.6512128457193876,3.554207425468879,8.611426516167882,9.91117485304085,0,0,68.8,king+tour,1,38,9.521266525619621,0.19994448125362396,0.0,0.0
49.28,-19.024531225281823,-10.101510914667966,9.796047282042146,0.6434481346503245,3.563946618252084,8.611047282042083,9.915337723704074,0,0,68.7,king+tour,1,38,9.53312084966493,0.19997099041938782,0.0,0.0
49.3,-19.02665922742915,-10.114025286712776,9.79557981548303,0.6351307459863558,3.573673408640687,8.610579815482968,9.918001999051521,0,0,68.7,king+tour,1,38,9.544878697087405,0.199971541762352,0.0,0.0
49.32,-19.028881170126642,-10.12634282025288,9.795050167647485,0.626376860787921,3.5833621337506187,8.610050167647422,9.921946752073389,0,0,68.6,king+tour,1,38,9.556520991214839,0.1999804526567459,0.0,0.0
49.34,-19.031212537121643,-10.138481150391666,9.794557988370176,0.6184993352150063,3.593034489006453,8.609557988370113,9.924398896502476,0,0,68.6,king+tour,1,38,9.568070601169833,0.19993165135383606,0.0,0.0
49.36,-19.033608781652635,-10.150459174668924,9.794135057334538,0.6111340362388216,3.6026676354374114,8.609135057334475,9.928217307603367,0,0,68.5,king+tour,1,38,9.579519931848118,0.19994501769542694,0.0,0.0
49.38,-19.036099225639042,-10.162287764067397,9.793775911391247,0.6046627659606182,3.612289698272864,8.608775911391184,9.931087786494793,0,0,68.5,king+tour,1,38,9.590893438774435,0.1999545693397522,0.0,0.0
49.4,-19.038645813908417,-10.173986487309987,9.793465348044386,0.5988357181081894,3.621883635877107,8.608465348044323,9.935257825600408,0,0,68.4,king+tour,1,38,9.602187601413705,0.19997265934944153,0.0,0.0
49.42,-19.041259097572354,-10.185570497435362,9.793181640722024,0.5939255675961232,3.6314664497123683,8.608181640721961,9.938022593810803,0,0,68.3,king+tour,1,38,9.613420705312976,0.19997094571590424,0.0,0.0
49.44,-19.043883198067284,-10.197060537474687,9.79290078259934,0.5894612048257697,3.641008942961449,8.607900782599277,9.94197917056507,0,0,68.3,king+tour,1,38,9.624580986763542,0.1999790072441101,0.0,0.0
49.46,-19.04653713871457,-10.20847049757415,9.792688784359331,0.5858232107137717,3.650534024682662,8.607688784359269,9.945027578060573,0,0,68.2,king+tour,1,38,9.63569016739178,0.19993768632411957,0.0,0.0
49.48,-19.049172542783424,-10.219819630807066,9.792564377199012,0.5825883128036904,3.6600176438335414,8.60756437719895,9.949302573427145,0,0,68.2,king+tour,1,38,9.646739248564732,0.1999513804912567,0.0,0.0
49.5,-19.051795203151233,-10.231123678190288,9.792518448194024,0.5802196655588712,3.669474296248609,8.60751844819396,9.95232192035922,0,0,68.1,king+tour,1,38,9.657744652880744,0.1999596804380417,0.0,0.0
49.52,-19.05434334000154,-10.242400391066921,9.792521789802962,0.5780511782625255,3.678869404997979,8.607521789802899,9.956461176268917,0,0,68.1,king+tour,1,38,9.668689197883964,0.19997617602348328,0.0,0.0
49.54,-19.056829714808945,-10.253666134027434,9.792632162018297,0.5768691492902535,3.6882234548604322,8.607632162018234,9.95968199337698,0,0,68.0,king+tour,1,38,9.6795935563724,0.19993574917316437,0.0,0.0
49.56,-19.05919969935992,-10.264938100025237,9.792854188294829,0.5760280806847953,3.6975073421378215,8.607854188294766,9.964034131237234,0,0,68.0,king+tour,1,38,9.690443921475026,0.19995185732841492,0.0,0.0
49.58,-19.061468326879602,-10.276227034446183,9.79317102839254,0.5759494310071918,3.706739789728137,8.608171028392478,9.967251487425694,0,0,67.9,king+tour,1,38,9.701257421061625,0.19996191561222076,0.0,0.0
49.6,-19.06358292301883,-10.287542444891924,9.79355013793458,0.5758770581306591,3.71588844140484,8.608550137934518,9.971497309664576,0,0,67.9,king+tour,1,38,9.712014816410298,0.19997908174991608,0.0,0.0
49.62,-19.06556674388419,-10.298896203602256,9.793960867450783,0.5766543176239438,3.724979095424571,8.60896086745072,9.975382757627573,0,0,67.8,king+tour,1,38,9.72273853576807,0.1999765783548355,0.0,0.0
49.64,-19.06737544639843,-10.310297996838155,9.79438968313938,0.5776161715923359,3.733986051452379,8.609389683139318,9.98019914803447,0,0,67.8,king+tour,1,38,9.733413928885073,0.19998446106910706,0.0,0.0
49.66,-19.069016655844788,-10.321739767281592,9.794832577258834,0.578368037084005,3.7429102902122455,8.609832577258771,9.983904527278755,0,0,67.8,king+tour,1,38,9.744038311274632,0.19997768104076385,0.0,0.0
49.68,-19.07043263121956,-10.333209106281204,9.795283568945399,0.5782605745927416,3.7517016185736316,8.610283568945336,9.988468306078145,0,0,67.7,king+tour,1,38,9.754571291284108,0.19998429715633392,0.0,0.0
49.7,-19.071639449000333,-10.344699853607752,9.795742931451173,0.5781537364539265,3.760368613265194,8.61074293145111,9.991938792293531,0,0,67.7,king+tour,1,38,9.765016249216261,0.1999780535697937,0.0,0.0
49.72,-19.072587837919453,-10.356200231126584,9.796210197918995,0.5774436391750918,3.7688679653041204,8.611210197918933,9.996217631086136,0,0,67.6,king+tour,1,38,9.775337829256252,0.19998407363891602,0.0,0.0
49.74,-19.073301984402615,-10.367706285231764,9.796687385091277,0.5769033581722033,3.7772157245128195,8.611687385091214,9.999440583428138,0,0,67.6,king+tour,1,38,9.78554553925588,0.19997674226760864,0.0,0.0
49.76,-19.073741095513434,-10.379207111514555,9.797170325153658,0.5759666979488118,3.7853755514690817,8.612170325153595,10.00343604150547,0,0,67.5,king+tour,1,38,9.795609247104437,0.19998349249362946,0.0,0.0
49.78,-19.073937834694284,-10.390701587353217,9.797659131880582,0.5753273266739767,3.7933715773592454,8.61265913188052,10.006385498338306,0,0,67.5,king+tour,1,38,9.805545282051066,0.19997744262218475,0.0,0.0
49.8,-19.073859763799167,-10.40218034928889,9.798151638835503,0.5744794028970553,3.8011747057267042,8.61315163883544,10.010086192931578,0,0,67.4,king+tour,1,38,9.81532921122244,0.19998420774936676,0.0,0.0
49.82,-19.073547461204697,-10.413645522322346,9.798648214644716,0.5740085215654119,3.8088169365690105,8.613648214644654,10.01275928714942,0,0,67.4,king+tour,1,38,9.82498421456195,0.1999778002500534,0.0,0.0
49.84,-19.072976682295263,-10.425089703124094,9.799145166141292,0.5734588554911809,3.8162764965823173,8.61414516614123,10.016176095338183,0,0,67.4,king+tour,1,38,9.834491797993381,0.19998469948768616,0.0,0.0
49.86,-19.072192940579257,-10.436520656091814,9.799639388397141,0.5734221666142282,3.823592664304634,8.614639388397078,10.018558201716447,0,0,67.3,king+tour,1,38,9.843882466137325,0.19997882843017578,0.0,0.0
49.88,-19.071176857729228,-10.44793521314772,9.800128324919767,0.5735058763077359,3.8307500952453166,8.615128324919704,10.021682952583,0,0,67.3,king+tour,1,38,9.853143868223466,0.19998492300510406,0.0,0.0
49.9,-19.06997685275719,-10.459347649705922,9.800606183419891,0.5742648972252566,3.8377944863591242,8.615606183419828,10.024420896405703,0,0,67.3,king+tour,1,38,9.862313518950755,0.1999777853488922,0.0,0.0
49.92,-19.06857622970281,-10.470759914270579,9.801077762139606,0.5753779495320172,3.844715973274927,8.616077762139543,10.027909525140581,0,0,67.2,king+tour,1,38,9.871384833017181,0.1999841034412384,0.0,0.0
49.94,-19.067012806532855,-10.482171330454815,9.801548428112596,0.5763814661236479,3.851542069257967,8.616548428112534,10.03040693944786,0,0,67.2,king+tour,1,38,9.880376979688455,0.19997739791870117,0.0,0.0
49.96,-19.06526088597208,-10.49356692332245,9.802020894329296,0.5769575087951921,3.858244627812102,8.617020894329233,10.033654852452617,0,0,67.2,king+tour,1,38,9.889264225609296,0.1999843269586563,0.0,0.0
49.98,-19.063360471060452,-10.504953349878328,9.802496230657358,0.5776855355068538,3.864857608125678,8.617496230657295,10.035911644536576,0,0,67.1,king+tour,1,38,9.898073082348105,0.19997869431972504,0.0,0.0
50.0,-19.061287927283345,-10.516321464271174,9.802975395695972,0.5782712635327555,3.871358363294189,8.61797539569591,10.038919104608567,0,0,67.1,king+tour,1,38,9.906783875994774,0.1999851018190384,0.0,0.0
50.02,-19.05908970330169,-10.527682767623611,9.80345499576098,0.5790971826083345,3.877788644361754,8.618454995760917,10.041194979628923,0,0,67.1,king+tour,1,38,9.91543050055205,0.19997838139533997,0.0,0.0
50.04,-19.056748811909785,-10.539031679007149,9.803933007961923,0.5798837335283922,3.8841329859030886,8.61893300796186,10.044219203972906,0,0,67.0,king+tour,1,38,9.923999726009603,0.19998455047607422,0.0,0.0
50.06,-19.054291775127307,-10.550385909550712,9.80440167618447,0.5813244165044333,3.8904232278103,8.619401676184408,10.046303625240359,0,0,67.0,king+tour,1,38,9.932520553734731,0.1999778002500534,0.0,0.0
50.08,-19.05168233110417,-10.561743838142336,9.80485276733774,0.5831278231032123,3.896633201314991,8.619852767337678,10.04909981076161,0,0,67.0,king+tour,1,38,9.940973389178664,0.19998407363891602,0.0,0.0
50.1,-19.04895327735015,-10.573126441681083,9.805276962848158,0.5856435339515293,3.902801598961122,8.620276962848095,10.052010357129443,0,0,66.9,king+tour,1,38,9.949393256973822,0.1999777853488922,0.0,0.0
50.12,-19.046074568092855,-10.584534432515214,9.805684811619042,0.5886330828274637,3.9089085341231584,8.620684811618979,10.055022131121735,0,0,66.9,king+tour,1,38,9.95776581215851,0.1999841332435608,0.0,0.0
50.14,-19.043064764695263,-10.595955974320022,9.8060858227494,0.5909131569397531,3.9149593563583336,8.621085822749338,10.057128006802378,0,0,66.9,king+tour,1,38,9.966090574210078,0.19997721910476685,0.0,0.0
50.16,-19.039890480525518,-10.607378597601347,9.806480374952715,0.593102170916792,3.9209225310611795,8.621480374952652,10.059910836069427,0,0,66.8,king+tour,1,38,9.974340197634,0.19998407363891602,0.0,0.0
50.18,-19.03658697775316,-10.618816807232353,9.806866849448857,0.5955987169772502,3.926833807163668,8.621866849448795,10.062501470056366,0,0,66.8,king+tour,1,38,9.982545343804034,0.19997826218605042,0.0,0.0
50.2,-19.03312787392265,-10.630261778165996,9.807256829735149,0.5981321835637691,3.932669229162618,8.622256829735086,10.06576574062731,0,0,66.8,king+tour,1,38,9.9906853896482,0.1999843716621399,0.0,0.0
50.22,-19.02954258863156,-10.64170765362348,9.807661460302162,0.6000542923403938,3.938445712310978,8.6226614603021,10.068176661835164,0,0,66.7,king+tour,1,38,9.99877041548376,0.19997695088386536,0.0,0.0
50.24,-19.02580398504274,-10.653123655491804,9.808004090599635,0.600873636825327,3.944122864446768,8.623004090599572,10.071172241218159,0,0,66.7,king+tour,1,38,10.006760449481305,0.19994598627090454,0.0,0.0
50.26,-19.021949524825768,-10.664509388043028,9.80826073339289,0.6011606166731525,3.9497267576373782,8.623260733392828,10.073186953172005,0,0,66.7,king+tour,1,38,10.014674231615501,0.19994714856147766,0.0,0.0
50.28,-19.017957677073,-10.675838825943092,9.808440328405744,0.6006730932489724,3.955224072908499,8.623440328405682,10.075755927708322,0,0,66.7,king+tour,1,38,10.022478664613732,0.199966698884964,0.0,0.0
50.3,-19.013854977530997,-10.687121300708588,9.808559301668163,0.6002927098573662,3.9606401361617647,8.6235593016681,10.077427577390212,0,0,66.6,king+tour,1,38,10.030195323568591,0.19996988773345947,0.0,0.0
50.32,-19.00961040457753,-10.698338798593719,9.808632970700321,0.5996959343837137,3.965940898357176,8.623632970700259,10.079665207347302,0,0,66.6,king+tour,1,38,10.037793296376064,0.1999811977148056,0.0,0.0
50.34,-19.00525746638356,-10.709506264544332,9.808677346323439,0.5992961201996299,3.971160460705367,8.623677346323376,10.081138850501251,0,0,66.6,king+tour,1,38,10.045302468165175,0.1999770700931549,0.0,0.0
50.36,-19.000772127057907,-10.720609827799164,9.808702769433875,0.5987654635891942,3.976272589788553,8.623702769433812,10.083200682311052,0,0,66.5,king+tour,1,38,10.052699022425102,0.19998443126678467,0.0,0.0
50.38,-18.996193629221825,-10.731667086687947,9.808712671458146,0.5983847312111907,3.9813170986772453,8.623712671458083,10.084901327289575,0,0,66.5,king+tour,1,38,10.060017937033031,0.1999789923429489,0.0,0.0
50.4,-18.991503448115655,-10.742665230373541,9.808719111859373,0.5978231444507405,3.9862722333202067,8.62371911185931,10.087197259931688,0,0,66.5,king+tour,1,38,10.067239045683426,0.19998478889465332,0.0,0.0
50.42,-18.986717140215262,-10.753612916055145,9.80872430574259,0.5974123200875827,3.991155093100554,8.623724305742527,10.088690574601477,0,0,66.5,king+tour,1,38,10.074377743595093,0.1999777853488922,0.0,0.0
50.44,-18.98179377912012,-10.764486135826957,9.808725350314006,0.5967964346626169,3.9959206400062763,8.623725350313943,10.090736169951086,0,0,66.4,king+tour,1,38,10.081393082445643,0.19998395442962646,0.0,0.0
50.46,-18.976755428226177,-10.775299194397777,9.80872201570858,0.5964629630288956,4.000594570471754,8.623722015708518,10.091991976998886,0,0,66.4,king+tour,1,38,10.088308606678178,0.1999780237674713,0.0,0.0
50.48,-18.97156824085512,-10.786032564734878,9.808711349646572,0.5960542453936226,4.005140053521201,8.62371134964651,10.09377086380769,0,0,66.4,king+tour,1,38,10.095090836741441,0.19998447597026825,0.0,0.0
50.5,-18.96626030431539,-10.796706455073865,9.808691314464836,0.59604221051665,4.0095912173669515,8.623691314464773,10.094900848370337,0,0,66.4,king+tour,1,38,10.101771422228728,0.19997867941856384,0.0,0.0
50.52,-18.960804280509922,-10.80730608101865,9.808662637076589,0.5960727479255228,4.013919211925797,8.623662637076526,10.096540915980647,0,0,66.3,king+tour,1,38,10.108324268357919,0.1999846249818802,0.0,0.0
50.54,-18.955232317279933,-10.817852392254405,9.80862569298122,0.5963908529310911,4.018161395867649,8.623625692981157,10.097804946000634,0,0,66.3,king+tour,1,38,10.114783642263545,0.19997811317443848,0.0,0.0
50.56,-18.94952190871805,-10.828330169098596,9.808585791032007,0.5966451326077205,4.022291841957724,8.623585791031944,10.099580499378666,0,0,66.3,king+tour,1,38,10.121125466048547,0.19998428225517273,0.0,0.0
50.58,-18.943707252255106,-10.838752287609674,9.808547150999903,0.5967249724393492,4.026343076536883,8.62354715099984,10.100573695928075,0,0,66.3,king+tour,1,38,10.12737791324709,0.1999782770872116,0.0,0.0
50.6,-18.937769186214414,-10.849094224162798,9.808512796355103,0.5962748112533438,4.030284271899547,8.62351279635504,10.102076076043742,0,0,66.3,king+tour,1,38,10.13351040481234,0.1999843269586563,0.0,0.0
50.62,-18.931731360046626,-10.859377134809503,9.80848058128649,0.5962269576494555,4.034147132347541,8.623480581286428,10.102975136127125,0,0,66.2,king+tour,1,38,10.139553117591168,0.19997788965702057,0.0,0.0
50.64,-18.925564717636828,-10.869583066944525,9.808446024243468,0.5962166626827281,4.03789936896244,8.623446024243405,10.104360745870036,0,0,66.2,king+tour,1,38,10.145476409171618,0.19998429715633392,0.0,0.0
50.66,-18.919297367737396,-10.879735238377435,9.808404432849775,0.5965483832203596,4.041577181628957,8.623404432849712,10.105495585553117,0,0,66.2,king+tour,1,38,10.151314422079047,0.19997860491275787,0.0,0.0
50.68,-18.91290528533234,-10.889816572838336,9.808363139071364,0.5968536821569931,4.04515229763558,8.623363139071301,10.107108500124307,0,0,66.2,king+tour,1,38,10.15704076202107,0.19998428225517273,0.0,0.0
50.7,-18.906418235359425,-10.899837598225496,9.808328061452187,0.596875191309988,4.048652234973043,8.623328061452124,10.108015165521552,0,0,66.2,king+tour,1,38,10.16267923212455,0.1999770998954773,0.0,0.0
50.72,-18.899815700553688,-10.909767525033972,9.808300901956143,0.5962332805221855,4.052040408167311,8.62330090195608,10.109390737018389,0,0,66.1,king+tour,1,38,10.168193116259271,0.1999833881855011,0.0,0.0
50.74,-18.893121151251357,-10.919624344439391,9.808283588891024,0.5957645904521471,4.055345818663637,8.623283588890962,10.110087075228801,0,0,66.1,king+tour,1,38,10.173609637033419,0.19999372959136963,0.0,0.0
50.76,-18.88630851786557,-10.929383208441354,9.808272519194597,0.5950788241823796,4.058532838136985,8.623272519194535,10.111233741307906,0,0,66.1,king+tour,1,38,10.17889460673211,0.19999802112579346,0.0,0.0
50.78,-18.87940620575573,-10.939069152342816,9.808267345537564,0.5946836312079063,4.061638998769264,8.623267345537501,10.111700119099291,0,0,66.1,king+tour,1,38,10.18408376984078,0.19999177753925323,0.0,0.0
50.8,-18.87239385487641,-10.948663357117884,9.808264663928773,0.5941839725868744,4.064636973468688,8.62326466392871,10.11261242720096,0,0,66.1,king+tour,1,38,10.189150983083023,0.19999459385871887,0.0,0.0
50.82,-18.865304271470237,-10.958198057632613,9.80826150479632,0.5940806274378836,4.067572616554059,8.623261504796258,10.113122789835456,0,0,66.1,king+tour,1,38,10.194140380324338,0.19998988509178162,0.0,0.0
50.84,-18.858122243344546,-10.967660618258103,9.808258005436066,0.593973050387837,4.070426667525154,8.623258005436004,10.114091225529743,0,0,66.0,king+tour,1,38,10.199033713815068,0.1999884843826294,0.0,0.0
50.86,-18.85088388143524,-10.97708034143788,9.808255019272252,0.593980380212358,4.073244723286607,8.62325501927219,10.114355545213245,0,0,66.0,king+tour,1,38,10.203874062717487,0.19998961687088013,0.0,0.0
50.88,-18.843578657962023,-10.986440788042888,9.808251799717363,0.5936839668637437,4.076007442334569,8.6232517997173,10.115094373134976,0,0,66.0,king+tour,1,38,10.208642037649575,0.19999359548091888,0.0,0.0
50.9,-18.836233565046143,-10.995777880514042,9.808242685830669,0.5939944629807609,4.0787598078870335,8.623242685830606,10.115778198417773,0,0,66.0,king+tour,1,38,10.213382141642633,0.19998855888843536,0.0,0.0
50.92,-18.828829765965924,-11.005080336911648,9.808231370537053,0.5944578704279257,4.081481385242346,8.62323137053699,10.116942953899835,0,0,66.0,king+tour,1,38,10.218075590976577,0.19997528195381165,0.0,0.0
50.94,-18.821397521196975,-11.014368307779458,9.808224776303144,0.5947787585118388,4.084206828985367,8.623224776303081,10.117451153718251,0,0,66.0,king+tour,1,39,11.07724753819545,0.199795663356781,0.0,0.0
50.96,-18.813923150198942,-11.023613843222927,9.808227017412456,0.5944454400431916,4.086905723089598,8.623227017412393,10.118452058880736,0,0,66.0,king+tour,1,39,11.087237728944489,0.199837327003479,0.0,0.0
50.98,-18.806440985519355,-11.03284499078863,9.808242248410258,0.5941319416920883,4.089621247377337,8.623242248410195,10.118824363018396,0,0,65.9,king+tour,1,39,11.097218196999542,0.1999218761920929,0.0,0.0
51.0,-18.798942162909675,-11.042040658938388,9.808268930378835,0.5932819000680496,4.0923311869693,8.623268930378773,10.119709882895684,0,0,65.9,king+tour,1,39,11.107168939098955,0.199968621134758,0.0,0.0
51.02,-18.79146457242891,-11.05123711024183,9.808305001868666,0.5926431833889748,4.095087220725392,8.623305001868603,10.119923965070376,0,0,65.9,king+tour,1,39,11.11712190931091,0.19997647404670715,0.0,0.0
51.04,-18.78400377183667,-11.060420540375631,9.808347449452913,0.5916095340192968,4.097875463230705,8.62334744945285,10.120679739231578,0,0,65.9,king+tour,1,39,11.12706382460668,0.19998984038829803,0.0,0.0
51.06,-18.776600382514832,-11.06963519517325,9.808390375681558,0.59102004862584,4.100755456381884,8.623390375681495,10.120717046071436,0,0,65.9,king+tour,1,39,11.137034164367153,0.1999906599521637,0.0,0.0
51.08,-18.769253639493645,-11.078874434896045,9.808422970959835,0.5902102297631445,4.103721136370936,8.623422970959773,10.121321895663462,0,0,65.9,king+tour,1,39,11.147026300681846,0.19998842477798462,0.0,0.0
51.1,-18.761973038443053,-11.088183501159481,9.808428273131922,0.5909016298588318,4.106814121288362,8.623428273131859,10.12231771253787,0,0,65.9,king+tour,1,39,11.157084032708871,0.19997598230838776,0.0,0.0
51.12,-18.754728763683,-11.097555413340064,9.808409872574693,0.5922680839370469,4.110010879276681,8.62340987257463,10.123859987114859,0,0,65.8,king+tour,1,39,11.16720361613201,0.19998234510421753,0.0,0.0
51.14,-18.74753761933467,-11.107003544010972,9.808378898126994,0.5936764472958584,4.113332141565019,8.623378898126932,10.124764669005915,0,0,65.8,king+tour,1,39,11.177396375795848,0.1999848186969757,0.0,0.0
51.16,-18.74037924470442,-11.116488037114186,9.808342558828514,0.5941364685754258,4.116733671120918,8.623342558828451,10.126206183818454,0,0,65.8,king+tour,1,39,11.187624892106198,0.19998681545257568,0.0,0.0
51.18,-18.733273960863205,-11.126030295404224,9.808309733137564,0.5948546655781497,4.120244614765145,8.623309733137502,10.12701769391487,0,0,65.8,king+tour,1,39,11.1979080632268,0.19997118413448334,0.0,0.0
51.2,-18.72620569992352,-11.13559739902331,9.808281928725652,0.5947490173492008,4.123828734385853,8.62328192872559,10.128364215066243,0,0,65.8,king+tour,1,39,11.208214904793806,0.19997887313365936,0.0,0.0
51.22,-18.71919770711256,-11.145218845703951,9.808263638895037,0.5951565634032431,4.127523343098335,8.623263638894974,10.129116903459721,0,0,65.8,king+tour,1,39,11.218571996118769,0.19998347759246826,0.0,0.0
51.24,-18.712237726972994,-11.1548688676371,9.808248434120117,0.5949043579404689,4.131300132639335,8.623248434120054,10.130407583574467,0,0,65.7,king+tour,1,39,11.228955032682743,0.19998645782470703,0.0,0.0
51.26,-18.705351296343313,-11.164585203223513,9.80823080710842,0.5954628761659749,4.135204389007297,8.623230807108357,10.130983684285127,0,0,65.7,king+tour,1,39,11.239398472601518,0.19997666776180267,0.0,0.0
51.28,-18.698529611262426,-11.174349728551327,9.808199468282819,0.5955718351767688,4.139215972497379,8.623199468282756,10.132470091229143,0,0,65.7,king+tour,1,39,11.24988520069142,0.19994817674160004,0.0,0.0
51.3,-18.69174973587347,-11.184188711268213,9.808160827498774,0.5974399223000564,4.1433428668711,8.623160827498712,10.133122110451458,0,0,65.7,king+tour,1,39,11.260443858163251,0.19996647536754608,0.0,0.0
51.32,-18.685022760376672,-11.194085170966526,9.808100328049768,0.5983221834391628,4.147577501810388,8.623100328049706,10.134838368633568,0,0,65.6,king+tour,1,39,11.271056204082209,0.19997838139533997,0.0,0.0
51.34,-18.678302460413647,-11.204053093417834,9.808027655789688,0.6010973108525423,4.151904774639489,8.623027655789626,10.135725588932166,0,0,65.6,king+tour,1,39,11.281741448299298,0.19997446238994598,0.0,0.0
51.36,-18.671607279258073,-11.214070958646174,9.807936392620963,0.6024769775790483,4.1563176764234,8.6229363926209,10.137655881591593,0,0,65.6,king+tour,1,39,11.292476021053648,0.19997616112232208,0.0,0.0
51.38,-18.664897321980995,-11.224146582763119,9.807842255625458,0.6052904050537817,4.160800000479677,8.622842255625395,10.138771847904364,0,0,65.6,king+tour,1,39,11.303272343538685,0.1999650001525879,0.0,0.0
51.4,-18.658198720551525,-11.234254260931191,9.807744325565439,0.6063126449218755,4.165345550593564,8.622744325565376,10.140921756636006,0,0,65.6,king+tour,1,39,11.31410179699565,0.19997553527355194,0.0,0.0
51.42,-18.651478134400307,-11.24439600984987,9.807662249380426,0.6083339663491025,4.16993721681421,8.622662249380364,10.142277800908792,0,0,65.5,king+tour,1,39,11.324970324390618,0.19997790455818176,0.0,0.0
51.44,-18.644769814478877,-11.25454232624375,9.807597576218088,0.6081806375388101,4.174569944946068,8.622597576218025,10.14466566232671,0,0,65.5,king+tour,1,39,11.335844557374616,0.19998078048229218,0.0,0.0
51.46,-18.638047363663407,-11.264689787992925,9.807570794437874,0.6086112104232901,4.179226005920215,8.622570794437811,10.146281232302734,0,0,65.5,king+tour,1,39,11.346724241089861,0.199959859251976,0.0,0.0
51.48,-18.631353553788433,-11.274805612341058,9.807580808105158,0.606500398099878,4.183901908820103,8.622580808105095,10.147738858723782,0,0,65.5,king+tour,1,39,11.35757168988182,0.19997169077396393,0.0,0.0
51.5,-18.624669396930514,-11.28488149332535,9.80763159297306,0.6045740434671182,4.188579793936767,8.622631592972997,10.14870823247535,0,0,65.4,king+tour,1,39,11.368380913135189,0.1999771147966385,0.0,0.0
51.52,-18.618025386789405,-11.294921544325371,9.807702805077435,0.601977088438505,4.193279561852458,8.622702805077372,10.150553730917379,0,0,65.4,king+tour,1,39,11.379152276159415,0.19997958838939667,0.0,0.0
51.54,-18.61139356286101,-11.304942486054543,9.807792773250624,0.6008503474844048,4.197999314841364,8.622792773250561,10.151609774901514,0,0,65.4,king+tour,1,39,11.389905726135968,0.2199600338935852,0.0,0.0
51.56,-18.604794686643498,-11.314927120185835,9.807896258382097,0.5984329437001571,4.202735745671188,8.622896258382035,10.150956467703786,0,0,65.4,king+tour,1,39,11.4006216322416,0.24194872379302979,0.0,0.0
51.58,-18.598187032411808,-11.324878743944014,9.8080018552608,0.5973003025503467,4.20746842292466,8.623001855260737,10.1503408878028,0,0,65.3,king+tour,1,39,11.411308345721508,0.26513615250587463,0.0,0.0
51.6,-18.59154780577764,-11.334861895809201,9.808148355998506,0.5995083692689014,4.212239017851039,8.623148355998444,10.148605315136436,0,0,65.3,king+tour,1,39,11.422032734171143,0.2887292802333832,0.0,0.0
51.62,-18.5848038599349,-11.34493117337,9.808348013244146,0.6060342794388067,4.217054199722259,8.623348013244083,10.147853636403472,0,0,65.3,king+tour,1,39,11.432858061016832,0.3124316930770874,0.0,0.0
51.64,-18.577910672508388,-11.35518238190547,9.808593709899945,0.6177857156437968,4.221971739251171,8.623593709899882,10.145309405060344,0,0,65.3,king+tour,1,39,11.443885047557142,0.3361724615097046,0.0,0.0
51.66,-18.5707854150373,-11.36567340299052,9.808917616089099,0.6343022399763855,4.2269978399889245,8.623917616089036,10.144907131236668,0,0,65.2,king+tour,1,39,11.455181632489126,0.35996294021606445,0.0,0.0
51.68,-18.563360987981184,-11.376521788034971,9.809306486740324,0.6575728012311519,4.232198730843805,8.624306486740261,10.142719867945521,0,0,65.2,king+tour,1,39,11.466873141553839,0.38375067710876465,0.0,0.0
51.7,-18.555548546689604,-11.387774958205995,9.80979692226829,0.6853987978532534,4.237571122221223,8.624796922268228,10.141002361208184,0,0,65.2,king+tour,1,39,11.479018185355143,0.40746936202049255,0.0,0.0
51.72,-18.547276404568706,-11.399538596732125,9.81036840982561,0.7196146966779288,4.243171613400634,8.625368409825548,10.139809596012798,0,0,65.2,king+tour,1,39,11.491731203918244,0.4311928153038025,0.0,0.0
51.74,-18.53842581160851,-11.4119102023552,9.811053284463616,0.7613453137535968,4.2490268126871875,8.626053284463554,10.13807658273846,0,0,65.1,king+tour,1,39,11.505124665764859,0.45494264364242554,0.0,0.0
51.76,-18.52893892824564,-11.424988733479765,9.811822232863362,0.8087648205108162,4.25519876000781,8.626822232863299,10.137644040100671,0,0,65.1,king+tour,1,39,11.51930502404423,0.478691965341568,0.0,0.0
51.78,-18.51869696517078,-11.438895465676925,9.812665166327436,0.8645888399338053,4.261738829927458,8.627665166327374,10.137009493832487,0,0,65.1,king+tour,1,39,11.534408877600896,0.502461314201355,0.0,0.0
51.8,-18.507663589775934,-11.453725991125564,9.813540176923588,0.9252641531337612,4.2687220280760085,8.628540176923526,10.137815691419076,0,0,65.0,king+tour,1,39,11.5505370888572,0.5262066721916199,0.0,0.0
51.82,-18.495731421881334,-11.469584946292729,9.814446783468163,0.9933592314536788,4.276196829054997,8.6294467834681,10.137915443638242,0,0,65.0,king+tour,1,39,11.567808902092908,0.5499115586280823,0.0,0.0
51.84,-18.48288095636703,-11.486548210282601,9.815343285074064,1.0650005918470458,4.284235040989405,8.630343285074002,10.139670180305448,0,0,65.0,king+tour,1,39,11.586303982707351,0.5736365914344788,0.0,0.0
51.86,-18.46900777424588,-11.504719010785173,9.816233043712149,1.1439349233073333,4.292891408461875,8.631233043712086,10.143452179617213,0,0,64.9,king+tour,1,39,11.6061404744403,0.5972873568534851,0.0,0.0
51.88,-18.45409105920153,-11.524180275433956,9.81710564157309,1.2267952523457408,4.302248859989585,8.632105641573027,10.145454930403227,0,0,64.9,king+tour,1,39,11.627405792950622,0.6210223436355591,0.0,0.0
51.9,-18.438096204908156,-11.544940278884013,9.817934157301742,1.3110106267926296,4.312321219107525,8.63293415730168,10.150054524990379,0,0,64.8,king+tour,1,39,11.650115428961243,0.6447432041168213,0.0,0.0
51.92,-18.42100712668242,-11.567069067437215,9.818653333838999,1.3984250894572612,4.323187394426939,8.633653333838936,10.153851732177335,0,0,64.8,king+tour,1,39,11.674343891836088,0.6684601306915283,0.0,0.0
51.94,-18.402794122042373,-11.590560125359536,9.819226150712366,1.4864987886797683,4.334855252784921,8.634226150712303,10.16017451961439,0,0,64.7,king+tour,1,39,11.70009190716709,0.6920878887176514,0.0,0.0
51.96,-18.383458327743615,-11.61545349749091,9.81961535884425,1.5761538632100967,4.347390270826548,8.634615358844187,10.164680398750605,0,0,64.6,king+tour,1,39,11.727402394840695,0.7157709002494812,0.0,0.0
51.98,-18.3629639875734,-11.641741634166388,9.819883233543962,1.666700232297248,4.360800401691828,8.6348832335439,10.171821498806347,0,0,64.6,king+tour,1,39,11.756276416564246,0.7391713857650757,0.0,0.0
52.0,-18.34129246542231,-11.66948051731918,9.820058234225314,1.760064726187556,4.3751599128706635,8.635058234225252,10.178370335570992,0,0,64.5,king+tour,1,39,11.786775904773819,0.7627760767936707,0.0,0.0
52.02,-18.318423513270986,-11.698655713894107,9.820189964449039,1.853509118224814,4.39048231123853,8.635189964448976,10.187645353855471,0,0,64.4,king+tour,1,39,11.818893560437337,0.7862099409103394,0.0,0.0
52.04,-18.294397676229824,-11.729267757046998,9.820247160634308,1.9457269225963818,4.406823487717116,8.635247160634245,10.195254826704742,0,0,64.3,king+tour,1,39,11.852628459685747,0.8098417520523071,0.0,0.0
52.06,-18.269238062491922,-11.761240444148937,9.820232375366722,2.0342437799849935,4.424162784637942,8.635232375366659,10.20567058297208,0,0,64.3,king+tour,1,39,11.887906193666378,0.8333468437194824,0.0,0.0
52.08,-18.242971898318146,-11.79458111336198,9.820158997897249,2.122214049189238,4.442555627347446,8.635158997897186,10.214455614749097,0,0,64.2,king+tour,1,39,11.924734436865874,0.857047975063324,0.0,0.0
52.1,-18.215642179842014,-11.829243429191044,9.820065400704534,2.2070333091351557,4.462015709973296,8.635065400704471,10.226023566086186,0,0,64.1,king+tour,1,39,11.963065365424468,0.8807648420333862,0.0,0.0
52.12,-18.18730058476927,-11.865259814342615,9.819987533470403,2.2915235510243397,4.482630358979175,8.63498753347034,10.236086867133844,0,0,64.0,king+tour,1,39,12.002927544221517,0.9044583439826965,0.0,0.0
52.14,-18.158009382961087,-11.90254903229502,9.819894850654885,2.370901130885748,4.504386841354033,8.634894850654822,10.24886488613849,0,0,63.9,king+tour,1,39,12.044235255899252,0.928055465221405,0.0,0.0
52.16,-18.12783301151534,-11.941116524392305,9.819775379925668,2.448509298308285,4.527349481993103,8.634775379925605,10.260172581203419,0,0,63.7,king+tour,1,39,12.086987758820916,0.9518144726753235,0.0,0.0
52.18,-18.09681748099901,-11.98089413552671,9.819650189714565,2.522021586623581,4.55150556200218,8.634650189714502,10.272454791196752,0,0,63.6,king+tour,1,39,12.131114045598997,0.9756014943122864,0.0,0.0
52.2,-18.065020122678526,-12.021887438653316,9.819528676376674,2.594001572321451,4.576911968601614,8.634528676376611,10.285023556785836,0,0,63.5,king+tour,1,39,12.176613844303736,0.9993994235992432,0.0,0.0
52.22,-18.03246434625655,-12.064052539589479,9.819365308387555,2.6635507337454216,4.60356476118634,8.634365308387492,10.300369001874586,0,0,63.4,king+tour,1,39,12.223443059413622,1.0,0.0,0.0
52.24,-17.999208678226946,-12.10739237292634,9.819166400377089,2.731446582929392,4.631514540686178,8.634166400377026,10.314353286724053,0,0,63.2,king+tour,1,39,12.271597939358887,1.0,0.0,0.0
52.26,-17.96531339813716,-12.1518066293942,9.818878908726274,2.7935635134211707,4.660713438603001,8.633878908726212,10.331030839988923,0,0,63.1,king+tour,1,39,12.320972117734419,1.0,0.0,0.0
52.28,-17.930838556440357,-12.19728410330277,9.81849309885773,2.8534471225077027,4.691192791025609,8.633493098857667,10.349180074014496,0,0,62.9,king+tour,1,39,12.371546733379635,1.0,0.0,0.0
52.3,-17.895834088444964,-12.243731976334441,9.81799560156395,2.908163162704256,4.722900610750149,8.632995601563888,10.366732307260678,0,0,62.8,king+tour,1,39,12.42322369160536,1.0,0.0,0.0
52.32,-17.860412907173473,-12.291067725566963,9.817419043165577,2.956207730208947,4.755811350786649,8.632419043165514,10.3858642985335,0,0,62.6,king+tour,1,39,12.475903925658601,1.0,0.0,0.0
52.34,-17.824611728563504,-12.33923116319602,9.816842956800203,3.0007386547362067,4.78989033504393,8.63184295680014,10.404545777809949,0,0,62.4,king+tour,1,39,12.52952272954925,1.0,0.0,0.0
52.36,-17.78853194619444,-12.388115776979138,9.816270695659862,3.038002486559347,4.825075831715773,8.631270695659799,10.424964162234424,0,0,62.3,king+tour,1,39,12.583958179239232,1.0,0.0,0.0
52.38,-17.752198554499387,-12.437637179538672,9.815757207005275,3.0711351053510736,4.861298637058496,8.630757207005212,10.44497082680787,0,0,62.1,king+tour,1,39,12.639122989679203,1.0,0.0,0.0
52.4,-17.71572123017974,-12.487684751520272,9.815281900187259,3.0966032064769737,4.898486302548068,8.630281900187196,10.466508438699915,0,0,61.9,king+tour,1,39,12.694888733328996,1.0,0.0,0.0
52.42,-17.679134079873243,-12.53816955924085,9.814887623054386,3.1174873025368894,4.936560273215604,8.629887623054323,10.487627653683314,0,0,61.7,king+tour,1,39,12.751161300661195,1.0,0.0,0.0
52.44,-17.642537610484908,-12.588971433585495,9.814539070210971,3.130596387952714,4.975427165769429,8.629539070210908,10.509052018193904,0,0,61.5,king+tour,1,39,12.807803506987835,1.0,0.0,0.0
52.46,-17.605959774792627,-12.639987446950709,9.814249764807228,3.1387319817195634,5.014986214554519,8.629249764807165,10.530075061271013,0,0,61.3,king+tour,1,39,12.864707974104288,1.0,0.0,0.0
52.48,-17.569477042030805,-12.691138827737216,9.814035751255775,3.1414564090311154,5.055170079322625,8.629035751255712,10.552334077315255,0,0,61.1,king+tour,1,39,12.921781866062997,1.0,0.0,0.0
52.5,-17.53309772431711,-12.742353139185239,9.813865436730769,3.1410147490287903,5.095897706580664,8.628865436730706,10.574153301834281,0,0,60.9,king+tour,1,39,12.9789510501224,1.0,0.0,0.0
52.52,-17.496881866605563,-12.793534132345693,9.813727568167288,3.1349248070784013,5.1370761322703595,8.628727568167225,10.595587176853696,0,0,60.7,king+tour,1,39,13.036108160997374,1.0,0.0,0.0
52.54,-17.46082189998244,-12.844595940373368,9.813631523494761,3.125555413240529,5.178604791940144,8.628631523494699,10.617486454005554,0,0,60.5,king+tour,1,39,13.09316884085227,1.0,0.0,0.0
52.56,-17.424944045935018,-12.895492118092285,9.813593764345578,3.1135360698076435,5.220428850452669,8.628593764345515,10.639236650501257,0,0,60.3,king+tour,1,39,13.150080993451933,1.0,0.0,0.0
52.58,-17.38922748916305,-12.94615489542885,9.813643920447209,3.0993515252121346,5.262462131607212,8.628643920447146,10.660868142373463,0,0,60.1,king+tour,1,39,13.206780821978466,1.0,0.0,0.0
52.6,-17.353690748882915,-12.996548995467695,9.813796000439922,3.0831997813907877,5.3046587895812625,8.62879600043986,10.683552326592777,0,0,59.9,king+tour,1,39,13.263228809160317,1.0,0.0,0.0
52.62,-17.31828948637565,-13.046642611112052,9.813981882938899,3.0670239107872157,5.346964152031315,8.628981882938836,10.705829608941752,0,0,59.8,king+tour,1,39,13.319401439290283,1.0,0.0,0.0
52.64,-17.28305517623641,-13.096393101143619,9.814152915122216,3.048195007449921,5.389328378052141,8.629152915122154,10.727045434860582,0,0,59.6,king+tour,1,39,13.375249584028627,1.0,0.0,0.0
52.66,-17.24795343970766,-13.14576732213756,9.81426912191022,3.0290093719356768,5.431698812634237,8.629269121910157,10.750054933403934,0,0,59.4,king+tour,1,39,13.430746768433862,1.0,0.0,0.0
52.68,-17.21296968386624,-13.194783224873188,9.814320242777216,3.010990080979829,5.474077866313375,8.629320242777153,10.771639704445375,0,0,59.2,king+tour,1,39,13.485912736424018,1.0,0.0,0.0
52.7,-17.17809191837662,-13.243398220136884,9.814290202767806,2.9916037473403585,5.516409595740423,8.629290202767743,10.79344547680514,0,0,59.0,king+tour,1,39,13.540707575243479,1.0,0.0,0.0
52.72,-17.143317933481015,-13.2916329155175,9.814166485850375,2.973142768963531,5.558702608357537,8.629166485850313,10.815133623485002,0,0,58.8,king+tour,1,39,13.595151267640952,1.0,0.0,0.0
52.74,-17.10860086168691,-13.339491329205964,9.81393679473879,2.956245758026603,5.6009432878391845,8.628936794738728,10.836427119940703,0,0,58.6,king+tour,1,39,13.649257045678302,1.0,0.0,0.0
52.76,-17.073940851800753,-13.386988139105053,9.813678841588386,2.939953135564552,5.643136747205965,8.628678841588323,10.858437844856818,0,0,58.4,king+tour,1,39,13.70303884455196,1.0,0.0,0.0
52.78,-17.03929457105761,-13.43416616012595,9.813440087141773,2.92668218314975,5.68531080369592,8.62844008714171,10.880054145058196,0,0,58.2,king+tour,1,39,13.756547424947954,1.0,0.0,0.0
52.8,-17.00469168925542,-13.481058692326124,9.813234865566242,2.91389392439738,5.727494427421841,8.62823486556618,10.902498343363083,0,0,58.0,king+tour,1,39,13.809808664219693,1.0,0.0,0.0
52.82,-16.970097080401143,-13.527708162913722,9.813066450696958,2.9038717393557985,5.769717772504269,8.628066450696895,10.924568221741414,0,0,57.8,king+tour,1,39,13.862871269803966,1.0,0.0,0.0
52.84,-16.93554934303565,-13.574145928561283,9.812915830858465,2.893974309556151,5.812009322643188,8.627915830858402,10.947170655487893,0,0,57.6,king+tour,1,39,13.915757094705487,1.0,0.0,0.0
52.86,-16.901021807464367,-13.620411394571605,9.812771868845635,2.886461840575597,5.854398225331925,8.627771868845572,10.969381936842408,0,0,57.4,king+tour,1,39,13.968510027744097,1.0,0.0,0.0
52.88,-16.866536283481214,-13.666527940338828,9.812603328513028,2.879242766656204,5.896903315778001,8.627603328512965,10.99252448525529,0,0,57.2,king+tour,1,39,14.021147628022522,1.0,0.0,0.0
52.9,-16.832050312928388,-13.71252715960261,9.812390816636409,2.874567575804045,5.939545611897267,8.627390816636346,11.015247857265466,0,0,57.1,king+tour,1,39,14.073709756942423,1.0,0.0,0.0
52.92,-16.79759303156597,-13.758429250302976,9.81210535358999,2.8698378258642063,5.982342002353564,8.627105353589927,11.038477020121103,0,0,56.9,king+tour,1,39,14.126209181060124,1.0,0.0,0.0
52.94,-16.763127318500327,-13.804264508840044,9.811832414753939,2.867416432039202,6.025313887641924,8.626832414753876,11.061336458034603,0,0,56.7,king+tour,1,39,14.178683415122144,1.0,0.0,0.0
52.96,-16.72867892920065,-13.850064214529164,9.811609965482475,2.865464207694143,6.068489164144082,8.626609965482412,11.085244036234087,0,0,56.5,king+tour,1,39,14.231156674523584,1.0,0.0,0.0
52.98,-16.694208740235137,-13.895868309655212,9.811458909100725,2.8662832534768783,6.111899809310253,8.626458909100663,11.108839602478193,0,0,56.3,king+tour,1,39,14.283676415139688,1.0,0.0,0.0
53.0,-16.659751885060338,-13.941703791544832,9.811368473972399,2.8671302931255362,6.155570276570282,8.626368473972336,11.133361861790961,0,0,56.1,king+tour,1,39,14.336260393859115,1.0,0.0,0.0
53.02,-16.625277105415762,-13.987606465949355,9.811334590322632,2.870351501615912,6.199529700141706,8.62633459032257,11.157571711993425,0,0,55.9,king+tour,1,39,14.388950248767253,1.0,0.0,0.0
53.04,-16.590796469481575,-14.033578772441924,9.811333994972841,2.8733113384329805,6.243776742173326,8.626333994972779,11.182884893685733,0,0,55.7,king+tour,1,39,14.441745111821904,1.0,0.0,0.0
53.06,-16.556256033830635,-14.079632541806982,9.811349571965648,2.8783639495072277,6.288316633644046,8.626349571965585,11.207868414571369,0,0,55.5,king+tour,1,39,14.494668848126128,1.0,0.0,0.0
53.08,-16.521676054248147,-14.125767639950055,9.811359403701683,2.8828034815346335,6.333146505585342,8.62635940370162,11.233914715841276,0,0,55.4,king+tour,1,39,14.547716277459184,1.0,0.0,0.0
53.1,-16.487011265634425,-14.171993408893451,9.81135181533727,2.888974446765449,6.378270708721422,8.626351815337207,11.259617517140487,0,0,55.2,king+tour,1,39,14.600907061874576,1.0,0.0,0.0
53.12,-16.45228965437498,-14.218307494172178,9.811309784801175,2.894212565717717,6.423684651939642,8.626309784801112,11.286412163682149,0,0,55.0,king+tour,1,39,14.654232040447821,1.0,0.0,0.0
53.14,-16.417473787111376,-14.264717316970865,9.811234189814192,2.9008714122330552,6.4693918230914225,8.626234189814129,11.312859978375696,0,0,54.8,king+tour,1,39,14.70770730600533,1.0,0.0,0.0
53.16,-16.382598588974506,-14.311218944553692,9.811119071278078,2.906326747466374,6.515386083097382,8.626119071278016,11.340324707389694,0,0,54.6,king+tour,1,39,14.761320423574638,1.0,0.0,0.0
53.18,-16.34763398812138,-14.357817734389577,9.8109700877358,2.912899210015334,6.561669461575874,8.625970087735737,11.367448094811657,0,0,54.4,king+tour,1,39,14.815083785746134,1.0,0.0,0.0
53.2,-16.312622449983124,-14.404507861766836,9.810789701092848,2.9179651885569573,6.608233572627552,8.625789701092785,11.395584526768653,0,0,54.2,king+tour,1,39,14.868981133086121,1.0,0.0,0.0
53.22,-16.277541346352933,-14.45129273951494,9.810591663107607,2.9238450013897506,6.655078698041364,8.625591663107544,11.423394153595003,0,0,54.0,king+tour,1,39,14.92302115093553,1.0,0.0,0.0
53.24,-16.242441048641464,-14.498164484353168,9.81038379566929,2.927897954371798,6.70219365728524,8.625383795669228,11.452141333519554,0,0,53.8,king+tour,1,39,14.977183403039913,1.0,0.0,0.0
53.26,-16.207306334300636,-14.545124595388947,9.810188691462324,2.9324640858652082,6.749576631533993,8.625188691462261,11.480582180956977,0,0,53.6,king+tour,1,39,15.031472806655525,1.0,0.0,0.0
53.28,-16.172183823909215,-14.592155009189566,9.810017101461305,2.934910561491448,6.7972053996245965,8.625017101461243,11.509787648772795,0,0,53.4,king+tour,1,39,15.085859753098543,1.0,0.0,0.0
53.3,-16.137053745564426,-14.639247051736358,9.809893865511892,2.937600237795833,6.845067910104833,8.62489386551183,11.538713314760622,0,0,53.2,king+tour,1,39,15.140340419106483,1.0,0.0,0.0
53.32,-16.101962025230893,-14.686390842840781,9.809826099972858,2.9385244885114954,6.893149433983026,8.624826099972795,11.568577578370364,0,0,53.1,king+tour,1,39,15.19489309081902,1.0,0.0,0.0
53.34,-16.066887657056505,-14.733585862285532,9.809833672573106,2.940060042145032,6.941446097957274,8.624833672573043,11.598178353277913,0,0,52.9,king+tour,1,39,15.249522125743958,1.0,0.0,0.0
53.36,-16.031872501220718,-14.780811033403136,9.809915684762856,2.939508739266947,6.989931513735069,8.624915684762794,11.62917439931558,0,0,52.7,king+tour,1,0,17.874924134670547,1.0,0.0,0.0
53.38,-15.996890626323152,-14.82805515995534,9.810092209605399,2.9392899763589466,7.038591459134007,8.625092209605336,11.658510749257351,0,0,52.5,king+tour,1,0,17.81643947507861,1.0,0.0,0.0
53.4,-15.961970376201752,-14.875316995759277,9.810350659887796,2.9381847238762595,7.087419602968199,8.625350659887733,11.689881590736988,0,0,52.3,king+tour,1,0,17.757985224763917,1.0,0.0,0.0
53.42,-15.927064798763329,-14.922607988695985,9.810680238383974,2.93893942232336,7.136425867971213,8.62568023838391,11.720060698872578,0,0,52.1,king+tour,1,0,17.699521364466822,1.0,0.0,0.0
53.44,-15.892194403774246,-14.969928731595788,9.811058957690125,2.9391072554419977,7.185606380832138,8.626058957690063,11.75192159873593,0,0,51.9,king+tour,1,0,17.64106133419564,1.0,0.0,0.0
53.46,-15.857337475940536,-15.017298345837029,9.811495902265412,2.940695790085315,7.234978095813888,8.626495902265349,11.782215459378863,0,0,51.7,king+tour,1,0,17.582576439741413,1.0,0.0,0.0
53.48,-15.822541458142382,-15.064721861802074,9.81197501051286,2.9410806967036613,7.284539752393833,8.626975010512798,11.814479213489669,0,0,51.5,king+tour,1,0,17.52409504202818,1.0,0.0,0.0
53.5,-15.787779601656347,-15.112219456236545,9.812486319605286,2.943072196024615,7.334309696662454,8.627486319605223,11.845429032054287,0,0,51.3,king+tour,1,0,17.46558430976282,1.0,0.0,0.0
53.52,-15.75309103363235,-15.159798863829824,9.81301614777343,2.944222094361512,7.384289444483293,8.628016147773367,11.878316483257155,0,0,51.2,king+tour,1,0,17.407065061697075,1.0,0.0,0.0
53.54,-15.718448894271448,-15.207472983572123,9.81356080092574,2.9466914326747164,7.434490292550345,8.628560800925678,11.909654099273824,0,0,51.0,king+tour,1,0,17.348509790575353,1.0,0.0,0.0
53.56,-15.683891623332768,-15.255241973556126,9.814106081567221,2.9480411758484304,7.484905917140834,8.629106081567159,11.942900204161264,0,0,50.8,king+tour,1,0,17.289944494369873,1.0,0.0,0.0
53.58,-15.649384675101672,-15.303120865960235,9.81464107647136,2.9510184824968406,7.535550631404867,8.629641076471298,11.975526240100063,0,0,50.6,king+tour,1,0,17.23133491790198,1.0,0.0,0.0
53.6,-15.61495818791669,-15.351113836690681,9.815170430137526,2.9532983572334173,7.586422652615972,8.630170430137463,12.009649858105874,0,0,50.4,king+tour,1,0,17.1726985322462,1.0,0.0,0.0
53.62,-15.580595516682912,-15.399206269485422,9.815708849543137,2.955488606767805,7.6375055330860055,8.630708849543074,12.042252392591712,0,0,50.2,king+tour,1,0,17.1140350344386,1.0,0.0,0.0
53.64,-15.546334529302966,-15.44738711340439,9.816254435780047,2.9561404911365563,7.6887813400057095,8.631254435779985,12.076713061357905,0,0,50.0,king+tour,1,0,17.055378369983472,1.0,0.0,0.0
53.66,-15.512140196551858,-15.495660753815725,9.816813900443433,2.9580017543799686,7.7402544971018905,8.63181390044337,12.10968809162171,0,0,49.8,king+tour,1,0,16.99670179442851,1.0,0.0,0.0
53.68,-15.478042483744144,-15.544018792065451,9.817380779661056,2.9586632260729764,7.791910403348797,8.632380779660993,12.144506460060228,0,0,49.7,king+tour,1,0,16.93803197278403,1.0,0.0,0.0
53.7,-15.443999135522434,-15.592467073352324,9.817953327692077,2.960790996104075,7.8437562052553815,8.632953327692015,12.178488212820644,0,0,49.5,king+tour,1,0,16.879336169994495,1.0,0.0,0.0
53.72,-15.410032754563945,-15.640999973741083,9.818536727076404,2.9620507298171086,7.895780966209018,8.633536727076342,12.214292248960586,0,0,49.3,king+tour,1,0,16.820634028159876,1.0,0.0,0.0
53.74,-15.376113523362648,-15.689600174340441,9.819147890542776,2.9634723148560975,7.94796802595369,8.634147890542714,12.248627143625518,0,0,49.1,king+tour,1,0,16.761918230442284,1.0,0.0,0.0
53.76,-15.342276446369961,-15.738237822001109,9.81979694931032,2.9626803011192324,8.000280980680145,8.634796949310257,12.284761714229669,0,0,48.9,king+tour,1,0,16.703234617752422,1.0,0.0,0.0
53.78,-15.308486718234004,-15.786900225247665,9.820498060211813,2.9623752183545733,8.05270873970065,8.63549806021175,12.319520592664421,0,0,48.7,king+tour,1,0,16.644569023093702,1.0,0.0,0.0
53.8,-15.274775008178425,-15.835562437334515,9.821262734530794,2.960183696525885,8.10522028109707,8.636262734530732,12.356062555836848,0,0,48.5,king+tour,1,0,16.585960710825038,1.0,0.0,0.0
53.82,-15.241110348874589,-15.884216936428077,9.822004231108806,2.9585128803437426,8.157809603161045,8.637004231108744,12.391062824177094,0,0,48.4,king+tour,1,0,16.52739426283259,1.0,0.0,0.0
53.84,-15.207525462250237,-15.932848759331627,9.822755948406018,2.955318886088132,8.210455286915973,8.637755948405955,12.427762389350173,0,0,48.2,king+tour,1,0,16.468903000872633,1.0,0.0,0.0
53.86,-15.173982412308682,-15.981454250438427,9.823449033253233,2.953011315471168,8.263156460275402,8.63844903325317,12.462954874931391,0,0,48.0,king+tour,1,0,16.41046388390311,1.0,0.0,0.0
53.88,-15.14050586935637,-16.030021836488118,9.824132955698673,2.94955805699919,8.315896182190745,8.63913295569861,12.49980827590878,0,0,47.8,king+tour,1,0,16.35210225812311,1.0,0.0,0.0
53.9,-15.107060128941363,-16.078556478334423,9.824747324484296,2.9472896278028844,8.368682292745696,8.639747324484233,12.53509864506784,0,0,47.6,king+tour,1,0,16.293790238866496,1.0,0.0,0.0
53.92,-15.073671622245142,-16.12705467794959,9.825342123432337,2.9441558769471596,8.421505653362553,8.640342123432275,12.572032703862186,0,0,47.5,king+tour,1,0,16.235548460637727,1.0,0.0,0.0
53.94,-15.04029542253959,-16.17552706197857,9.825952914741693,2.942752022453441,8.47438148538231,8.64095291474163,12.607569217007628,0,0,47.3,king+tour,1,0,16.177338572180215,1.0,0.0,0.0
53.96,-15.006951509609527,-16.223971844854038,9.826596852582451,2.940717673154626,8.52730341831362,8.641596852582389,12.64480214372739,0,0,47.1,king+tour,1,0,16.119175557257446,1.0,0.0,0.0
53.98,-14.973602120332153,-16.272410568989407,9.827280007312718,2.940645533476424,8.580296902365989,8.642280007312655,12.680849326074295,0,0,46.9,king+tour,1,0,16.061017942761588,1.0,0.0,0.0
54.0,-14.940275549928222,-16.32085219190227,9.827998143487008,2.940138961377845,8.633364948275878,8.642998143486945,12.718603271288686,0,0,46.8,king+tour,1,0,16.002878573298972,1.0,0.0,0.0
54.02,-14.906936382238808,-16.369307320120132,9.828749032449469,2.941072672965785,8.686522149511376,8.643749032449406,12.75493410241631,0,0,46.6,king+tour,1,0,15.944725568664257,1.0,0.0,0.0
54.04,-14.873614990648862,-16.417773985264436,9.829521402449066,2.941058195240598,8.739760326510586,8.644521402449003,12.792955622530156,0,0,46.4,king+tour,1,0,15.886581206202955,1.0,0.0,0.0
54.06,-14.840268702972354,-16.466265007357123,9.830304343234353,2.9427738282405866,8.79309775315551,8.64530434323429,12.829967385897646,0,0,46.2,king+tour,1,0,15.828407008702952,1.0,0.0,0.0
54.08,-14.806919993813727,-16.514781415919547,9.831091985399507,2.9438914223027246,8.846530521194452,8.646091985399444,12.868651788828423,0,0,46.1,king+tour,1,0,15.770217680070173,1.0,0.0,0.0
54.1,-14.773540184169763,-16.563325554307117,9.83188695591281,2.9459196534256513,8.900064603873817,8.646886955912747,12.905891484538799,0,0,45.9,king+tour,1,0,15.711991932173504,1.0,0.0,0.0
54.12,-14.74016557558705,-16.611887235501143,9.832683293369085,2.9464960256989907,8.953682602222916,8.647683293369022,12.944779605088495,0,0,45.7,king+tour,1,0,15.65376213336484,1.0,0.0,0.0
54.14,-14.706759689933214,-16.660471453510226,9.833479713813063,2.948310415049066,9.00739463682897,8.648479713813,12.982336335937541,0,0,45.6,king+tour,1,0,15.595499694291147,1.0,0.0,0.0
54.16,-14.673350812887351,-16.70907112478074,9.834272782507936,2.9490295314824255,9.061187678155957,8.649272782507873,13.021525537632357,0,0,45.4,king+tour,1,0,15.537229239482283,1.0,0.0,0.0
54.18,-14.639906239678975,-16.757700458814423,9.83505851707841,2.9512577761292142,9.115080521764645,8.650058517078348,13.059660078914595,0,0,45.2,king+tour,1,0,15.478918042385942,1.0,0.0,0.0
54.2,-14.606457939062622,-16.806361644764667,9.835834565342322,2.952669166666928,9.169068494152361,8.65083456534226,13.099410311759778,0,0,45.1,king+tour,1,0,15.420586553075731,1.0,0.0,0.0
54.22,-14.572978385902493,-16.855054569711193,9.836609122695956,2.9548609775858417,9.22315553204017,8.651609122695893,13.137746289657162,0,0,44.9,king+tour,1,0,15.362216005279858,1.0,0.0,0.0
54.24,-14.539504757916133,-16.903766474690837,9.837380125269837,2.9554728480752828,9.277321134336562,8.652380125269774,13.177676742735262,0,0,44.7,king+tour,1,0,15.303841314857255,1.0,0.0,0.0
54.26,-14.506001565026871,-16.952499974043896,9.838152161015243,2.9572005056141095,9.331573579326433,8.65315216101518,13.216300818995206,0,0,44.6,king+tour,1,0,15.245436225567545,1.0,0.0,0.0
54.28,-14.472498078814333,-17.001245335411824,9.838923530241292,2.9576970998423713,9.385896749573964,8.65392353024123,13.256506118233547,0,0,44.4,king+tour,1,0,15.187028023368168,1.0,0.0,0.0
54.3,-14.438968581976681,-17.05001804409815,9.839692526673543,2.959558930947385,9.440309877821813,8.65469252667348,13.295676852707633,0,0,44.2,king+tour,1,0,15.128587835289597,1.0,0.0,0.0
54.32,-14.405452025408602,-17.09882148945449,9.840461508723047,2.960459075980957,9.494807636298242,8.655461508722984,13.33641409219838,0,0,44.1,king+tour,1,0,15.070140170942643,1.0,0.0,0.0
54.34,-14.371926105574035,-17.147659117074255,9.841239619575822,2.9621388508896476,9.549396803604498,8.656239619575759,13.375789416114914,0,0,43.9,king+tour,1,0,15.011667255128916,1.0,0.0,0.0
54.36,-14.338433470962313,-17.196521545340993,9.8420249735303,2.962224776325291,9.604058518351788,8.657024973530238,13.416709142145917,0,0,43.8,king+tour,1,0,14.95320545414244,1.0,0.0,0.0
54.38,-14.304943736780052,-17.245415017296075,9.842824636418902,2.9634327038741124,9.6588039830239,8.65782463641884,13.45628255538241,0,0,43.6,king+tour,1,0,14.89472938889469,1.0,0.0,0.0
54.4,-14.27149168533561,-17.29433292680614,9.84363227362762,2.963382313563896,9.713618473814629,8.658632273627557,13.497387810038692,0,0,43.4,king+tour,1,0,14.836268025483557,1.0,0.0,0.0
54.42,-14.23803920605471,-17.343283783615366,9.84444326839089,2.9647565097755018,9.768517195329265,8.659443268390827,13.537696629333706,0,0,43.3,king+tour,1,0,14.777788985544102,1.0,0.0,0.0
54.44,-14.204612801468288,-17.39226462412651,9.84526564867093,2.965267091712932,9.823490666638163,8.660265648670867,13.579520247783947,0,0,43.1,king+tour,1,0,14.719312899468111,1.0,0.0,0.0
54.46,-14.171184565068799,-17.44126319596738,9.846113567548873,2.966068946285851,9.878531890606185,8.66111356754881,13.620052653365128,0,0,43.0,king+tour,1,0,14.660829388323389,1.0,0.0,0.0
54.48,-14.137791493427484,-17.49025467129794,9.846994223634477,2.9648092029032527,9.933607715759761,8.661994223634414,13.662068506799395,0,0,42.8,king+tour,1,0,14.602382108354288,1.0,0.0,0.0
54.5,-14.104403756623434,-17.53923359783712,9.847923022546787,2.964177323156708,9.988718370772382,8.662923022546725,13.702770387236251,0,0,42.7,king+tour,1,0,14.543954379654986,1.0,0.0,0.0
54.52,-14.07105716424566,-17.588181642417386,9.848902465690566,2.9617839220277107,10.04383720202342,8.663902465690503,13.744935619018795,0,0,42.5,king+tour,1,0,14.485584348475493,1.0,0.0,0.0
54.54,-14.037716304834923,-17.63709302222404,9.849840542095498,2.9600743099535904,10.098965539382183,8.664840542095435,13.785865512626861,0,0,42.3,king+tour,1,0,14.427251631769183,1.0,0.0,0.0
54.56,-14.00440777278062,-17.685953741586097,9.850772544825638,2.9570664658066175,10.154082981045182,8.665772544825575,13.828183478210043,0,0,42.2,king+tour,1,0,14.368984832088005,1.0,0.0,0.0
54.58,-13.971113575182143,-17.73477601492771,9.851629200405274,2.95501769315851,10.209204666188239,8.666629200405211,13.869135648448555,0,0,42.0,king+tour,1,0,14.310762711780425,1.0,0.0,0.0
54.6,-13.937877206240307,-17.78356305422227,9.852456071688414,2.9519125747917974,10.26432292664051,8.66745607168835,13.91144262339754,0,0,41.9,king+tour,1,0,14.252613347500972,1.0,0.0,0.0
54.62,-13.904671088552513,-17.832332952081554,9.85328964380894,2.9503576188238023,10.319460773114804,8.668289643808878,13.952481456511169,0,0,41.7,king+tour,1,0,14.194504660950118,1.0,0.0,0.0
54.64,-13.871532510692322,-17.8810909136986,9.854145703856073,2.9479810898517393,10.374613668994165,8.66914570385601,13.994920655940849,0,0,41.6,king+tour,1,0,14.136459075966956,1.0,0.0,0.0
54.66,-13.838425964287755,-17.929856997651264,9.855032877245453,2.9474401756180026,10.429808455808331,8.67003287724539,14.036304047101869,0,0,41.4,king+tour,1,0,14.078437610137167,1.0,0.0,0.0
54.68,-13.805381611372878,-17.978638488671468,9.855948600074068,2.9463543889084773,10.485044161360257,8.670948600074006,14.079103039666261,0,0,41.3,king+tour,1,0,14.020456308030287,1.0,0.0,0.0
54.7,-13.772364659783225,-18.027446398074385,9.856891582351633,2.9467016849915346,10.540338824489554,8.67189158235157,14.12070173925794,0,0,41.2,king+tour,1,0,13.96248317410122,1.0,0.0,0.0
54.72,-13.739405826118452,-18.0762790692239,9.857852496890242,2.9461151729394106,10.595682581794465,8.67285249689018,14.163706635283987,0,0,41.0,king+tour,1,0,13.9045410912318,1.0,0.0,0.0
54.74,-13.706462989980025,-18.125149715459862,9.858822086072596,2.9472489797886943,10.651097564635442,8.673822086072533,14.205857399287762,0,0,40.9,king+tour,1,0,13.846591346534872,1.0,0.0,0.0
54.76,-13.673559143390545,-18.174059629293495,9.859795344460455,2.947791556185315,10.706578638026938,8.674795344460392,14.24940301472392,0,0,40.7,king+tour,1,0,13.78864934173593,1.0,0.0,0.0
54.78,-13.640660366399974,-18.22300414651382,9.860777599512568,2.949093131113944,10.762128840893649,8.675777599512505,14.291715797177924,0,0,40.6,king+tour,1,0,13.730694819249361,1.0,0.0,0.0
54.8,-13.607797502232899,-18.271966061801805,9.861765812352917,2.948819066401643,10.817723175839488,8.676765812352855,14.33540026826484,0,0,40.4,king+tour,1,0,13.67276186974119,1.0,0.0,0.0
54.82,-13.574928701841001,-18.32094350165479,9.862762409332445,2.9496359348631764,10.873369575078971,8.677762409332383,14.377911064138724,0,0,40.3,king+tour,1,0,13.614822596842652,1.0,0.0,0.0
54.84,-13.542076923438584,-18.36992240468162,9.863765656556934,2.9492282002698698,10.929048094327355,8.678765656556871,14.421782272855415,0,0,40.1,king+tour,1,0,13.556903278576277,1.0,0.0,0.0
54.86,-13.509195934687869,-18.418905263786925,9.86477366775576,2.9502101594343038,10.984772295906536,8.679773667755697,14.464503241729755,0,0,40.0,king+tour,1,0,13.498969726189262,1.0,0.0,0.0
54.88,-13.476304482827189,-18.46788241415377,9.86577843772101,2.9502620333806693,11.040527654065391,8.680778437720948,14.50857354863562,0,0,39.9,king+tour,1,0,13.441042084661799,1.0,0.0,0.0
54.9,-13.443368007550918,-18.516870209299373,9.866772346866666,2.951949920070523,11.096338433781963,8.681772346866603,14.551837256254206,0,0,39.7,king+tour,1,0,13.383084470827713,1.0,0.0,0.0
54.92,-13.410416413025205,-18.56587305499137,9.867755160152429,2.952986788683417,11.152200830986134,8.682755160152366,14.5964387861571,0,0,39.6,king+tour,1,0,13.325114944384982,1.0,0.0,0.0
54.94,-13.377425602550046,-18.614885840620065,9.868738064376055,2.9544935401879413,11.208115768949613,8.683738064375992,14.639822309181179,0,0,39.5,king+tour,1,0,13.267120211860403,1.0,0.0,0.0
54.96,-13.344436029914952,-18.663890764913507,9.86972430142948,2.9541357328234863,11.264055126731051,8.684724301429418,14.684517458888255,0,0,39.3,king+tour,1,0,13.209141545408619,1.0,0.0,0.0
54.98,-13.311415477050327,-18.712885563299043,9.870723342666093,2.95459187694231,11.320024769868715,8.68572334266603,14.728052909374886,0,0,39.2,king+tour,1,0,13.151157848137618,1.0,0.0,0.0
55.0,-13.278396576154673,-18.761855517767916,9.871739203716695,2.953530188907269,11.376001517055094,8.686739203716632,14.77288621285159,0,0,39.0,king+tour,1,0,13.093202683033432,1.0,0.0,0.0
55.02,-13.245339489450433,-18.81080091489131,9.87277599087886,2.9535985714708355,11.431995873865466,8.687775990878798,14.816631551557917,0,0,38.9,king+tour,1,0,13.035247680844195,1.0,0.0,0.0
55.04,-13.212269556480157,-18.85970973530402,9.873832574310146,2.952460647226498,11.487989198263683,8.688832574310084,14.861659704071094,0,0,38.8,king+tour,1,0,12.977319311173138,1.0,0.0,0.0
55.06,-13.179164323148683,-18.90859995886149,9.874910702290668,2.9526991014041593,11.544004541242687,8.689910702290605,14.905496157991005,0,0,38.6,king+tour,1,0,12.919389009522815,1.0,0.0,0.0
55.08,-13.14606699673308,-18.957476480725713,9.875998955924924,2.951919587902639,11.600034588922796,8.690998955924861,14.95060523267005,0,0,38.5,king+tour,1,0,12.861484094199964,1.0,0.0,0.0
55.1,-13.11294744652751,-19.006359616092517,9.877089832060818,2.952818797290329,11.656106682619921,8.692089832060756,14.994893343201028,0,0,38.4,king+tour,1,0,12.803568975806074,1.0,0.0,0.0
55.12,-13.079840456343465,-19.05525735673346,9.878180031844858,2.953070594484833,11.712218589426168,8.693180031844795,15.040446769570625,0,0,38.3,king+tour,1,0,12.745662935560567,1.0,0.0,0.0
55.14,-13.046724217463842,-19.104171343970823,9.879274808033749,2.9540065842398056,11.768377433908334,8.694274808033686,15.084889884008746,0,0,38.1,king+tour,1,0,12.687749467272619,1.0,0.0,0.0
55.16,-13.01364157535699,-19.15309062654513,9.880375837409545,2.9532904031102345,11.824560377008194,8.695375837409483,15.130573190303666,0,0,38.0,king+tour,1,0,12.629866979154123,1.0,0.0,0.0
55.18,-12.980562858642164,-19.202019692795062,9.881490568134781,2.9535985035968064,11.880779476770996,8.696490568134719,15.175118607157623,0,0,37.9,king+tour,1,0,12.571991359525706,1.0,0.0,0.0
55.2,-12.947523449593787,-19.250950216905704,9.88261453016616,2.9525675397254822,11.93701636426441,8.697614530166097,15.220890872820073,0,0,37.7,king+tour,1,0,12.514153906201292,1.0,0.0,0.0
55.22,-12.914485758956088,-19.29988933732453,9.883749693921978,2.952886345083881,11.993287960462153,8.698749693921915,15.2655440008909,0,0,37.6,king+tour,1,0,12.456322968253124,1.0,0.0,0.0
55.24,-12.881477333094134,-19.34883152144493,9.884886826178692,2.9521969082907105,12.04958073535403,8.699886826178629,15.31141886091204,0,0,37.5,king+tour,1,0,12.398522317704225,1.0,0.0,0.0
55.26,-12.848453185000725,-19.397786173491504,9.886016996516373,2.9531464572929855,12.10591605415306,8.70101699651631,15.3565519078139,0,0,37.4,king+tour,1,0,12.340713370146938,1.0,0.0,0.0
55.28,-12.815432798266894,-19.446751106021424,9.88714177948304,2.9534622455828607,12.162285916293559,8.702141779482977,15.40290057906347,0,0,37.2,king+tour,1,0,12.28291179090306,1.0,0.0,0.0
55.3,-12.782386196644861,-19.495720849836143,9.888269931198646,2.9543977450310823,12.218693345752747,8.703269931198584,15.448125512100068,0,0,37.1,king+tour,1,0,12.225100047481407,1.0,0.0,0.0
55.32,-12.749348043088792,-19.544677370294586,9.889401477456406,2.9536168009432378,12.27511078824206,8.704401477456344,15.494540985312117,0,0,37.0,king+tour,1,0,12.167315724986763,1.0,0.0,0.0
55.34,-12.71628036118396,-19.59361799916312,9.890541602926712,2.9537927426846,12.331546384777852,8.70554160292665,15.539957814948538,0,0,36.9,king+tour,1,0,12.10953350376287,1.0,0.0,0.0
55.36,-12.6832098718665,-19.64252787218293,9.891693675502097,2.952609106252283,12.387977905614715,8.706693675502034,15.586549757693884,0,0,36.7,king+tour,1,0,12.051783023524735,1.0,0.0,0.0
55.38,-12.650114626410485,-19.691421298664917,9.892862841166464,2.952638385111699,12.444425192587152,8.707862841166401,15.632032356722293,0,0,36.6,king+tour,1,0,11.994038647858343,1.0,0.0,0.0
55.4,-12.617038097879913,-19.740299619497936,9.894041423347215,2.9514979430138615,12.500876486323696,8.709041423347152,15.678680195556492,0,0,36.5,king+tour,1,0,11.936330925203935,1.0,0.0,0.0
55.42,-12.58395054907709,-19.78917958668549,9.895225740170442,2.951880622744215,12.557356222910862,8.71022574017038,15.724338999421263,0,0,36.4,king+tour,1,0,11.878626978262394,1.0,0.0,0.0
55.44,-12.550887319401905,-19.838065378158603,9.89640781612747,2.9514382375695347,12.613857592656545,8.711407816127407,15.771158824967785,0,0,36.3,king+tour,1,0,11.820949653911972,1.0,0.0,0.0
55.46,-12.51781483657724,-19.886971319926374,9.897582215632422,2.952524121229822,12.670403892477776,8.71258221563236,15.817094140618574,0,0,36.1,king+tour,1,0,11.763265020984292,1.0,0.0,0.0
55.48,-12.484764223602017,-19.93589943665285,9.898742735723628,2.9528166347233515,12.726987413279941,8.713742735723566,15.864182978617695,0,0,36.0,king+tour,1,0,11.705594467001347,1.0,0.0,0.0
55.5,-12.451704001388576,-19.984853836285783,9.899892671807148,2.9541639634671975,12.783621154804244,8.714892671807085,15.910206637297726,0,0,35.9,king+tour,1,0,11.64791262642326,1.0,0.0,0.0
55.52,-12.418667214274004,-20.03382594938528,9.901025180397408,2.9542256768866766,12.840286654828779,8.716025180397345,15.957370212508982,0,0,35.8,king+tour,1,0,11.59024963792322,1.0,0.0,0.0
55.54,-12.385614673786746,-20.082822410826864,9.902137132810038,2.955655639881848,12.89700175114739,8.717137132809976,16.00366138475154,0,0,35.7,king+tour,1,0,11.532572758744378,1.0,0.0,0.0
55.56,-12.352571330098096,-20.13183796672274,9.90322910764005,2.9561713799005007,12.953753570346597,8.718229107639987,16.05108766058568,0,0,35.6,king+tour,1,0,11.474903991157504,1.0,0.0,0.0
55.58,-12.319497652587023,-20.180872519592118,9.904303340194316,2.957790347027238,13.010553798717718,8.719303340194253,16.09752563406084,0,0,35.4,king+tour,1,0,11.417214885700922,1.0,0.0,0.0
55.6,-12.286418366939017,-20.229913738839947,9.90535660811081,2.9582045642584704,13.067382909883287,8.720356608110748,16.145083610382553,0,0,35.3,king+tour,1,0,11.359532114388008,1.0,0.0,0.0
55.62,-12.25330237979291,-20.278973822475404,9.9063885105285,2.959993764173677,13.124261850155273,8.721388510528437,16.191830875852414,0,0,35.2,king+tour,1,0,11.301824870626662,1.0,0.0,0.0
55.64,-12.220182784011266,-20.32805271948246,9.90740035890676,2.9608569677161363,13.18118015398837,8.722400358906697,16.239689030149016,0,0,35.1,king+tour,1,0,11.244117576652945,1.0,0.0,0.0
55.66,-12.187033052097023,-20.377148905913607,9.908403519705626,2.9624088929688157,13.238144356563627,8.723403519705563,16.28651882327239,0,0,35.0,king+tour,1,0,11.186392135033673,1.0,0.0,0.0
55.68,-12.153891064627292,-20.426247970828964,9.909399113350517,2.9623051479008238,13.295128763189139,8.724399113350454,16.334439636703777,0,0,34.9,king+tour,1,0,11.128686323784185,1.0,0.0,0.0
55.7,-12.120722232352064,-20.475351214826183,9.910396173414764,2.9632305573158773,13.35214516772415,8.725396173414701,16.381357778258945,0,0,34.8,king+tour,1,0,11.07097416288354,1.0,0.0,0.0
55.72,-12.087556718596156,-20.524447137105994,9.91139266186721,2.9628338952911846,13.409173000025369,8.726392661867147,16.429359523841256,0,0,34.6,king+tour,1,0,11.013285807715723,1.0,0.0,0.0
55.74,-12.054357328807258,-20.573542509679328,9.912387860337738,2.9637583869409854,13.466230180523304,8.727387860337675,16.47654347275381,0,0,34.5,king+tour,1,0,10.955589570427108,1.0,0.0,0.0
55.76,-12.021151395464933,-20.622631936186558,9.913384635630406,2.9636967476985525,13.523302801663133,8.728384635630343,16.5248061226666,0,0,34.4,king+tour,1,0,10.897909398501326,1.0,0.0,0.0
55.78,-11.987908626528679,-20.67171885575951,9.914389204122912,2.9646317298979725,13.580403545824081,8.72938920412285,16.57205980770056,0,0,34.3,king+tour,1,1,12.441358792877388,1.0,0.0,0.0
55.8,-11.954663757760915,-20.720793865481962,9.915395986576323,2.9641995081104855,13.637512306214411,8.73039598657626,16.61961093512422,0,0,34.2,king+tour,1,1,12.396256629877547,1.0,0.0,0.0
55.82,-11.921378519041882,-20.769863260294507,9.916410162787754,2.965105890706193,13.694647087654907,8.731410162787691,16.66706222857672,0,0,34.1,king+tour,1,1,12.351236745827054,1.0,0.0,0.0
55.84,-11.888087977443867,-20.81891749218856,9.917417779343474,2.964621863631217,13.751787490067164,8.732417779343411,16.71492407851478,0,0,34.0,king+tour,1,1,12.3063366474735,1.0,0.0,0.0
55.86,-11.854760955311336,-20.86795971006189,9.91844399549892,2.965165534061582,13.808946352292628,8.733443995498858,16.762723541087965,0,0,33.9,king+tour,1,1,12.261526564232112,1.0,0.0,0.0
55.88,-11.82142507648674,-20.916970891481864,9.919490124639092,2.964148742627404,13.866096646626149,8.734490124639029,16.810761429976942,0,0,33.8,king+tour,1,1,12.216839170708587,1.0,0.0,0.0
55.9,-11.788041903193443,-20.965942086158556,9.920567771523624,2.9638553819310216,13.923242222621912,8.735567771523561,16.858755050181117,0,0,33.7,king+tour,1,1,12.172240522434166,1.0,0.0,0.0
55.92,-11.754647868143122,-21.014852273199754,9.921673249545062,2.961667627791281,13.980351319084876,8.736673249545,16.907196071971015,0,0,33.6,king+tour,1,1,12.127771990553843,1.0,0.0,0.0
55.94,-11.721215630021554,-21.063687844771547,9.922739995121065,2.9596306960012018,14.037419890637546,8.737739995121002,16.955557932389723,0,0,33.5,king+tour,1,1,12.083411145798356,1.0,0.0,0.0
55.96,-11.687786882531883,-21.112425390644844,9.923707922983938,2.955404549646168,14.094412145195534,8.738707922983876,17.00343007675658,0,0,33.4,king+tour,1,1,12.03920468037972,1.0,0.0,0.0
55.98,-11.654338514776354,-21.161049872724174,9.924543440600292,2.9511996089214603,14.15132136258508,8.73954344060023,17.051550499770773,0,0,33.3,king+tour,1,1,11.995134181915555,1.0,0.0,0.0
56.0,-11.620867066697661,-21.20956227073629,9.92522724835035,2.94714191650544,14.208149584345305,8.740227248350287,17.0991763731239,0,0,33.2,king+tour,1,1,11.9511963460884,1.0,0.0,0.0
56.02,-11.587327348674705,-21.257936594123546,9.925845152470066,2.943369520522182,14.264887220120437,8.740845152470003,17.147283247289113,0,0,33.0,king+tour,1,1,11.90735347620081,1.0,0.0,0.0
56.04,-11.55371255768235,-21.30617865457378,9.92636789265075,2.9400356406174066,14.321542167043514,8.741367892650688,17.19457062802188,0,0,32.9,king+tour,1,1,11.863597570156395,1.0,0.0,0.0
56.06,-11.51998539188186,-21.35424810863817,9.926856407296649,2.936167899465812,14.378088973389463,8.741856407296586,17.242703632447117,0,0,32.8,king+tour,1,1,11.819901289766179,1.0,0.0,0.0
56.08,-11.486116727291465,-21.402167511830154,9.927364196660834,2.934115494255043,14.434558959881436,8.742364196660771,17.29006840321119,0,0,32.7,king+tour,1,1,11.776230768355193,1.0,0.0,0.0
56.1,-11.452091952401998,-21.44990520309284,9.92791230019503,2.931242437454956,14.490927591304137,8.742912300194968,17.338245492629586,0,0,32.6,king+tour,1,1,11.732578299738025,1.0,0.0,0.0
56.12,-11.417904984627157,-21.497495429397496,9.928521966765457,2.929995775890054,14.547229651716329,8.743521966765394,17.38568423448775,0,0,32.5,king+tour,1,1,11.68892994948041,1.0,0.0,0.0
56.14,-11.38354271881128,-21.544897558516343,9.929193787241248,2.9275324506111327,14.603431772531026,8.744193787241185,17.433963264295365,0,0,32.4,king+tour,1,1,11.645281139980275,1.0,0.0,0.0
56.16,-11.349000161757981,-21.592137668892665,9.929938996739502,2.926333718727055,14.659560741806171,8.744938996739439,17.481510616375182,0,0,32.3,king+tour,1,1,11.601620821124449,1.0,0.0,0.0
56.18,-11.314271326325311,-21.6391720171481,9.930747765135727,2.9236005338629703,14.71557798773868,8.745747765135665,17.529757007306788,0,0,32.3,king+tour,1,1,11.557951566360005,1.0,0.0,0.0
56.2,-11.279357405166282,-21.686023759279927,9.931634740501243,2.9218377593500278,14.771505497565242,8.74663474050118,17.577263928861566,0,0,32.2,king+tour,1,1,11.514268952742786,1.0,0.0,0.0
56.22,-11.244267117652473,-21.732675289705366,9.932590360150083,2.919163740590234,14.82732433854198,8.74759036015002,17.62556423630224,0,0,32.1,king+tour,1,1,11.47058430748117,1.0,0.0,0.0
56.24,-11.2090168926859,-21.779176245651588,9.933615074550094,2.918033286182706,14.883076106138638,8.748615074550031,17.673146160135694,0,0,32.0,king+tour,1,1,11.426903248404445,1.0,0.0,0.0
56.26,-11.173615531238644,-21.825500396355093,9.93469983740403,2.91563030971415,14.938733619640598,8.749699837403968,17.72146781236464,0,0,31.9,king+tour,1,1,11.383239106958499,1.0,0.0,0.0
56.28,-11.138079546981189,-21.871688630555926,9.935847060960118,2.9143932806094934,14.994330051165527,8.750847060960055,17.76908194130291,0,0,31.8,king+tour,1,1,11.339599873019576,1.0,0.0,0.0
56.3,-11.102414294971291,-21.917711294839858,9.937048055437693,2.9118457275653755,15.049836104011035,8.75204805543763,17.81732669394909,0,0,31.7,king+tour,1,1,11.295996168059743,1.0,0.0,0.0
56.32,-11.066633059369469,-21.9636056435621,9.938303287123848,2.910396739457528,15.105282509666823,8.753303287123785,17.86486530243319,0,0,31.6,king+tour,1,1,11.252433925407487,1.0,0.0,0.0
56.34,-11.030731164124582,-22.009349149568415,9.93959295527441,2.9082115070361976,15.160650086540263,8.754592955274347,17.913206483160355,0,0,31.5,king+tour,1,1,11.208912562042459,1.0,0.0,0.0
56.36,-10.99471096987621,-22.054985633070128,9.94092089645838,2.9077080526940593,15.215979428101626,8.755920896458317,17.960851808825517,0,0,31.4,king+tour,1,1,11.165426556951592,1.0,0.0,0.0
56.38,-10.958592703783953,-22.100506533323916,9.942275791309255,2.9062506969820188,15.27125572544603,8.757275791309192,18.009278749264052,0,0,31.3,king+tour,1,1,11.121997548883565,1.0,0.0,0.0
56.4,-10.922403929824387,-22.145969752183163,9.943655577443344,2.9062155114152177,15.326523744347197,8.758655577443282,18.057037873254032,0,0,31.2,king+tour,1,1,11.078643227672917,1.0,0.0,0.0
56.42,-10.886164619753826,-22.191358159559673,9.945051696285638,2.9048856545431367,15.381760491158097,8.760051696285576,18.105419480944093,0,0,31.2,king+tour,1,1,11.035386963553718,1.0,0.0,0.0
56.44,-10.849902275691,-22.23672092890488,9.946463616237624,2.9046221602594042,15.437002275175097,8.761463616237561,18.153144130222408,0,0,31.1,king+tour,1,1,10.992248745120666,1.0,0.0,0.0
56.46,-10.813625302507132,-22.282048970678,9.94787786847745,2.9037261681186837,15.492237500004657,8.762877868477387,18.201663413674414,0,0,31.0,king+tour,1,1,10.94923960474749,1.0,0.0,0.0
56.48,-10.7773495589074,-22.327398883818283,9.949288125501287,2.904536546687705,15.54751329322538,8.764288125501224,18.24955246337493,0,0,30.9,king+tour,1,1,10.906367773403474,1.0,0.0,0.0
56.5,-10.74108345872281,-22.37275306606106,9.950683700846106,2.9043844012340583,15.602809960233978,8.765683700846044,18.298241906602346,0,0,30.8,king+tour,1,1,10.863646093796616,1.0,0.0,0.0
56.52,-10.70484296612577,-22.418159484896844,9.952063387219528,2.9056065243145848,15.658166331716973,8.767063387219466,18.34632198880604,0,0,30.7,king+tour,1,1,10.821085081665064,1.0,0.0,0.0
56.54,-10.668636460737176,-22.463592313154766,9.953421629870578,2.905554051754834,15.713554938265483,8.768421629870515,18.395095308086088,0,0,30.6,king+tour,1,1,10.77869901757943,1.0,0.0,0.0
56.56,-10.63248013121412,-22.509091226850245,9.954762086685497,2.9065564404123205,15.769006627854223,8.769762086685434,18.443270902743855,0,0,30.6,king+tour,1,1,10.736500487147474,1.0,0.0,0.0
56.58,-10.596375372401093,-22.554632089552943,9.956077419926528,2.9065675143490277,15.8244979498155,8.771077419926465,18.492203201305024,0,0,30.5,king+tour,1,1,10.694496688922696,1.0,0.0,0.0
56.6,-10.560331477147319,-22.600256307853492,9.957373300520043,2.9079249419104327,15.88006373594753,8.77237330051998,18.540556651801722,0,0,30.4,king+tour,1,1,10.652693711495342,1.0,0.0,0.0
56.62,-10.524349891952355,-22.645931848169038,9.958646765710567,2.9079852002078197,15.935673134918435,8.773646765710504,18.589595041715647,0,0,30.3,king+tour,1,1,10.611099905666729,1.0,0.0,0.0
56.64,-10.488440273127436,-22.691692124729023,9.959904013307396,2.90907386745201,15.991353321915819,8.774904013307333,18.63806101641403,0,0,30.2,king+tour,1,1,10.569723215839552,1.0,0.0,0.0
56.66,-10.452597184593438,-22.737506787522907,9.96113953858827,2.9091394111029065,16.047077526401626,8.776139538588208,18.687277522033376,0,0,30.1,king+tour,1,1,10.528564812685602,1.0,0.0,0.0
56.68,-10.416823436781408,-22.783411045679678,9.962360500264397,2.9105208712774124,16.10287705295662,8.777360500264335,18.735934082970978,0,0,30.1,king+tour,1,1,10.48762600386058,1.0,0.0,0.0
56.7,-10.381113729706353,-22.829366609074235,9.963564935806291,2.9105616516713204,16.158717744995702,8.778564935806228,18.78526003555128,0,0,30.0,king+tour,1,1,10.44690886363273,1.0,0.0,0.0
56.72,-10.345471242705797,-22.87540069310642,9.964760530963908,2.911594588901476,16.214623331015925,8.779760530963845,18.83402652328323,0,0,29.9,king+tour,1,1,10.406416233974026,1.0,0.0,0.0
56.74,-10.309883720041888,-22.92147691134384,9.965941491605188,2.911565010631256,16.270564058710242,8.780941491605125,18.883510089073912,0,0,29.8,king+tour,1,1,10.366142695021576,1.0,0.0,0.0
56.76,-10.274347335500755,-22.967624575352826,9.967116939540821,2.9128264613562798,16.326568215392093,8.782116939540758,18.93243987811861,0,0,29.7,king+tour,1,1,10.326084068412715,1.0,0.0,0.0
56.78,-10.238850012472051,-23.013799512753334,9.968284864822742,2.912708720250466,16.382598863380473,8.78328486482268,18.98202237540433,0,0,29.6,king+tour,1,1,10.286235510571615,1.0,0.0,0.0
56.8,-10.203388307131416,-23.06002309468302,9.969453441741628,2.91355351936942,16.43867683081305,8.784453441741565,19.03104458897186,0,0,29.6,king+tour,1,1,10.24659404527355,1.0,0.0,0.0
56.82,-10.167943418736538,-23.1062529856394,9.970619069636475,2.9132892147680107,16.494769516402794,8.785619069636413,19.080798146495614,0,0,29.5,king+tour,1,1,10.207147353316017,1.0,0.0,0.0
56.84,-10.132505110778014,-23.152512301057513,9.971788086576336,2.9142599980618256,16.55090198080145,8.786788086576273,19.129990646479868,0,0,29.4,king+tour,1,1,10.16788548419982,1.0,0.0,0.0
56.86,-10.097054989898181,-23.198750372160955,9.972954433453971,2.913773607712548,16.607033908135627,8.787954433453908,19.179729821483843,0,0,29.3,king+tour,1,1,10.128796593630458,1.0,0.0,0.0
56.88,-10.061583035550191,-23.244982295779536,9.974130445952119,2.9142037129102483,16.663182954333223,8.789130445952056,19.22889285787502,0,0,29.2,king+tour,1,1,10.089871402300316,1.0,0.0,0.0
56.9,-10.026065247531669,-23.29116607830339,9.9753056923352,2.9136902023037057,16.719319132060342,8.790305692335137,19.278827573822415,0,0,29.2,king+tour,1,1,10.051090979406666,1.0,0.0,0.0
56.92,-9.99048589732357,-23.337325172877186,9.976485284766918,2.9145941447344055,16.775470113214737,8.791485284766855,19.328181574772124,0,0,29.1,king+tour,1,1,10.01243958239566,1.0,0.0,0.0
56.94,-9.954842022431222,-23.383427684651213,9.977663155056577,2.9143244447190417,16.8316075181832,8.792663155056514,19.378229923826243,0,0,29.0,king+tour,1,1,9.973918042154603,1.0,0.0,0.0
56.96,-9.919138591330375,-23.429507336213565,9.97884467513704,2.915246674889267,16.88776076576287,8.793844675136977,19.427704901350527,0,0,28.9,king+tour,1,1,9.935530799783859,1.0,0.0,0.0
56.98,-9.883372734827628,-23.47552396891642,9.980027455543027,2.914672342722883,16.94389381475718,8.795027455542964,19.477738860645882,0,0,28.9,king+tour,1,1,9.897279006005405,1.0,0.0,0.0
57.0,-9.847549678718572,-23.52150306571986,9.98121890334588,2.91495636318939,17.00002833405595,8.796218903345817,19.527194318161605,0,0,28.8,king+tour,1,1,9.859168017178009,1.0,0.0,0.0
57.02,-9.811656518942012,-23.56741114927821,9.982410535436212,2.9143142597294043,17.05613832457526,8.79741053543615,19.57736169455436,0,0,28.7,king+tour,1,1,9.821188154162718,1.0,0.0,0.0
57.04,-9.775688207435465,-23.613280246418274,9.983606927158425,2.9151007093363823,17.1122554264357,8.798606927158362,19.626957288424613,0,0,28.6,king+tour,1,1,9.783334405855864,1.0,0.0,0.0
57.06,-9.73964354980476,-23.659078709939454,9.984800898249885,2.9146793012194756,17.168350945984674,8.799800898249822,19.677169121066957,0,0,28.5,king+tour,1,1,9.74560843679193,1.0,0.0,0.0
57.08,-9.703528947599056,-23.704840631000792,9.986001701498354,2.9154158537600163,17.224454042622025,8.801001701498292,19.72681911295401,0,0,28.5,king+tour,1,1,9.708016949408403,1.0,0.0,0.0
57.1,-9.667343219814978,-23.750526462434244,9.987205169665138,2.9146399540327974,17.280528732574723,8.802205169665076,19.777034442464547,0,0,28.4,king+tour,1,1,9.670561616351359,1.0,0.0,0.0
57.12,-9.631093103236202,-23.796162435293013,9.988420685297477,2.9147000055723384,17.336596749870054,8.803420685297414,19.826679623224308,0,0,28.3,king+tour,1,1,9.633249924920957,1.0,0.0,0.0
57.14,-9.594779562802215,-23.841731130729528,9.989639469624478,2.9140455804055243,17.39264172717747,8.804639469624416,19.876980632616693,0,0,28.2,king+tour,1,1,9.596084821100073,1.0,0.0,0.0
57.16,-9.558411315915386,-23.887280698519014,9.99085995986219,2.9150051903258247,17.448704787202438,8.805859959862127,19.926732409377546,0,0,28.2,king+tour,1,1,9.559075924227491,1.0,0.0,0.0
57.18,-9.521989509565746,-23.93278524277991,9.992074210630122,2.9149124905774997,17.504761631568986,8.80707421063006,19.97713352694192,0,0,28.1,king+tour,1,1,9.522226737684221,1.0,0.0,0.0
57.2,-9.485523024009142,-23.978284443309953,9.993285047803697,2.916096682375236,17.560845417992258,8.808285047803635,20.026999021743443,0,0,28.0,king+tour,1,1,9.485547881087834,1.0,0.0,0.0
57.22,-9.44901304031463,-24.02374420498033,9.994487783092165,2.9159112695155303,17.61692425944177,8.809487783092102,20.077473589245912,0,0,28.0,king+tour,1,1,9.449042873397607,1.0,0.0,0.0
57.24,-9.41246847296531,-24.06919617628255,9.995693565874772,2.9166937661184713,17.67302383199335,8.81069356587471,20.127419942498975,0,0,27.9,king+tour,1,1,9.412722818896668,1.0,0.0,0.0
57.26,-9.375892796114771,-24.114604486157983,9.99690177226967,2.9159708955642727,17.729109718040192,8.811901772269607,20.177882718724465,0,0,27.8,king+tour,1,1,9.376593193291708,1.0,0.0,0.0
57.28,-9.33929760591018,-24.15999901414957,9.99812014725285,2.916057079040503,17.785204853277676,8.813120147252787,20.22781464947956,0,0,27.7,king+tour,1,1,9.34066804122106,1.0,0.0,0.0
57.3,-9.302677746768849,-24.20535582559249,9.999341124826088,2.9153667067944604,17.841289175920036,8.814341124826026,20.278390569395818,0,0,27.7,king+tour,1,1,9.304944076958932,1.0,0.0,0.0
57.32,-9.266036033871515,-24.25071653652573,10.000564886369435,2.9162076455279684,17.89739980563054,8.815564886369373,20.328451081911403,0,0,27.6,king+tour,1,1,9.269427305000715,1.0,0.0,0.0
57.34,-9.229370693093951,-24.296051423109418,10.001781865821085,2.9159390403764216,17.95351004142466,8.816781865821023,20.379116569147623,0,0,27.5,king+tour,1,1,9.234117707483842,1.0,0.0,0.0
57.36,-9.192687647292741,-24.341396626434964,10.003000387019567,2.916898227484047,18.009650698855722,8.818000387019504,20.429276900296003,0,0,27.5,king+tour,1,1,9.1990248307758,1.0,0.0,0.0
57.38,-9.155991540834437,-24.386720430421626,10.004218458297997,2.916476956303532,18.065790715606177,8.819218458297934,20.480021822148885,0,0,27.4,king+tour,1,1,9.16415483212376,1.0,0.0,0.0
57.4,-9.119295072346345,-24.43205690047215,10.005442989728914,2.9169872271596446,18.12195625178909,8.820442989728852,20.53026751458407,0,0,27.3,king+tour,1,1,9.12952440063369,1.0,0.0,0.0
57.42,-9.08259913387734,-24.47737155596797,10.006672860677282,2.9161286345836697,18.178115172279764,8.82167286067722,20.581068446173628,0,0,27.2,king+tour,1,1,9.095135547596675,1.0,0.0,0.0
57.44,-9.04591272690948,-24.522695751722207,10.007915401300092,2.9162129055416828,18.23429255005628,8.82291540130003,20.631372976808095,0,0,27.2,king+tour,1,1,9.061001485030854,1.0,0.0,0.0
57.46,-9.009232687226486,-24.56799786203072,10.009167384848826,2.9151646490194314,18.290460491349787,8.824167384848764,20.68229720407195,0,0,27.1,king+tour,1,1,9.0271199827997,1.0,0.0,0.0
57.48,-8.972563902073523,-24.61331215636984,10.010434933516647,2.915300908856579,18.346648339714708,8.825434933516584,20.732735030842786,0,0,27.0,king+tour,1,1,8.993500696499883,1.0,0.0,0.0
57.5,-8.93590822231294,-24.65860285933292,10.011715240879516,2.913986024564921,18.4028224135807,8.826715240879453,20.78361016806352,0,0,27.0,king+tour,1,1,8.960145840549778,1.0,0.0,0.0
57.52,-8.899275688256909,-24.703900211392988,10.013013061066312,2.9135360784865334,18.459006256903887,8.82801306106625,20.8339924426783,0,0,26.9,king+tour,1,1,8.92707025194714,1.0,0.0,0.0
57.54,-8.862653666653417,-24.74918119446404,10.014314707632467,2.9125736806090585,18.51518369538092,8.829314707632404,20.884990351776754,0,0,26.8,king+tour,1,1,8.894262334628085,1.0,0.0,0.0
57.56,-8.826037574362731,-24.794488383017374,10.01561624046218,2.9134058835640437,18.571395419260146,8.830616240462117,20.93550886488924,0,0,26.8,king+tour,1,1,8.861723932441832,1.0,0.0,0.0
57.58,-8.789423198919165,-24.83979749974685,10.016903809461061,2.9134113946775786,18.627620761569368,8.831903809460998,20.986602096804337,0,0,26.7,king+tour,1,1,8.829451852197817,1.0,0.0,0.0
57.6,-8.752814179789501,-24.885149819851847,10.01817674296712,2.914907194171384,18.68389588347059,8.833176742967057,21.037227784319974,0,0,26.6,king+tour,1,1,8.797456806913456,1.0,0.0,0.0
57.62,-8.716206332499127,-24.93051335023012,10.01942851900401,2.915283568910007,18.74019306218322,8.834428519003948,21.088456335781785,0,0,26.6,king+tour,1,1,8.765734876532278,1.0,0.0,0.0
57.64,-8.679603534586567,-24.975921368978025,10.020662375804458,2.916837064459369,18.796541015957768,8.835662375804395,21.139223625135685,0,0,26.5,king+tour,1,1,8.734296768259913,1.0,0.0,0.0
57.66,-8.643001740187717,-25.021333752499473,10.0218753326921,2.9169535455360696,18.852904567022833,8.836875332692037,21.190566717927425,0,0,26.4,king+tour,1,1,8.703137463862246,1.0,0.0,0.0
57.68,-8.606404915880987,-25.066775914658884,10.023080253040067,2.9179485448276687,18.909305197607285,8.838080253040005,21.241448677789055,0,0,26.4,king+tour,1,1,8.67226708699615,1.0,0.0,0.0
57.7,-8.569818685530034,-25.112219147519838,10.024277346813541,2.917650037980176,18.96571425732261,8.839277346813478,21.292896855389092,0,0,26.3,king+tour,1,1,8.641691022882586,1.0,0.0,0.0
57.72,-8.533256727026972,-25.15770042320279,10.025476563590763,2.9183734203350613,19.022159772598023,8.8404765635907,21.343898424998734,0,0,26.2,king+tour,1,1,8.61143081254416,1.0,0.0,0.0
57.74,-8.496724770108028,-25.203182641672026,10.026678560197915,2.917473594162605,19.078605357664575,8.841678560197852,21.3952733258398,0,0,26.2,king+tour,1,1,8.58149056331056,1.0,0.0,0.0
57.76,-8.460236900159265,-25.248694561173952,10.027891330289636,2.9172633929090903,19.135071300480718,8.842891330289573,21.446191081056167,0,0,26.1,king+tour,1,1,8.551891399796999,1.0,0.0,0.0
57.78,-8.42378018414563,-25.29421766365342,10.029102042656248,2.9167236869000575,19.191545809419257,8.844102042656186,21.497683266790503,0,0,26.1,king+tour,1,1,8.522621190204168,1.0,0.0,0.0
57.8,-8.387349900469772,-25.339798658183348,10.030302795506364,2.9181477166379253,19.24807322664604,8.845302795506301,21.548735577235114,0,0,26.0,king+tour,1,1,8.493685819323682,1.0,0.0,0.0
57.82,-8.350933653016831,-25.385410504061365,10.031478816869067,2.9188895958906387,19.304633818595498,8.846478816869004,21.60036529496694,0,0,25.9,king+tour,1,1,8.465072660163798,1.0,0.0,0.0
57.84,-8.31452714659234,-25.431091323175835,10.0326261595855,2.9212528734749417,19.361263928889763,8.847626159585438,21.651563392456676,0,0,25.9,king+tour,1,1,8.436787543057495,1.0,0.0,0.0
57.86,-8.278118292355602,-25.476806191937918,10.033734247315074,2.922619437757389,19.417936580616004,8.848734247315011,21.703330749489165,0,0,25.8,king+tour,1,1,8.408816741419603,1.0,0.0,0.0
57.88,-8.241703014217212,-25.522585274696905,10.034807375856445,2.92529849118717,19.474680799603767,8.849807375856383,21.754669633433018,0,0,25.7,king+tour,1,1,8.381165461514342,1.0,0.0,0.0
57.9,-8.205271167236667,-25.56838763804794,10.035841626225562,2.926689954872323,19.531463411225435,8.850841626225499,21.806623436400063,0,0,25.7,king+tour,1,1,8.353820366219695,1.0,0.0,0.0
57.92,-8.168820612236697,-25.614237427163083,10.03684871147306,2.929104104672931,19.58830718903497,8.851848711472996,21.85815021298826,0,0,25.6,king+tour,1,1,8.326787655882502,1.0,0.0,0.0
57.94,-8.132354693729692,-25.660097633811265,10.037831670049236,2.9299692719958883,19.645176994195715,8.852831670049174,21.91021278115633,0,0,25.6,king+tour,1,1,8.300067289993082,1.0,0.0,0.0
57.96,-8.095884773169242,-25.705996704391797,10.038807263986081,2.93160858973859,19.70209388312783,8.853807263986019,21.961856264847974,0,0,25.5,king+tour,1,1,8.27367965392843,1.0,0.0,0.0
57.98,-8.059414170378862,-25.75188948619156,10.039783211728915,2.9313839577966223,19.75901532466736,8.854783211728853,22.01391246896176,0,0,25.4,king+tour,1,1,8.247622296245877,1.0,0.0,0.0
58.0,-8.022954715255784,-25.797796466688034,10.040773948072449,2.931605483637755,19.81595490601019,8.855773948072386,22.0655415426888,0,0,25.4,king+tour,1,1,8.221914284318524,1.0,0.0,0.0
