t,x,y,z,speed,v_horiz,v_height,v_dist,v_visible,v_in_frustum,v_depr_deg,route,tour_on,wp_idx,wp_dist,cmd_speed,rgb_req,dwell
0.02,-32.93833212561132,-8.913257103813173,4.837112411735315,0.2435302024811882,16.669282759308338,3.652112411735253,17.07492702623702,0,1,14.1,king,0,-1,nan,0.699999988079071,0.0,0.0
0.04,-32.93833212561132,-8.913257103813173,4.846848774440079,0.4868181352381902,16.669282759308338,3.661848774440017,17.07734854238878,0,1,14.1,king,0,-1,nan,0.699999988079071,0.0,0.0
0.06,-32.93833212561132,-8.913257103813173,4.861444160234212,0.7297692897066932,16.669282759308338,3.6764441602341504,17.080988291369945,0,1,14.2,king,0,-1,nan,0.699999988079071,0.0,0.0
0.08,-32.93833212561132,-8.913257103813173,4.880889952758327,0.9722896262057291,16.669282759308338,3.6958899527582654,17.08585578555184,0,1,14.3,king,0,-1,nan,0.699999988079071,0.0,0.0
0.1,-32.93833212561132,-8.913257103813173,4.9051756671448565,1.214285719326461,16.669282759308338,3.7201756671447948,17.091963887136206,0,1,14.3,king,0,-1,nan,0.699999988079071,0.0,0.0
0.12,-32.93833212561132,-8.913257103813173,4.934288965173531,1.4556649014337388,16.669282759308338,3.749288965173469,17.099328757609094,0,1,14.4,king,0,-1,nan,0.699999988079071,0.0,0.0
0.14,-32.93833212561132,-8.913257103813173,4.967827054460021,1.6769044643245077,16.669282759308338,3.7828270544599594,17.107982907710856,0,1,14.5,king,0,-1,nan,0.699999988079071,0.0,0.0
0.16,-32.93833212561132,-8.913257103813173,5.0044274483557505,1.8300196947864558,16.669282759308338,3.8194274483556887,17.117523460772095,0,1,14.7,king,0,-1,nan,0.699999988079071,0.0,0.0
0.18,-32.93833212561132,-8.913257103813173,5.042945428037687,1.9258989840968128,16.669282759308338,3.857945428037625,17.127609016333057,0,1,14.8,king,0,-1,nan,0.699999988079071,0.0,0.0
0.2,-32.93833212561132,-8.913257103813173,5.082666240111201,1.9860406036757041,16.669282759308338,3.897666240111139,17.138224346688975,0,1,14.9,king,0,-1,nan,0.699999988079071,0.0,0.0
0.22,-32.93833212561132,-8.913257103813173,5.123150132730682,2.0241946309740575,16.669282759308338,3.9381501327306205,17.14890240349857,0,1,15.0,king,0,-1,nan,0.699999988079071,0.0,0.0
0.24,-32.93833212561132,-8.913257103813173,5.1641114249013365,2.0480646085326857,16.669282759308338,3.9791114249012747,17.160057759088215,0,1,15.2,king,0,-1,nan,0.699999988079071,0.0,0.0
0.26,-32.93833212561132,-8.913257103813173,5.205370223657488,2.062939937807611,16.669282759308338,4.020370223657427,17.171144270460506,0,1,15.3,king,0,-1,nan,0.699999988079071,0.0,0.0
0.28,-32.93833212561132,-8.913257103813173,5.246816266050606,2.0723021196558897,16.669282759308338,4.061816266050545,17.18266671475129,0,1,15.4,king,0,-1,nan,0.699999988079071,0.0,0.0
0.3,-32.93833212561132,-8.913257103813173,5.288379433352415,2.0781583650904247,16.669282759308338,4.1033794333523534,17.19403020032615,0,1,15.6,king,0,-1,nan,0.699999988079071,0.0,0.0
0.32,-32.93833212561132,-8.913257103813173,5.330015863369343,2.081821500846371,16.669282759308338,4.145015863369281,17.205834996753378,0,1,15.7,king,0,-1,nan,0.699999988079071,0.0,0.0
0.34,-32.93833212561132,-8.913257103813173,5.3716981193351545,2.084112798290611,16.669282759308338,4.186698119335093,17.2174257801236,0,1,15.8,king,0,-1,nan,0.699999988079071,0.0,0.0
0.36,-32.93833212561132,-8.913257103813173,5.413409039289122,2.0855459976983655,16.669282759308338,4.22840903928906,17.22948226573921,0,1,16.0,king,0,-1,nan,0.699999988079071,0.0,0.0
0.38,-32.93833212561132,-8.913257103813175,5.4551378883929065,2.086442455189248,16.669282759308338,4.270137888392845,17.241279865249407,0,1,16.1,king,0,-1,nan,0.699999988079071,0.0,0.0
0.4,-32.938332125611325,-8.913257103813166,5.496877952037168,2.087003182213061,16.669282759308345,4.311877952037106,17.25357501687982,0,1,16.2,king,0,-1,nan,0.699999988079071,0.0,0.0
0.42,-32.9383321256113,-8.913257103813189,5.5386248373909455,2.0873442676889047,16.669282759308327,4.353624837390884,17.265573498334426,0,1,16.4,king,0,-1,nan,0.699999988079071,0.0,0.0
0.44,-32.9383321256114,-8.913257103813082,5.580376182540043,2.087567257454869,16.66928275930842,4.395376182539981,17.278104614887493,0,1,16.5,king,0,-1,nan,0.699999988079071,0.0,0.0
0.46,-32.93833212561112,-8.913257103813352,5.622130317245179,2.087706735256797,16.669282759308153,4.437130317245117,17.29029730647267,0,1,16.6,king,0,-1,nan,0.699999988079071,0.0,0.0
0.48,-32.93833212561225,-8.913257103812125,5.663886196788077,2.0877939771449068,16.669282759309198,4.478886196788015,17.303058456281054,0,1,16.8,king,0,-1,nan,0.699999988079071,0.0,0.0
0.5,-32.93833212560898,-8.913257103815226,5.705643118543221,2.0878460877571645,16.669282759306142,4.520643118543159,17.315443893928194,0,1,16.9,king,0,-1,nan,0.699999988079071,0.0,0.0
0.52,-32.938332125621926,-8.913257103800989,5.747400741355763,2.087881140627144,16.669282759318108,4.5624007413557015,17.3284338181777,0,1,17.0,king,0,-1,nan,0.699999988079071,0.0,0.0
0.54,-32.938332125583955,-8.913257103836727,5.789158707611474,2.0878983127855455,16.669282759282616,4.604158707611412,17.3410114319601,0,1,17.2,king,0,-1,nan,0.699999988079071,0.0,0.0
0.56,-32.93833212573245,-8.91325710367176,5.830916983747699,2.087913806811229,16.669282759419726,4.645916983747637,17.354229576599668,0,1,17.3,king,0,-1,nan,0.699999988079071,0.0,0.0
0.58,-32.93833212529116,-8.913257104083844,5.872675441878024,2.087922906516272,16.66928275900704,4.687675441877962,17.366996518458677,0,1,17.4,king,0,-1,nan,0.699999988079071,0.0,0.0
0.6,-32.93833212699385,-8.913257102172736,5.91443402568046,2.087929190121801,16.66928276057784,4.729434025680399,17.380440401577406,0,1,17.5,king,0,-1,nan,0.699999988079071,0.0,0.0
0.62,-32.93833212186685,-8.913257106922178,5.956192530437054,2.0879252378296904,16.669282755780614,4.771192530436992,17.39339664402219,0,1,17.7,king,0,-1,nan,0.699999988079071,0.0,0.0
0.64,-32.93833214138651,-8.91325708479163,5.997951143946959,2.087930675495781,16.669282773773475,4.812951143946897,17.407075297972426,0,1,17.8,king,0,-1,nan,0.699999988079071,0.0,0.0
0.66,-32.93833208178727,-8.913257139626051,6.039709832175527,2.087934411432325,16.66928271798255,4.854709832175465,17.42019300259349,0,1,17.9,king,0,-1,nan,0.699999988079071,0.0,0.0
0.68,-32.938332305544286,-8.91325688331858,6.081468633014424,2.087940042014179,16.669282924061932,4.896468633014362,17.434184999945757,0,1,18.1,king,0,-1,nan,0.699999988079071,0.0,0.0
0.7,-32.938331612866854,-8.913257515851605,6.123228326616707,2.0879846806409303,16.669282275326303,4.938228326616645,17.447190365452116,0,1,18.2,king,0,-1,nan,0.699999988079071,0.0,0.0
0.72,-32.93833418105833,-8.913254544762092,6.164993132253165,2.08824029105494,16.66928463865817,4.979993132253103,17.46194263055266,0,1,18.3,king,0,-1,nan,0.699999988079071,0.0,0.0
0.74,-32.93832612495881,-8.913261852926887,6.206762415460216,2.088464231164171,16.669277090373527,5.021762415460154,17.475308884341384,0,1,18.5,king,0,-1,nan,0.699999988079071,0.0,0.0
0.76,-32.93833167808152,-8.913236959309398,6.248533121757338,2.0885357042015107,16.669280962947898,5.063533121757276,17.490181380536942,0,1,18.6,king,0,-1,nan,0.699999988079071,0.0,0.0
0.78,-32.938345069950024,-8.913198746172945,6.290305681155667,2.088628951174027,16.669291764213156,5.105305681155605,17.503652839042168,0,1,18.7,king,0,-1,nan,0.699999988079071,0.0,0.0
0.8,-32.938383480462356,-8.913101660412439,6.332075759496584,2.0885104414502607,16.669323583493924,5.147075759496523,17.518886946105447,0,1,18.8,king,0,-1,nan,0.699999988079071,0.0,0.0
0.82,-32.93843553000415,-8.912962022457139,6.373847237415846,2.088587187234883,16.669366161120728,5.188847237415784,17.53269089008577,0,1,19.0,king,0,-1,nan,0.699999988079071,0.0,0.0
0.84,-32.93852493827902,-8.912755084572817,6.415617741529163,2.0885556199250623,16.669441507086145,5.230617741529101,17.54796909255629,0,1,19.1,king,0,-1,nan,0.699999988079071,0.0,0.0
0.86,-32.938648214789,-8.912518561247241,6.457389287486091,2.088619874470493,16.669548666818706,5.272389287486029,17.56180869828006,0,1,19.2,king,0,-1,nan,0.699999988079071,0.0,0.0
0.88,-32.93881762368712,-8.912226955988782,6.499161830933169,2.0886952380849975,16.669698171477663,5.314161830933108,17.577519406167035,0,1,19.4,king,0,-1,nan,0.699999988079071,0.0,0.0
0.9,-32.939019684393415,-8.911917913947871,6.540934472388274,2.0887136649436036,16.66987909324262,5.3559344723882125,17.591768132949362,0,1,19.5,king,0,-1,nan,0.699999988079071,0.0,0.0
0.92,-32.93927039986491,-8.911558224573422,6.5827048707641795,2.088634970007649,16.670105178427143,5.397704870764118,17.607385616462302,0,1,19.6,king,0,-1,nan,0.699999988079071,0.0,0.0
0.94,-32.939561610154065,-8.911178357229979,6.624476035258861,2.0886953379279936,16.67037032672765,5.439476035258799,17.62152481720188,0,1,19.7,king,0,-1,nan,0.699999988079071,0.0,0.0
0.96,-32.939890863306225,-8.910748792185187,6.666248542959573,2.088800692605654,16.67067011982634,5.481248542959511,17.637569848279682,0,1,19.9,king,0,-1,nan,0.699999988079071,0.0,0.0
0.98,-32.94023312541351,-8.910304361532162,6.70802137877717,2.0888300997204974,16.670981911590548,5.523021378777108,17.65209440164331,0,1,20.0,king,0,-1,nan,0.699999988079071,0.0,0.0
1.0,-32.94058925556557,-8.909808193437486,6.749792865647495,2.0887975768496005,16.671304097676906,5.5647928656474335,17.668607099574725,0,1,20.1,king,0,-1,nan,0.699999988079071,0.0,0.0
1.02,-32.940939174866436,-8.909288277540393,6.791565075645965,2.088845544920347,16.671618517476727,5.606565075645904,17.68355710503321,0,1,20.2,king,0,-1,nan,0.699999988079071,0.0,0.0
1.04,-32.94129495035497,-8.90871864946311,6.833338366525901,2.088934467189156,16.671935480901208,5.648338366525839,17.70038748098635,0,1,20.4,king,0,-1,nan,0.699999988079071,0.0,0.0
1.06,-32.94164936495678,-8.90813873085153,6.875111730502017,2.0889446218049232,16.672250421224533,5.690111730501955,17.715637453216992,0,1,20.5,king,0,-1,nan,0.699999988079071,0.0,0.0
1.08,-32.942015881944684,-8.907515324743294,6.9168829392931475,2.0888734127218362,16.672574560249487,5.731882939293086,17.732183233177466,0,1,20.6,king,0,-1,nan,0.699999988079071,0.0,0.0
1.1,-32.94239043518392,-8.90688105367591,6.958655379635769,2.0889467214925617,16.672906019009183,5.7736553796357075,17.747135899279503,0,1,20.7,king,0,-1,nan,0.699999988079071,0.0,0.0
1.12,-32.942763212733695,-8.906211830627614,7.000429850649963,2.089074706123331,16.673233405187084,5.815429850649902,17.764041268521567,0,1,20.9,king,0,-1,nan,0.699999988079071,0.0,0.0
1.14,-32.943108795812236,-8.90554996555437,7.042204861299785,2.0890841341554727,16.673534175425697,5.857204861299723,17.77930897056942,0,1,21.0,king,0,-1,nan,0.699999988079071,0.0,0.0
1.16,-32.943420082715384,-8.904863874439382,7.083978631511664,2.0890281821154586,16.673799142660346,5.898978631511603,17.796631617664215,0,1,21.1,king,0,-1,nan,0.699999988079071,0.0,0.0
1.18,-32.943676161546335,-8.904188764121304,7.125753302980324,2.0890455515759214,16.674009783278105,5.940753302980262,17.812270132358815,0,1,21.2,king,0,-1,nan,0.699999988079071,0.0,0.0
1.2,-32.943883652810875,-8.90350489301978,7.167529249415168,2.089102937169029,16.67417139042623,5.982529249415106,17.829838436850785,0,1,21.4,king,0,-1,nan,0.699999988079071,0.0,0.0
1.22,-32.94403732980535,-8.902859608621853,7.209305458908543,2.0890737709612077,16.674281891743842,6.024305458908481,17.845706044598984,0,1,21.5,king,0,-1,nan,0.699999988079071,0.0,0.0
1.24,-32.94414605634879,-8.902224740102772,7.25108134333365,2.0890424834105312,16.6743482580891,6.066081343333588,17.863476511883782,0,1,21.6,king,0,-1,nan,0.699999988079071,0.0,0.0
1.26,-32.944208749928784,-8.90163954015095,7.292857425161564,2.089011370458032,16.674372009846337,6.1078574251615025,17.879532688544707,0,1,21.7,king,0,-1,nan,0.699999988079071,0.0,0.0
1.28,-32.94423578769801,-8.901067452051015,7.334634400557396,2.089045050411151,16.67436107362534,6.149634400557334,17.897577330999273,0,1,21.9,king,0,-1,nan,0.699999988079071,0.0,0.0
1.3,-32.94422957078308,-8.900539618690338,7.376411021068247,2.0889977668815107,16.67431990610986,6.191411021068185,17.913898449787574,0,1,22.0,king,0,-1,nan,0.699999988079071,0.0,0.0
1.32,-32.94420145717358,-8.900010823964752,7.418184230987123,2.088828308623822,16.67425684289713,6.233184230987061,17.9316904220519,0,1,22.1,king,0,-1,nan,0.699999988079071,0.0,0.0
1.34,-32.94415671003092,-8.899503774262527,7.459958416013506,2.0888643064628254,16.674178637895103,6.274958416013444,17.947749775262675,0,1,22.2,king,0,-1,nan,0.699999988079071,0.0,0.0
1.36,-32.94409002036766,-8.898981158761023,7.50173118791047,2.0888047098935467,16.674077524164403,6.316731187910408,17.96600423521328,0,0,22.4,king,0,-1,nan,0.699999988079071,0.0,0.0
1.38,-32.94399209940142,-8.898473771336265,7.543505123654105,2.0888565879613745,16.673946270085043,6.3585051236540435,17.98249335977805,0,0,22.5,king,0,-1,nan,0.699999988079071,0.0,0.0
1.4,-32.94387374770625,-8.897955245098597,7.585280285892819,2.0889273902254875,16.673793908931795,6.400280285892757,18.00102303780712,0,0,22.6,king,0,-1,nan,0.699999988079071,0.0,0.0
1.42,-32.9437437569495,-8.897467308845316,7.6270559802947355,2.0889373028805927,16.67363196995128,6.442055980294674,18.01778840768742,0,0,22.7,king,0,-1,nan,0.699999988079071,0.0,0.0
1.44,-32.94361357055706,-8.896974667086186,7.668830708234013,2.0888917748415374,16.673469538847343,6.483830708233951,18.03646402379242,0,0,22.8,king,0,-1,nan,0.699999988079071,0.0,0.0
1.46,-32.94349458411247,-8.89651016123729,7.710606065590243,2.0889054584269866,16.673320153870268,6.525606065590181,18.053376744666995,0,0,23.0,king,0,-1,nan,0.699999988079071,0.0,0.0
1.48,-32.943394420408005,-8.896034056121863,7.752380082508955,2.088842501466697,16.67318879800656,6.567380082508893,18.071994096617896,0,0,23.1,king,0,-1,nan,0.699999988079071,0.0,0.0
1.5,-32.94332268037821,-8.89557475352902,7.794154870658287,2.088868731170789,16.67308692495733,6.609154870658225,18.088846219099093,0,0,23.2,king,0,-1,nan,0.699999988079071,0.0,0.0
1.52,-32.9432734126674,-8.895099920131084,7.835929879539551,2.088886821427132,16.673006464154607,6.650929879539489,18.107787003519867,0,0,23.3,king,0,-1,nan,0.699999988079071,0.0,0.0
1.54,-32.94324471183607,-8.894645301309438,7.877705195769108,2.0888899851896294,16.6729478705052,6.692705195769046,18.124945952685383,0,0,23.5,king,0,-1,nan,0.699999988079071,0.0,0.0
1.56,-32.94323035484039,-8.89417039676638,7.919480696793182,2.0889101382424173,16.672902265992033,6.734480696793121,18.144205529513574,0,0,23.6,king,0,-1,nan,0.699999988079071,0.0,0.0
1.58,-32.94322953881891,-8.893702407431014,7.9610861623037845,2.0804048734788694,16.67287064166831,6.776086162303723,18.161640211065222,0,0,23.7,king,0,-1,nan,0.6926805377006531,0.0,0.0
1.6,-32.943235101800056,-8.893196798985054,8.002326116338963,2.06215268570919,16.67284292056812,6.817326116338902,18.179184240419392,0,0,23.8,king,0,-1,nan,0.6820833683013916,0.0,0.0
1.62,-32.94324739737445,-8.892670330127547,8.043075502874112,2.03763945757714,16.672820560997202,6.85807550287405,18.194751912872878,0,0,23.9,king,0,-1,nan,0.6711149215698242,0.0,0.0
1.64,-32.94323284408063,-8.89216371696267,8.083253499682387,2.0090596657534348,16.672772732304942,6.898253499682325,18.210920882879684,0,0,24.0,king,0,-1,nan,0.660915732383728,0.0,0.0
1.66,-32.94316198883581,-8.89176648095422,8.122824006181569,1.9786281873522682,16.67267592491451,6.937824006181507,18.225129229046143,0,0,24.2,king,0,-1,nan,0.6509769558906555,0.0,0.0
1.68,-32.942985664126624,-8.891529438865074,8.161749501404676,1.9463308157397654,16.672484407742445,6.976749501404615,18.240178831927814,0,0,24.3,king,0,-1,nan,0.641177237033844,0.0,0.0
1.7,-32.942663032318784,-8.891555024041915,8.200019355833623,1.9135611460686621,16.672164153652883,7.015019355833561,18.25322383150859,0,0,24.4,king,0,-1,nan,0.6324610710144043,0.0,0.0
1.72,-32.94212813647582,-8.891918117053764,8.23760920395607,1.8797703529731464,16.67165427145366,7.052609203956009,18.267058985231774,0,0,24.5,king,0,-1,nan,0.6238144636154175,0.0,0.0
1.74,-32.94132294340769,-8.892746063042189,8.27451531268879,1.8462087451233231,16.67090525385396,7.089515312688728,18.278796991469925,0,0,24.6,king,0,-1,nan,0.6163413524627686,0.0,0.0
1.76,-32.94018022553712,-8.89411205460445,8.310741259525908,1.8134848781597972,16.669854915523157,7.125741259525847,18.291906757764163,0,0,24.7,king,0,-1,nan,0.6099705100059509,0.0,0.0
1.78,-32.93864447054147,-8.896134470239351,8.346257151357568,1.7803281165315608,16.668455820538483,7.161257151357506,18.302841919953543,0,0,24.8,king,0,-1,nan,0.6039429306983948,0.0,0.0
1.8,-32.93664895171517,-8.89887854797387,8.38105904948007,1.7483450538496925,16.666645963907047,7.1960590494800085,18.314991745377963,0,0,24.9,king,0,-1,nan,0.5990273356437683,0.0,0.0
1.82,-32.93414027855131,-8.902453158586454,8.415108230778543,1.716404693808324,16.664379687141174,7.230108230778481,18.32488606882531,0,0,25.0,king,0,-1,nan,0.5944565534591675,0.0,0.0
1.84,-32.931052722083656,-8.90691503367792,8.448393629318138,1.6862377428853794,16.661595769098273,7.2633936293180765,18.3358289508845,0,0,25.1,king,0,-1,nan,0.5910215377807617,0.0,0.0
1.86,-32.927335824243414,-8.912362527967723,8.480867015160522,1.6568126868029773,16.658251229752974,7.29586701516046,18.344896360495955,0,0,25.2,king,0,-1,nan,0.5879653096199036,0.0,0.0
1.88,-32.922928977632445,-8.918838005110178,8.512494530439787,1.6291499501390219,16.65428950572099,7.327494530439725,18.354678494323455,0,0,25.3,king,0,-1,nan,0.5851960778236389,0.0,0.0
1.9,-32.9177966510299,-8.92641449250636,8.543247483693793,1.6042818264435705,16.649681411170107,7.358247483693732,18.362026349525337,0,0,25.4,king,0,-1,nan,0.5839481949806213,0.0,0.0
1.92,-32.911893739350994,-8.935106863198751,8.573103293069229,1.5825383312935146,16.644384602124134,7.388103293069167,18.36982854201569,0,0,25.5,king,0,-1,nan,0.5830867886543274,0.0,0.0
1.94,-32.90518860249342,-8.944975914626351,8.602020673925724,1.5641067354555396,16.638373622568626,7.417020673925662,18.375862615288472,0,0,25.6,king,0,-1,nan,0.5828046798706055,0.0,0.0
1.96,-32.89763223658878,-8.956035354584701,8.629992603292958,1.550676231844339,16.631602834401395,7.444992603292897,18.382052073167554,0,0,25.6,king,0,-1,nan,0.5842243432998657,0.0,0.0
1.98,-32.88921476093113,-8.968310603801141,8.657011809772222,1.5423789730006536,16.624066781856488,7.47201180977216,18.386095295146877,0,0,25.7,king,0,-1,nan,0.5864890217781067,0.0,0.0
2.0,-32.8799019430367,-8.981791713813374,8.683074961234244,1.539282924310151,16.615733571945498,7.498074961234182,18.390899883892168,0,0,25.8,king,0,-1,nan,0.5895181894302368,0.0,0.0
2.02,-32.86968570236893,-8.99649885872304,8.708177890577957,1.5417755563076334,16.606599846288177,7.523177890577895,18.393119308584406,0,0,25.9,king,0,-1,nan,0.5935564041137695,0.0,0.0
2.04,-32.85856808907241,-9.012411021359522,8.732326846561106,1.549169390558091,16.596669715485827,7.547326846561044,18.395626122970626,0,0,26.0,king,0,-1,nan,0.5983853340148926,0.0,0.0
2.06,-32.84656259932214,-9.029557694293702,8.755517843562322,1.5620199412668232,16.585962681637458,7.57051784356226,18.396046338678943,0,0,26.1,king,0,-1,nan,0.6043013334274292,0.0,0.0
2.08,-32.83366630630977,-9.04791707965743,8.777772989623072,1.5800893412874726,16.574478435309327,7.59277298962301,18.39699239901189,0,0,26.1,king,0,-1,nan,0.6112987399101257,0.0,0.0
2.1,-32.81991225527498,-9.06748546879499,8.799092510085178,1.6020437931286378,16.56225413665344,7.614092510085116,18.395412166641897,0,0,26.2,king,0,-1,nan,0.6183844208717346,0.0,0.0
2.12,-32.80531735962787,-9.088205833772294,8.819499908175827,1.6269652735790814,16.54930698283792,7.634499908175765,18.394432444873292,0,0,26.3,king,0,-1,nan,0.6265376806259155,0.0,0.0
2.14,-32.789909575787725,-9.110073589185028,8.839012369342871,1.6555472437016117,16.5356693366273,7.6540123693428095,18.390965750765012,0,0,26.4,king,0,-1,nan,0.6361366510391235,0.0,0.0
2.16,-32.77370242219209,-9.13302850913443,8.857665268799943,1.6863650521992373,16.52135491957684,7.672665268799881,18.387963583935548,0,0,26.4,king,0,-1,nan,0.6469566822052002,0.0,0.0
2.18,-32.75672746656988,-9.157053383255027,8.875462177796997,1.7190649091409917,16.506398902742234,7.6904621777969355,18.38249994578224,0,0,26.5,king,0,-1,nan,0.6576016545295715,0.0,0.0
2.2,-32.739001285371224,-9.182096082078202,8.892414145835337,1.7526576138886256,16.49081872481905,7.707414145835275,18.377659139186946,0,0,26.6,king,0,-1,nan,0.6691915392875671,0.0,0.0
2.22,-32.72054882689752,-9.208160106076102,8.908536396399548,1.7886821503148542,16.474644837896868,7.723536396399486,18.37039449621913,0,0,26.6,king,0,-1,nan,0.6821005940437317,0.0,0.0
2.24,-32.70138168655675,-9.235192667642742,8.923859272319566,1.8254651326149123,16.457889722522776,7.738859272319504,18.363931980594103,0,0,26.7,king,0,-1,nan,0.6960521340370178,0.0,0.0
2.26,-32.68152051929917,-9.263196218150792,8.938417186321038,1.8645359114030895,16.440579670151042,7.753417186320976,18.355073390917422,0,0,26.8,king,0,-1,nan,0.7112773656845093,0.0,0.0
2.28,-32.66098194909833,-9.292133402844527,8.95225007116054,1.9042992325767643,16.422733563522737,7.767250071160478,18.34692585298992,0,0,26.8,king,0,-1,nan,0.7274019718170166,0.0,0.0
2.3,-32.639803711503355,-9.322006071638517,8.965347417542725,1.944501588299412,16.40439488231391,7.7803474175426635,18.33642175533988,0,0,26.9,king,0,-1,nan,0.7427879571914673,0.0,0.0
2.32,-32.61800330756232,-9.35276938763631,8.97771166522758,1.9840072101587551,16.385582732142478,7.792711665227519,18.32633707291694,0,0,27.0,king,0,-1,nan,0.7588002681732178,0.0,0.0
2.34,-32.59560650904385,-9.3844353966095,8.98935270884927,2.024763322446086,16.366329807982638,7.8043527088492075,18.31392279343837,0,0,27.0,king,0,-1,nan,0.7756246328353882,0.0,0.0
2.36,-32.57261514052926,-9.416977601647517,9.000283314709739,2.065838981737686,16.34664143829302,7.815283314709677,18.302566793904937,0,0,27.1,king,0,-1,nan,0.7929365038871765,0.0,0.0
2.38,-32.54904131706785,-9.45042311959751,9.010513752147599,2.1089035502500333,16.32653859900562,7.825513752147537,18.288903917722095,0,0,27.1,king,0,-1,nan,0.8111104369163513,0.0,0.0
2.4,-32.52488427997806,-9.484741027586697,9.02006903997186,2.152083162377798,16.30602388511971,7.835069039971798,18.275713011530197,0,0,27.2,king,0,-1,nan,0.8297654986381531,0.0,0.0
2.42,-32.50015460808017,-9.519953331351413,9.028967482303367,2.196955441356715,16.285116699243122,7.843967482303305,18.26025197915584,0,0,27.2,king,0,-1,nan,0.8489299416542053,0.0,0.0
2.44,-32.47482281621157,-9.556070867495608,9.037290182959447,2.2446845227180736,16.263795809720833,7.852290182959385,18.24597606566384,0,0,27.3,king,0,-1,nan,0.8700649738311768,0.0,0.0
2.46,-32.44888984608955,-9.593129513162134,9.045016522755779,2.2943182454899302,16.242073348498252,7.860016522755717,18.229412551681417,0,0,27.3,king,0,-1,nan,0.8898686766624451,0.0,0.0
2.48,-32.42232805604467,-9.631127618679118,9.05221808385312,2.3458725431632175,16.219929385482665,7.867218083853058,18.214233010285106,0,0,27.4,king,0,-1,nan,0.9115737080574036,0.0,0.0
2.5,-32.395123512363554,-9.67011643374542,9.058947374299493,2.4007802102044895,16.197363985987263,7.873947374299431,18.196768239906785,0,0,27.5,king,0,-1,nan,0.9337143898010254,0.0,0.0
2.52,-32.367268018382234,-9.710089464170347,9.065252807621274,2.4563846378726764,16.174376886278328,7.880252807621212,18.180579798693632,0,0,27.5,king,0,-1,nan,0.9559429287910461,0.0,0.0
2.54,-32.33876762536074,-9.75109707662404,9.071165794042821,2.5143886383938523,16.1509890643206,7.88616579404276,18.162136966377584,0,0,27.6,king,0,-1,nan,0.9785196185112,0.0,0.0
2.56,-32.30961818128738,-9.793116937633307,9.076714370595917,2.572034948630036,16.127203202481734,7.891714370595856,18.14465219311971,0,0,27.6,king,0,-1,nan,1.0,0.0,0.0
2.58,-32.27984746977127,-9.83615737619684,9.081824166271923,2.629108512294155,16.10305760070537,7.896824166271862,18.125315182389553,0,0,27.7,king,0,-1,nan,1.0,0.0,0.0
2.6,-32.24945394710037,-9.880184656127245,9.086472307957482,2.685038556308636,16.07855638197745,7.9014723079574205,18.10730171173645,0,0,27.7,king,0,-1,nan,1.0,0.0,0.0
2.62,-32.218454307663414,-9.92521864344412,9.090667212293175,2.74163951006665,16.053728756131086,7.905667212293113,18.088756502718276,0,0,27.7,king,0,-1,nan,1.0,0.0,0.0
2.64,-32.186856493181615,-9.971204926256263,9.094404386545182,2.796035835917675,16.028585693470635,7.909404386545121,18.069941320908463,0,0,27.8,king,0,-1,nan,1.0,0.0,0.0
2.66,-32.15472883772485,-10.01808730550237,9.097724177146102,2.846561407452038,16.00319732969158,7.91272417714604,18.050714443112028,0,0,27.8,king,0,-1,nan,1.0,0.0,0.0
2.68,-32.12207279597485,-10.065831233724571,9.100699158508244,2.8960102982247506,15.977570112355165,7.915699158508182,18.031860173151305,0,0,27.9,king,0,-1,nan,1.0,0.0,0.0
2.7,-32.088968080968435,-10.114372925043646,9.103355455883815,2.940779602214314,15.951783468704834,7.918355455883753,18.01278698774059,0,0,27.9,king,0,-1,nan,1.0,0.0,0.0
2.72,-32.0554388525663,-10.163648346842788,9.10577491547927,2.98250320010724,15.925861089859815,7.920774915479208,17.993651339579166,0,0,28.0,king,0,-1,nan,1.0,0.0,0.0
2.74,-32.021590554969265,-10.213561865047195,9.107971071079547,3.017403539957735,15.89990149801789,7.922971071079485,17.974494706958634,0,0,28.0,king,0,-1,nan,1.0,0.0,0.0
2.76,-31.98745807252148,-10.264041392701039,9.110011381048375,3.0485127254829143,15.873935824320066,7.925011381048313,17.95538734656237,0,0,28.1,king,0,-1,nan,1.0,0.0,0.0
2.78,-31.953155491659334,-10.314986739606256,9.111889488717374,3.0723047999479878,15.848067996578557,7.926889488717312,17.935946351530664,0,0,28.1,king,0,-1,nan,1.0,0.0,0.0
2.8,-31.91872744134393,-10.366319602042399,9.113657675927097,3.091714694314764,15.822335417689938,7.9286576759270355,17.916642908428877,0,0,28.2,king,0,-1,nan,1.0,0.0,0.0
2.82,-31.88427265839651,-10.417942367360407,9.11528417964799,3.1043064770515993,15.796824513976208,7.930284179647928,17.897185276261823,0,0,28.2,king,0,-1,nan,1.0,0.0,0.0
2.84,-31.849822546255012,-10.469777335442068,9.116797539575655,3.11286218810736,15.771557160519531,7.9317975395755935,17.877926146973525,0,0,28.2,king,0,-1,nan,1.0,0.0,0.0
2.86,-31.815463946538824,-10.521744297829962,9.118230895233575,3.1157395040039004,15.746608242652673,7.933230895233513,17.857852277567968,0,0,28.3,king,0,-1,nan,1.0,0.0,0.0
2.88,-31.7812202033522,-10.573770171595058,9.119559212298528,3.1149197079050874,15.721990050939375,7.934559212298466,17.83802698091504,0,0,28.3,king,0,-1,nan,1.0,0.0,0.0
2.9,-31.74713455524313,-10.625786573921332,9.120761267653574,3.110057256330065,15.69773417964688,7.935761267653512,17.81897481894169,0,0,28.4,king,0,-1,nan,1.0,0.0,0.0
2.92,-31.713187711221288,-10.677739197477665,9.12187183631615,3.1035047431023686,15.673812239071404,7.9368718363160875,17.800192027806876,0,0,28.4,king,0,-1,nan,1.0,0.0,0.0
2.94,-31.679429991322316,-10.72955940292053,9.122918248850047,3.09273839990928,15.650260785320505,7.937918248849985,17.78036705175072,0,0,28.4,king,0,-1,nan,1.0,0.0,0.0
2.96,-31.645847771437353,-10.781189301424597,9.123929432316002,3.0799490271528764,15.627054519849414,7.93892943231594,17.76207810307591,0,0,28.5,king,0,-1,nan,1.0,0.0,0.0
2.98,-31.612458137944078,-10.832611166414518,9.12494356122589,3.065984459069671,15.604205271075815,7.939943561225829,17.74215553524947,0,0,28.5,king,0,-1,nan,1.0,0.0,0.0
3.0,-31.579242750598613,-10.883769298888,9.125975827887782,3.0501975547268714,15.58168229854973,7.94097582788772,17.724611869191513,0,0,28.6,king,0,-1,nan,1.0,0.0,0.0
3.02,-31.54619571844774,-10.934674263810674,9.126959072951617,3.034958219899834,15.559479662981275,7.941959072951556,17.70539627056429,0,0,28.6,king,0,-1,nan,1.0,0.0,0.0
3.04,-31.513297415399627,-10.985265609581687,9.127836417276566,3.017678057477415,15.537563559390914,7.942836417276504,17.687465639604767,0,0,28.6,king,0,-1,nan,1.0,0.0,0.0
3.06,-31.480542397923102,-11.035545057574506,9.128575109999941,3.000608158061247,15.51592622392733,7.9435751099998795,17.66917160011212,0,0,28.7,king,0,-1,nan,1.0,0.0,0.0
3.08,-31.447908144626243,-11.085522709634356,9.129160214666165,2.9845864626148506,15.49454501581216,7.944160214666103,17.651019341985943,0,0,28.7,king,0,-1,nan,1.0,0.0,0.0
3.1,-31.41541829294183,-11.135198131178536,9.12967405366453,2.967954682345768,15.473440295172546,7.944674053664468,17.632881666051592,0,0,28.7,king,0,-1,nan,1.0,0.0,0.0
3.12,-31.383034064084427,-11.18458445950174,9.130178791563793,2.952965655185947,15.452574414850451,7.945178791563731,17.61510908419834,0,0,28.8,king,0,-1,nan,1.0,0.0,0.0
3.14,-31.35078191796809,-11.233688111105963,9.130701043398064,2.9375339474450746,15.431972127589047,7.945701043398002,17.59689497694899,0,0,28.8,king,0,-1,nan,1.0,0.0,0.0
3.16,-31.318623981151962,-11.282528957131289,9.131256108394746,2.9239824032859145,15.411598562631534,7.946256108394684,17.57907449592967,0,0,28.8,king,0,-1,nan,1.0,0.0,0.0
3.18,-31.286574747665433,-11.331138903287538,9.13182681129959,2.9113596197451863,15.39147297006978,7.946826811299528,17.56145253971843,0,0,28.9,king,0,-1,nan,1.0,0.0,0.0
3.2,-31.2545848120063,-11.379562637771802,9.132392961183928,2.90195389805275,15.37155582627545,7.9473929611838665,17.544184535552397,0,0,28.9,king,0,-1,nan,1.0,0.0,0.0
3.22,-31.22267662887022,-11.42782812067764,9.132921510567103,2.893081555897534,15.351874241242601,7.947921510567041,17.527081938265827,0,0,28.9,king,0,-1,nan,1.0,0.0,0.0
3.24,-31.19080968803011,-11.475975491550875,9.133386377946191,2.8869912288540074,15.332397424132804,7.94838637794613,17.51029166747121,0,0,29.0,king,0,-1,nan,1.0,0.0,0.0
3.26,-31.159013727843647,-11.524028599972977,9.133755205462142,2.8810676610165524,15.313159434254557,7.9487552054620805,17.493554256171315,0,0,29.0,king,0,-1,nan,1.0,0.0,0.0
3.28,-31.127256602948506,-11.57202331446809,9.13400867723206,2.8775301253901406,15.294137546272365,7.9490086772319986,17.47709992700395,0,0,29.0,king,0,-1,nan,1.0,0.0,0.0
3.3,-31.095566684573104,-11.61997862139972,9.13422710723182,2.874025965962786,15.275363995489837,7.949227107231759,17.460758020998966,0,0,29.1,king,0,-1,nan,1.0,0.0,0.0
3.32,-31.063910245936782,-11.667925876537558,9.134468380667402,2.8727720042055362,15.256814242454569,7.94946838066734,17.444763565022807,0,0,29.1,king,0,-1,nan,1.0,0.0,0.0
3.34,-31.032319229548193,-11.7158767959708,9.13475394262226,2.871134155951103,15.238522701130515,7.9497539426221975,17.428820702345433,0,0,29.1,king,0,-1,nan,1.0,0.0,0.0
3.36,-31.000760491570603,-11.763855731684663,9.135103516270398,2.8714344919868298,15.22046427966368,7.950103516270336,17.413249617974213,0,0,29.2,king,0,-1,nan,1.0,0.0,0.0
3.38,-30.96925665763336,-11.811870665138148,9.135508930401215,2.8714498724100794,15.20266380330748,7.950508930401154,17.397946494821316,0,0,29.2,king,0,-1,nan,1.0,0.0,0.0
3.4,-30.937764667376893,-11.859942138885396,9.135961961960026,2.8735071237683303,15.185086186421263,7.9509619619599645,17.38299802574347,0,0,29.2,king,0,-1,nan,1.0,0.0,0.0
3.42,-30.90631533648898,-11.908074211362297,9.136438720943966,2.874884394783529,15.167763429595283,7.951438720943904,17.36833307315255,0,0,29.2,king,0,-1,nan,1.0,0.0,0.0
3.44,-30.874873699858934,-11.956284512881469,9.136940513630034,2.8779599903598845,15.150667938508576,7.951940513629972,17.354012385487447,0,0,29.3,king,0,-1,nan,1.0,0.0,0.0
3.46,-30.843455882029005,-12.00456189851682,9.137453115174296,2.8801249978613637,15.133813572498967,7.952453115174234,17.339915664742254,0,0,29.3,king,0,-1,nan,1.0,0.0,0.0
3.48,-30.812012765578558,-12.052908271934445,9.137971317528619,2.883708518744892,15.117155038212566,7.952971317528557,17.326143384833834,0,0,29.3,king,0,-1,nan,1.0,0.0,0.0
3.5,-30.78056829018851,-12.101310054898969,9.138486405606463,2.8860669354799415,15.100712879609214,7.953486405606401,17.3122658030271,0,0,29.4,king,0,-1,nan,1.0,0.0,0.0
3.52,-30.749081372598177,-12.149766583757025,9.138997940753878,2.8895167574003238,15.084448819517313,7.953997940753816,17.298712259691772,0,0,29.4,king,0,-1,nan,1.0,0.0,0.0
3.54,-30.717575164880685,-12.198272971992582,9.139496482943924,2.892126971932409,15.068384943434884,7.9544964829438625,17.28529966612932,0,0,29.4,king,0,-1,nan,1.0,0.0,0.0
3.56,-30.68600822070331,-12.246837184182748,9.139980057064912,2.896199455441327,15.05248525699265,7.954980057064851,17.272200749973035,0,0,29.4,king,0,-1,nan,1.0,0.0,0.0
3.58,-30.654411401607025,-12.295451714270905,9.14044381921026,2.899114773522811,15.036778425576177,7.955443819210198,17.259226429221407,0,0,29.5,king,0,-1,nan,1.0,0.0,0.0
3.6,-30.62275096409899,-12.344121885474879,9.14089191698935,2.903174839655626,15.021235183085473,7.955891916989288,17.246566956165317,0,0,29.5,king,0,-1,nan,1.0,0.0,0.0
3.62,-30.59106544489801,-12.392837647785303,9.141324397177526,2.905763524288654,15.005890587680119,7.956324397177464,17.233823360369676,0,0,29.5,king,0,-1,nan,1.0,0.0,0.0
3.64,-30.559328562571906,-12.441601771288815,9.141752649487612,2.909189251702176,14.990721723531056,7.956752649487551,17.22140964661526,0,0,29.5,king,0,-1,nan,1.0,0.0,0.0
3.66,-30.527575914409088,-12.490402629394062,9.142180036101562,2.911158307477478,14.975760082625541,7.957180036101501,17.209105143782594,0,0,29.6,king,0,-1,nan,1.0,0.0,0.0
3.68,-30.49577807695015,-12.539241284684568,9.142618166208662,2.913978669980606,14.960979177630763,7.9576181662086,17.197142744220194,0,0,29.6,king,0,-1,nan,1.0,0.0,0.0
3.7,-30.463977662413615,-12.588104727339797,9.14306750516143,2.9150918931959473,14.946416395619849,7.958067505161368,17.18471876230976,0,0,29.6,king,0,-1,nan,1.0,0.0,0.0
3.72,-30.432151704392666,-12.63699277477316,9.143543622482117,2.9168302459610005,14.932050849298568,7.958543622482055,17.17266472130474,0,0,29.6,king,0,-1,nan,1.0,0.0,0.0
3.74,-30.400317628640977,-12.685898354689252,9.144039662128167,2.917794621466744,14.917897658887115,7.959039662128105,17.16075764276346,0,0,29.7,king,0,-1,nan,1.0,0.0,0.0
3.76,-30.368427527087356,-12.734827112957563,9.144554523112909,2.9203026575222175,14.903914323278942,7.959554523112847,17.14920472833636,0,0,29.7,king,0,-1,nan,1.0,0.0,0.0
3.78,-30.336506979347018,-12.783769071749171,9.145078925808402,2.9216911612069096,14.890122669359217,7.96007892580834,17.13791348294093,0,0,29.7,king,0,-1,nan,1.0,0.0,0.0
3.8,-30.304515893223112,-12.832727136942463,9.145618537393618,2.924300309270841,14.876486815612894,7.9606185373935565,17.12697041597437,0,0,29.7,king,0,-1,nan,1.0,0.0,0.0
3.82,-30.272487161948945,-12.881689087044913,9.146171406759716,2.925499038370904,14.863034531823208,7.961171406759655,17.116125843880667,0,0,29.8,king,0,-1,nan,1.0,0.0,0.0
3.84,-30.240388045664528,-12.930655164820456,9.146745513769028,2.9276097920569835,14.84973596220135,7.9617455137689666,17.105634532095827,0,0,29.8,king,0,-1,nan,1.0,0.0,0.0
3.86,-30.208259231750315,-12.979610606982297,9.147344101549907,2.927991764045297,14.836624983652056,7.962344101549845,17.095004588204244,0,0,29.8,king,0,-1,nan,1.0,0.0,0.0
3.88,-30.176075565003565,-13.02855292801623,9.147979132708805,2.9289684438498464,14.823677768242485,7.962979132708743,17.0847487406857,0,0,29.8,king,0,-1,nan,1.0,0.0,0.0
3.9,-30.143878030243783,-13.0774748260379,9.148650062782687,2.9285164750322212,14.810930660030348,7.963650062782626,17.074680387439546,0,0,29.9,king,0,-1,nan,1.0,0.0,0.0
3.92,-30.11164144411856,-13.126381430924177,9.149370491910517,2.928981266856902,14.79836241868047,7.964370491910455,17.06500058860117,0,0,29.9,king,0,-1,nan,1.0,0.0,0.0
3.94,-30.079410747811675,-13.175260549325943,9.150140926664381,2.927703694822327,14.78601103003118,7.965140926664319,17.054810319967867,0,0,29.9,king,0,-1,nan,1.0,0.0,0.0
3.96,-30.047164523747025,-13.224112156006006,9.150970168970817,2.927023267952447,14.773856797588904,7.965970168970755,17.04503662958914,0,0,29.9,king,0,-1,nan,1.0,0.0,0.0
3.98,-30.01492986134368,-13.2729386616339,9.1518476308981,2.925692675043903,14.761926087452478,7.966847630898038,17.035404077296484,0,0,30.0,king,0,-1,nan,1.0,0.0,0.0
4.0,-29.982667913468294,-13.321754789923492,9.152768609452185,2.926045054077786,14.750188613995615,7.967768609452123,17.02617712543418,0,0,30.0,king,0,-1,nan,1.0,0.0,0.0
4.02,-29.950413782238396,-13.370559840056583,9.153718030222219,2.9253902729753283,14.73867714464598,7.968718030222157,17.017154778511507,0,0,30.0,king,0,-1,nan,1.0,0.0,0.0
4.04,-29.918136506809304,-13.419365728761875,9.154699842200674,2.926090068760659,14.727367982555677,7.969699842200613,17.008536337785653,0,0,30.0,king,0,-1,nan,1.0,0.0,0.0
4.06,-29.88587030614924,-13.46816454926718,9.155707391086397,2.925511810992099,14.716290282672196,7.970707391086335,17.00005603429418,0,0,30.0,king,0,-1,nan,1.0,0.0,0.0
4.08,-29.85358362128875,-13.516960734388972,9.15674441581735,2.9259926187592367,14.705417076191877,7.971744415817288,16.991981349284053,0,0,30.1,king,0,-1,nan,1.0,0.0,0.0
4.1,-29.821318451932257,-13.565743702402566,9.15780749960426,2.9248714796365056,14.694783398359274,7.972807499604198,16.9835273743274,0,0,30.1,king,0,-1,nan,1.0,0.0,0.0
4.12,-29.789050941663156,-13.614515220995832,9.158905981610246,2.9244913692714327,14.684368292472021,7.9739059816101845,16.975498208962005,0,0,30.1,king,0,-1,nan,1.0,0.0,0.0
4.14,-29.7568065820946,-13.66326860754537,9.160033739203277,2.9231247241709175,14.674192818860636,7.975033739203215,16.967607010857165,0,0,30.1,king,0,-1,nan,1.0,0.0,0.0
4.16,-29.724545227258698,-13.712009642594577,9.161192256733854,2.923108651925488,14.664222740441511,7.976192256733792,16.96013308446454,0,0,30.1,king,0,-1,nan,1.0,0.0,0.0
4.18,-29.692300325731487,-13.760728901414469,9.162376841642104,2.9217730472540286,14.654485182295682,7.977376841642042,16.952843936649106,0,0,30.2,king,0,-1,nan,1.0,0.0,0.0
4.2,-29.660039524659577,-13.809429406476966,9.163594707696321,2.921464391734802,14.644952023333799,7.978594707696259,16.94597418865343,0,0,30.2,king,0,-1,nan,1.0,0.0,0.0
4.22,-29.62780403507243,-13.858099130786973,9.164842936072024,2.919514911510692,14.635656109552114,7.979842936071962,16.93848925899996,0,0,30.2,king,0,-1,nan,1.0,0.0,0.0
4.24,-29.595569258134443,-13.906738141823045,9.166125067234443,2.918252087777252,14.626575097455119,7.981125067234381,16.931505879579394,0,0,30.2,king,0,-1,nan,1.0,0.0,0.0
4.26,-29.56335613626345,-13.955359663562124,9.167423805994858,2.9169437427156195,14.617733640792009,7.982423805994796,16.92463848079181,0,0,30.2,king,0,-1,nan,1.0,0.0,0.0
4.28,-29.531122359305854,-14.003986240861263,9.168726652176334,2.917729341865755,14.609103135908141,7.983726652176272,16.918192521373626,0,0,30.3,king,0,-1,nan,1.0,0.0,0.0
4.3,-29.4988985385672,-14.052624882865972,9.170009179501065,2.917934627179832,14.600714806238615,7.985009179501003,16.911771949402254,0,0,30.3,king,0,-1,nan,1.0,0.0,0.0
4.32,-29.466650391244638,-14.1012952504927,9.171270099927236,2.919904797668733,14.592546701389551,7.986270099927174,16.905763014140252,0,0,30.3,king,0,-1,nan,1.0,0.0,0.0
4.34,-29.43439510034058,-14.149989650657412,9.172495047778131,2.921065257720188,14.584611785632807,7.9874950477780695,16.899833310133243,0,0,30.3,king,0,-1,nan,1.0,0.0,0.0
4.36,-29.402085588006766,-14.198712904809026,9.1736803933019,2.9237241347220015,14.576870551887875,7.988680393301839,16.89429654892878,0,0,30.3,king,0,-1,nan,1.0,0.0,0.0
4.38,-29.36974665455648,-14.247454955084836,9.17481963853361,2.9252743296525194,14.569341742126642,7.989819638533548,16.88880139524524,0,0,30.3,king,0,-1,nan,1.0,0.0,0.0
4.4,-29.33733892170922,-14.296218179469468,9.175917329785632,2.9280190089760447,14.561991894294081,7.99091732978557,16.88369423292028,0,0,30.4,king,0,-1,nan,1.0,0.0,0.0
4.42,-29.30489474863002,-14.344990150208833,9.17697498508807,2.929354933826537,14.554845258946568,7.9919749850880075,16.878615015635297,0,0,30.4,king,0,-1,nan,1.0,0.0,0.0
4.44,-29.27238213948775,-14.393770760258237,9.178004975978709,2.9315859834161344,14.547873902336404,7.993004975978647,16.873932014200427,0,0,30.4,king,0,-1,nan,1.0,0.0,0.0
4.46,-29.23984121170424,-14.442545088694875,9.179015010150367,2.9320927954639346,14.541107484375551,7.994015010150306,16.86914745579168,0,0,30.4,king,0,-1,nan,1.0,0.0,0.0
4.48,-29.207247330652805,-14.49131038060492,9.180022694659636,2.9331852162526677,14.534523283746825,7.995022694659574,16.864781278062296,0,0,30.4,king,0,-1,nan,1.0,0.0,0.0
4.5,-29.17464418445207,-14.540054978230549,9.181034985219302,2.9325866023222877,14.528155098388867,7.99603498521924,16.860289170105382,0,0,30.4,king,0,-1,nan,1.0,0.0,0.0
4.52,-29.142010230552582,-14.588779361774202,9.182068844122254,2.932622274967514,14.521984250366346,7.997068844122192,16.85624130365881,0,0,30.5,king,0,-1,nan,1.0,0.0,0.0
4.54,-29.10938956887459,-14.637479213500157,9.18312583745055,2.9312541519527393,14.516047855948901,7.998125837450488,16.852242412726667,0,0,30.5,king,0,-1,nan,1.0,0.0,0.0
4.56,-29.07676064494784,-14.686162468613123,9.184221031692044,2.930829854938014,14.510330664426741,7.999221031691982,16.848705651445453,0,0,30.5,king,0,-1,nan,1.0,0.0,0.0
4.58,-29.044167695858974,-14.73481744571446,9.185356142168883,2.928692371535314,14.50486608312748,8.00035614216882,16.84472483375185,0,0,30.5,king,0,-1,nan,1.0,0.0,0.0
4.6,-29.011589000052634,-14.783444495379468,9.186538840096365,2.9271830118531397,14.49963500616026,8.001538840096302,16.841231444518158,0,0,30.5,king,0,-1,nan,1.0,0.0,0.0
4.62,-28.979057450947096,-14.832054126458715,9.1877526808504,2.925180050117762,14.494671168573577,8.002752680850337,16.83767896813731,0,0,30.5,king,0,-1,nan,1.0,0.0,0.0
4.64,-28.9465403131149,-14.880669205912124,9.188996851524719,2.9250376765633455,14.489956976073191,8.003996851524656,16.834610414380013,0,0,30.5,king,0,-1,nan,1.0,0.0,0.0
4.66,-28.914057320172123,-14.92928484007919,9.190256327720382,2.9241285010554425,14.485507395700763,8.00525632772032,16.831649824257074,0,0,30.5,king,0,-1,nan,1.0,0.0,0.0
4.68,-28.881562897645207,-14.977908639140097,9.19152580953586,2.9247961102242157,14.481286645942962,8.006525809535797,16.82915369423865,0,0,30.5,king,0,-1,nan,1.0,0.0,0.0
4.7,-28.84908461039808,-15.02653308891408,9.19279464391699,2.924374377117385,14.477315214528454,8.007794643916927,16.826778747075245,0,0,30.6,king,0,-1,nan,1.0,0.0,0.0
4.72,-28.816584847206652,-15.075163132486065,9.194065002558872,2.925204931449664,14.473563181670187,8.00906500255881,16.82486053087571,0,0,30.6,king,0,-1,nan,1.0,0.0,0.0
4.74,-28.784098747672505,-15.123788853215617,9.1953331264441,2.924643361847421,14.470056198424611,8.010333126444037,16.823073992807576,0,0,30.6,king,0,-1,nan,1.0,0.0,0.0
4.76,-28.751596240034797,-15.172412644974878,9.196608865823835,2.9250271959216194,14.466769658592112,8.011608865823773,16.82174929744226,0,0,30.6,king,0,-1,nan,1.0,0.0,0.0
4.78,-28.719120121554123,-15.221022121176075,9.19789324386165,2.9237087214141706,14.463734173198475,8.012893243861587,16.819888198248275,0,0,30.6,king,0,-1,nan,1.0,0.0,0.0
4.8,-28.686647925527005,-15.26961681115037,9.199193866769285,2.923003176729843,14.460930100992812,8.014193866769222,16.818513415217378,0,0,30.6,king,0,-1,nan,1.0,0.0,0.0
4.82,-28.654208384467108,-15.318206081141158,9.20049540815229,2.921872256099767,14.458386811880514,8.015495408152228,16.817157602034303,0,0,30.6,king,0,-1,nan,1.0,0.0,0.0
4.84,-28.621765347920725,-15.36681155867787,9.20179626685388,2.922642340538547,14.456084698278346,8.016796266853817,16.81628222486411,0,0,30.6,king,0,-1,nan,1.0,0.0,0.0
4.86,-28.589343168754745,-15.415432532882553,9.203082516527148,2.9226919409618586,14.454044382434237,8.018082516527086,16.815476889586254,0,0,30.6,king,0,-1,nan,1.0,0.0,0.0
4.88,-28.556901626351163,-15.464080567542405,9.20434971339479,2.9243335726669866,14.452238033665525,8.019349713394726,16.81513890595543,0,0,30.6,king,0,-1,nan,1.0,0.0,0.0
4.9,-28.52447275001188,-15.51275231395812,9.205588870200508,2.9249386443877694,14.450691435792477,8.020588870200445,16.814884486768133,0,0,30.6,king,0,-1,nan,1.0,0.0,0.0
4.92,-28.49202413877775,-15.561456695922436,9.206802703652553,2.9268167798817672,14.449382297729342,8.02180270365249,16.815095743025825,0,0,30.6,king,0,-1,nan,1.0,0.0,0.0
4.94,-28.459595437201042,-15.61018776691296,9.20798526262265,2.927343681374149,14.448341277646108,8.022985262622587,16.815169288801915,0,0,30.7,king,0,-1,nan,1.0,0.0,0.0
4.96,-28.42716162273475,-15.65895220632162,9.209152343797468,2.928858544784744,14.4475512121095,8.024152343797406,16.815718472089035,0,0,30.7,king,0,-1,nan,1.0,0.0,0.0
4.98,-28.394746469171015,-15.707727894999122,9.210308142010774,2.9287991805665623,14.447020293945911,8.025308142010712,16.816312702544096,0,0,30.7,king,0,-1,nan,1.0,0.0,0.0
5.0,-28.362308716411743,-15.756505121133628,9.21146707620885,2.9294917314799993,14.446708757181945,8.026467076208787,16.81738338854358,0,0,30.7,king,0,-1,nan,1.0,0.0,0.0
5.02,-28.329879709894964,-15.805259716961238,9.21263561280168,2.9283171599690125,14.446629473120975,8.027635612801618,16.81780464338271,0,0,30.7,king,0,-1,nan,1.0,0.0,0.0
5.04,-28.297425456513626,-15.85397957437098,9.213823041333253,2.9275899025833563,14.446747189707128,8.02882304133319,16.818758743179377,0,0,30.7,king,0,-1,nan,1.0,0.0,0.0
5.06,-28.26496189585802,-15.902668544133077,9.215018525270475,2.926571256939951,14.447077075389831,8.030018525270412,16.819700248071445,0,0,30.7,king,0,-1,nan,1.0,0.0,0.0
5.08,-28.232441172220206,-15.95134097635319,9.216216040060665,2.9274721031212425,14.447587463044094,8.031216040060603,16.82112213328916,0,0,30.7,king,0,-1,nan,1.0,0.0,0.0
5.1,-28.199888515789993,-15.99999583828544,9.21739936134724,2.927614762727891,14.448298734682384,8.032399361347178,16.82268254784513,0,0,30.7,king,0,-1,nan,1.0,0.0,0.0
5.12,-28.167264068878456,-16.0486445681894,9.218568767434007,2.929343342862069,14.449184714112004,8.033568767433945,16.824712477177478,0,0,30.7,king,0,-1,nan,1.0,0.0,0.0
5.14,-28.13460016712953,-16.097283759787338,9.219715440245759,2.9300240166685296,14.450270304677897,8.034715440245696,16.826694885103926,0,0,30.7,king,0,-1,nan,1.0,0.0,0.0
5.16,-28.101864404910923,-16.1459221646945,9.220841790416047,2.9319759653911803,14.451534239512693,8.035841790415985,16.829145731400633,0,0,30.7,king,0,-1,nan,1.0,0.0,0.0
5.18,-28.0690966086175,-16.194553846864313,9.221946347702298,2.932570984388781,14.453005915578506,8.036946347702235,16.83155839972168,0,0,30.7,king,0,-1,nan,1.0,0.0,0.0
5.2,-28.03627185302233,-16.243184987514315,9.223039079247236,2.934129548533995,14.454668805079796,8.038039079247174,16.834450386046637,0,0,30.7,king,0,-1,nan,1.0,0.0,0.0
5.22,-28.00343763887568,-16.291807140002938,9.224125117146075,2.934015511876536,14.456556694031152,8.039125117146012,16.83726604038592,0,0,30.7,king,0,-1,nan,1.0,0.0,0.0
5.24,-27.97057648771938,-16.340423882332264,9.22522045260601,2.934553905537944,14.458657482234184,8.040220452605947,16.840583824624847,0,0,30.7,king,0,-1,nan,1.0,0.0,0.0
5.26,-27.937741671061133,-16.389027033401735,9.226325747101857,2.9332631806510254,14.461009191848959,8.041325747101794,16.843314926717717,0,0,30.7,king,0,-1,nan,1.0,0.0,0.0
5.28,-27.90492092950876,-16.43762068919142,9.227461097618553,2.9325046802392305,14.463604000428733,8.04246109761849,16.846583973495534,0,0,30.7,king,0,-1,nan,1.0,0.0,0.0
5.3,-27.872134868247326,-16.486201400597196,9.228619130610037,2.9310204597286553,14.466455987211956,8.043619130609974,16.849887702735682,0,0,30.7,king,0,-1,nan,1.0,0.0,0.0
5.32,-27.839338733972095,-16.53477813508305,9.229799599415692,2.9311597804066527,14.469534379377562,8.04479959941563,16.85371849484996,0,0,30.7,king,0,-1,nan,1.0,0.0,0.0
5.34,-27.8065611732052,-16.583344552878273,9.230994520882579,2.930227493130754,14.472857974090559,8.045994520882516,16.85756173659189,0,0,30.7,king,0,-1,nan,1.0,0.0,0.0
5.36,-27.77376542505911,-16.631906777788238,9.232206274977917,2.930579777388486,14.476400990539096,8.047206274977855,16.861926537833238,0,0,30.7,king,0,-1,nan,1.0,0.0,0.0
5.38,-27.74098791270224,-16.68045585937031,9.23343186753627,2.9295395183740793,14.480186619604037,8.048431867536207,16.866298099545553,0,0,30.7,king,0,-1,nan,1.0,0.0,0.0
5.4,-27.70819958739492,-16.72899522514621,9.234679605862015,2.9294629018452722,14.484193662281871,8.049679605861952,16.87119547646486,0,0,30.7,king,0,-1,nan,1.0,0.0,0.0
5.42,-27.67544476453591,-16.777513253435977,9.235948266864977,2.9276641672126056,14.488449480238158,8.050948266864914,16.875707094021735,0,0,30.7,king,0,-1,nan,1.0,0.0,0.0
5.44,-27.642702113447314,-16.826010541372778,9.237247688385073,2.9264981777806947,14.492937100324415,8.05224768838501,16.880765194073078,0,0,30.7,king,0,-1,nan,1.0,0.0,0.0
5.46,-27.61000520549314,-16.874496884668314,9.238565086820316,2.9247858103514695,14.497688325350444,8.053565086820253,16.885740281305512,0,0,30.7,king,0,-1,nan,1.0,0.0,0.0
5.48,-27.577322463214404,-16.922994244994857,9.239897290964679,2.9248634025297027,14.502691757261108,8.054897290964616,16.89126041607474,0,0,30.7,king,0,-1,nan,1.0,0.0,0.0
5.5,-27.54468691149589,-16.97150438196741,9.241230978937109,2.9240773539166818,14.507973844427571,8.056230978937046,16.89686916124642,0,0,30.6,king,0,-1,nan,1.0,0.0,0.0
5.52,-27.512066602601084,-17.020041431535848,9.242565091679102,2.9247690464419085,14.513518410045656,8.05756509167904,16.903018270769525,0,0,30.6,king,0,-1,nan,1.0,0.0,0.0
5.54,-27.479502011850368,-17.068604337478682,9.243887980323679,2.9242770212226006,14.519355792744548,8.058887980323616,16.908896973253906,0,0,30.6,king,0,-1,nan,1.0,0.0,0.0
5.56,-27.446968707482192,-17.117204741987376,9.2452095819967,2.9249623256133366,14.52547425663388,8.060209581996638,16.915321618018254,0,0,30.6,king,0,-1,nan,1.0,0.0,0.0
5.58,-27.414484726940945,-17.16582142974196,9.246528317286634,2.924265028513829,14.531873721583038,8.061528317286571,16.921782648483752,0,0,30.6,king,0,-1,nan,1.0,0.0,0.0
5.6,-27.382002973095066,-17.214445857474715,9.247853438033712,2.924532120800114,14.538512236086259,8.062853438033649,16.928778642302717,0,0,30.6,king,0,-1,nan,1.0,0.0,0.0
5.62,-27.349549520319634,-17.26305423846998,9.249185582566781,2.9230873700102036,14.545393850040684,8.064185582566719,16.93526841768002,0,0,30.6,king,0,-1,nan,1.0,0.0,0.0
5.64,-27.31708504419974,-17.31163515874487,9.2505331568179,2.922269657670555,14.552480651927,8.065533156817837,16.942303269723627,0,0,30.6,king,0,-1,nan,1.0,0.0,0.0
5.66,-27.28462310965713,-17.360188997935833,9.251883337410781,2.9210766345921164,14.559782618334213,8.066883337410719,16.949275049562946,0,0,30.6,king,0,-1,nan,1.0,0.0,0.0
5.68,-27.25211251573342,-17.40872849229847,9.2532291070462,2.921828334350068,14.567269070558867,8.068229107046138,16.956771822999343,0,0,30.6,king,0,-1,nan,1.0,0.0,0.0
5.7,-27.219574983388412,-17.45725100272744,9.254554674916973,2.9218496537347733,14.574954420941522,8.06955467491691,16.96427308761942,0,0,30.6,king,0,-1,nan,1.0,0.0,0.0
5.72,-27.186967438363286,-17.50576635119635,9.255858204139848,2.923478329858234,14.582812767050786,8.070858204139785,16.97228503716239,0,0,30.6,king,0,-1,nan,1.0,0.0,0.0
5.74,-27.154318952646936,-17.554269452972175,9.257130745894306,2.9240784291652036,14.59086244078684,8.072130745894244,16.980182672504586,0,0,30.6,king,0,-1,nan,1.0,0.0,0.0
5.76,-27.121594037324773,-17.60276744193945,9.258374698675377,2.9259709650106376,14.5990817798354,8.073374698675314,16.988586464384817,0,0,30.5,king,0,-1,nan,1.0,0.0,0.0
5.78,-27.088829317341357,-17.651252713890866,9.25958733864882,2.9265248023464334,14.607492864501468,8.074587338648758,16.99694626376583,0,0,30.5,king,0,-1,nan,1.0,0.0,0.0
5.8,-27.055996694514977,-17.69972987525086,9.26078041099281,2.928070916490934,14.61607796108123,8.075780410992747,17.005819368373423,0,0,30.5,king,0,-1,nan,1.0,0.0,0.0
5.82,-27.023140274702055,-17.748188914870216,9.261957937885825,2.927972597778701,14.624862646716913,8.076957937885762,17.014404543954665,0,0,30.5,king,0,-1,nan,1.0,0.0,0.0
5.84,-26.99023931449958,-17.796631762980482,9.2631341822474,2.9285518033992686,14.633832717150673,8.078134182247338,17.02352281181609,0,0,30.5,king,0,-1,nan,1.0,0.0,0.0
5.86,-26.957338654739196,-17.845055180929535,9.264310196023281,2.927739668642881,14.643018364325437,8.079310196023219,17.03270045880193,0,0,30.5,king,0,-1,nan,1.0,0.0,0.0
5.88,-26.92441795011698,-17.893468067754743,9.265501800139015,2.927883332692038,14.652410377312798,8.080501800138952,17.042428452621824,0,0,30.5,king,0,-1,nan,1.0,0.0,0.0
5.9,-26.89152973731974,-17.94186451743319,9.266709927683175,2.926307594323336,14.662042231413595,8.081709927683113,17.05142362227375,0,0,30.5,king,0,-1,nan,1.0,0.0,0.0
5.92,-26.85866113251591,-17.99025053194493,9.267945729406595,2.9253541614565166,14.67190797711061,8.082945729406532,17.06099876892116,0,0,30.4,king,0,-1,nan,1.0,0.0,0.0
5.94,-26.8258383748033,-18.03863336494734,9.269197037956046,2.923951831975736,14.682030767961217,8.084197037955983,17.07055268848948,0,0,30.4,king,0,-1,nan,1.0,0.0,0.0
5.96,-26.79302271215046,-18.087032487859023,9.27045828767905,2.9244373667548285,14.692395713199746,8.085458287678987,17.08067868774058,0,0,30.4,king,0,-1,nan,1.0,0.0,0.0
5.98,-26.7602482607419,-18.135451988027256,9.271714925402254,2.924120295080665,14.70302954460098,8.086714925402191,17.090849537329913,0,0,30.4,king,0,-1,nan,1.0,0.0,0.0
6.0,-26.72748430737786,-18.183908332260653,9.272965178366514,2.925344880941862,14.713921477775674,8.087965178366451,17.101588748831457,0,0,30.4,king,0,-1,nan,1.0,0.0,0.0
6.02,-26.694772414033153,-18.23240281511176,9.274196575049652,2.9254483293092135,14.725101472220286,8.08919657504959,17.11200311589225,0,0,30.4,king,0,-1,nan,1.0,0.0,0.0
6.04,-26.662089447776495,-18.280949421570675,9.275417366496672,2.926789885594646,14.736562596258993,8.09041736649661,17.12299264471808,0,0,30.4,king,0,-1,nan,1.0,0.0,0.0
6.06,-26.629455358667165,-18.32952981163131,9.276624846085868,2.9268140004950256,14.748305382278938,8.091624846085805,17.133979711675142,0,0,30.3,king,0,-1,nan,1.0,0.0,0.0
6.08,-26.596825254922827,-18.378138353352654,9.277827691116215,2.927866473564393,14.760293832949543,8.092827691116153,17.14553203679986,0,0,30.3,king,0,-1,nan,1.0,0.0,0.0
6.1,-26.564227071996417,-18.426754163574294,9.279025862706273,2.92727439300175,14.772531971614047,8.09402586270621,17.15698268696609,0,0,30.3,king,0,-1,nan,1.0,0.0,0.0
6.12,-26.53162347744039,-18.47536902667285,9.280234908048692,2.9273969165050278,14.784987286058707,8.09523490804863,17.169003059317387,0,0,30.3,king,0,-1,nan,1.0,0.0,0.0
6.14,-26.49904237693179,-18.523969733187993,9.281455691980177,2.926195096678419,14.797668899214994,8.096455691980115,17.18094812958353,0,0,30.3,king,0,-1,nan,1.0,0.0,0.0
6.16,-26.466446304969466,-18.572555485231867,9.282698209852532,2.9260139523355293,14.810549660320396,8.097698209852469,17.193462309866533,0,0,30.3,king,0,-1,nan,1.0,0.0,0.0
6.18,-26.433871216803492,-18.621110293323753,9.283963740438137,2.9241696793808014,14.823641889980554,8.098963740438075,17.20540511646308,0,0,30.2,king,0,-1,nan,1.0,0.0,0.0
6.2,-26.401287465871885,-18.669630406669434,9.285258966161313,2.9230035210056884,14.83692166658669,8.10025896616125,17.217929364403357,0,0,30.2,king,0,-1,nan,1.0,0.0,0.0
6.22,-26.368719503674132,-18.718122587604586,9.28657105153865,2.9214231727016453,14.850409744983072,8.101571051538587,17.230346596619427,0,0,30.2,king,0,-1,nan,1.0,0.0,0.0
6.24,-26.336126731482892,-18.766605904310065,9.28789320986023,2.9217584176746816,14.864091859846821,8.102893209860166,17.243335817085843,0,0,30.2,king,0,-1,nan,1.0,0.0,0.0
6.26,-26.303541532489987,-18.81508393518397,9.289209251937008,2.921321035750136,14.87799196179941,8.104209251936945,17.25634379263738,0,0,30.2,king,0,-1,nan,1.0,0.0,0.0
6.28,-26.270931306824085,-18.86357274420624,9.290517961922701,2.9224579296398043,14.892099464444163,8.105517961922638,17.26991851649888,0,0,30.1,king,0,-1,nan,1.0,0.0,0.0
6.3,-26.238335629185688,-18.91207334237656,9.291809318031461,2.9225219520923487,14.906441169952371,8.106809318031399,17.28333350118416,0,0,30.1,king,0,-1,nan,1.0,0.0,0.0
6.32,-26.205729398088508,-18.9605990636452,9.293086564337477,2.9238430571471605,14.921009746063465,8.108086564337414,17.297319130389734,0,0,30.1,king,0,-1,nan,1.0,0.0,0.0
6.34,-26.173154022920365,-19.009144949669672,9.29434572607113,2.923800440145338,14.935828475568737,8.109345726071068,17.311153267031877,0,0,30.1,king,0,-1,nan,1.0,0.0,0.0
6.36,-26.140586213147024,-19.057718530812103,9.295598332967714,2.9247324845488247,14.950886961905303,8.110598332967651,17.32556703027276,0,0,30.1,king,0,-1,nan,1.0,0.0,0.0
6.38,-26.108066180706064,-19.106307033739885,9.296844964955852,2.924016594531468,14.966201384014699,8.11184496495579,17.33970776698287,0,0,30.0,king,0,-1,nan,1.0,0.0,0.0
6.4,-26.07556919665657,-19.15491007708646,9.298098344388354,2.923987326778204,14.98175437711293,8.113098344388291,17.354442073841632,0,0,30.0,king,0,-1,nan,1.0,0.0,0.0
6.42,-26.043130722725277,-19.203528522017116,9.299351937616107,2.923003281920522,14.99756886771641,8.114351937616044,17.368871855229088,0,0,30.0,king,0,-1,nan,1.0,0.0,0.0
6.44,-26.010721353180536,-19.25217574946111,9.300612935444748,2.923401310032068,15.013635003242646,8.115612935444686,17.383901207166556,0,0,30.0,king,0,-1,nan,1.0,0.0,0.0
6.46,-25.97836408405413,-19.30083783793325,9.30187767141039,2.9225807417639387,15.029956209858845,8.116877671410327,17.3988984686983,0,0,29.9,king,0,-1,nan,1.0,0.0,0.0
6.48,-25.946016785202993,-19.34951358636542,9.303153135929158,2.9228851491869836,15.046503552772004,8.118153135929095,17.414487063969087,0,0,29.9,king,0,-1,nan,1.0,0.0,0.0
6.5,-25.913710387299535,-19.398186444207646,9.30443710902317,2.921642955141934,15.063283334709443,8.119437109023107,17.42980674007034,0,0,29.9,king,0,-1,nan,1.0,0.0,0.0
6.52,-25.88141044153774,-19.446852459463145,9.305739408229181,2.9211998905780927,15.080269563164103,8.120739408229118,17.445721803532265,0,0,29.9,king,0,-1,nan,1.0,0.0,0.0
6.54,-25.849144106436878,-19.495507634647726,9.307054083720827,2.9198333962453513,15.097475502038398,8.122054083720764,17.461529380042773,0,0,29.8,king,0,-1,nan,1.0,0.0,0.0
6.56,-25.81687339766526,-19.5441604112039,9.308382802641825,2.9198702048287895,15.11488274213598,8.123382802641762,17.47792748693893,0,0,29.8,king,0,-1,nan,1.0,0.0,0.0
6.58,-25.784633370901734,-19.59280401091526,9.30972136693836,2.918651603466804,15.13250726646473,8.124721366938298,17.4942418850264,0,0,29.8,king,0,-1,nan,1.0,0.0,0.0
6.6,-25.752393825941,-19.641444111562464,9.311076316505849,2.918511409338626,15.150333642432546,8.126076316505786,17.511147740097826,0,0,29.8,king,0,-1,nan,1.0,0.0,0.0
6.62,-25.720197653244277,-19.690071140216634,9.312441995483303,2.9167818443964006,15.168380233629671,8.12744199548324,17.527254547553888,0,0,29.7,king,0,-1,nan,1.0,0.0,0.0
6.64,-25.688022320927526,-19.73868798146479,9.31382726121606,2.91580530205296,15.18663420291864,8.128827261215998,17.54397047171105,0,0,29.7,king,0,-1,nan,1.0,0.0,0.0
6.66,-25.65587491396069,-19.787297856590058,9.315213770626743,2.914746190807915,15.205101470187445,8.13021377062668,17.560557317986966,0,0,29.7,king,0,-1,nan,1.0,0.0,0.0
6.68,-25.62369805094092,-19.83591656001769,9.316587949857636,2.9159120379976375,15.223758388089774,8.131587949857574,17.577728326442656,0,0,29.7,king,0,-1,nan,1.0,0.0,0.0
6.7,-25.5915070496727,-19.8845441839246,9.317929468938843,2.9166359229974272,15.24261393514203,8.13292946893878,17.59473418626965,0,0,29.6,king,0,-1,nan,1.0,0.0,0.0
6.72,-25.55925313930083,-19.933193405720925,9.319227440574316,2.9192234609700307,15.261648063088414,8.134227440574254,17.612302717525772,0,0,29.6,king,0,-1,nan,1.0,0.0,0.0
6.74,-25.52695938774804,-19.981861563645868,9.320465230545901,2.9210478039455476,15.280872505758207,8.135465230545838,17.629804056565497,0,0,29.6,king,0,-1,nan,1.0,0.0,0.0
6.76,-25.494584883184114,-20.030558699704187,9.321642427958608,2.924425328073194,15.300270440164423,8.136642427958545,17.647856896217778,0,0,29.6,king,0,-1,nan,1.0,0.0,0.0
6.78,-25.46215972855229,-20.079279949167468,9.322752303794443,2.9267655468673373,15.31985608565393,8.13775230379438,17.665711582362057,0,0,29.5,king,0,-1,nan,1.0,0.0,0.0
6.8,-25.429650340586164,-20.128032810936507,9.323799647152843,2.930357812927224,15.339615329201337,8.13879964715278,17.68411705110139,0,0,29.5,king,0,-1,nan,1.0,0.0,0.0
6.82,-25.39709424204465,-20.1768100382201,9.324785942605116,2.9326141207289487,15.359564703311634,8.139785942605053,17.702329289033838,0,0,29.5,king,0,-1,nan,1.0,0.0,0.0
6.84,-25.36446514629223,-20.225616665082384,9.325723988088608,2.9358238386455966,15.379692583265967,8.140723988088546,17.721102088227784,0,0,29.4,king,0,-1,nan,1.0,0.0,0.0
6.86,-25.331808320248232,-20.274442924262885,9.326619882327527,2.93737744396107,15.40001762749644,8.141619882327465,17.739840485914,0,0,29.4,king,0,-1,nan,1.0,0.0,0.0
6.88,-25.299104635688796,-20.323291485992744,9.327496558673243,2.9395924582559507,15.420530433470624,8.14249655867318,17.759157827712073,0,0,29.4,king,0,-1,nan,1.0,0.0,0.0
6.9,-25.266407046055843,-20.372150097274247,9.328363556756862,2.93983330728073,15.441251509554514,8.1433635567568,17.77784719865453,0,0,29.4,king,0,-1,nan,1.0,0.0,0.0
6.92,-25.23370360884617,-20.421018713820686,9.32924411820804,2.9404216861527965,15.462173143784378,8.144244118207977,17.79714557980045,0,0,29.3,king,0,-1,nan,1.0,0.0,0.0
6.94,-25.201025969806945,-20.469886181083524,9.33014291169167,2.9396705936160727,15.483303703693414,8.145142911691607,17.81630370144645,0,0,29.3,king,0,-1,nan,1.0,0.0,0.0
6.96,-25.168340390095967,-20.518753880544942,9.33107275340417,2.9399250744298246,15.504624010877203,8.146072753404107,17.836075685951748,0,0,29.3,king,0,-1,nan,1.0,0.0,0.0
6.98,-25.135686665581783,-20.56760781485457,9.332038345954864,2.938496635675871,15.52614445266654,8.147038345954801,17.85562688856268,0,0,29.2,king,0,-1,nan,1.0,0.0,0.0
7.0,-25.103038697180715,-20.61644650355454,9.333053980485895,2.9377452528046626,15.547847880701045,8.148053980485832,17.875801076057666,0,0,29.2,king,0,-1,nan,1.0,0.0,0.0
7.02,-25.07044099025065,-20.665257642898116,9.334119666183717,2.9352485018832923,15.569748231765525,8.149119666183655,17.89566911665479,0,0,29.2,king,0,-1,nan,1.0,0.0,0.0
7.04,-25.037873624781383,-20.714038302746964,9.335147958989124,2.933105630126311,15.59183051935183,8.150147958989061,17.916117553834614,0,0,29.1,king,0,-1,nan,1.0,0.0,0.0
7.06,-25.00537221676176,-20.762794639466524,9.336162435072646,2.930252145845664,15.614118450662895,8.151162435072584,17.93611018274726,0,0,29.1,king,0,-1,nan,1.0,0.0,0.0
7.08,-24.972908517390845,-20.811544954758567,9.337192173790251,2.928969690755355,15.636610084535587,8.152192173790189,17.956722350083552,0,0,29.1,king,0,-1,nan,1.0,0.0,0.0
7.1,-24.940502888171594,-20.86027793659106,9.338248583255767,2.926663767987524,15.659306041838287,8.153248583255705,17.977183922287026,0,0,29.0,king,0,-1,nan,1.0,0.0,0.0
7.12,-24.908110332850764,-20.90899483114788,9.339346383314204,2.925670273818208,15.682181275616058,8.154346383314142,17.998269107803143,0,0,29.0,king,0,-1,nan,1.0,0.0,0.0
7.14,-24.875759641618636,-20.957681102670968,9.340488103815241,2.923278888388373,15.705238299301236,8.155488103815179,18.019003053508168,0,0,29.0,king,0,-1,nan,1.0,0.0,0.0
7.16,-24.843413624894893,-21.006334853768795,9.341682282723333,2.9218480269542977,15.72845399179616,8.15668228272327,18.040362756633353,0,0,28.9,king,0,-1,nan,1.0,0.0,0.0
7.18,-24.811100757847427,-21.054949823653413,9.34292231579963,2.919363952875549,15.751837425581542,8.157922315799567,18.06162233152346,0,0,28.9,king,0,-1,nan,1.0,0.0,0.0
7.2,-24.77878612097027,-21.103529450195097,9.344111647161046,2.917888954586614,15.775371438715132,8.159111647160984,18.08344743145658,0,0,28.9,king,0,-1,nan,1.0,0.0,0.0
7.22,-24.746504387601544,-21.15206597567071,9.345278697686032,2.9151614970109105,15.799067007857198,8.16027869768597,18.10465697648831,0,0,28.8,king,0,-1,nan,1.0,0.0,0.0
7.24,-24.714226475414662,-21.200563415870707,9.34644931626475,2.9134325412447133,15.822910757825866,8.161449316264687,18.126466540643932,0,0,28.8,king,0,-1,nan,1.0,0.0,0.0
7.26,-24.681977213786695,-21.249035188802225,9.347623195959098,2.911574161948492,15.846926151241084,8.162623195959036,18.14815780276611,0,0,28.8,king,0,-1,nan,1.0,0.0,0.0
7.28,-24.649717031314218,-21.297506951572778,9.348803400566483,2.91188257067388,15.871113022936758,8.16380340056642,18.170459141906523,0,0,28.7,king,0,-1,nan,1.0,0.0,0.0
7.3,-24.617478860305795,-21.345988645161572,9.349976239705432,2.911678997954625,15.895496349121192,8.16497623970537,18.192375190201876,0,0,28.7,king,0,-1,nan,1.0,0.0,0.0
7.32,-24.585231035252207,-21.39450261435367,9.351139306298593,2.9132800034320407,15.920077803393877,8.16613930629853,18.2149055034396,0,0,28.7,king,0,-1,nan,1.0,0.0,0.0
7.34,-24.552997407394216,-21.44304582594566,9.352279383608254,2.9140821594561377,15.944866562109809,8.167279383608191,18.2373125773315,0,0,28.6,king,0,-1,nan,1.0,0.0,0.0
7.36,-24.52073737991589,-21.49162798433839,9.353395186416748,2.9164106804881142,15.969849281519677,8.168395186416685,18.26032418691714,0,0,28.6,king,0,-1,nan,1.0,0.0,0.0
7.38,-24.48848232552699,-21.540243566798928,9.354479401339079,2.9176355639481413,15.995036870013724,8.169479401339016,18.283180033178873,0,0,28.6,king,0,-1,nan,1.0,0.0,0.0
7.4,-24.456199267805886,-21.5888996559815,9.35553666532036,2.920072189815089,16.02041795794727,8.170536665320297,18.30663829757274,0,0,28.5,king,0,-1,nan,1.0,0.0,0.0
7.42,-24.42392715614481,-21.637588246624208,9.356565097795036,2.9210981339186213,16.046004963075152,8.171565097794973,18.329940505386794,0,0,28.5,king,0,-1,nan,1.0,0.0,0.0
7.44,-24.391640394223952,-21.686314020693736,9.357578870372528,2.923039423634193,16.071788301157174,8.172578870372465,18.353851917344148,0,0,28.5,king,0,-1,nan,1.0,0.0,0.0
7.46,-24.359380726346014,-21.735063700254013,9.358581511969815,2.92327843311113,16.097776839882155,8.173581511969752,18.377260147441127,0,0,28.4,king,0,-1,nan,1.0,0.0,0.0
7.48,-24.327125091194805,-21.78383643657568,9.359587326071876,2.924131268137049,16.123957433455455,8.174587326071814,18.40129129603235,0,0,28.4,king,0,-1,nan,1.0,0.0,0.0
7.5,-24.29490394583909,-21.832627166539844,9.360594816618203,2.923932529860694,16.150339997076184,8.17559481661814,18.42516207353864,0,0,28.4,king,0,-1,nan,1.0,0.0,0.0
7.52,-24.26268287483345,-21.88144339478881,9.361610606998655,2.92500144756485,16.176913107237336,8.176610606998592,18.44965723815795,0,0,28.3,king,0,-1,nan,1.0,0.0,0.0
7.54,-24.230500305228997,-21.93027713635734,9.362630673933483,2.9246763233215454,16.203687883132634,8.17763067393342,18.473874943486464,0,0,28.3,king,0,-1,nan,1.0,0.0,0.0
7.56,-24.19832935711842,-21.97913337908453,9.363670634999545,2.925313604885087,16.23065454450801,8.178670634999483,18.498723041051583,0,0,28.2,king,0,-1,nan,1.0,0.0,0.0
7.58,-24.166198255502053,-22.027991100471386,9.364732117475574,2.9242996491655426,16.25780751284855,8.179732117475512,18.523124734140236,0,0,28.2,king,0,-1,nan,1.0,0.0,0.0
7.6,-24.13406960583663,-22.0768419618069,9.365824033840202,2.923973778906203,16.285120347435647,8.180824033840139,18.548156872521712,0,0,28.2,king,0,-1,nan,1.0,0.0,0.0
7.62,-24.10196656155312,-22.125679395677164,9.3669407399429,2.9227330667635876,16.312597464682,8.181940739942837,18.57296278835807,0,0,28.1,king,0,-1,nan,1.0,0.0,0.0
7.64,-24.069846851010166,-22.174509595165723,9.368083548150446,2.922913870632814,16.340223130448774,8.183083548150384,18.59839188743207,0,0,28.1,king,0,-1,nan,1.0,0.0,0.0
7.66,-24.03774158347709,-22.223323220490787,9.369248906068794,2.92184713829461,16.368003087755458,8.184248906068731,18.623597276496188,0,0,28.1,king,0,-1,nan,1.0,0.0,0.0
7.68,-24.005616327852977,-22.27212362101527,9.3704419051099,2.9218719971008698,16.39592310861186,8.185441905109837,18.649422430874846,0,0,28.0,king,0,-1,nan,1.0,0.0,0.0
7.7,-23.9735100237921,-22.32089881516052,9.37166242638514,2.9203270349993633,16.42399005979904,8.186662426385077,18.674809820587942,0,0,28.0,king,0,-1,nan,1.0,0.0,0.0
7.72,-23.94139597858545,-22.369649256494,9.372916297249839,2.9195417542353503,16.452190868814082,8.187916297249776,18.70082214489467,0,0,27.9,king,0,-1,nan,1.0,0.0,0.0
7.74,-23.909304286559838,-22.418382101682038,9.374185864959143,2.918209510708798,16.480544906802482,8.18918586495908,18.726505151433127,0,0,27.9,king,0,-1,nan,1.0,0.0,0.0
7.76,-23.87719980792642,-22.46711714172119,9.375466335716508,2.9186646267178706,16.509052571055232,8.190466335716446,18.75280983942008,0,0,27.9,king,0,-1,nan,1.0,0.0,0.0
7.78,-23.84511355068996,-22.51585438381213,9.37673948164181,2.918247578009171,16.5377273021341,8.191739481641747,18.778874227419184,0,0,27.8,king,0,-1,nan,1.0,0.0,0.0
7.8,-23.813011537801227,-22.564606753288547,9.378004618706886,2.9193035697177696,16.566564272999727,8.193004618706823,18.80555312137686,0,0,27.8,king,0,-1,nan,1.0,0.0,0.0
7.82,-23.780932291836358,-22.613371517042495,9.37924775300418,2.9191717954473133,16.595577772445978,8.194247753004117,18.831822529067587,0,0,27.8,king,0,-1,nan,1.0,0.0,0.0
7.84,-23.748848963129362,-22.66215989664439,9.380498044258932,2.9202778948763353,16.62476486815996,8.19549804425887,18.858719665301336,0,0,27.7,king,0,-1,nan,1.0,0.0,0.0
7.86,-23.716786509050852,-22.71095434319548,9.381751013704381,2.919961004959978,16.654120267365567,8.196751013704318,18.885364667221037,0,0,27.7,king,0,-1,nan,1.0,0.0,0.0
7.88,-23.684704479894116,-22.75975040745915,9.38301810695073,2.920581281069386,16.683621135462044,8.198018106950668,18.912629656730505,0,0,27.6,king,0,-1,nan,1.0,0.0,0.0
7.9,-23.652634745339775,-22.80852934721299,9.384307613818414,2.919552904922383,16.71326400223003,8.199307613818352,18.939343812892957,0,0,27.6,king,0,-1,nan,1.0,0.0,0.0
7.92,-23.620544006898324,-22.857284530473738,9.385620877881559,2.919164285804389,16.74302738127102,8.200620877881496,18.966680560938546,0,0,27.6,king,0,-1,nan,1.0,0.0,0.0
7.94,-23.588452695907698,-22.906020150383192,9.386932899963474,2.9183618225809265,16.772923192013398,8.201932899963412,18.993723663306834,0,0,27.5,king,0,-1,nan,1.0,0.0,0.0
7.96,-23.556317195807047,-22.95475227927898,9.388209025740593,2.9193917390587303,16.80294624114104,8.20320902574053,19.021360861265293,0,0,27.5,king,0,-1,nan,1.0,0.0,0.0
7.98,-23.52416498637497,-23.003482708814342,9.389442284920229,2.9197346892606735,16.833109471875197,8.204442284920166,19.0487953165806,0,0,27.5,king,0,-1,nan,1.0,0.0,0.0
8.0,-23.491959737549706,-23.05222560292872,9.390633826286187,2.9216722734459997,16.863409546470084,8.205633826286125,19.076824370102837,0,0,27.4,king,0,-1,nan,1.0,0.0,0.0
8.02,-23.459738645544366,-23.100976984596215,9.39170614635567,2.922347453177867,16.893858286559038,8.206706146355607,19.10453568365101,0,0,27.4,king,0,-1,nan,1.0,0.0,0.0
8.04,-23.427472925844285,-23.149748598391035,9.392674950427265,2.9243313600053944,16.92445359688663,8.207674950427203,19.133107458015026,0,0,27.3,king,0,-1,nan,0.9800053834915161,0.0,0.0
8.06,-23.39520234063494,-23.19853955721101,9.393595111692724,2.9252329091375366,16.955210931383903,8.208595111692661,19.160284580199434,0,0,27.3,king,0,-1,nan,0.9980027079582214,0.0,0.0
8.08,-23.362920158792544,-23.24733357252198,9.394473658885957,2.9256482357947378,16.98611199155764,8.209473658885894,19.18907374172611,0,0,27.3,king,0,-1,nan,1.0,0.0,0.0
8.1,-23.33062457062569,-23.296172155648094,9.395320917638282,2.927853336577221,17.01719314980904,8.210320917638219,19.21659017382855,0,0,27.2,king,0,-1,nan,1.0,0.0,0.0
8.12,-23.29830162164129,-23.345023535302925,9.396112611601147,2.929102722916738,17.048419180896463,8.211112611601084,19.245700815563364,0,0,27.2,king,0,-1,nan,0.9803044199943542,0.0,0.0
8.14,-23.265948631689852,-23.39392190187927,9.396879565090012,2.9318741575512077,17.079819686669275,8.21187956508995,19.273546661092485,0,0,27.1,king,0,-1,nan,0.9983526468276978,0.0,0.0
8.16,-23.233550659724497,-23.442828168544704,9.397617404657872,2.9334262875714874,17.111352490534188,8.21261740465781,19.302975536324467,0,0,27.1,king,0,-1,nan,1.0,0.0,0.0
8.18,-23.20110472870403,-23.49176865935998,9.398357864546702,2.9361787930368473,17.143040089048153,8.213357864546639,19.331145099425456,0,0,27.0,king,0,-1,nan,1.0,0.0,0.0
8.2,-23.168596172374453,-23.540695140374122,9.399078002045984,2.9373139843563836,17.1748321132379,8.214078002045921,19.361131307532165,0,0,27.0,king,0,-1,nan,0.9802671670913696,0.0,0.0
8.22,-23.136022933944435,-23.589624675092704,9.399781282700241,2.9392217648870953,17.20674306523619,8.214781282700178,19.39077380507919,0,0,27.0,king,0,-1,nan,0.9583135843276978,0.0,0.0
8.24,-23.103395780194248,-23.63852058632972,9.400439213914227,2.9392916540463028,17.23874321636712,8.215439213914165,19.420962739611454,0,0,26.9,king,0,-1,nan,0.9749907851219177,0.0,0.0
8.26,-23.070796721052435,-23.687332661437967,9.401021352838981,2.9349856128405145,17.270818009345934,8.216021352838919,19.449854724927622,0,0,26.9,king,0,-1,nan,0.9952015280723572,0.0,0.0
8.28,-23.038245226007504,-23.736021778148164,9.401342655676157,2.928452300786444,17.302937695308938,8.216342655676094,19.479191056488368,0,0,26.8,king,0,-1,nan,1.0,0.0,0.0
8.3,-23.005769781624522,-23.784611957862715,9.401405327289135,2.9221841062362404,17.33513388461999,8.216405327289072,19.507988823073948,0,0,26.8,king,0,-1,nan,0.9819360375404358,0.0,0.0
8.32,-22.973340749990946,-23.83313976800238,9.401263376550277,2.9183088423156085,17.367427283525277,8.216263376550215,19.53814566072161,0,0,26.8,king,0,-1,nan,0.9605997800827026,0.0,0.0
8.34,-22.940989487242266,-23.881625602095074,9.40098079020012,2.91442968869712,17.39984737821442,8.215980790200057,19.567462010380126,0,0,26.7,king,0,-1,nan,0.9376136660575867,0.0,0.0
8.36,-22.908734299159757,-23.930020851994403,9.40062454629503,2.9080166268336303,17.432354624452604,8.215624546294967,19.59732771821281,0,0,26.7,king,0,-1,nan,0.9540578126907349,0.0,0.0
8.38,-22.876635044369113,-23.97830149143456,9.400239614193595,2.898935354396426,17.46494750693261,8.215239614193532,19.625743268101324,0,0,26.6,king,0,-1,nan,0.9742885231971741,0.0,0.0
8.4,-22.84468820888619,-24.02645514270852,9.399844251159902,2.8894336557167,17.497610946040556,8.214844251159839,19.65527887781305,0,0,26.6,king,0,-1,nan,0.9968850016593933,0.0,0.0
8.42,-22.812886301937805,-24.074522894522257,9.399434626612846,2.881856104253864,17.53037804131001,8.214434626612784,19.68434235036728,0,0,26.5,king,0,-1,nan,0.980360209941864,0.0,0.0
8.44,-22.78118901766407,-24.12250679357913,9.399017382421633,2.8754766960215816,17.563233763812374,8.21401738242157,19.71407990293493,0,0,26.5,king,0,-1,nan,0.9600393176078796,0.0,0.0
8.46,-22.74961962305304,-24.170404100651222,9.398594262786261,2.868343481476263,17.596182336262633,8.213594262786199,19.743457972226842,0,0,26.4,king,0,-1,nan,0.9374075531959534,0.0,0.0
8.48,-22.71814178646759,-24.218217595097563,9.398169317236823,2.8623264253010783,17.629211220629422,8.21316931723676,19.773430951395543,0,0,26.4,king,0,-1,nan,0.9539615511894226,0.0,0.0
8.5,-22.68679114720163,-24.265933847404707,9.397734314764932,2.85477343399348,17.66231914767003,8.21273431476487,19.80243543850598,0,0,26.4,king,0,-1,nan,0.9742612838745117,0.0,0.0
8.52,-22.65553912058396,-24.313551645613177,9.397213094192342,2.8479885642413354,17.69549282374974,8.212213094192279,19.831981152086538,0,0,26.3,king,0,-1,nan,0.9936231970787048,0.0,0.0
8.54,-22.624389193408465,-24.361111254891398,9.396730123742726,2.842739725243421,17.728769429192294,8.211730123742663,19.86118464695658,0,0,26.3,king,0,-1,nan,0.977238118648529,0.0,0.0
8.56,-22.593281511661598,-24.40866523163717,9.39630026213092,2.841325988428194,17.762175350254683,8.211300262130857,19.891922953681686,0,0,26.2,king,0,-1,nan,0.9568151831626892,0.0,0.0
8.58,-22.56222893012531,-24.456248526559904,9.395920814955787,2.8410283155621974,17.795746830871295,8.210920814955724,19.922116587423528,0,0,26.2,king,0,-1,nan,0.9341627359390259,0.0,0.0
8.6,-22.53122942470517,-24.503821730604727,9.395577440564406,2.8391446710922064,17.829445246729428,8.210577440564343,19.953501387466275,0,0,26.1,king,0,-1,nan,0.9107125997543335,0.0,0.0
8.62,-22.50033506782682,-24.551357474165954,9.395271849744816,2.8346964513835418,17.863261906073173,8.210271849744753,19.983732366169182,0,0,26.1,king,0,-1,nan,0.9270269274711609,0.0,0.0
8.64,-22.469566835359796,-24.598780514146164,9.395003942400198,2.8265264126020484,17.897131877750272,8.210003942400135,20.01183084279392,0,0,26.1,king,0,-1,nan,0.9472450613975525,0.0,0.0
8.66,-22.43896055427694,-24.646081356939714,9.394766601266575,2.816988862915737,17.93105664788084,8.209766601266512,20.041473608357077,0,0,26.0,king,0,-1,nan,0.969709575176239,0.0,0.0
8.68,-22.408478899260828,-24.693266051819712,9.394498758908105,2.8087356866430433,17.965027124841075,8.209498758908042,20.06973623265479,0,0,26.0,king,0,-1,nan,0.99242103099823,0.0,0.0
8.7,-22.378103134509125,-24.74040079125671,9.394028903046985,2.80383287241529,17.9990974958338,8.209028903046923,20.099356951754082,0,0,25.9,king,0,-1,nan,1.0,0.0,0.0
8.72,-22.347796043059606,-24.787504157107346,9.393566288871712,2.8006521019503037,18.033271307962032,8.20856628887165,20.12767190172403,0,0,25.9,king,0,-1,nan,0.9833839535713196,0.0,0.0
8.74,-22.317530504566882,-24.834662061030212,9.39314289864975,2.8018074442816583,18.0676193780452,8.208142898649687,20.158285344323094,0,0,25.8,king,0,-1,nan,0.9624686241149902,0.0,0.0
8.76,-22.2872669783204,-24.881893109125425,9.392771084809764,2.8048133496613974,18.102145429349736,8.207771084809702,20.18763336765449,0,0,25.8,king,0,-1,nan,0.9396926760673523,0.0,0.0
8.78,-22.257017366510315,-24.92919424973689,9.392463877726854,2.8073703416179625,18.13685002903772,8.207463877726791,20.218739265535163,0,0,25.7,king,0,-1,nan,0.916289210319519,0.0,0.0
8.8,-22.22678339501879,-24.976498734255543,9.39222331347789,2.8070737249329643,18.171670087467636,8.207223313477828,20.248520854682468,0,0,25.7,king,0,-1,nan,0.892637312412262,0.0,0.0
8.82,-22.196582818291184,-25.02380352819495,9.392024511714636,2.806179736969318,18.20660776281921,8.207024511714573,20.28067411424634,0,0,25.7,king,0,-1,nan,0.8688788414001465,0.0,0.0
8.84,-22.166426734844862,-25.07104085237245,9.391872776079529,2.8021318616254938,18.241601594315785,8.206872776079466,20.310829445301614,0,0,25.6,king,0,-1,nan,0.845085859298706,0.0,0.0
8.86,-22.13639002536506,-25.118135411076747,9.391789584355648,2.7928964789216906,18.276603038860152,8.206789584355585,20.34323336682847,0,0,25.6,king,0,-1,nan,0.8212854266166687,0.0,0.0
8.88,-22.106508632276846,-25.164985588002956,9.39179138833179,2.778415346093814,18.311525363818635,8.206791388331727,20.373088801767608,0,0,25.5,king,0,-1,nan,0.7974781394004822,0.0,0.0
8.9,-22.076885059282287,-25.21148573107755,9.391880722856598,2.7567314720421194,18.34629833927211,8.206880722856535,20.404940987145707,0,0,25.5,king,0,-1,nan,0.7736698985099792,0.0,0.0
8.92,-22.047549770548265,-25.257537083489645,9.3920694500754,2.730074102499084,18.380834608655228,8.207069450075338,20.434189590299372,0,0,25.4,king,0,-1,nan,0.7498601675033569,0.0,0.0
8.94,-22.018601534643047,-25.303039945644628,9.392353566785284,2.696567980148266,18.415066613253373,8.20735356678522,20.465232423373013,0,0,25.4,king,0,-1,nan,0.7260509133338928,0.0,0.0
8.96,-21.990073115555486,-25.34789294774237,9.392740806223484,2.6579185687290856,18.448903820334422,8.207740806223422,20.49348767969059,0,0,25.4,king,0,-1,nan,0.7022413611412048,0.0,0.0
8.98,-21.962065889413413,-25.39199746903139,9.393215092748916,2.6123928025925665,18.482278853404036,8.208215092748853,20.523371686025243,0,0,25.3,king,0,-1,nan,0.6784327030181885,0.0,0.0
9.0,-21.934608845789583,-25.435256323186447,9.393777291999333,2.561998133960305,18.515102722236726,8.20877729199927,20.55033160102146,0,0,25.3,king,0,-1,nan,0.6546228528022766,0.0,0.0
9.02,-21.90779991831421,-25.47757866641277,9.39440300132961,2.5051401361562733,18.547312965912592,8.209403001329548,20.57874302450761,0,0,25.3,king,0,-1,nan,0.6308136582374573,0.0,0.0
9.04,-21.881664535693275,-25.518871782884972,9.395086603808604,2.443689324095143,18.57882275794722,8.210086603808541,20.604082912749615,0,0,25.2,king,0,-1,nan,0.607005774974823,0.0,0.0
9.06,-21.85629788465192,-25.559052435226683,9.395799354236127,2.3761627789522044,18.60957490389874,8.210799354236064,20.630792892430673,0,0,25.2,king,0,-1,nan,0.5831965804100037,0.0,0.0
9.08,-21.831722082605957,-25.59803275510342,9.396528810407974,2.3043260892296176,18.639485457822826,8.211528810407911,20.654276454797618,0,0,25.2,king,0,-1,nan,0.5593873858451843,0.0,0.0
9.1,-21.80802916910718,-25.635737945596688,9.397240466100941,2.2268486668493734,18.66850347062473,8.212240466100878,20.67896847497189,0,0,25.1,king,0,-1,nan,0.5355823636054993,0.0,0.0
9.12,-21.785237915140574,-25.672085012798423,9.397915771900278,2.1453476346855234,18.69654817687329,8.212915771900215,20.700552507643764,0,0,25.1,king,0,-1,nan,0.5117731690406799,0.0,0.0
9.14,-21.763436518775514,-25.707007778137594,9.398520360005955,2.058680371730149,18.72357514730439,8.213520360005893,20.7234422853348,0,0,25.1,king,0,-1,nan,0.48796796798706055,0.0,0.0
9.16,-21.742654303926617,-25.740445339377747,9.399038129880505,1.9686537540649496,18.74952758713634,8.214038129880443,20.742980860308112,0,0,25.0,king,0,-1,nan,0.4641609191894531,0.0,0.0
9.18,-21.7229195410708,-25.77240557421913,9.39946937125774,1.878232843138106,18.774414331116994,8.214469371257678,20.76384703220831,0,0,25.0,king,0,-1,nan,0.4403572082519531,0.0,0.0
9.2,-21.704265259475623,-25.802837868622913,9.3997843700154,1.7848011014733973,18.79818977924612,8.214784370015337,20.781188954943527,0,0,25.0,king,0,-1,nan,0.4165481626987457,0.0,0.0
9.22,-21.686709373589448,-25.831764440818137,9.399988187037179,1.6918903995179553,18.820873930662113,8.214988187037116,20.799070769975557,0,0,24.9,king,0,-1,nan,0.3927451968193054,0.0,0.0
9.24,-21.670241787869017,-25.859158681774097,9.400090747117186,1.5981523203240537,18.842432339919558,8.215090747117124,20.814117050553975,0,0,24.9,king,0,-1,nan,0.3689396381378174,0.0,0.0
9.26,-21.654902218378478,-25.885028304880972,9.400108229947817,1.5037786551685117,18.86287799831293,8.215108229947754,20.83065301137306,0,0,24.9,king,0,-1,nan,0.34513652324676514,0.0,0.0
9.28,-21.640669067336056,-25.90939555576242,9.400056198882764,1.4109821148294805,18.882220743156594,8.215056198882701,20.843415153315778,0,0,24.9,king,0,-1,nan,0.3213439881801605,0.0,0.0
9.3,-21.627589549016864,-25.932309097272032,9.399947199083883,1.3192005769887514,18.90051563705353,8.21494719908382,20.85779875872678,0,0,24.9,king,0,-1,nan,0.29755136370658875,0.0,0.0
9.32,-21.615622813674648,-25.953797847071673,9.399768306907132,1.2298385311831823,18.917774336308586,8.21476830690707,20.868375438075926,0,0,24.8,king,0,-1,nan,0.273770809173584,0.0,0.0
9.34,-21.60479597016982,-25.97391081372619,9.399547450165532,1.142147916891619,18.934047349922302,8.214547450165469,20.88072525742959,0,0,24.8,king,0,-1,nan,0.25005364418029785,0.0,0.0
9.36,-21.595058123930976,-25.992661352823472,9.399313494921884,1.0564836734022371,18.949329503389325,8.214313494921822,20.88924406257993,0,0,24.8,king,0,-1,nan,0.22631493210792542,0.0,0.0
9.38,-21.586413802287602,-26.01010832288625,9.399059030120855,0.973634702263302,18.96367526494853,8.214059030120792,20.899601221783595,0,0,24.8,king,0,-1,nan,0.21199125051498413,0.0,0.0
9.4,-21.578781989885186,-26.0262821896353,9.398735169173314,0.8943481034739555,18.97708842671804,8.213735169173251,20.906694050089037,0,0,24.8,king,0,-1,nan,0.20432454347610474,0.0,0.0
9.42,-21.57213995023818,-26.041244349594905,9.398319462486928,0.8187730659014563,18.98961917545293,8.213319462486865,20.91527433801846,0,0,24.7,king,0,-1,nan,0.2008749395608902,0.0,0.0
9.44,-21.566393118218073,-26.05501800983311,9.397767254441797,0.746734103195231,19.001261479257295,8.212767254441735,20.921250373186435,0,0,24.7,king,0,-1,nan,0.19963006675243378,0.0,0.0
9.46,-21.56145112604783,-26.067661169569107,9.39710406105794,0.6795450687502174,19.012044337148353,8.212104061057877,20.928351228518423,0,0,24.7,king,0,-1,nan,0.19937200844287872,0.0,0.0
9.48,-21.55720235328287,-26.079260375857146,9.396395111464823,0.6186603794618184,19.02201870247839,8.21139511146476,20.933364282248053,0,0,24.7,king,0,-1,nan,0.19946947693824768,0.0,0.0
9.5,-21.553583930986466,-26.089868112076996,9.395705837494242,0.5614537964774514,19.031216588886767,8.21070583749418,20.939406263867685,0,0,24.7,king,0,-1,nan,0.19962184131145477,0.0,0.0
9.52,-21.550473012881806,-26.099604945409855,9.395036529919405,0.5121808944004117,19.03971917403671,8.210036529919343,20.942988390936392,0,0,24.7,king,0,-1,nan,0.19977161288261414,0.0,0.0
9.54,-21.54780139390687,-26.10852385312808,9.394401723534491,0.4666032629006804,19.047557968898612,8.209401723534429,20.9478112829471,0,0,24.7,king,0,-1,nan,0.19985473155975342,0.0,0.0
9.56,-21.54545446308249,-26.116718992805172,9.393853666520727,0.4271087833087584,19.054791476505354,8.208853666520664,20.949381683685925,0,0,24.7,king,0,-1,nan,0.19991464912891388,0.0,0.0
9.58,-21.54332063066022,-26.124293543214286,9.393357215039417,0.39425093145045237,19.061487883246652,8.208357215039355,20.953273011232586,0,0,24.7,king,0,-1,nan,0.1999026983976364,0.0,0.0
9.6,-21.541235450725303,-26.131323698637008,9.392895111824808,0.3673710658502056,19.067675063784446,8.207895111824746,20.9552327678295,0,0,24.6,king,0,-1,nan,0.1999269723892212,0.0,0.0
9.62,-21.539082056443547,-26.137924449557175,9.392502982061021,0.34770959648264754,19.073431412880442,8.207502982060959,20.95868248787428,0,0,24.6,king,0,-1,nan,0.19993145763874054,0.0,0.0
9.64,-21.536768767103265,-26.14415799632633,9.392211998733442,0.3327652483060238,19.078791581747012,8.20721199873338,20.960223435950553,0,0,24.6,king,0,-1,nan,0.19995035231113434,0.0,0.0
9.66,-21.53417737576105,-26.150143285052398,9.39196530274109,0.3263427995817143,19.083837617704024,8.206965302741027,20.962616159431345,0,0,24.6,king,0,-1,nan,0.19994378089904785,0.0,0.0
9.68,-21.531232055856055,-26.15594316744114,9.391779318020879,0.32537722485656423,19.088609346577943,8.206779318020816,20.964493387168407,0,0,24.6,king,0,-1,nan,0.19995547831058502,0.0,0.0
9.7,-21.52784807400625,-26.161595994595714,9.391602115034955,0.329534478080423,19.09312068609597,8.206602115034892,20.966449026214164,0,0,24.6,king,0,-1,nan,0.19994637370109558,0.0,0.0
9.72,-21.52398059125901,-26.167191847734475,9.391445415043115,0.3402041667815688,19.097446327394344,8.206445415043053,20.967419417345756,0,0,24.6,king,0,-1,nan,0.19995349645614624,0.0,0.0
9.74,-21.519547934777638,-26.172768258314125,9.391280509135969,0.35627234102897876,19.10160045737228,8.206280509135906,20.970348840026364,0,0,24.6,king,0,-1,nan,0.19995123147964478,0.0,0.0
9.76,-21.51452006903934,-26.178340678238445,9.39107631575039,0.3754097515850227,19.105590243566542,8.206076315750327,20.970906739458805,0,0,24.6,king,0,-1,nan,0.1999632716178894,0.0,0.0
9.78,-21.508879212612538,-26.18394970997134,9.390809492973125,0.39796888258649266,19.10945048327418,8.205809492973062,20.974161205484293,0,0,24.6,king,0,-1,nan,0.19995684921741486,0.0,0.0
9.8,-21.50259171801353,-26.189585368078358,9.390544260560022,0.42238483301573293,19.113163073220253,8.20554426055996,20.974246094672058,0,0,24.6,king,0,-1,nan,0.19993522763252258,0.0,0.0
9.82,-21.495669499582107,-26.19529175532296,9.390296582634733,0.4487240459134066,19.11677444198199,8.20529658263467,20.976817785512964,0,0,24.6,king,0,-1,nan,0.19993120431900024,0.0,0.0
9.84,-21.488083768809613,-26.201050233802217,9.390062917083737,0.47633492769937413,19.120259657485004,8.205062917083675,20.978328622302254,0,0,24.6,king,0,-1,nan,0.19995155930519104,0.0,0.0
9.86,-21.47986044620845,-26.206865111711338,9.389788875024516,0.5037631853138748,19.123630784932526,8.204788875024454,20.980612340768396,0,0,24.6,king,0,-1,nan,0.19993706047534943,0.0,0.0
9.88,-21.47105867903542,-26.212721384011516,9.389443703667768,0.5288813049437138,19.126890281301552,8.204443703667705,20.981807466716443,0,0,24.6,king,0,-1,nan,0.19994980096817017,0.0,0.0
9.9,-21.461671357871015,-26.218631248049988,9.38903151483649,0.5550184484085309,19.13004887037417,8.204031514836426,20.984123703203974,0,0,24.6,king,0,-1,nan,0.19995644688606262,0.0,0.0
9.92,-21.451743061336884,-26.2245747870764,9.3885900150821,0.5789897457236615,19.133100318497057,8.203590015082037,20.985491172918913,0,0,24.6,king,0,-1,nan,0.19997017085552216,0.0,0.0
9.94,-21.441291952295725,-26.230544692328653,9.388179379204608,0.6021504602983435,19.136043383225577,8.203179379204546,20.98768686012883,0,0,24.6,king,0,-1,nan,0.19994977116584778,0.0,0.0
9.96,-21.43039898860485,-26.2365096018985,9.387829887981978,0.6212063833016431,19.13887045257011,8.202829887981915,20.988907457454896,0,0,24.6,king,0,-1,nan,0.19995997846126556,0.0,0.0
9.98,-21.41908569701067,-26.242472915197354,9.387497720761935,0.6396522634552311,19.141591353129453,8.202497720761873,20.99090140746769,0,0,24.5,king,0,-1,nan,0.1999550461769104,0.0,0.0
10.0,-21.407430561678492,-26.24840919872789,9.387160304406892,0.654208475111238,19.144203271487907,8.20216030440683,20.99193813079455,0,0,24.5,king,0,-1,nan,0.1999678611755371,0.0,0.0
10.02,-21.395440827985585,-26.254324009222145,9.38683684648591,0.6686615777738311,19.14671413396071,8.201836846485847,20.99353639662285,0,0,24.5,king,0,-1,nan,0.1999637335538864,0.0,0.0
10.04,-21.3831834272688,-26.260195525720675,9.386553149625458,0.6797040941339081,19.14912129294552,8.201553149625395,20.994273964356335,0,0,24.5,king,0,-1,nan,0.1999712437391281,0.0,0.0
10.06,-21.370679157333164,-26.266004961314678,9.386274227027808,0.6895362687335005,19.151412642968854,8.201274227027746,20.99571329245383,0,0,24.5,king,0,-1,nan,0.1999616026878357,0.0,0.0
10.08,-21.35800700521294,-26.27171272050678,9.385985414683528,0.6950636066637779,19.153571290545404,8.200985414683466,20.996212685189995,0,0,24.5,king,0,-1,nan,0.1999727487564087,0.0,0.0
10.1,-21.34517506569876,-26.277306488472874,9.385718525643117,0.7000359660652329,19.155587770908696,8.200718525643055,20.997609667777137,0,0,24.5,king,0,-1,nan,0.19996431469917297,0.0,0.0
10.12,-21.332256248904898,-26.282753227620073,9.38540869966763,0.7011754181839313,19.15744959668848,8.200408699667568,20.998053246710207,0,0,24.5,king,0,-1,nan,0.19994814693927765,0.0,0.0
10.14,-21.319262444423543,-26.288048023163668,9.385069288725663,0.7017638750598542,19.159155230487176,8.2000692887256,20.99910820729165,0,0,24.5,king,0,-1,nan,0.1999555230140686,0.0,0.0
10.16,-21.3062666058883,-26.293164258398573,9.38470921566073,0.6985651988631425,19.160698082236046,8.199709215660667,20.99922835932181,0,0,24.5,king,0,-1,nan,0.19997230172157288,0.0,0.0
10.18,-21.293272551794068,-26.298098220432717,9.384370970393713,0.6951687439370784,19.16207546113637,8.19937097039365,20.999952872781577,0,0,24.5,king,0,-1,nan,0.19996392726898193,0.0,0.0
10.2,-21.280346660714724,-26.302826594589654,9.384064164029063,0.6883500426898949,19.16328197121221,8.199064164029,20.999827916229563,0,0,24.5,king,0,-1,nan,0.19997556507587433,0.0,0.0
10.22,-21.26748359307299,-26.307352465389545,9.38373393949495,0.6820026830887274,19.16431895178922,8.198733939494888,21.000253820431322,0,0,24.5,king,0,-1,nan,0.19995728135108948,0.0,0.0
10.24,-21.254737937139666,-26.311663367593674,9.383344318522866,0.6730293966204673,19.165188211784674,8.198344318522803,20.999775308055224,0,0,24.5,king,0,-1,nan,0.19996313750743866,0.0,0.0
10.26,-21.2420954111814,-26.315765182293777,9.38291049725536,0.6649183170352287,19.165891399639033,8.197910497255297,20.99980453888693,0,0,24.5,king,0,-1,nan,0.19996902346611023,0.0,0.0
10.28,-21.229602917087693,-26.31964619087754,9.382431872292502,0.654510729789001,19.166428917030387,8.197431872292439,20.99902649656641,0,0,24.5,king,0,-1,nan,0.19998182356357574,0.0,0.0
10.3,-21.21723792983413,-26.323312692925374,9.381934334889309,0.6453365217371779,19.16680066856492,8.196934334889246,20.998731893358105,0,1,24.5,king,0,-1,nan,0.19997933506965637,0.0,0.0
10.32,-21.205036535333747,-26.32676077521554,9.381412767738741,0.6344984860626008,19.167011733210213,8.196412767738678,20.997615472706965,0,1,24.5,king,0,-1,nan,0.1999868005514145,0.0,0.0
10.34,-21.192964183310888,-26.330003727852528,9.380879231069144,0.6255858984731565,19.167065728655885,8.195879231069082,20.996868619795368,0,1,24.5,king,0,-1,nan,0.1999828815460205,0.0,0.0
10.36,-21.18104840065435,-26.333039385031004,9.380321429719178,0.6154515276791637,19.16696721428673,8.195321429719115,20.99534961916661,0,1,24.5,king,0,-1,nan,0.19998663663864136,0.0,0.0
10.38,-21.16924595082106,-26.335881395388096,9.37974336187829,0.6076779726258394,19.166718029842798,8.194743361878228,20.99444118351836,0,1,24.5,king,0,-1,nan,0.19998203217983246,0.0,0.0
10.4,-21.15757614959065,-26.338528625937236,9.379130427696724,0.5990988621432144,19.166321666721156,8.194130427696662,20.992808606942532,0,1,24.5,king,0,-1,nan,0.19998480379581451,0.0,0.0
10.42,-21.14599609729712,-26.34099920784341,9.378486331024432,0.5929086072052409,19.165784503913876,8.193486331024369,20.991440199869345,0,1,24.5,king,0,-1,nan,0.19998139142990112,0.0,0.0
10.44,-21.134525383651763,-26.343297766973816,9.377796829961873,0.5859523387721793,19.165115710223464,8.19279682996181,20.98940928925728,0,1,24.5,king,0,-1,nan,0.19998280704021454,0.0,0.0
10.46,-21.12311278312359,-26.345441767917972,9.377063314242168,0.5817693618935302,19.164319042966522,8.192063314242105,20.98796873082848,0,1,24.5,king,0,-1,nan,0.1999790370464325,0.0,0.0
10.48,-21.111770929969367,-26.3474328372869,9.376356211980235,0.5768491653212638,19.163399073194313,8.191356211980173,20.98595617066793,0,1,24.5,king,0,-1,nan,0.19996151328086853,0.0,0.0
10.5,-21.100450762365167,-26.349293945444156,9.375708891005251,0.574519239462049,19.162365575684948,8.190708891005189,20.98420894094186,0,1,24.5,king,0,-1,nan,0.19995491206645966,0.0,0.0
10.52,-21.089167803153565,-26.351037695102118,9.37510254046965,0.5716500074616083,19.16123453409261,8.190102540469587,20.9819773312453,0,1,24.5,king,0,-1,nan,0.1999727040529251,0.0,0.0
10.54,-21.07786372611131,-26.35268742066607,9.374515825708304,0.5719440235388927,19.16001390779195,8.189515825708241,20.97990237288725,0,1,24.5,king,0,-1,nan,0.1999754160642624,0.0,0.0
10.56,-21.06654540593826,-26.354255346395213,9.373922595396564,0.5720897762470857,19.158717241743698,8.188922595396502,20.977416511057108,0,1,24.5,king,0,-1,nan,0.1999804824590683,0.0,0.0
10.58,-21.05516727735346,-26.355748026492197,9.373314199586552,0.5745869155877419,19.15733958071231,8.18831419958649,20.97526234079271,0,1,24.5,king,0,-1,nan,0.19997842609882355,0.0,0.0
10.6,-21.043748572617872,-26.357163197156595,9.37266992496865,0.5762044247295753,19.15588355883404,8.187669924968587,20.972730291386114,0,1,24.5,king,0,-1,nan,0.19998204708099365,0.0,0.0
10.62,-21.03224173656993,-26.35851011759844,9.371986504708048,0.5802769463012444,19.15434645382185,8.186986504707985,20.970448708176047,0,1,24.5,king,0,-1,nan,0.19997985661029816,0.0,0.0
10.64,-21.020663243653246,-26.359790394770034,9.371259787408208,0.5835853105837316,19.152734003038635,8.186259787408146,20.967846359488306,0,1,24.5,king,0,-1,nan,0.19998420774936676,0.0,0.0
10.66,-21.008975069160652,-26.36101021886045,9.37050128797092,0.5888053905520723,19.151042967882564,8.185501287970858,20.965269825537224,0,1,24.5,king,0,-1,nan,0.19998033344745636,0.0,0.0
10.68,-20.99720387131897,-26.36217013655571,9.36970320470415,0.5927551024422276,19.14928057686926,8.184703204704087,20.962424133443776,0,1,24.5,king,0,-1,nan,0.19998477399349213,0.0,0.0
10.7,-20.985307032407764,-26.36327110772143,9.368869362261972,0.5988368033222211,19.14743746935308,8.183869362261909,20.959954977565033,0,1,24.5,king,0,-1,nan,0.1999811828136444,0.0,0.0
10.72,-20.97330609143581,-26.364309224507966,9.368014143878131,0.6038039192463013,19.14551530629385,8.183014143878069,20.957273534255616,0,1,24.5,king,0,-1,nan,0.19998733699321747,0.0,0.0
10.74,-20.961192825889146,-26.365279786482404,9.367084911803067,0.6093780948629306,19.143507690787345,8.182084911803004,20.954528592485204,0,1,24.5,king,0,-1,nan,0.19995558261871338,0.0,0.0
10.76,-20.949023592228436,-26.366177125930843,9.365977355555968,0.6126217161004821,19.1414229688899,8.180977355555905,20.951537668050438,0,1,24.5,king,0,-1,nan,0.1998586356639862,0.0,0.0
10.78,-20.936785252311147,-26.366998336048635,9.36452855106137,0.617556443679896,19.139255212953465,8.179528551061308,20.948277860597432,0,1,24.5,king,0,-1,nan,0.1995977759361267,0.0,0.0
10.8,-20.924522195623602,-26.36774058060963,9.362557295979322,0.6221320858723857,19.13701247683881,8.177557295979259,20.944664964033723,0,1,24.5,king,0,-1,nan,0.19923938810825348,0.0,0.0
10.82,-20.91221826016664,-26.36840355411147,9.359802506046044,0.6312987192481615,19.134690585807302,8.174802506045982,20.941620483196544,0,1,24.5,king,0,-1,nan,0.19693470001220703,0.0,0.0
10.84,-20.89990438350977,-26.368985632583065,9.356094123955767,0.6436662011383628,19.132295432836084,8.171094123955704,20.937294684823993,0,1,24.5,king,0,-1,nan,0.19688068330287933,0.0,0.0
10.86,-20.88761054194724,-26.369484902905302,9.351516738197358,0.6563921686015552,19.129832323284575,8.166516738197295,20.93328591339688,0,1,24.5,king,0,-1,nan,0.19819824397563934,0.0,0.0
10.88,-20.87539467146475,-26.369880132162734,9.346259684123101,0.6652449085685266,19.12729440640966,8.161259684123038,20.92826669802074,0,1,24.5,king,0,-1,nan,0.1992790251970291,0.0,0.0
10.9,-20.86328844504046,-26.370166921926437,9.34054849334205,0.6694413094929909,19.124684771400513,8.155548493341987,20.92290438632849,0,1,24.5,king,0,-1,nan,0.1998305767774582,0.0,0.0
10.92,-20.851360821824947,-26.37032854719508,9.334543318854934,0.667750774839319,19.122003319850098,8.149543318854871,20.91767253617966,0,1,24.4,king,0,-1,nan,0.20003603398799896,0.0,0.0
10.94,-20.839618015116958,-26.370343623640668,9.32837445263338,0.6632281793241016,19.119230382671528,8.143374452633317,20.912109546149445,0,1,24.4,king,0,-1,nan,0.20006611943244934,0.0,0.0
10.96,-20.828095170479756,-26.370226013801563,9.3221085856262,0.6558408152116398,19.116387361220493,8.137108585626137,20.90650688531466,0,1,24.4,king,0,-1,nan,0.2000567764043808,0.0,0.0
10.98,-20.816769174539584,-26.369974520935628,9.315799590249778,0.6483534054783309,19.113467211768928,8.130799590249715,20.900644333006074,0,1,24.4,king,0,-1,nan,0.20002596080303192,0.0,0.0
11.0,-20.805678168041705,-26.369595307288506,9.309458165653904,0.6390772528249478,19.110484522694293,8.124458165653841,20.89481949257279,0,1,24.4,king,0,-1,nan,0.20001164078712463,0.0,0.0
11.02,-20.794788406209598,-26.369085687755568,9.303103859678824,0.6309196249390419,19.107428326568336,8.118103859678762,20.8887011828035,0,1,24.4,king,0,-1,nan,0.19999617338180542,0.0,0.0
11.04,-20.784129093324403,-26.36845098728839,9.296727340178183,0.6218597044542632,19.104310275837566,8.11172734017812,20.882667755546343,0,1,24.4,king,0,-1,nan,0.1999931037425995,0.0,0.0
11.06,-20.773657548525453,-26.367685914096423,9.290333140660538,0.6146632715092156,19.101114840098806,8.105333140660475,20.876232033149744,0,1,24.4,king,0,-1,nan,0.1999882608652115,0.0,0.0
11.08,-20.763394730688322,-26.366793878494683,9.283908865325923,0.6070265048740716,19.097849894638525,8.09890886532586,20.869916937170846,0,1,24.3,king,0,-1,nan,0.19998779892921448,0.0,0.0
11.1,-20.75329041649037,-26.365766396958186,9.27745407197268,0.6017001764829869,19.094495138573844,8.092454071972618,20.863786316753,0,1,24.3,king,0,-1,nan,0.19998542964458466,0.0,0.0
11.12,-20.74335823598137,-26.364604394950728,9.270961688196085,0.5961323373029543,19.091054362556513,8.085961688196022,20.857810122946,0,1,24.3,king,0,-1,nan,0.19998596608638763,0.0,0.0
11.14,-20.733556429291824,-26.363315041341792,9.264441156407896,0.5921469030334934,19.087524563741795,8.079441156407833,20.851362911830375,0,1,24.3,king,0,-1,nan,0.19998200237751007,0.0,0.0
11.16,-20.7239057182922,-26.36191688475657,9.25788320416989,0.5875751062438762,19.08392835905444,8.072883204169827,20.8451425397698,0,1,24.3,king,0,-1,nan,0.1999836564064026,0.0,0.0
11.18,-20.714356078333054,-26.360413390733267,9.251292056299903,0.585019973743407,19.080257320840506,8.06629205629984,20.838349091190334,0,1,24.3,king,0,-1,nan,0.1999814212322235,0.0,0.0
11.2,-20.704920057776143,-26.358820205672938,9.244658367105563,0.5821996112030886,19.076529397077934,8.0596583671055,20.831847255342623,0,1,24.3,king,0,-1,nan,0.19998155534267426,0.0,0.0
11.22,-20.695540173024835,-26.35713675197601,9.237982525284739,0.5817712572699898,19.07273061792054,8.052982525284676,20.824722935408037,0,1,24.3,king,0,-1,nan,0.19997918605804443,0.0,0.0
11.24,-20.686221405300003,-26.355375486454058,9.23125543535871,0.5813674118426669,19.068874149967804,8.046255435358647,20.817949079291157,0,1,24.2,king,0,-1,nan,0.199981689453125,0.0,0.0
11.26,-20.676914234332212,-26.35352304002029,9.224479843428474,0.5830172279160349,19.064935525122916,8.039479843428412,20.811001150089954,0,1,24.2,king,0,-1,nan,0.19998350739479065,0.0,0.0
11.28,-20.6676315542384,-26.351580647098885,9.217653056630422,0.5842646189253936,19.060918853888474,8.032653056630359,20.804434405764415,0,1,24.2,king,0,-1,nan,0.19998592138290405,0.0,0.0
11.3,-20.65832769737444,-26.34954718007892,9.210782644858476,0.5871526602648686,19.056812552100993,8.025782644858413,20.797096560065917,0,1,24.2,king,0,-1,nan,0.19998398423194885,0.0,0.0
11.32,-20.649018687674467,-26.34743753597335,9.203872401778353,0.58919376963935,19.05263477910254,8.01887240177829,20.790213994135883,0,1,24.2,king,0,-1,nan,0.19998900592327118,0.0,0.0
11.34,-20.639675107957846,-26.345234475644542,9.196937493072612,0.5921336747098784,19.048362041668994,8.01193749307255,20.782559447897942,0,1,24.2,king,0,-1,nan,0.19998855888843536,0.0,0.0
11.36,-20.630329857801126,-26.342939108440504,9.18997474872522,0.5938901833255913,19.044002909166373,8.004974748725157,20.775389543699827,0,1,24.2,king,0,-1,nan,0.19999226927757263,0.0,0.0
11.38,-20.62094648113965,-26.34053017107655,9.18298947533791,0.5971699529656677,19.039528386824276,7.997989475337849,20.768372807124834,0,1,24.2,king,0,-1,nan,0.19999079406261444,0.0,0.0
11.4,-20.611550650586054,-26.338005481348745,9.17598620510967,0.5993777688223206,19.034942173336876,7.990986205109608,20.76163709455544,0,1,24.1,king,0,-1,nan,0.19999200105667114,0.0,0.0
11.42,-20.602118955534955,-26.335374438807897,9.168983314421078,0.6019130634590636,19.030248125050523,7.983983314421017,20.754036701567166,0,1,24.1,king,0,-1,nan,0.19998399913311005,0.0,0.0
11.44,-20.592685549271838,-26.332659188892105,9.16197546278085,0.6030582899721669,19.02547552998015,7.976975462780788,20.74703793039324,0,1,24.1,king,0,-1,nan,0.1999872773885727,0.0,0.0
11.46,-20.583215547732753,-26.329856207462715,9.154966854670066,0.6055126375525616,19.020613090150945,7.969966854670004,20.739089029209897,0,1,24.1,king,0,-1,nan,0.19998306035995483,0.0,0.0
11.48,-20.57373518390625,-26.326983902918027,9.147959781039036,0.6066846638719006,19.015684655829563,7.9629597810389745,20.731817908420645,0,1,24.1,king,0,-1,nan,0.19998937845230103,0.0,0.0
11.5,-20.56422851440786,-26.324024356571037,9.140951626153042,0.6087896074132281,19.010669188355386,7.95595162615298,20.723581854110698,0,1,24.1,king,0,-1,nan,0.18906302750110626,0.0,0.0
11.52,-20.55474068723257,-26.320983457975633,9.13394408571925,0.6090393084746973,19.00558253125811,7.948944085719188,20.716059928141927,0,1,24.1,king,0,-1,nan,0.17886723577976227,0.0,0.0
11.54,-20.54527137804624,-26.317830969592094,9.126940244052609,0.6096306208804808,19.000395090335697,7.941940244052547,20.70749231320216,0,1,24.1,king,0,-1,nan,0.17051562666893005,0.0,0.0
11.56,-20.53588132408028,-26.314562439279605,9.119943563312953,0.6078855674796088,18.99511599388447,7.934943563312891,20.6999973627508,0,1,24.0,king,0,-1,nan,0.1651773452758789,0.0,0.0
11.58,-20.52665731960249,-26.311113946175,9.112946323805389,0.6040192961012674,18.98970207369646,7.927946323805327,20.691429778667057,0,1,24.0,king,0,-1,nan,0.1630873829126358,0.0,0.0
11.6,-20.5176576075768,-26.30749179631792,9.105944863878713,0.598195677093302,18.98417213899054,7.920944863878652,20.68357570053477,0,1,24.0,king,0,-1,nan,0.16475485265254974,0.0,0.0
11.62,-20.508967762241856,-26.303643334554046,9.098929598778081,0.5906310488059405,18.97849346934218,7.91392959877802,20.674649297576487,0,1,24.0,king,0,-1,nan,0.17016200721263885,0.0,0.0
11.64,-20.500729452192157,-26.29955000801624,9.091851843728579,0.580344059935183,18.9726788668716,7.906851843728517,20.66636907622824,0,1,24.0,king,0,-1,nan,0.17915891110897064,0.0,0.0
11.66,-20.49308182252366,-26.295123137589684,9.0851468712426,0.5546171593039336,18.966671998186282,7.900146871242538,20.65786923583384,0,1,24.0,king,0,-1,nan,0.17085358500480652,0.0,0.0
11.68,-20.48623186455131,-26.290312867315492,9.079106555024541,0.51610571675738,18.960469198691207,7.8941065550244796,20.650677758383015,0,1,24.0,king,0,-1,nan,0.16301041841506958,0.0,0.0
11.7,-20.48031716755395,-26.28506662789863,9.073927775190848,0.4725633004041328,18.954048721684767,7.888927775190786,20.64259540460108,0,1,24.0,king,0,-1,nan,0.15676842629909515,0.0,0.0
11.72,-20.47542329721385,-26.27942927361403,9.069752464220432,0.4276767235173907,18.947472413652743,7.88475246422037,20.63508932100019,0,1,24.0,king,0,-1,nan,0.15366694331169128,0.0,0.0
11.74,-20.471671779388053,-26.273369332956815,9.066647672307504,0.38870457801790465,18.940735692792654,7.881647672307442,20.62794166071058,0,1,24.0,king,0,-1,nan,0.15403947234153748,0.0,0.0
11.76,-20.469117647008144,-26.266903611306734,9.064668990043346,0.3614012042484632,18.933866607721328,7.879668990043284,20.62028671191151,0,1,24.0,king,0,-1,nan,0.15783607959747314,0.0,0.0
11.78,-20.467735596585555,-26.26005243252295,9.063867051018446,0.3517521154790658,18.926879208818303,7.878867051018385,20.61464036700907,0,1,24.0,king,0,-1,nan,0.16507163643836975,0.0,0.0
11.8,-20.467560955546265,-26.252792191718303,9.06425471143635,0.3636340077387856,18.919758269518194,7.879254711436288,20.607663412399877,0,1,24.0,king,0,-1,nan,0.1748330444097519,0.0,0.0
11.82,-20.468566566045435,-26.245189388207624,9.065816349680203,0.391320162088283,18.91256296906199,7.880816349680141,20.602692369281513,0,1,24.0,king,0,-1,nan,0.18607881665229797,0.0,0.0
11.84,-20.470714918274528,-26.23723396871871,9.068379494754959,0.43149110425112097,18.90527575562292,7.883379494754897,20.596360628949654,0,1,24.0,king,0,-1,nan,0.19352950155735016,0.0,0.0
11.86,-20.473899773936616,-26.229002146074624,9.071704413105476,0.47159646857658233,18.89794826645839,7.886704413105414,20.591769428230258,0,1,24.0,king,0,-1,nan,0.1977023482322693,0.0,0.0
11.88,-20.47807698533349,-26.22047975599331,9.075568045100804,0.5123667630408469,18.890557776596445,7.890568045100742,20.586497617797644,0,1,24.1,king,0,-1,nan,0.1995931714773178,0.0,0.0
11.9,-20.483172366572184,-26.211718179757035,9.07982969705677,0.549749500921747,18.8831389637701,7.894829697056708,20.58283151930307,0,1,24.1,king,0,-1,nan,0.20024240016937256,0.0,0.0
11.92,-20.489061129698992,-26.202738655609064,9.084401086544187,0.5835387453573817,18.875685930094747,7.899401086544125,20.578013026474544,0,1,24.1,king,0,-1,nan,0.2003421038389206,0.0,0.0
11.94,-20.49569877604387,-26.193609017683396,9.089224191898255,0.6137405455685528,18.86825595031227,7.9042241918981935,20.574738349934353,0,1,24.1,king,0,-1,nan,0.2002543807029724,0.0,0.0
11.96,-20.50298426487483,-26.18434969889504,9.094270070328474,0.6408475268404745,18.8608474995743,7.909270070328412,20.570369717761544,0,1,24.1,king,0,-1,nan,0.20014041662216187,0.0,0.0
11.98,-20.510885952750648,-26.17502924732106,9.099518476936492,0.6649309376786474,18.853521310654994,7.91451847693643,20.567458615862627,0,1,24.2,king,0,-1,nan,0.20005296170711517,0.0,0.0
12.0,-20.519304464939214,-26.16567146380448,9.104886120866059,0.6841985478771094,18.84627932990194,7.919886120865997,20.563465278011556,0,1,24.2,king+tour,1,0,8.406121639124768,0.2000076323747635,0.0,0.0
12.02,-20.528140491095858,-26.15634878172318,9.110119215818106,0.6934930464809891,18.839170739670177,7.925119215818044,20.560315176352326,0,1,24.2,king+tour,1,0,8.402519813041925,0.19949840009212494,0.0,0.0
12.04,-20.537284949697433,-26.147083725946338,9.115151134249407,0.6978226579210821,18.832193669487676,7.930151134249345,20.556103410767374,0,1,24.2,king+tour,1,0,8.398635587813057,0.19960400462150574,0.0,0.0
12.06,-20.54667473215464,-26.137919599252548,9.11980053731751,0.6959996076564111,18.825376605559637,7.9348005373174475,20.552362252421474,0,1,24.2,king+tour,1,0,8.394505498845048,0.19938062131404877,0.0,0.0
12.08,-20.556213609110372,-26.1288613294847,9.124002400595252,0.6904673775215758,18.818703011038018,7.93900240059519,20.547563837228182,0,1,24.3,king+tour,1,0,8.39021277677465,0.1994783878326416,0.0,0.0
12.1,-20.5658484259697,-26.119924285050036,9.127574329242902,0.6809169064648805,18.812176046796356,7.942574329242841,20.543761562724143,0,1,24.3,king+tour,1,0,8.385797349054032,0.1990809291601181,0.0,0.0
12.12,-20.57549147124339,-26.111045609938827,9.128889516997654,0.6586898221299433,18.805714714049508,7.943889516997593,20.539084049618864,0,1,24.3,king+tour,1,0,8.381365827927793,0.38714152574539185,0.0,0.0
12.14,-20.58513063590332,-26.102235512847233,9.127950809701995,0.6546229401179394,18.79932619526259,7.942950809701933,20.5335375175792,0,1,24.3,king+tour,1,0,8.376923998934739,0.4033263027667999,0.0,0.0
12.16,-20.59475361891038,-26.093504203491452,9.124760831649208,0.6689796801806365,18.793017595753632,7.939760831649147,20.527128658132277,0,1,24.3,king+tour,1,0,8.372477731996655,0.40410980582237244,0.0,0.0
12.18,-20.60434792769694,-26.08486189035131,9.119322085430055,0.7005717271280263,18.786795941159298,7.934322085429993,20.51986467498528,0,1,24.3,king+tour,1,0,8.368032982259576,0.390946626663208,0.0,0.0
12.2,-20.613900890888267,-26.076318767441546,9.111637047018572,0.7471677692663505,18.780668167148715,7.92663704701851,20.51175331588911,0,1,24.3,king+tour,1,0,8.36359578556691,0.3876778781414032,0.0,0.0
12.22,-20.623399679936117,-26.067884993474447,9.101708245579065,0.8061275251609262,18.774641103959926,7.916708245579003,20.502802893816533,0,1,24.2,king+tour,1,0,8.35917225008015,0.38773247599601746,0.0,0.0
12.24,-20.6328313345098,-26.059570668259386,9.089538323706911,0.8749158676029514,18.768721459333367,7.904538323706849,20.493022298754312,0,1,24.2,king+tour,1,0,8.354768546418413,0.3877778649330139,0.0,0.0
12.26,-20.642182787435743,-26.051385810147693,9.07513007949616,0.9513662220346423,18.762915802595447,7.890130079496099,20.48242100307019,0,1,24.2,king+tour,1,0,8.350390898263976,0.3878146708011627,0.0,0.0
12.28,-20.651428648048785,-26.04336001183353,9.058744804099,1.022712846912872,18.757246856478545,7.873744804098938,20.470892146539093,0,1,24.2,king+tour,1,0,8.346047023032883,0.38786372542381287,0.0,0.0
12.3,-20.66051842346741,-26.035557086216944,9.041027282111093,1.069369265888652,18.75176472930684,7.8560272821110315,20.457879711842562,0,1,24.1,king+tour,1,0,8.341750261720021,0.3879075348377228,0.0,0.0
12.32,-20.66941523378186,-26.028018642850114,9.022469985847003,1.0958496781030578,18.74650096345532,7.837469985846941,20.443826524542292,0,1,24.1,king+tour,1,0,8.337512153889536,0.38794848322868347,0.0,0.0
12.34,-20.67809289056517,-26.020737566813434,9.003390954418045,1.1094201591012414,18.741442121640755,7.818390954417983,20.43064520647998,0,1,24.0,king+tour,1,0,8.3333578605123,0.3879883587360382,0.0,0.0
12.36,-20.686566972458543,-26.01365345860201,8.983992271847987,1.1161356756019944,18.736532681179735,7.798992271847925,20.416759466639313,0,1,24.0,king+tour,1,0,8.329301375052406,0.38802528381347656,0.0,0.0
12.38,-20.694816357765568,-26.00673713080865,8.964407325201122,1.1174279431460679,18.731738936419543,7.779407325201061,20.403406594520423,0,1,23.9,king+tour,1,0,8.325374249199363,0.38804954290390015,0.0,0.0
12.4,-20.70287310057448,-25.999909402324572,8.944706645832436,1.1176378533865894,18.726991050086575,7.759706645832375,20.39053929476305,0,1,23.9,king+tour,1,0,8.321585532573158,0.388047993183136,0.0,0.0
12.42,-20.710724892820313,-25.9931298008524,8.924940211769252,1.1161603302924676,18.722246479554112,7.7399402117691904,20.37805376119723,0,1,23.9,king+tour,1,0,8.3179649182337,0.38805392384529114,0.0,0.0
12.44,-20.718410391063557,-25.986349553608225,8.90513282282924,1.1150911314327776,18.717466630267033,7.720132822829178,20.365078085891632,0,1,23.8,king+tour,1,0,8.314501616981747,0.3880332112312317,0.0,0.0
12.46,-20.72592039945477,-25.979560462071017,8.885303286061644,1.1132188894755257,18.712641132596495,7.700303286061582,20.352425075492338,0,1,23.8,king+tour,1,0,8.311207379990641,0.3880237638950348,0.0,0.0
12.48,-20.733301690492322,-25.972707593370323,8.865459546509639,1.112676127875694,18.707727444346535,7.680459546509577,20.33944718127809,0,1,23.7,king+tour,1,0,8.308067672443382,0.38801583647727966,0.0,0.0
12.5,-20.740553336283483,-25.96577705747277,8.845611068531785,1.1119586014608078,18.70271169969749,7.660611068531723,20.32667580572319,0,1,23.7,king+tour,1,0,8.305090042459378,0.38798969984054565,0.0,0.0
12.52,-20.747730861853928,-25.95871533235124,8.825755395680758,1.1131403543280889,18.697554950489334,7.640755395680697,20.31495940303147,0,1,23.6,king+tour,1,0,8.302252068991818,0.3879641890525818,0.0,0.0
12.54,-20.75483874411583,-25.95150859363859,8.805897253093436,1.1144560333857088,18.692244781521552,7.620897253093374,20.301544106590512,0,1,23.6,king+tour,1,0,8.299556873179872,0.3879559338092804,0.0,0.0
12.56,-20.761927302949037,-25.9441633226057,8.78603930852566,1.1163989378077086,18.686799442156957,7.601039308525599,20.289953410813332,0,1,23.5,king+tour,1,0,8.296957726871424,0.38795000314712524,0.0,0.0
12.58,-20.769001303229306,-25.93664913562521,8.766180703537078,1.1190047788498705,18.681190589791854,7.581180703537016,20.276240953298775,0,1,23.5,king+tour,1,0,8.29446576939798,0.387936532497406,0.0,0.0
12.6,-20.77610471238498,-25.928988039229274,8.746321593373006,1.1219793626995833,18.67545015411075,7.561321593372944,20.264387070351262,0,1,23.5,king+tour,1,0,8.29203241136724,0.38792383670806885,0.0,0.0
12.62,-20.783242864693143,-25.921148091478226,8.726459040372957,1.125765307239308,18.669548497204694,7.541459040372895,20.25163437789489,0,1,23.4,king+tour,1,0,8.289669260088376,0.3879234790802002,0.0,0.0
12.64,-20.79045921412179,-25.913150438264363,8.706593624904887,1.1299036327542573,18.663516697786925,7.521593624904825,20.239462365086606,0,1,23.4,king+tour,1,0,8.287328742333091,0.38792943954467773,0.0,0.0
12.66,-20.79774876059711,-25.905014168168787,8.686732174644957,1.1333728262487868,18.657372246813985,7.5017321746448955,20.227323644895257,0,1,23.3,king+tour,1,0,8.285006450110878,0.38793501257896423,0.0,0.0
12.68,-20.805156289207297,-25.896756192765537,8.666873700095687,1.1373485056211674,18.65114251454041,7.481873700095625,20.21493415494796,0,1,23.3,king+tour,1,0,8.282655719293256,0.38794398307800293,0.0,0.0
12.7,-20.812672337754467,-25.888428594042722,8.647020331549655,1.140171181091071,18.6448759689736,7.462020331549593,20.2026269756945,0,1,23.2,king+tour,1,0,8.28025955817602,0.3879460394382477,0.0,0.0
12.72,-20.820347036109823,-25.88004382039336,8.6271699684485,1.143724550803625,18.638597015644343,7.442169968448439,20.190156328150472,0,1,23.2,king+tour,1,0,8.277768757568428,0.38794177770614624,0.0,0.0
12.74,-20.828175451481954,-25.871648356059918,8.607322893624257,1.1463793958500665,18.632349812839895,7.422322893624195,20.177808978971157,0,1,23.1,king+tour,1,0,8.275164931936333,0.38793256878852844,0.0,0.0
12.76,-20.83621306130582,-25.8632505904591,8.587472764313983,1.1501665883705874,18.626156229831643,7.402472764313921,20.165149550262072,0,1,23.1,king+tour,1,0,8.272396205474102,0.3879249393939972,0.0,0.0
12.78,-20.84445971552275,-25.854891686932376,8.567619288032269,1.1532986326308354,18.620056479734153,7.382619288032207,20.152983380208862,0,1,23.0,king+tour,1,0,8.269442525940857,0.3879115581512451,0.0,0.0
12.8,-20.852923734889448,-25.8465653644303,8.547765105652868,1.15667176437712,18.61404682177304,7.362765105652806,20.140456165728374,0,1,23.0,king+tour,1,0,8.266300164599432,0.38787996768951416,0.0,0.0
12.82,-20.86160342204023,-25.838313124540598,8.527910847679836,1.1593403209285658,18.608167419559983,7.342910847679774,20.128768588833122,0,1,23.0,king+tour,1,0,8.262950039398689,0.3878616392612457,0.0,0.0
12.84,-20.870482181962874,-25.8301235429886,8.508057995332667,1.1619352069707785,18.6024034533122,7.323057995332605,20.11669503436352,0,1,22.9,king+tour,1,0,8.259412447895238,0.3878261148929596,0.0,0.0
12.86,-20.879577255915066,-25.822049498154215,8.488200049621325,1.1643115756296665,18.596810727126442,7.303200049621263,20.105412376762892,0,1,22.9,king+tour,1,0,8.2556459741413,0.38778412342071533,0.0,0.0
12.88,-20.888874907430544,-25.81408713126983,8.468342719147183,1.166360990071388,18.591382437026333,7.283342719147121,20.093796520604972,0,1,22.8,king+tour,1,0,8.251664476138847,0.3877434730529785,0.0,0.0
12.9,-20.8983795618122,-25.806291766696106,8.448482969474457,1.167814005755284,18.58617359022196,7.263482969474395,20.083027802833268,0,1,22.8,king+tour,1,0,8.24743606184174,0.3876955509185791,0.0,0.0
12.92,-20.908065411156635,-25.79866068782108,8.428622119829468,1.1688695296533367,18.581175455506845,7.243622119829406,20.07198550937041,0,1,22.7,king+tour,1,0,8.242984182229938,0.38765010237693787,0.0,0.0
12.94,-20.917937953676823,-25.7912545739048,8.408747857711395,1.1697263717336723,18.576448428711064,7.223747857711333,20.06017096463725,0,1,22.7,king+tour,1,0,8.23827293124284,0.3875979483127594,0.0,0.0
12.96,-20.927974337903468,-25.784076332582877,8.388867047720401,1.1699388474601757,18.5719898752343,7.2038670477203395,20.049600883232376,0,1,22.6,king+tour,1,0,8.233320067557177,0.38755062222480774,0.0,0.0
12.98,-20.93815509344195,-25.777121937888808,8.368982566978643,1.169833282208036,18.567791234374305,7.183982566978581,20.0383772272604,0,1,22.6,king+tour,1,0,8.228143934797194,0.3875263035297394,0.0,0.0
13.0,-20.94846213567069,-25.770387658032313,8.349102003658004,1.1692117458319327,18.563844533079198,7.164102003657942,20.02769575597222,0,1,22.5,king+tour,1,0,8.222761507875278,0.387507826089859,0.0,0.0
13.02,-20.958863600200715,-25.763870389545716,8.329224212148628,1.1681094214433985,18.560138911216157,7.144224212148566,20.017016462606023,0,1,22.5,king+tour,1,0,8.217201219219717,0.3874909281730652,0.0,0.0
13.04,-20.969392063285962,-25.757544149238647,8.309344137382864,1.1684254619492276,18.556657479471866,7.124344137382802,20.00685286846809,0,1,22.4,king+tour,1,0,8.211448082125688,0.3874780535697937,0.0,0.0
13.06,-20.980020106372585,-25.751407182228053,8.289467238541533,1.1680205172520066,18.553391779936614,7.1044672385414716,19.996603854033758,0,1,22.4,king+tour,1,0,8.205526103678944,0.387462317943573,0.0,0.0
13.08,-20.99075653095713,-25.74543022108989,8.269594392262096,1.168251788520833,18.550315813409448,7.0845943922620345,19.9868336010967,0,1,22.3,king+tour,1,0,8.199442542754682,0.38746631145477295,0.0,0.0
13.1,-21.001549302404882,-25.739606238420485,8.249725213393498,1.1674619464562217,18.547409737339688,7.064725213393436,19.97685304267177,0,1,22.3,king+tour,1,0,8.193245216052992,0.3874664604663849,0.0,0.0
13.12,-21.012415584406597,-25.733902090860056,8.229857376972625,1.167630408111359,18.5446458828183,7.044857376972563,19.96796782690479,0,1,22.2,king+tour,1,0,8.186936382763212,0.3874702453613281,0.0,0.0
13.14,-21.023311370702242,-25.728305577412034,8.209993971791487,1.1668268800086803,18.542001337914993,7.024993971791425,19.958738151061034,0,1,22.2,king+tour,1,0,8.180559728413561,0.38746750354766846,0.0,0.0
13.16,-21.034249258673487,-25.722802897672878,8.190134371738738,1.1665339598982658,18.539465976529552,7.005134371738676,19.950086221171034,0,1,22.1,king+tour,1,0,8.174111477246099,0.3874662518501282,0.0,0.0
13.18,-21.04518007961219,-25.717399375622215,8.170277355502387,1.1650986983478653,18.537032412334543,6.985277355502325,19.941001092960626,0,1,22.1,king+tour,1,0,8.167630515207216,0.3874586820602417,0.0,0.0
13.2,-21.056124479537004,-25.71207785595196,8.150422625171373,1.164376204059979,18.53468929435429,6.965422625171311,19.93255971688524,0,1,22.0,king+tour,1,0,8.161107985874391,0.38746246695518494,0.0,0.0
13.22,-21.067040894595944,-25.706838708128867,8.130569298400031,1.1627245713634924,18.53242629060316,6.9455692983999695,19.923594137165406,0,0,22.0,king+tour,1,0,8.154578826354284,0.3874586224555969,0.0,0.0
13.24,-21.077958199019697,-25.701661960876798,8.110715649774518,1.1620602520287278,18.53023144821168,6.925715649774456,19.915589882351792,0,0,21.9,king+tour,1,0,8.148028755048188,0.38746002316474915,0.0,0.0
13.26,-21.088842641424463,-25.696543577645276,8.090863424561812,1.1605815129315469,18.52809212922658,6.90586342456175,19.906967104430983,0,0,21.9,king+tour,1,0,8.141488390589211,0.38745298981666565,0.0,0.0
13.28,-21.09972419589038,-25.691471820655135,8.071012201194504,1.1599590679637226,18.526004663606034,6.8860122011944425,19.899104994252358,0,0,21.8,king+tour,1,0,8.134938306157547,0.38745105266571045,0.0,0.0
13.3,-21.110569772186533,-25.6864490840722,8.05116161011981,1.1585555381507946,18.523962756003954,6.866161610119748,19.890551959176054,0,0,21.8,king+tour,1,0,8.12840515526948,0.38744035363197327,0.0,0.0
13.32,-21.121417483845637,-25.681461634400222,8.031308140461995,1.158347702466066,18.521962964875325,6.846308140461933,19.88352761095092,0,0,21.7,king+tour,1,0,8.121863766814961,0.3874351680278778,0.0,0.0
13.34,-21.132242039587187,-25.676508185728327,8.011456985380272,1.1573418021760364,18.519997447492145,6.826456985380211,19.875737762559528,0,0,21.7,king+tour,1,0,8.11533615267339,0.3874211609363556,0.0,0.0
13.36,-21.143067283564275,-25.67160222439195,7.991607478552699,1.1567814023135694,18.518085392706787,6.806607478552637,19.868829758365393,0,0,21.6,king+tour,1,0,8.10879482917254,0.38741281628608704,0.0,0.0
13.38,-21.15385320019767,-25.66676764703442,7.971759851424682,1.155029694922719,18.516239368124694,6.786759851424621,19.861137631718737,0,0,21.6,king+tour,1,0,8.102260711013397,0.3873957693576813,0.0,0.0
13.4,-21.16463089728597,-25.662015972601495,7.951912611550204,1.1539606742418773,18.5144785466977,6.766912611550143,19.85437174180577,0,0,21.5,king+tour,1,0,8.095701093315029,0.38738441467285156,0.0,0.0
13.42,-21.175367312847566,-25.65736734562595,7.9320672632161395,1.1518660972193977,18.512813614605516,6.747067263216078,19.846804040398077,0,0,21.5,king+tour,1,0,8.089132814176391,0.3873577117919922,0.0,0.0
13.44,-21.18610082320141,-25.652831968285543,7.912222271405941,1.1506537186343233,18.51126440560478,6.727222271405879,19.840243118157616,0,0,21.4,king+tour,1,0,8.082517670103583,0.3873438835144043,0.0,0.0
13.46,-21.196805376262088,-25.648426822435923,7.892379174287793,1.148630999740032,18.509840355937047,6.707379174287731,19.832866820749803,0,0,21.4,king+tour,1,0,8.075868139596606,0.3873162567615509,0.0,0.0
13.48,-21.20752670341579,-25.644161364686692,7.872535938475586,1.1477096684768426,18.508562579796106,6.687535938475524,19.826550782456856,0,0,21.3,king+tour,1,0,8.069140208330603,0.3872939348220825,0.0,0.0
13.5,-21.218245918040786,-25.640050000370675,7.852694516462335,1.1461750588628126,18.50743991643659,6.667694516462273,19.819411154078722,0,0,21.3,king+tour,1,0,8.062341621851447,0.38726699352264404,0.0,0.0
13.52,-21.229016109558323,-25.636102059902242,7.8328528811498925,1.145942571792619,18.506495403088557,6.647852881149831,19.813418859980718,0,0,21.2,king+tour,1,0,8.055422277957263,0.3872471749782562,0.0,0.0
13.54,-21.239825605328267,-25.632329905379837,7.813011940236223,1.1453572421750018,18.505737854450505,6.628011940236161,19.806602180962404,0,0,21.2,king+tour,1,0,8.048384925052643,0.38722264766693115,0.0,0.0
13.56,-21.25073469020153,-25.628742964342095,7.793162010115998,1.1466189477744053,18.505192446508886,6.608162010115937,19.800999613142025,0,0,21.1,king+tour,1,0,8.041173440104236,0.38720616698265076,0.0,0.0
13.58,-21.261739221762767,-25.625352437213095,7.773309841113635,1.1475016374641591,18.504868948580217,6.588309841113573,19.794979382208872,0,0,21.1,king+tour,1,0,8.033784887220198,0.3871833384037018,0.0,0.0
13.6,-21.27285017113079,-25.62215421809892,7.7534562408889345,1.1487463201718395,18.50476642380242,6.568456240888873,19.789980575529558,0,0,21.0,king+tour,1,0,8.02621196519031,0.38716813921928406,0.0,0.0
13.62,-21.284037941100014,-25.619171316514198,7.733603614818375,1.1491199465741377,18.504899168109485,6.5486036148183135,19.784127175624857,0,0,21.0,king+tour,1,0,8.018466582248509,0.3871467113494873,0.0,0.0
13.64,-21.295324731216667,-25.61640853082436,7.713749833322699,1.150214388259219,18.505277817086892,6.528749833322637,19.779602712895908,0,0,20.9,king+tour,1,0,8.010527113022233,0.3871321678161621,0.0,0.0
13.66,-21.306668082605253,-25.61386788257548,7.69389579618172,1.1503361520060107,18.505892912475357,6.508895796181658,19.77417515085065,0,0,20.9,king+tour,1,0,8.00242757592458,0.3871115744113922,0.0,0.0
13.68,-21.31809822234326,-25.61155393744555,7.674039299607078,1.1513936041961348,18.506757023700086,6.4890392996070165,19.770104575620195,0,0,20.8,king+tour,1,0,7.994139741723432,0.387098103761673,0.0,0.0
13.7,-21.329580803673558,-25.60946656683044,7.654179932776893,1.1517391642507442,18.507860746071888,6.469179932776831,19.765088980046446,0,0,20.7,king+tour,1,1,6.861841945459343,0.3871699571609497,0.0,0.0
13.72,-21.34115380479763,-25.607610401828957,7.634309816441478,1.1534743459581924,18.509218844461195,6.449309816441416,19.75722848547116,0,0,20.7,king+tour,1,2,27.615470852551237,0.38357552886009216,0.0,0.0
13.74,-21.352790988052014,-25.605983782572004,7.614427157634629,1.154761929503987,18.510822613195064,6.429427157634567,19.749727844798006,0,0,20.6,king+tour,1,2,27.61356949234878,0.38005906343460083,0.0,0.0
13.76,-21.364473935080007,-25.60451373425559,7.5945398285916035,1.1555930834175812,18.51259681845653,6.409539828591542,19.742641757504465,0,0,20.6,king+tour,1,2,27.611828477735738,0.3768138289451599,0.0,0.0
13.78,-21.376174925866213,-25.60319980941073,7.574650836366223,1.1556508941047465,18.51453343988942,6.389650836366161,19.7348303009982,0,0,20.5,king+tour,1,2,27.61024805106558,0.3740605115890503,0.0,0.0
13.8,-21.387871406742168,-25.601977464961248,7.554772915701417,1.154808989390803,18.516564173054192,6.369772915701355,19.72815989064618,0,0,20.5,king+tour,1,2,27.608764213396302,0.37172597646713257,0.0,0.0
13.82,-21.399491361465998,-25.60080144568126,7.534913501279028,1.1519578012355833,18.518625644250704,6.349913501278966,19.720266697180957,0,0,20.4,king+tour,1,2,27.607333284272038,0.36983880400657654,0.0,0.0
13.84,-21.411020191428108,-25.599614949395693,7.515083620706957,1.1484183223389035,18.520659064631,6.330083620706895,19.713687089938947,0,0,20.4,king+tour,1,2,27.605898691580602,0.36831894516944885,0.0,0.0
13.86,-21.42237629159075,-25.598359125402723,7.4952812014330785,1.1431031382860861,18.522585174725492,6.310281201433017,19.705709252256273,0,0,20.3,king+tour,1,2,27.604403191578264,0.3671969771385193,0.0,0.0
13.88,-21.43355160528094,-25.596977245936337,7.475511529728794,1.1375820258655367,18.524346962852487,6.290511529728732,19.698753621397664,0,0,20.2,king+tour,1,2,27.60279002015209,0.36636725068092346,0.0,0.0
13.9,-21.444470682691616,-25.595411925533185,7.455774097742454,1.130533835053446,18.52586811728958,6.270774097742392,19.69023325159797,0,0,20.2,king+tour,1,2,27.60100310065285,0.3658462166786194,0.0,0.0
13.92,-21.455115904613244,-25.59359158960931,7.4360716557807605,1.123410646079964,18.52707463910813,6.251071655780699,19.682959293837204,0,0,20.1,king+tour,1,2,27.59897091363305,0.3656509220600128,0.0,0.0
13.94,-21.465402203351115,-25.59144668524815,7.416391728761301,1.1154686054910596,18.52787570425391,6.231391728761239,19.67390384919962,0,0,20.1,king+tour,1,2,27.59662524637882,0.36568978428840637,0.0,0.0
13.96,-21.475314470655068,-25.588910083474286,7.396728691602371,1.1082896981133241,18.528202201553587,6.21172869160231,19.666275471532586,0,0,20.0,king+tour,1,2,27.593898863675157,0.36598315834999084,0.0,0.0
13.98,-21.48477034422707,-25.585918293133904,7.377064355004502,1.1011930896586235,18.5279697366212,6.19206435500444,19.657402157885326,0,0,20.0,king+tour,1,2,27.590729415396897,0.3664100170135498,0.0,0.0
14.0,-21.493740618215806,-25.58242486969939,7.357387931481781,1.095252785172567,18.52712504605012,6.172387931481719,19.64867551154845,0,0,19.9,king+tour,1,2,27.58707052686559,0.3669164180755615,0.0,0.0
14.02,-21.502174984768228,-25.578435003461788,7.337694617131608,1.0895918981771127,18.525658497188545,6.152694617131546,19.638791024073424,0,0,19.9,king+tour,1,2,27.58292781750982,0.36752235889434814,0.0,0.0
14.04,-21.51003723190245,-25.573902415774807,7.317969701201905,1.0856237718169608,18.523514943464527,6.132969701201843,19.628864795999895,0,0,19.8,king+tour,1,2,27.578255165053385,0.3682466745376587,0.0,0.0
14.06,-21.517303287397283,-25.568842538749646,7.298212464556458,1.082527502916142,18.52070185567221,6.113212464556396,19.61792111316339,0,0,19.8,king+tour,1,2,27.573067929462066,0.3690299391746521,0.0,0.0
14.08,-21.523952055054966,-25.563211898336068,7.278406919779858,1.0818616209233267,18.51717100231303,6.093406919779796,19.60732134760455,0,0,19.7,king+tour,1,2,27.567322535902203,0.36981481313705444,0.0,0.0
14.1,-21.52996566340863,-25.557039575191844,7.258557472490897,1.0819676706182042,18.512944685041656,6.073557472490835,19.595452303090042,0,0,19.7,king+tour,1,2,27.561047919595953,0.37062346935272217,0.0,0.0
14.12,-21.53536033674868,-25.550318517460177,7.238668407366926,1.0838012144574998,18.50802016931209,6.053668407366864,19.583393537739987,0,0,19.6,king+tour,1,2,27.554236342714624,0.3715088963508606,0.0,0.0
14.14,-21.540145441012776,-25.543100995726732,7.218743983060528,1.0862464346688752,18.502449739400827,6.033743983060466,19.57015333441491,0,0,19.6,king+tour,1,2,27.546939551903478,0.3723941445350647,0.0,0.0
14.16,-21.544321913738816,-25.53537417541663,7.198781822364093,1.0904523559127146,18.496220876100427,6.013781822364031,19.557042988051244,0,0,19.5,king+tour,1,2,27.539144385737547,0.3732410967350006,0.0,0.0
14.18,-21.54790892502739,-25.52718118920121,7.178798565537751,1.0946714421436292,18.489379937664864,5.9937985655376895,19.54305611494675,0,0,19.5,king+tour,1,2,27.530893384762923,0.3739410936832428,0.0,0.0
14.2,-21.55093393204925,-25.518509791144847,7.158871328560033,1.0970854402693524,18.481922569801366,5.973871328559971,19.528900871764446,0,0,19.4,king+tour,1,2,27.522173632522552,0.3718138039112091,0.0,0.0
14.22,-21.553441577245913,-25.5094246615355,7.139057068402667,1.0970788144371804,18.47392311953639,5.954057068402605,19.514053091737686,0,0,19.4,king+tour,1,2,27.513048897452826,0.36968883872032166,0.0,0.0
14.24,-21.555467311551723,-25.499925624439356,7.119389596772847,1.0967505932770307,18.465391190796712,5.934389596772785,19.499078234894863,0,0,19.3,king+tour,1,2,27.503518296043424,0.3675452768802643,0.0,0.0
14.26,-21.557063339199,-25.49008909285479,7.099895539170854,1.0946722564937275,18.456414632440108,5.914895539170792,19.48360801470904,0,0,19.3,king+tour,1,2,27.493657290702078,0.36541253328323364,0.0,0.0
14.28,-21.55826866384788,-25.479923775200003,7.080589342645707,1.0926066478832968,18.44701267585783,5.895589342645645,19.468047758273254,0,0,19.2,king+tour,1,2,27.48347389367183,0.3633438050746918,0.0,0.0
14.3,-21.5591406075475,-25.469514591888668,7.061478990616849,1.0889409277953626,18.43728286929346,5.876478990616787,19.451685141776114,0,0,19.2,king+tour,1,2,27.473052049561186,0.3612882196903229,0.0,0.0
14.32,-21.559719941016922,-25.458877392048702,7.042574483508277,1.0849723921858856,18.427251873622254,5.857574483508215,19.43527083507895,0,0,19.1,king+tour,1,2,27.462406925866887,0.3592252731323242,0.0,0.0
14.34,-21.560069692997207,-25.44807485862627,7.023876178589643,1.0798653407030807,18.416997622005855,5.838876178589581,19.418651040458673,0,0,19.1,king+tour,1,2,27.451600174120472,0.35717475414276123,0.0,0.0
14.36,-21.560234662877455,-25.437101250844332,7.005384250046944,1.0751728977721455,18.40652730426379,5.8203842500468825,19.401987055176228,0,1,19.1,king+tour,1,2,27.44062533181083,0.3551543653011322,0.0,0.0
14.38,-21.560272377444385,-25.426019944132364,6.987093477658657,1.069286134990755,18.395918017784247,5.8020934776585955,19.38510956283652,0,1,19.0,king+tour,1,2,27.42954484416365,0.35314440727233887,0.0,0.0
14.4,-21.560220342768524,-25.414826465724975,6.96900324757968,1.0636647624774915,18.3851761472966,5.784003247579618,19.368192531527384,0,1,19.0,king+tour,1,2,27.418353639354958,0.3511486053466797,0.0,0.0
14.42,-21.5601140705392,-25.403574954206167,6.951108100771678,1.0569343457904072,18.37436369801545,5.766108100771616,19.351466326068334,0,1,18.9,king+tour,1,2,27.40710528132683,0.34919241070747375,0.0,0.0
14.44,-21.559967593308325,-25.392252760213214,6.933404071937446,1.0507689676572183,18.36347254664643,5.748404071937384,19.334689588246967,0,1,18.9,king+tour,1,2,27.395786898688407,0.3472319543361664,0.0,0.0
14.46,-21.55981949390024,-25.3809223495982,6.915660545665866,1.0526548136612355,18.352573581015037,5.730660545665804,19.31758918640506,0,1,18.9,king+tour,1,2,27.384460330499056,0.3536856174468994,0.0,0.0
14.48,-21.55968450954084,-25.369578304841554,6.897963163223637,1.0510743521804267,18.341665832715908,5.712963163223575,19.300399062715233,0,1,18.8,king+tour,1,2,27.373119922946156,0.3516419529914856,0.0,0.0
14.5,-21.55959409747663,-25.358256863119017,6.8803598672208635,1.0464932479230178,18.33079304317623,5.695359867220802,19.28359981716094,0,1,18.8,king+tour,1,2,27.36180140172383,0.34960970282554626,0.0,0.0
14.52,-21.559555977981866,-25.346932084144594,6.862881034709343,1.041347273825113,18.319932594753222,5.677881034709281,19.266706239403096,0,1,18.7,king+tour,1,2,27.350478704244804,0.34756556153297424,0.0,0.0
14.54,-21.559605135349337,-25.335648320468106,6.845539524395327,1.034472956539644,18.309137040483968,5.660539524395265,19.2498468497953,0,1,18.7,king+tour,1,2,27.33919561247407,0.34552261233329773,0.0,0.0
14.56,-21.559750411507782,-25.324386943111065,6.82834879129793,1.027571201384375,18.298391113671723,5.643348791297869,19.233264087299283,0,1,18.7,king+tour,1,2,27.327933356128963,0.3434745669364929,0.0,0.0
14.58,-21.559974615461318,-25.31317381671471,6.811319727747088,1.0195262090942665,18.287714698770856,5.626319727747026,19.2163848380696,0,1,18.6,king+tour,1,2,27.316718073024592,0.3414522707462311,0.0,0.0
14.6,-21.560291244988285,-25.30199049689699,6.79445467016447,1.0119252240997685,18.27709404569866,5.609454670164408,19.199989133439257,0,1,18.6,king+tour,1,2,27.30553110419,0.3394363522529602,0.0,0.0
14.62,-21.56065064026398,-25.29084731651449,6.777755825484793,1.0039310828401689,18.266524813871147,5.592755825484732,19.18331931344115,0,1,18.6,king+tour,1,2,27.294383581850802,0.3374316394329071,0.0,0.0
14.64,-21.561073017224427,-25.279720781327736,6.761222893585355,0.9966393840680556,18.255990340263068,5.576222893585293,19.16706968790351,0,1,18.5,king+tour,1,2,27.283251690431126,0.3354324996471405,0.0,0.0
14.66,-21.561515980952283,-25.26861761411575,6.744855915916769,0.9891340872266207,18.245484886420115,5.559855915916708,19.15056297855758,0,1,18.5,king+tour,1,2,27.272142835131678,0.3334461450576782,0.0,0.0
14.68,-21.5620061332481,-25.25750889399219,6.728653702443679,0.9825421536559161,18.23498843446487,5.543653702443617,19.134408594826454,0,1,18.5,king+tour,1,2,27.261027671996807,0.33148401975631714,0.0,0.0
14.7,-21.562508066407315,-25.24639726451504,6.712615253856398,0.9758996869820065,18.224493333433507,5.527615253856336,19.11800820332856,0,1,18.4,king+tour,1,2,27.24990941430322,0.32953670620918274,0.0,0.0
14.72,-21.563054396379247,-25.235248044605825,6.696737699361178,0.9704384547344622,18.213975799452975,5.511737699361116,19.10206437914325,0,1,18.4,king+tour,1,2,27.238752862635415,0.32760101556777954,0.0,0.0
14.74,-21.56361638565632,-25.224059364184424,6.681020719755948,0.9650464359695015,18.20342577697392,5.496020719755887,19.085879583121642,0,1,18.3,king+tour,1,2,27.227556609499597,0.32567906379699707,0.0,0.0
14.76,-21.56422940313479,-25.212799310458372,6.665458962055965,0.9609017939615906,18.192822954219622,5.480458962055903,19.07029776263839,0,1,18.3,king+tour,1,2,27.216288180506464,0.323766827583313,0.0,0.0
14.78,-21.564868502403602,-25.201469936047644,6.650054895232426,0.9566196306761005,18.18216212687208,5.465054895232364,19.054496663195305,0,1,18.3,king+tour,1,2,27.204950029395466,0.32187768816947937,0.0,0.0
14.8,-21.565561258820296,-25.190053441349736,6.63480673330057,0.9530512905142815,18.171434268028868,5.449806733300508,19.038830224046237,0,1,18.2,king+tour,1,2,27.19352391955284,0.3200070559978485,0.0,0.0
14.82,-21.566276252232996,-25.178567731489487,6.619712268151783,0.949046395997033,18.160647466993446,5.4347122681517215,19.022986027122425,0,1,18.2,king+tour,1,2,27.182028258107206,0.31815260648727417,0.0,0.0
14.84,-21.56704709268332,-25.166988808457816,6.604765440997653,0.9461412362177768,18.1497885262954,5.419765440997591,19.00734071200274,0,1,18.2,king+tour,1,2,27.170438515762424,0.31631341576576233,0.0,0.0
14.86,-21.567849186141167,-25.15532914272779,6.589970683002927,0.9427035893821137,18.138862302623025,5.404970683002865,18.991562892511038,0,1,18.1,king+tour,1,2,27.158767556275453,0.3144896924495697,0.0,0.0
14.88,-21.56868934829937,-25.143566730558558,6.575330959285288,0.9399225008209089,18.12784975643584,5.390330959285226,18.975806780819784,0,1,18.1,king+tour,1,2,27.14699327245203,0.32459956407546997,0.0,0.0
14.9,-21.569516977936875,-25.131718585955596,6.560845680212642,0.9365986482506736,18.116752516019037,5.3758456802125805,18.958817256164366,0,1,18.1,king+tour,1,2,27.135133481517517,0.33673691749572754,0.0,0.0
14.92,-21.570344802271563,-25.11975656735361,6.546523473387607,0.9339443111107805,18.105547366413116,5.361523473387545,18.941900589177262,0,1,18.1,king+tour,1,2,27.12315984286223,0.34998735785484314,0.0,0.0
14.94,-21.571134171097903,-25.107637174368627,6.532372754562224,0.9323969550886558,18.094181469076144,5.347372754562162,18.924820460332953,0,1,18.0,king+tour,1,2,27.11102947282548,0.36429330706596375,0.0,0.0
14.96,-21.571908729969312,-25.095273747728914,6.518395187263685,0.9338450718748527,18.082578813456358,5.333395187263624,18.907648565302807,0,1,18.0,king+tour,1,2,27.098655346711286,0.3793260455131531,0.0,0.0
14.98,-21.572633517151587,-25.08262016392076,6.504600234849595,0.936668580337516,18.07068513243959,5.319600234849533,18.88999687248311,0,1,18.0,king+tour,1,2,27.085991897175738,0.39509689807891846,0.0,0.0
15.0,-21.573336062333603,-25.069582727827637,6.490989541724177,0.9430260825785401,18.058418862428514,5.305989541724116,18.872155605693493,0,1,17.9,king+tour,1,2,27.07294500371929,0.4107544720172882,0.0,0.0
15.02,-21.5739861107007,-25.056098245223456,6.4775738143383785,0.9516243682148138,18.045710799619645,5.292573814338317,18.8538895897255,0,1,17.9,king+tour,1,2,27.059451954706322,0.4269857108592987,0.0,0.0
15.04,-21.57461571783536,-25.042055600231595,6.464346088929198,0.9650971492706527,18.032464103640024,5.279346088929136,18.8352983336257,0,1,17.9,king+tour,1,2,27.045401140924675,0.44367510080337524,0.0,0.0
15.06,-21.57519815409972,-25.02738544808407,6.451314199600743,0.9815583725671829,18.018604759494853,5.266314199600681,18.816106484270254,0,1,17.9,king+tour,1,2,27.03072364491167,0.4601205885410309,0.0,0.0
15.08,-21.575768646390294,-25.011970562791728,6.438462074526243,1.0038940045644609,18.00403109840772,5.2534620745261815,18.796406677683894,0,1,17.8,king+tour,1,2,27.01530169971293,0.4769444465637207,0.0,0.0
15.1,-21.576303701213604,-24.99573530615398,6.425794858411995,1.0299614141347482,17.988664095445102,5.240794858411933,18.77592119261074,0,1,17.8,king+tour,1,2,26.999060044259572,0.4933849573135376,0.0,0.0
15.12,-21.576828336726514,-24.978555755633653,6.413290265419031,1.0627523752284,17.972392797445632,5.228290265418969,18.75485930284572,0,1,17.8,king+tour,1,2,26.981874377374737,0.510177731513977,0.0,0.0
15.14,-21.57730891280581,-24.960351225187594,6.400945594234937,1.1000304413661173,17.955130449129335,5.215945594234875,18.732789717076948,0,1,17.8,king+tour,1,2,26.963664549550153,0.5276322960853577,0.0,0.0
15.16,-21.577773072503554,-24.94099268436833,6.388728872284101,1.1447891095090823,17.9367620973067,5.20372887228404,18.711150058733434,0,1,17.8,king+tour,1,2,26.944301111691335,0.5444948673248291,0.0,0.0
15.18,-21.578190197732724,-24.920399263300585,6.376615618165369,1.1947739431323812,17.9172017808064,5.191615618165307,18.686988755298167,0,1,17.7,king+tour,1,2,26.92370368290372,0.5616083741188049,0.0,0.0
15.2,-21.57857957517973,-24.89853464020984,6.36460991278927,1.2473475049824276,17.896420822532956,5.179609912789208,18.66309380491851,0,1,17.7,king+tour,1,2,26.9018356430379,0.5793277621269226,0.0,0.0
15.22,-21.57890396356557,-24.875314336023553,6.352670817961698,1.3055934853834639,17.874327922857763,5.167670817961636,18.637412745221067,0,1,17.7,king+tour,1,2,26.87861310655693,0.5974617004394531,0.0,0.0
15.24,-21.579176713415634,-24.850692623332808,6.340807298283833,1.3666073205693343,17.85088375371001,5.155807298283771,18.611695343533725,0,1,17.7,king+tour,1,2,26.85399014283037,0.614892303943634,0.0,0.0
15.26,-21.579389385387206,-24.824616995289635,6.32900071730074,1.4312398136963753,17.826036134712385,5.1440007173006785,18.58359300368196,0,1,17.7,king+tour,1,2,26.82791438470584,0.6324594020843506,0.0,0.0
15.28,-21.579557328278668,-24.797082166939347,6.317260816697261,1.4966798616222194,17.799785075192208,5.132260816697199,18.555153469008314,0,1,17.7,king+tour,1,2,26.800380308904256,0.6504926085472107,0.0,0.0
15.3,-21.579711453343815,-24.768036940059492,6.305565694204877,1.565586830193212,17.772091416264225,5.120565694204815,18.524777887956454,0,1,17.7,king+tour,1,2,26.771336240218567,0.6687430739402771,0.0,0.0
15.32,-21.579824091231444,-24.73748039307027,6.2939254429370175,1.6349393725588035,17.742946716747998,5.108925442936956,18.493991815068632,0,1,17.7,king+tour,1,2,26.740781693213957,0.6873234510421753,0.0,0.0
15.34,-21.57992207387411,-24.705397125853427,6.2823363615221135,1.7056175157014175,17.71234492157422,5.097336361522052,18.46095046234787,0,1,17.7,king+tour,1,2,26.708700850351345,0.7059090733528137,0.0,0.0
15.36,-21.57997299774741,-24.671825859827457,6.270817640861046,1.774622087583006,17.680314069761724,5.085817640860984,18.427531792510766,0,1,17.7,king+tour,1,2,26.675132940241966,0.7247487306594849,0.0,0.0
15.38,-21.579998461021606,-24.636759516762233,6.259365025888793,1.8444589003614575,17.646854570995142,5.074365025888731,18.391882472980754,0,1,17.6,king+tour,1,2,26.64007054882865,0.7435073256492615,0.0,0.0
15.4,-21.579960727151303,-24.600245529875554,6.24799650619086,1.9121427132459343,17.612001170713278,5.062996506190799,18.355909346192565,0,1,17.6,king+tour,1,2,26.60356170215559,0.7624444961547852,0.0,0.0
15.42,-21.579876190225505,-24.562284788752237,6.236708062456595,1.9801855816218072,17.575760366780113,5.051708062456533,18.317738039211164,0,1,17.6,king+tour,1,2,26.565607036435622,0.7812150716781616,0.0,0.0
15.44,-21.579702878641037,-24.522934071467926,6.225513877812526,2.045616507034366,17.538174484651663,5.040513877812464,18.279436197983426,0,1,17.7,king+tour,1,2,26.52626399306274,0.8000863194465637,0.0,0.0
15.46,-21.579452750167256,-24.482198423009912,6.214419883432816,2.111002327595359,17.49925265047624,5.029419883432754,18.23896752886479,0,1,17.7,king+tour,1,2,26.485537436590004,0.8201971650123596,0.0,0.0
15.48,-21.579123913532957,-24.4401378375751,6.203446257058272,2.1734888178106866,17.459052248566202,5.01844625705821,18.198357992274108,0,1,17.7,king+tour,1,2,26.44348739387697,0.8405060172080994,0.0,0.0
15.5,-21.57876855552426,-24.396764826970156,6.192590779340736,2.2356127374429358,17.41760175050727,5.007590779340674,18.155641786489685,0,1,17.7,king+tour,1,2,26.400125553871593,0.8606042861938477,0.0,0.0
15.52,-21.57837924652517,-24.352149037314128,6.181867407062606,2.294401316870612,17.374966148218935,4.9968674070625445,18.11231515453582,0,1,17.7,king+tour,1,2,26.355521678475206,0.8807030320167542,0.0,0.0
15.54,-21.578002465804605,-24.30631038764227,6.171274429807476,2.3524109624906364,17.33117940809015,4.986274429807414,18.067110074247644,0,1,17.7,king+tour,1,2,26.309694945586934,0.9007250070571899,0.0,0.0
15.56,-21.57762859057989,-24.259274759969305,6.160813654347899,2.4093141537007146,17.286264224875055,4.975813654347837,18.02195245670019,0,1,17.7,king+tour,1,2,26.262671389770244,0.9209057092666626,0.0,0.0
15.58,-21.57730159529833,-24.211033822677145,6.150472482525684,2.466898250534837,17.24022708708204,4.965472482525622,17.974767582275938,0,1,17.7,king+tour,1,2,26.214441973745362,0.9408619999885559,0.0,0.0
15.6,-21.57700671152466,-24.161634427451187,6.140258349377851,2.522258769977807,17.193109193912836,4.9552583493777895,17.92763022631084,0,1,17.7,king+tour,1,2,26.165053778612695,0.9609206318855286,0.0,0.0
15.62,-21.576782373437027,-24.111074224328682,6.130164548931281,2.5779203220919373,17.14492122507563,4.945164548931219,17.87850084922279,0,1,17.7,king+tour,1,2,26.1145038303973,0.9806624054908752,0.0,0.0
15.64,-21.57660853258905,-24.059406684790844,6.120199543922266,2.6310008491846526,17.09570911526137,4.935199543922204,17.828811645928532,0,1,17.8,king+tour,1,2,26.062845913253568,1.0,0.0,0.0
15.66,-21.57651872834659,-24.006631523421508,6.110373167159588,2.6841122380796993,17.045484160053213,4.925373167159526,17.778527381791886,0,1,17.8,king+tour,1,2,26.010079192160532,1.0,0.0,0.0
15.68,-21.576490820975398,-23.95276808398775,6.100622440686654,2.736945173549135,16.99425922161587,4.915622440686592,17.727091382103346,0,1,17.8,king+tour,1,2,25.95622336253815,1.0,0.0,0.0
15.7,-21.576559432066578,-23.89788437203428,6.0909229448429665,2.7867125636199477,16.942111010207412,4.905922944842905,17.675143684799924,0,1,17.8,king+tour,1,2,25.90134585039606,1.0,0.0,0.0
15.72,-21.576708866881305,-23.841992789902385,6.081258525481125,2.8360590110098185,16.889047806801035,4.8962585254810636,17.623269423480565,0,1,17.8,king+tour,1,2,25.845459305973723,1.0,0.0,0.0
15.74,-21.576978834501215,-23.785156634841915,6.071640531255578,2.882241843381789,16.83514354665679,4.886640531255516,17.569571289898413,0,1,17.9,king+tour,1,2,25.788626361049012,1.0,0.0,0.0
15.76,-21.5773527209648,-23.72747512334162,6.062083640820236,2.923452887785047,16.78048870465704,4.8770836408201745,17.516430917210663,0,1,17.9,king+tour,1,2,25.730946483653447,1.0,0.0,0.0
15.78,-21.577865814859276,-23.66899849113329,6.052595088336701,2.962183488579685,16.725143473307945,4.867595088336639,17.46173688572824,0,1,17.9,king+tour,1,2,25.67246931652792,1.0,0.0,0.0
15.8,-21.578496494704478,-23.609829573493627,6.043198008499254,2.995690104628639,16.66920007507194,4.858198008499192,17.407839547606457,0,1,17.9,king+tour,1,2,25.613298030288195,1.0,0.0,0.0
15.82,-21.57927531405734,-23.550034307742642,6.0339047710494285,3.025906735225939,16.612732102873135,4.848904771049367,17.35234706993196,0,1,18.0,king+tour,1,2,25.55349804602469,1.0,0.0,0.0
15.84,-21.58017508703264,-23.489734180711903,6.024726930873757,3.0500605164573136,16.555847495403633,4.839726930873695,17.297872317371876,0,1,18.0,king+tour,1,2,25.493191278474743,1.0,0.0,0.0
15.86,-21.581221122915338,-23.429000291899683,6.0156804864534585,3.070642277265656,16.498622958071092,4.830680486453397,17.24192734781788,0,1,18.0,king+tour,1,2,25.432448399501894,1.0,0.0,0.0
15.88,-21.58238095378172,-23.36795985069396,6.0067697607141985,3.0849155999103943,16.44116983937048,4.821769760714137,17.18716313375632,0,1,18.1,king+tour,1,2,25.37139713642481,1.0,0.0,0.0
15.9,-21.583674520966756,-23.306690857262794,5.997998622707033,3.0953577071444176,16.383569451414303,4.812998622706972,17.131046729105865,0,1,18.1,king+tour,1,2,25.310115152830903,1.0,0.0,0.0
15.92,-21.5850647083352,-23.245318245358046,5.989363136275105,3.0996377767596166,16.325929063120842,4.804363136275043,17.074959091932083,0,1,18.1,king+tour,1,2,25.248727979953305,1.0,0.0,0.0
15.94,-21.586566391731605,-23.183918333835273,5.980858757820708,3.1002131543342655,16.2683264622369,4.795858757820646,17.01927766972857,0,1,18.2,king+tour,1,2,25.18731168651649,1.0,0.0,0.0
15.96,-21.5881432468559,-23.122548706053742,5.9724804513134915,3.0979483961386967,16.210804999244477,4.78748045131343,16.963145635578282,0,1,18.2,king+tour,1,2,25.125924450120298,1.0,0.0,0.0
15.98,-21.58981244873701,-23.061300802238843,5.964213828660645,3.091289782082723,16.153457246249843,4.779213828660583,16.90713528425709,0,1,18.2,king+tour,1,2,25.06465742290344,1.0,0.0,0.0
16.0,-21.591542765207,-23.000216374909563,5.956055152075733,3.082557891122897,16.096312882163147,4.771055152075672,16.850738316675248,0,1,18.3,king+tour,1,2,25.003552869641364,1.0,0.0,0.0
16.02,-21.593346601913566,-22.939353008617882,5.947995104504109,3.071061522534324,16.03943068843698,4.762995104504047,16.79542739587966,0,1,18.3,king+tour,1,2,24.942668170719692,1.0,0.0,0.0
16.04,-21.59518854922076,-22.87871975369465,5.940030809204786,3.0590907031677963,15.982807787178952,4.755030809204724,16.739762776676507,0,1,18.3,king+tour,1,2,24.88201295903445,1.0,0.0,0.0
16.06,-21.597086333065988,-22.818380188418885,5.932150316303445,3.044079043635187,15.926510185245006,4.747150316303383,16.68317317787472,0,1,18.4,king+tour,1,2,24.821650521266815,1.0,0.0,0.0
16.08,-21.599009820402134,-22.758350027863884,5.924353867792277,3.028243958624672,15.870542781384088,4.739353867792215,16.62852678378124,0,1,18.4,king+tour,1,2,24.76159706534216,1.0,0.0,0.0
16.1,-21.600953557773032,-22.698611228339825,5.916638940173779,3.0133131233333805,15.814886739064134,4.731638940173717,16.57275989416857,0,1,18.4,king+tour,1,2,24.701834641818166,1.0,0.0,0.0
16.12,-21.6028589859907,-22.63919851519438,5.90899526103265,2.9966343499032444,15.75955507658584,4.723995261032588,16.51760358464513,0,1,18.5,king+tour,1,2,24.64239891845283,1.0,0.0,0.0
16.14,-21.604715961713016,-22.580100822224583,5.901422465820255,2.980491947864765,15.704533668291939,4.716422465820194,16.462812530816,0,1,18.5,king+tour,1,3,18.584305099598293,1.0,0.0,0.0
16.16,-21.60649056184029,-22.521296292778022,5.893928006244602,2.965336748741417,15.649790146944957,4.70892800624454,16.40770731283302,0,1,18.5,king+tour,1,3,18.52547613538701,1.0,0.0,0.0
16.18,-21.60819961784347,-22.46277838004527,5.88650857017049,2.950557156995152,15.595323659542409,4.701508570170428,16.353655894653112,0,1,18.6,king+tour,1,3,18.466935128767982,1.0,0.0,0.0
16.2,-21.60981282059649,-22.404493707973522,5.879162130537342,2.9383990525951433,15.541073344600056,4.69416213053728,16.299249274732574,0,1,18.6,king+tour,1,3,18.408629353697354,1.0,0.0,0.0
16.22,-21.61135196286591,-22.34644309308128,5.8718915504821885,2.9262194819558207,15.487047042389909,4.686891550482127,16.245825309557794,0,1,18.6,king+tour,1,3,18.350559159449013,1.0,0.0,0.0
16.24,-21.612791761150973,-22.288580442022774,5.864693351386016,2.916321945897013,15.433192465885854,4.679693351385954,16.192015707757744,0,1,18.7,king+tour,1,3,18.292678994739138,1.0,0.0,0.0
16.26,-21.61415912295344,-22.230913692056863,5.857567254559641,2.9060733756688935,15.379526005314474,4.6725672545595796,16.1384747716038,0,1,18.7,king+tour,1,3,18.23499622236392,1.0,0.0,0.0
16.28,-21.615433558624296,-22.173403974572818,5.850515512108925,2.8977227537175394,15.32600384636065,4.665515512108863,16.08455028116365,0,1,18.8,king+tour,1,3,18.17747241425087,1.0,0.0,0.0
16.3,-21.616645203902994,-22.116035329704015,5.8435402977051885,2.890191652097762,15.272621222634799,4.658540297705127,16.03144561604205,0,1,18.8,king+tour,1,3,18.120090975675996,1.0,0.0,0.0
16.32,-21.617777243515665,-22.058745230766398,5.836638926839766,2.8857693384037977,15.219313528293865,4.651638926839704,15.977905412968932,0,1,18.8,king+tour,1,3,18.06278974979509,1.0,0.0,0.0
16.34,-21.61885540568358,-22.001524502195704,5.829811361822382,2.8818352901788886,15.166081063244823,4.64481136182232,15.925195375067286,0,1,18.9,king+tour,1,3,18.005559019506418,1.0,0.0,0.0
16.36,-21.619858249943427,-21.944317343867315,5.823054773057507,2.8806753341692413,15.112864047186573,4.638054773057445,15.872007619293441,0,1,18.9,king+tour,1,3,17.948343452462495,1.0,0.0,0.0
16.38,-21.62081639878296,-21.887121681901288,5.816365870360543,2.879671516084904,15.059671339866664,4.631365870360481,15.81950815906862,0,1,19.0,king+tour,1,3,17.89114032884922,1.0,0.0,0.0
16.4,-21.621713125602003,-21.82988886721879,5.8097413612346775,2.881094981351631,15.006451640053898,4.624741361234616,15.766497306695406,0,1,19.0,king+tour,1,3,17.83390136724756,1.0,0.0,0.0
16.42,-21.622578030991857,-21.77262350997353,5.803180283999343,2.882324121368352,14.953219907443328,4.618180283999282,15.714208173464078,0,1,19.0,king+tour,1,3,17.776630551652747,1.0,0.0,0.0
16.44,-21.62339325215135,-21.715283536179555,5.7966827666315695,2.885634640844761,14.899930704515128,4.611682766631508,15.66138669673563,0,1,19.1,king+tour,1,3,17.719286199216928,1.0,0.0,0.0
16.46,-21.62418899502732,-21.657879891009994,5.790249671543744,2.888423617601279,14.846605306780164,4.605249671543683,15.609164355322852,0,1,19.1,king+tour,1,3,17.661878613465603,1.0,0.0,0.0
16.48,-21.62494792048749,-21.600377138317544,5.783877375936505,2.8929866428871276,14.793204760336064,4.598877375936444,15.556395917948254,0,1,19.2,king+tour,1,3,17.604372737287672,1.0,0.0,0.0
16.5,-21.62569687523547,-21.5427926834798,5.777568034449436,2.8966956011010727,14.739755323401809,4.592568034449374,15.504255936298204,0,1,19.2,king+tour,1,3,17.546785402596136,1.0,0.0,0.0
16.52,-21.626415117716817,-21.485097564353364,5.771317012245882,2.9018605763651215,14.6862229131348,4.586317012245821,15.451564273460168,0,1,19.2,king+tour,1,3,17.48908809798917,1.0,0.0,0.0
16.54,-21.62713451722074,-21.42731624144121,5.765124398401102,2.9058334774017185,14.632642297632879,4.58012439840104,15.39937580067886,0,1,19.3,king+tour,1,3,17.43130459969789,1.0,0.0,0.0
16.56,-21.627839225683193,-21.369426402547447,5.758990230457274,2.9109096849294094,14.578987413173422,4.573990230457213,15.346633872451532,0,1,19.3,king+tour,1,3,17.373412940336518,1.0,0.0,0.0
16.58,-21.62854246611971,-21.31145788475395,5.752915182630528,2.914511026048678,14.52529133909328,4.5679151826304665,15.294578868063706,0,1,19.4,king+tour,1,3,17.315442668181664,1.0,0.0,0.0
16.6,-21.629209704886012,-21.25339351478596,5.746898351109796,2.9189546625888947,14.471525891031144,4.561898351109734,15.241976828913094,0,1,19.4,king+tour,1,3,17.257377356336878,1.0,0.0,0.0
16.62,-21.629859169751384,-21.19526951140682,5.740941851294808,2.9216012148629895,14.41773183563427,4.5559418512947465,15.18998335066919,0,1,19.5,king+tour,1,3,17.199252826914723,1.0,0.0,0.0
16.64,-21.63046118281396,-21.137075370925952,5.735042888238223,2.9247727138947655,14.363888817384023,4.550042888238162,15.137458973541749,0,1,19.5,king+tour,1,3,17.141059220660903,1.0,0.0,0.0
16.66,-21.631038943009973,-21.078851462458946,5.729200071515362,2.925959599548269,14.310043235801071,4.5442000715153,15.085069159659795,0,1,19.6,king+tour,1,3,17.082836402023855,1.0,0.0,0.0
16.68,-21.631567624189863,-21.020591030537794,5.723416144672574,2.9274610335374156,14.256179883888493,4.538416144672512,15.032179597446842,0,1,19.6,king+tour,1,3,17.024578157604044,1.0,0.0,0.0
16.7,-21.632073749586652,-20.962312755265447,5.717691836283012,2.928045951729323,14.202326266158597,4.53269183628295,14.979989265163686,0,1,19.7,king+tour,1,3,16.966302594648724,1.0,0.0,0.0
16.72,-21.63253623116059,-20.90398891156056,5.712023174060836,2.930024899684033,14.14844908781557,4.5270231740607745,14.92729385075615,0,1,19.7,king+tour,1,3,16.907982456330267,1.0,0.0,0.0
16.74,-21.632986625757866,-20.845645150324074,5.706408377635548,2.9307521515008714,14.094584314375712,4.5214083776354865,14.875317257972263,0,1,19.8,king+tour,1,3,16.84964270682051,1.0,0.0,0.0
16.76,-21.633408720313316,-20.787260389561933,5.7008490289305245,2.9325180353623423,14.040706678825781,4.515849028930463,14.822840546815168,0,1,19.8,king+tour,1,3,16.791262625344686,1.0,0.0,0.0
16.78,-21.633831247767187,-20.728866154148108,5.695346706056452,2.93272092774991,13.986856635864852,4.51034670605639,14.771093131778747,0,1,19.9,king+tour,1,3,16.7328731053132,1.0,0.0,0.0
16.8,-21.63423508392944,-20.670447593896117,5.689898080580194,2.9336746518409758,13.933013590212923,4.504898080580133,14.718858839102246,0,1,19.9,king+tour,1,3,16.674459720022863,1.0,0.0,0.0
16.82,-21.634653917652514,-20.61204315326069,5.6844994239269155,2.932745983410728,13.87922636048452,4.499499423926854,14.66660275680386,0,1,20.0,king+tour,1,3,16.616060167370662,1.0,0.0,0.0
16.84,-21.635073548812027,-20.553644159300116,5.6791598005229,2.9322048717704843,13.82548194469538,4.494159800522838,14.613886196682259,0,1,20.0,king+tour,1,3,16.557666087571263,1.0,0.0,0.0
16.86,-21.635501966486355,-20.49525622159287,5.6740921282291366,2.9304505258942872,13.771789038839769,4.489092128229075,14.562023801666193,0,1,20.1,king+tour,1,3,16.499282912673316,1.0,0.0,0.0
16.88,-21.63589765665869,-20.436849138808455,5.669213471330353,2.9305908888968397,13.718104150409404,4.484213471330291,14.509715213456952,0,1,20.1,king+tour,1,3,16.44088136714011,1.0,0.0,0.0
16.9,-21.636275299085277,-20.37844871290475,5.664469220058563,2.9297014692910404,13.664457100659838,4.479469220058501,14.458265357997218,0,1,20.2,king+tour,1,3,16.38248692657213,1.0,0.0,0.0
16.92,-21.636600071511303,-20.320031010630704,5.659828073301826,2.930133810649827,13.610812591409138,4.474828073301764,14.406348184700978,0,1,20.2,king+tour,1,3,16.324076442358795,1.0,0.0,0.0
16.94,-21.63689083293679,-20.26162586967688,5.655270328037287,2.929171416091501,13.557205721914334,4.470270328037225,14.355177432660561,0,1,20.3,king+tour,1,3,16.26567933387812,1.0,0.0,0.0
16.96,-21.63711792456787,-20.203215374885318,5.650781964647471,2.9291563966111513,13.503608607104653,4.465781964647409,14.303539583937429,0,1,20.3,king+tour,1,3,16.20727836145199,1.0,0.0,0.0
16.98,-21.63730495968057,-20.144835445199742,5.646349947517604,2.927410949997178,13.450063766319156,4.461349947517542,14.25194887501809,0,1,20.4,king+tour,1,3,16.148908918092587,1.0,0.0,0.0
17.0,-21.637427373894905,-20.0864745785869,5.641971539982433,2.9262502411730873,13.396551097994978,4.456971539982371,14.199917291228932,0,1,20.5,king+tour,1,3,16.09056006721715,1.0,0.0,0.0
17.02,-21.637511548951203,-20.028141908998865,5.637644172413108,2.92465106328375,13.343089650912631,4.452644172413046,14.148619032442697,0,1,20.5,king+tour,1,3,16.03224035910607,1.0,0.0,0.0
17.04,-21.63753657427298,-19.969800156767317,5.633362554938079,2.924932874407869,13.289637134327425,4.448362554938017,14.096861989437057,0,1,20.6,king+tour,1,3,15.973913007841103,1.0,0.0,0.0
17.06,-21.637536296713787,-19.91148141584874,5.62876572864131,2.924981347977975,13.236236784116711,4.443765728641249,14.045677343919944,0,1,20.6,king+tour,1,3,15.915609343757462,1.0,0.0,0.0
17.08,-21.63749469244954,-19.853151284057304,5.623982879687026,2.9262952900555197,13.182850985172466,4.438982879686964,13.993972923162588,0,1,20.7,king+tour,1,3,15.857295347353848,1.0,0.0,0.0
17.1,-21.637443512043212,-19.79482491465826,5.619102369057235,2.9265113064514283,13.12950680674097,4.4341023690571735,13.94292775953796,0,1,20.7,king+tour,1,3,15.798985451340503,1.0,0.0,0.0
17.12,-21.637370909261715,-19.73647597461701,5.614176623588174,2.92782643078749,13.076175833138326,4.429176623588112,13.891396133827644,0,1,20.8,king+tour,1,3,15.740653606415082,1.0,0.0,0.0
17.14,-21.63731563551573,-19.67813018189778,5.609236767994333,2.9277281108867186,13.02289785743516,4.424236767994271,13.840501387856033,0,1,20.9,king+tour,1,3,15.682324634720949,1.0,0.0,0.0
17.16,-21.637270364859017,-19.619768483818792,5.604309720288684,2.9284661732677875,12.969653110022586,4.419309720288622,13.78913978781385,0,1,20.9,king+tour,1,3,15.623979655526576,1.0,0.0,0.0
17.18,-21.637254190282114,-19.5614230753754,5.599408706841542,2.9275445687692314,12.916479422394918,4.41440870684148,13.738216655416746,0,1,21.0,king+tour,1,3,15.565650408938712,1.0,0.0,0.0
17.2,-21.637238990386127,-19.50308018384956,5.594542490620981,2.9272740232758787,12.863353265750698,4.409542490620919,13.686850159150575,0,1,21.0,king+tour,1,3,15.507323777395149,1.0,0.0,0.0
17.22,-21.637248143131693,-19.4447643252102,5.589717518020979,2.9257562326725908,12.810307217795524,4.4047175180209175,13.636259794501322,0,1,21.1,king+tour,1,3,15.449023722259835,1.0,0.0,0.0
17.24,-21.63725769494486,-19.38645385403347,5.584934234671114,2.925316623758317,12.757312232830495,4.399934234671052,13.585231034678904,0,1,21.2,king+tour,1,3,15.39072916343401,1.0,0.0,0.0
17.26,-21.637296108079397,-19.328180350562874,5.580193277303344,2.923302652424693,12.704409484129034,4.3951932773032825,13.534432150615581,0,1,21.2,king+tour,1,3,15.33247100022029,1.0,0.0,0.0
17.28,-21.637344323123468,-19.269928836845132,5.575498167181794,2.9220220884484984,12.651578003943241,4.3904981671817325,13.483218388561983,0,1,21.3,king+tour,1,3,15.274234704962645,1.0,0.0,0.0
17.3,-21.637434258799832,-19.211711617085953,5.570846952506873,2.9201397924015544,12.598843038083025,4.385846952506811,13.432775639696528,0,1,21.4,king+tour,1,3,15.216031816412576,1.0,0.0,0.0
17.32,-21.637550579587433,-19.153494551798648,5.566241699288524,2.9199523020063904,12.546167906582403,4.381241699288462,13.381907055490661,0,1,21.4,king+tour,1,3,15.157828561959285,1.0,0.0,0.0
17.34,-21.637718015643518,-19.095295846888703,5.561683721845783,2.918857844429967,12.49358038273281,4.376683721845721,13.33182367784131,0,1,21.5,king+tour,1,3,15.09964254349369,1.0,0.0,0.0
17.36,-21.63791385454976,-19.037087440441482,5.557169730733666,2.9191749903706663,12.441046234167697,4.372169730733604,13.28131057556144,0,1,21.5,king+tour,1,3,15.041446242572885,1.0,0.0,0.0
17.38,-21.638167819716323,-18.978894497327058,5.552698744850409,2.9182498356860127,12.388601785149008,4.3676987448503475,13.23147033488511,0,1,21.6,king+tour,1,3,14.983264093272322,1.0,0.0,0.0
17.4,-21.63846216699324,-18.920695674470174,5.548271766958651,2.9183847225394017,12.33622104856328,4.363271766958589,13.18120084961166,0,1,21.7,king+tour,1,3,14.925075176187494,1.0,0.0,0.0
17.42,-21.638810889636503,-18.862521703375272,5.543886822385555,2.917001996631744,12.283938685338295,4.358886822385493,13.131228451483164,0,1,21.7,king+tour,1,3,14.866909865763839,1.0,0.0,0.0
17.44,-21.63918050759142,-18.804356369365532,5.539547170188672,2.9164084415110985,12.23172641807648,4.35454717018861,13.080846630174143,0,1,21.8,king+tour,1,3,14.808752756977064,1.0,0.0,0.0
17.46,-21.639588660835315,-18.746212371780892,5.535253799125096,2.915186134401524,12.17960416761018,4.350253799125034,13.031245404874646,0,1,21.9,king+tour,1,3,14.75061611076169,1.0,0.0,0.0
17.48,-21.640005705760387,-18.688056057919223,5.531002809814505,2.915648160600585,12.127529531177712,4.346002809814443,12.981221807999797,0,1,21.9,king+tour,1,3,14.692467003620006,1.0,0.0,0.0
17.5,-21.640454364023082,-18.62990708516825,5.526794523417266,2.9151389334949958,12.075530975861964,4.341794523417204,12.931993835121524,0,1,22.0,king+tour,1,3,14.634324527801281,1.0,0.0,0.0
17.52,-21.640909984911758,-18.571738704079632,5.522627189325443,2.9159624578763177,12.023574476495954,4.3376271893253815,12.882341310545225,0,1,22.1,king+tour,1,3,14.576162543650108,1.0,0.0,0.0
17.54,-21.641400223409732,-18.51357724864037,5.518500559578967,2.91548636837081,11.971696762790769,4.333500559578905,12.83332470925062,0,1,22.2,king+tour,1,3,14.518006693483164,1.0,0.0,0.0
17.56,-21.641905246664315,-18.455402605097525,5.514414603293607,2.9160072181797196,11.919871902677897,4.329414603293546,12.783885752394479,0,1,22.2,king+tour,1,3,14.459837354819275,1.0,0.0,0.0
17.58,-21.64243893517978,-18.397246369232565,5.510366844653725,2.914968671966806,11.868135247345581,4.325366844653663,12.73462295808799,0,1,22.3,king+tour,1,3,14.401685767001572,1.0,0.0,0.0
17.6,-21.642967693615486,-18.339093143403442,5.506361412670719,2.9146701122026553,11.816458777387968,4.321361412670657,12.68496196998179,0,1,22.4,king+tour,1,3,14.343537368550404,1.0,0.0,0.0
17.62,-21.643508740843725,-18.280951592219893,5.502399143158567,2.9139459011018647,11.764858773504278,4.3173991431585055,12.636050607731722,0,1,22.4,king+tour,1,3,14.285400393310042,1.0,0.0,0.0
17.64,-21.644032159915113,-18.222784080345917,5.498475796747123,2.9151012213117906,11.713288940681789,4.313475796747062,12.586723864183572,0,1,22.5,king+tour,1,3,14.227237964528321,1.0,0.0,0.0
17.66,-21.64456025688617,-18.164606226918153,5.494592937370598,2.915483713216016,11.661774162381636,4.309592937370536,12.538117367903677,0,1,22.6,king+tour,1,3,14.169065141166984,1.0,0.0,0.0
17.68,-21.645068105891408,-18.10638741854601,5.490746854671719,2.917396061135196,11.61027668111992,4.305746854671657,12.48908771947547,0,1,22.7,king+tour,1,3,14.110851946341464,1.0,0.0,0.0
17.7,-21.6455830577469,-18.048150290999754,5.486936444714668,2.918196114165946,11.558830054039085,4.301936444714606,12.440790624789699,0,1,22.7,king+tour,1,3,14.052620323892356,1.0,0.0,0.0
17.72,-21.64608509894651,-17.989870926455705,5.483162954636581,2.9201779074200056,11.507404768682735,4.29816295463652,12.392072872359057,0,1,22.8,king+tour,1,3,13.994346869221095,1.0,0.0,0.0
17.74,-21.64659942890113,-17.931577925996475,5.47942837161261,2.920738583049186,11.456038805478974,4.294428371612549,12.344084664826404,0,1,22.9,king+tour,1,3,13.936059538899984,1.0,0.0,0.0
17.76,-21.64710375432798,-17.873253654243303,5.475729388054565,2.9221813337969373,11.40470715496221,4.290729388054503,12.295685977833314,0,1,23.0,king+tour,1,3,13.87774126849123,1.0,0.0,0.0
17.78,-21.64762824495684,-17.814933666451935,5.472062865888197,2.9218741636154215,11.353456331276785,4.287062865888135,12.247211446616644,0,1,23.0,king+tour,1,3,13.819426835517431,1.0,0.0,0.0
17.8,-21.648155549082112,-17.756606650254945,5.468434682003859,2.9221065117408136,11.302269200516692,4.283434682003797,12.198351786433719,0,1,23.1,king+tour,1,3,13.761105371571,1.0,0.0,0.0
17.82,-21.64869358571058,-17.698283896752873,5.464844777488818,2.9217804819597193,11.251160438890624,4.279844777488756,12.150258706441194,0,1,23.2,king+tour,1,3,13.702787961315023,1.0,0.0,0.0
17.84,-21.649203208307203,-17.639930107351802,5.461290514772211,2.9232076714262445,11.200081356795796,4.276290514772149,12.101763199255451,0,1,23.3,king+tour,1,3,13.64444032280196,1.0,0.0,0.0
17.86,-21.649697444171412,-17.581563388290718,5.457772211826382,2.9237375988038528,11.149054980375901,4.27277221182632,12.054000559653486,0,1,23.3,king+tour,1,3,13.586080227599824,1.0,0.0,0.0
17.88,-21.650142109958164,-17.52315532774118,5.454287803275767,2.925679565403679,11.09804087796267,4.269287803275705,12.00582834266514,0,1,23.4,king+tour,1,3,13.527680161854772,1.0,0.0,0.0
17.9,-21.65055529135847,-17.46473072232456,5.450838239637995,2.9263905781048254,11.047070320472166,4.265838239637933,11.958370201465963,0,1,23.5,king+tour,1,3,13.469264457612688,1.0,0.0,0.0
17.92,-21.650907719543458,-17.40626794641468,5.447421621469081,2.9281793201692676,10.996111048595147,4.262421621469019,11.910505058922318,0,1,23.6,king+tour,1,3,13.410812267396038,1.0,0.0,0.0
17.94,-21.651222541829675,-17.347798567605253,5.444036453626139,2.92840687608342,10.945202676943108,4.259036453626077,11.863378864641968,0,1,23.7,king+tour,1,3,13.352354560776634,1.0,0.0,0.0
17.96,-21.65147534021681,-17.28930747963055,5.440684993842355,2.9293785869067537,10.89432087897232,4.255684993842293,11.815858570857653,0,1,23.8,king+tour,1,3,13.293876888501769,1.0,0.0,0.0
17.98,-21.651694211072133,-17.2308328042649,5.437363527245331,2.9284670494667595,10.84351339389905,4.25236352724527,11.768230004967204,0,1,23.8,king+tour,1,3,13.235416639343578,1.0,0.0,0.0
18.0,-21.651859514689214,-17.1723659403015,5.4340754079342695,2.9279742295673636,10.79276380319838,4.249075407934208,11.720242723406082,0,1,23.9,king+tour,1,3,13.176965745676334,1.0,0.0,0.0
18.02,-21.65200201276587,-17.11391432487669,5.430820426975011,2.9271174184327617,10.742094555956443,4.245820426974949,11.673010160487145,0,1,24.0,king+tour,1,3,13.118530844546772,1.0,0.0,0.0
18.04,-21.652105370215526,-17.055439324403093,5.427596886595795,2.92819380152933,10.691464918165776,4.2425968865957335,11.62540571686122,0,1,24.1,king+tour,1,3,13.06007376038143,1.0,0.0,0.0
18.06,-21.6522052382775,-16.996955250808064,5.424403794101815,2.928563076652733,10.640906124581207,4.2394037941017535,11.578463286516648,0,1,24.2,king+tour,1,3,13.001607861637302,1.0,0.0,0.0
18.08,-21.65229002657087,-16.938430264633055,5.421241365677623,2.9305213484027752,10.590386004082077,4.236241365677561,11.531144240048238,0,1,24.3,king+tour,1,3,12.943101635172098,1.0,0.0,0.0
18.1,-21.652389203388655,-16.879884783206286,5.418109993026785,2.9314624022029854,10.539938336506657,4.233109993026723,11.484572244911861,0,1,24.4,king+tour,1,3,12.884574703675307,1.0,0.0,0.0
18.12,-21.652484915478528,-16.821293071852242,5.415008196305891,2.9336917625654033,10.489533270229703,4.230008196305829,11.437626497975621,0,1,24.5,king+tour,1,3,12.826001823183102,1.0,0.0,0.0
18.14,-21.65261152625791,-16.762682348490547,5.4119342894083164,2.9345705933260042,10.439213176646083,4.226934289408255,11.391295235107924,0,1,24.5,king+tour,1,3,12.76740927048871,1.0,0.0,0.0
18.16,-21.652755989493848,-16.704033414309382,5.408890750517658,2.936401487872551,10.388956438135214,4.223890750517596,11.344597531664213,0,1,24.6,king+tour,1,3,12.708778202278994,1.0,0.0,0.0
18.18,-21.652935709921255,-16.64537872034908,5.405879204659525,2.936611496037694,10.338801405227112,4.220879204659464,11.298667356921223,0,1,24.7,king+tour,1,3,12.650140576393023,1.0,0.0,0.0
18.2,-21.65312060249217,-16.586704352907866,5.402897370062973,2.9375189009819227,10.288722144203915,4.217897370062912,11.252383035300909,0,1,24.8,king+tour,1,3,12.591483303563772,1.0,0.0,0.0
18.22,-21.653333123349523,-16.52804961913593,5.3999416516940135,2.93647715385625,10.238765354029047,4.214941651693952,11.206316894083727,0,1,24.9,king+tour,1,3,12.532845055409348,1.0,0.0,0.0
18.24,-21.653548211539707,-16.469406958981544,5.397017784888073,2.935794973261663,10.188912911699576,4.212017784888011,11.159930530634677,0,1,25.0,king+tour,1,3,12.474218963543356,1.0,0.0,0.0
18.26,-21.6537915890555,-16.41079360436706,5.394125999592445,2.934257569630764,10.139194353171899,4.209125999592383,11.114333534030694,0,1,25.1,king+tour,1,3,12.415621537160636,1.0,0.0,0.0
18.28,-21.654041773865874,-16.352180657068953,5.391262991911341,2.934168108847929,10.089575257858222,4.206262991911279,11.068415072042713,0,1,25.2,king+tour,1,3,12.357024483228082,1.0,0.0,0.0
18.3,-21.654329443534248,-16.293592275455314,5.388427866746291,2.932882178269808,10.040093880228259,4.203427866746229,11.023151043339233,0,1,25.3,king+tour,1,3,12.298451088195696,1.0,0.0,0.0
18.32,-21.65463806119954,-16.235006288382,5.385621164851483,2.9326995676954133,9.990724258244796,4.200621164851421,10.977568908875712,0,1,25.4,king+tour,1,3,12.23987964587557,1.0,0.0,0.0
18.34,-21.654984206443054,-16.17645239921307,5.382844435319737,2.9310356447122885,9.941501974596585,4.197844435319675,10.932774060361782,0,1,25.5,king+tour,1,3,12.181339373324489,1.0,0.0,0.0
18.36,-21.655337198629066,-16.117913869024925,5.380095226739452,2.9302057384634725,9.892397992531118,4.19509522673939,10.887669989952679,0,1,25.6,king+tour,1,3,12.122814400284922,1.0,0.0,0.0
18.38,-21.655718614169356,-16.059426324994387,5.377371085965008,2.9276096168620938,9.84345544187973,4.192371085964946,10.842416248065016,0,1,25.7,king+tour,1,3,12.064339723358138,1.0,0.0,0.0
18.4,-21.656102736673436,-16.000978689462674,5.374675148819589,2.925551967765399,9.794652507455599,4.189675148819528,10.797122838018227,0,1,25.8,king+tour,1,3,12.005904998485567,1.0,0.0,0.0
18.42,-21.65651374286225,-15.942570566199306,5.372009381566812,2.9235184727832753,9.746003509376788,4.18700938156675,10.752627355004908,0,1,25.9,king+tour,1,3,11.94750913527554,1.0,0.0,0.0
18.44,-21.656928442628413,-15.884165666537832,5.3693701210613725,2.923298640396821,9.69746699359764,4.184370121061311,10.707835907877419,0,1,26.0,king+tour,1,3,11.88911652239955,1.0,0.0,0.0
18.46,-21.65737556996545,-15.825780953222436,5.366753774653455,2.922250819275573,9.649074649398287,4.1817537746533935,10.663798090718164,0,1,26.1,king+tour,1,3,11.830743284073703,1.0,0.0,0.0
18.48,-21.657836856096733,-15.767386829125263,5.36416436031615,2.922666411250676,9.600793537215788,4.179164360316088,10.619461910408358,0,1,26.2,king+tour,1,3,11.7723603581999,1.0,0.0,0.0
18.5,-21.658328424590778,-15.709005606522755,5.361603282655937,2.9219718987909062,9.552653033264491,4.176603282655876,10.575908268708464,0,1,26.3,king+tour,1,3,11.713989574821378,1.0,0.0,0.0
18.52,-21.65881925555539,-15.650613268519265,5.359067353426409,2.9224719800225176,9.504617726028474,4.174067353426347,10.532058572386045,0,1,26.4,king+tour,1,3,11.65560782769294,1.0,0.0,0.0
18.54,-21.659330513957148,-15.592238952713405,5.35655747741354,2.9215242633579237,9.456725424936117,4.1715574774134785,10.488791870444643,0,1,26.5,king+tour,1,3,11.597243622323656,1.0,0.0,0.0
18.56,-21.65983617753444,-15.533865432032439,5.35407108713481,2.921431904461725,9.408949009027225,4.169071087134748,10.445242643959663,0,1,26.6,king+tour,1,4,5.54431042113967,1.0,0.0,0.0
18.58,-21.660360308589155,-15.475531794392824,5.351313338819095,2.9200570068943956,9.361336062748212,4.166313338819033,10.404042206809818,0,1,26.7,king+tour,1,5,0.6248375938389634,0.9930158853530884,0.0,0.0
18.6,-21.660883077576422,-15.41722945258038,5.348082041446603,2.9197078753441703,9.313869920819464,4.1630820414465415,10.361107143702641,0,1,26.8,king+tour,1,6,6.3110792703593415,0.9841216206550598,0.0,0.0
18.62,-21.66142411467512,-15.358985723979336,5.344248934965506,2.918611548232112,9.2665858864277,4.1592489349654445,10.319779241898381,0,1,26.9,king+tour,1,7,8.647644844032186,0.9733993411064148,0.0,0.0
18.64,-21.662032844447182,-15.300788817598873,5.33975404275848,2.918670296618232,9.219504766314852,4.154754042758419,10.278571638785635,0,1,27.0,king+tour,1,7,8.705773773435952,0.9609165787696838,0.0,0.0
18.66,-21.662717977956937,-15.242664455790736,5.334596239761299,2.9178390014217266,9.172654775435976,4.149596239761237,10.237491005993267,0,1,27.1,king+tour,1,7,8.763828215812108,0.946702241897583,0.0,0.0
18.68,-21.663526373719836,-15.184667230603072,5.328807277100634,2.9145513041739384,9.126109807436459,4.1438072771005725,10.196219926061914,0,1,27.2,king+tour,1,7,8.821751885900296,0.9306533932685852,0.0,0.0
18.7,-21.664572947367144,-15.126812539468906,5.322827975057065,2.908613353282429,9.079952391691029,4.137827975057003,10.157640697985238,0,1,27.3,king+tour,1,7,8.87952515720093,0.9126918315887451,0.0,0.0
18.72,-21.665936878017238,-15.0691615022985,5.316968018510861,2.8982069820688494,9.034281987851722,4.1319680185108,10.11678730217183,0,1,27.3,king+tour,1,7,8.937084224818296,0.8932346701622009,0.0,0.0
18.74,-21.66770825715191,-15.011836158403995,5.311398138081978,2.881126691354569,8.989253934987598,4.126398138081917,10.079397571680667,0,1,27.4,king+tour,1,7,8.994304144609458,0.8724820613861084,0.0,0.0
18.76,-21.66992272528513,-14.954898888805973,5.306212458827954,2.8607900166371936,8.944943207550518,4.121212458827892,10.04040243843822,0,1,27.5,king+tour,1,7,9.05112176025749,0.8506417274475098,0.0,0.0
18.78,-21.672651715926758,-14.89846975971857,5.3014183372315165,2.834906348261924,8.901492261131112,4.116418337231455,10.005103151854552,0,0,27.6,king+tour,1,7,9.107415089576353,0.8279379606246948,0.0,0.0
18.8,-21.675913256760115,-14.84262086916868,5.297024266309745,2.8058172087320363,8.858972784695666,4.1120242663096835,9.968291676340124,0,0,27.7,king+tour,1,7,9.163112176707694,0.8049617409706116,0.0,0.0
18.82,-21.679728037993492,-14.787466162985897,5.292880475072023,2.772077368955191,8.817490772033732,4.107880475071961,9.93535027718415,0,0,27.8,king+tour,1,7,9.218099252436875,0.7817924618721008,0.0,0.0
18.84,-21.68409024007562,-14.733089368064451,5.289031521913547,2.7343550763161866,8.777111173716388,4.104031521913485,9.900971573883282,0,0,27.9,king+tour,1,7,9.272293763502944,0.7587687373161316,0.0,0.0
18.86,-21.689029962510173,-14.67963247845649,5.285486666637938,2.690077091466544,8.737965967001758,4.1004866666378765,9.870482619934842,0,0,28.0,king+tour,1,7,9.325553769125968,0.7357961535453796,0.0,0.0
18.88,-21.69452997746651,-14.627189870905148,5.282279859908346,2.6413826212350022,8.700119271358565,4.0972798599082845,9.838241846018281,0,0,28.1,king+tour,1,7,9.377786607229323,0.7128929495811462,0.0,0.0
18.9,-21.700562146290377,-14.575908209732281,5.279410965026756,2.585742829058005,8.663668002485428,4.094410965026694,9.810240364603477,0,0,28.1,king+tour,1,7,9.428847707945316,0.690059244632721,0.0,0.0
18.92,-21.707052043554153,-14.52586265434589,5.276895972333844,2.52636179548388,8.628622297390775,4.091895972333782,9.780711573580989,0,0,28.2,king+tour,1,7,9.478665356974247,0.6673008799552917,0.0,0.0
18.94,-21.713962073631066,-14.477185596112575,5.27472162356234,2.460656572184258,8.595058048011133,4.089721623562278,9.754779729551592,0,0,28.3,king+tour,1,7,9.527109313228607,0.6446220278739929,0.0,0.0
18.96,-21.72120801226916,-14.429929981899997,5.272874225521863,2.392179749138274,8.562958112589824,4.0878742255218015,9.727256351784145,0,0,28.4,king+tour,1,7,9.574129993046862,0.6220766305923462,0.0,0.0
18.98,-21.728745924762226,-14.38414690371373,5.271228435063702,2.321432208354995,8.532327784235266,4.08622843506364,9.704074221925135,0,0,28.5,king+tour,1,7,9.619678245278857,0.5998334288597107,0.0,0.0
19.0,-21.73649465296378,-14.339828673645503,5.269719369844256,2.2507918511928984,8.503102192508925,4.084719369844194,9.679248269588179,0,0,28.5,king+tour,1,7,9.663764541959736,0.5776990652084351,0.0,0.0
19.02,-21.744410060618442,-14.297034638853646,5.2682851109538715,2.1771771808185236,8.475290669890365,4.08328511095381,9.658636595172474,0,0,28.6,king+tour,1,7,9.706331079080245,0.5556923151016235,0.0,0.0
19.04,-21.75241259970745,-14.255758837376863,5.26690418885657,2.1033540864894333,8.448828655738694,4.081904188856508,9.63599906429902,0,0,28.7,king+tour,1,7,9.747386078131036,0.5338206887245178,0.0,0.0
19.06,-21.76045470241938,-14.21605377411787,5.265533565434538,2.0267252360610972,8.423716014760219,4.080533565434476,9.617486501085526,0,0,28.7,king+tour,1,7,9.78687824081541,0.5121070146560669,0.0,0.0
19.08,-21.76845563013556,-14.177901904538993,5.264157571184581,1.950303410279512,8.399876860363563,4.07915757118452,9.598042765682706,0,0,28.8,king+tour,1,7,9.824826909013444,0.4905567169189453,0.0,0.0
19.1,-21.77636399992677,-14.141351887510885,5.262758156143987,1.8710988883310522,8.377304030496827,4.077758156143926,9.58174191466114,0,0,28.9,king+tour,1,7,9.861184293299358,0.4691954255104065,0.0,0.0
19.12,-21.7841567628315,-14.106407879938494,5.261332749726072,1.7915374698599622,8.355974534552788,4.07633274972601,9.563674010483236,0,0,28.9,king+tour,1,7,9.895946308523227,0.4480334520339966,0.0,0.0
19.14,-21.791847795832155,-14.07310037520989,5.259866642514577,1.7107683436242656,8.335909487957904,4.0748666425145155,9.549654660951479,0,0,29.0,king+tour,1,7,9.929081704808253,0.427111953496933,0.0,0.0
19.16,-21.79941704349017,-14.041403627088751,5.258369136418061,1.6311191526620152,8.317065521130353,4.073369136417999,9.533466666642065,0,0,29.0,king+tour,1,7,9.960616207896141,0.4064393937587738,0.0,0.0
19.18,-21.806868484746307,-14.011352815678332,5.256819685830781,1.5499806775736422,8.299461144835846,4.071819685830719,9.520647292642712,0,0,29.1,king+tour,1,7,9.990514118654824,0.3860744535923004,0.0,0.0
19.2,-21.81418160132652,-13.982912502829889,5.255229412370398,1.4704268416959447,8.283045918412968,4.070229412370336,9.506268253546448,0,0,29.1,king+tour,1,7,10.018810827800241,0.3660377562046051,0.0,0.0
19.22,-21.821373101332664,-13.9560922359413,5.253605521280572,1.3907564583573764,8.26782819585227,4.06860552128051,9.495871308315706,0,0,29.1,king+tour,1,7,10.045496042597705,0.3464046120643616,0.0,0.0
19.24,-21.82843687265569,-13.930830735491265,5.251969827908688,1.3140735929715093,8.253748855241643,4.066969827908626,9.483279566741393,0,0,29.2,king+tour,1,7,10.07063074409898,0.3271946310997009,0.0,0.0
19.26,-21.8353866081159,-13.907131738187188,5.250316473704051,1.2376135062202922,8.240811025660502,4.065316473703989,9.474612494611884,0,0,29.2,king+tour,1,7,10.094210584245603,0.3085200786590576,0.0,0.0
19.28,-21.842219655776997,-13.884925039371126,5.24866758264601,1.164631759792961,8.228952573669662,4.063667582645948,9.463727105597751,0,0,29.2,king+tour,1,7,10.116305456843637,0.2904106676578522,0.0,0.0
19.3,-21.848949919099468,-13.864206718700865,5.247018335276216,1.0923200912190498,8.218172265507532,4.0620183352761545,9.456701908073267,0,0,29.2,king+tour,1,7,10.136918741322175,0.27302059531211853,0.0,0.0
19.32,-21.855579266445922,-13.84489768503297,5.245389853565693,1.024010473712742,8.208405808186658,4.060389853565631,9.447541547841976,0,0,29.3,king+tour,1,7,10.156129202394435,0.2563930153846741,0.0,0.0
19.34,-21.862122844728713,-13.826986430578202,5.243777915098618,0.9568565703751909,8.199648422510194,4.058777915098556,9.442168178212768,0,0,29.3,king+tour,1,7,10.173947866663447,0.24072977900505066,0.0,0.0
19.36,-21.8685849527707,-13.810388845475673,5.242198867316179,0.89405265991607,8.191835139111332,4.057198867316117,9.434862739287405,0,0,29.3,king+tour,1,7,10.190458546848854,0.22608321905136108,0.0,0.0
19.38,-21.874979630098377,-13.795090446724675,5.240649291232355,0.8326675334568003,8.184959413864618,4.055649291232293,9.431258188343998,0,0,29.3,king+tour,1,7,10.205675336959349,0.21269933879375458,0.0,0.0
19.4,-21.881317526470408,-13.78101532310675,5.239140222656769,0.7754923004909383,8.17896787563367,4.054140222656708,9.425487477515954,0,0,29.3,king+tour,1,7,10.21967383804895,0.2006193995475769,0.0,0.0
19.42,-21.887614960122498,-13.768157394164598,5.2376638699919,0.7196589895134319,8.173862716999102,4.0526638699918385,9.423342647848525,0,0,29.3,king+tour,1,7,10.232459797515789,0.19013266265392303,0.0,0.0
19.44,-21.89389671477809,-13.75644308132367,5.236228561475374,0.6684790150516937,8.16960302930432,4.0512285614753125,9.419506003924091,0,0,29.3,king+tour,1,7,10.244106415558976,0.18122830986976624,0.0,0.0
19.46,-21.90018956830971,-13.745868521186273,5.234822735760192,0.6192690723976676,8.166200705423178,4.04982273576013,9.418935028557913,0,0,29.3,king+tour,1,7,10.254617228696194,0.17408959567546844,0.0,0.0
19.48,-21.90650218236702,-13.73637621821427,5.2334513061459695,0.5740943544741245,8.163616519907146,4.048451306145908,9.416319324953712,0,0,29.3,king+tour,1,7,10.264049638224659,0.16859470307826996,0.0,0.0
19.5,-21.91285408339512,-13.727968030864984,5.232105739350122,0.5311657254886909,8.161862282939882,4.0471057393500605,9.417199238159716,0,0,29.3,king+tour,1,7,10.272401626966923,0.16487374901771545,0.0,0.0
19.52,-21.919280495230165,-13.720585921666434,5.230787664709674,0.4937905073274675,8.160917364391505,4.0457876647096125,9.416369028033886,0,0,29.3,king+tour,1,7,10.279730999996673,0.16261789202690125,0.0,0.0
19.54,-21.92581128420382,-13.714241357824983,5.22948252601684,0.4599132580286544,8.160808317636011,4.044482526016778,9.418750958785768,0,0,29.3,king+tour,1,7,10.286026191422494,0.16171014308929443,0.0,0.0
19.56,-21.932464465193746,-13.708890581969511,5.2281925344077695,0.4317397882165364,8.161513725029426,4.043192534407708,9.418900019433726,0,0,29.3,king+tour,1,7,10.291331017042324,0.161777064204216,0.0,0.0
19.58,-21.939260391894035,-13.704549676041522,5.226903205390951,0.40832111537667043,8.163057404893976,4.04190320539089,9.422460763598474,0,0,29.3,king+tour,1,7,10.295629493774998,0.1627068668603897,0.0,0.0
19.6,-21.94623276327678,-13.70116036250797,5.225614359878289,0.39294570771011256,8.16541875884403,4.040614359878227,9.42468970030297,0,0,29.3,king+tour,1,7,10.298979988062984,0.16412194073200226,0.0,0.0
19.62,-21.953403646147997,-13.698730287572998,5.224304051366514,0.384199602219867,8.168617124620187,4.039304051366452,9.428507190483778,0,0,29.3,king+tour,1,7,10.30137509793514,0.16576868295669556,0.0,0.0
19.64,-21.960776573369266,-13.69722598045322,5.222985986599153,0.38196953560358426,8.172629463404094,4.037985986599091,9.432289197336516,0,0,29.3,king+tour,1,7,10.302848682526827,0.16765829920768738,0.0,0.0
19.66,-21.968398834755902,-13.696643069721123,5.221647153063865,0.38804358261360566,8.177484200680174,4.036647153063803,9.43676315404582,0,0,29.2,king+tour,1,7,10.303405391731927,0.1693817526102066,0.0,0.0
19.68,-21.976252193772265,-13.69696415115971,5.220294227023947,0.39877546940472464,8.183155151945082,4.035294227023885,9.44200130213041,0,0,29.2,king+tour,1,7,10.303063217353797,0.17087340354919434,0.0,0.0
19.7,-21.984340466739003,-13.698109507524508,5.218933656807787,0.41407472785694666,8.18958659012078,4.033933656807725,9.447981488078568,0,0,29.2,king+tour,1,7,10.301902394215297,0.17209859192371368,0.0,0.0
19.72,-21.992646203939188,-13.700072154898562,5.217561481194264,0.43220400584609,8.196760630864603,4.032561481194202,9.454268682440548,0,0,29.2,king+tour,1,7,10.29993047028049,0.1736384630203247,0.0,0.0
19.74,-22.00117282519106,-13.702782060587205,5.2161894783752025,0.45257389051322217,8.204628530147481,4.031189478375141,9.46127083864096,0,0,29.1,king+tour,1,7,10.297218006203599,0.1753857284784317,0.0,0.0
19.76,-22.009885741071145,-13.706207654295651,5.214827937079601,0.47303115671271373,8.213142984886908,4.029827937079539,9.468804861754634,0,0,29.1,king+tour,1,7,10.293797092635835,0.17803578078746796,0.0,0.0
19.78,-22.018773460794627,-13.710251198027164,5.213485428781722,0.4928086249287834,8.222225190287345,4.02848542878166,9.477025964299717,0,0,29.1,king+tour,1,7,10.289765927878614,0.1807982623577118,0.0,0.0
19.8,-22.027799211688475,-13.714886525792393,5.212165208922171,0.5115990206363763,8.23183037313013,4.027165208922109,9.485163770024226,0,0,29.0,king+tour,1,7,10.285151042813974,0.18445909023284912,0.0,0.0
19.82,-22.036951279924377,-13.720023557698239,5.210876103979303,0.5287041737825414,8.241885268591188,4.0258761039792414,9.493970538682351,0,0,29.0,king+tour,1,7,10.280042852603643,0.18806111812591553,0.0,0.0
19.84,-22.046216445228495,-13.725629615558153,5.20962299523453,0.5450721382706369,8.25235691561118,4.024622995234468,9.50299662255789,0,0,28.9,king+tour,1,7,10.274474329935584,0.19146494567394257,0.0,0.0
19.86,-22.05560810620319,-13.731608856402868,5.2084056696753205,0.5599921840075284,8.263185543853957,4.023405669675259,9.512658377537416,0,0,28.9,king+tour,1,7,10.268541714351631,0.19453245401382446,0.0,0.0
19.88,-22.065110398616838,-13.737935667674105,5.207226076428596,0.5738326023414912,8.274341558750896,4.0222260764285345,9.522409765096867,0,0,28.9,king+tour,1,7,10.262270885374415,0.19689954817295074,0.0,0.0
19.9,-22.074735376499035,-13.744522406966592,5.206080370470165,0.5859564315782974,8.28577028863906,4.021080370470103,9.532763380715172,0,0,28.8,king+tour,1,7,10.255749901285169,0.19857065379619598,0.0,0.0
19.92,-22.084464063962557,-13.751350449587871,5.204969125110097,0.5968760173837799,8.297445071732119,4.019969125110035,9.543085068022787,0,0,28.8,king+tour,1,7,10.248997599046639,0.19966839253902435,0.0,0.0
19.94,-22.094306656952224,-13.758340244555207,5.203887121794633,0.6060210425807941,8.309315852641896,4.018887121794571,9.553976807029475,0,0,28.8,king+tour,1,7,10.242093940783935,0.2002035528421402,0.0,0.0
19.96,-22.104240612476357,-13.765479918498311,5.202834483515442,0.6139349796927677,8.321358380834344,4.01783448351538,9.564723556281622,0,0,28.7,king+tour,1,7,10.235050923368716,0.20052213966846466,0.0,0.0
19.98,-22.114273775290094,-13.772697675016268,5.201805881549153,0.6201177049652065,8.333526601573446,4.016805881549091,9.57600988699547,0,0,28.7,king+tour,1,7,10.227940718558,0.20065349340438843,0.0,0.0
20.0,-22.124379591960434,-13.779988087595322,5.20080123574096,0.6250739143238535,8.345798124356149,4.0158012357408985,9.587046048760245,0,0,28.6,king+tour,1,7,10.220768746654517,0.20067468285560608,0.0,0.0
20.02,-22.134563081873175,-13.787286706502066,5.199815693120973,0.6283800581745722,8.358130250854137,4.014815693120911,9.598592740075045,0,0,28.6,king+tour,1,7,10.213599759056189,0.20068050920963287,0.0,0.0
20.04,-22.144793270162584,-13.794594243422415,5.198849011784578,0.6304588033432184,8.370501923703193,4.013849011784516,9.60979088669424,0,0,28.5,king+tour,1,7,10.206432861067146,0.20066645741462708,0.0,0.0
20.06,-22.15507190236762,-13.801853187875723,5.19789711470883,0.6309688237651736,8.38287317872993,4.012897114708768,9.621471446831453,0,0,28.5,king+tour,1,7,10.199325747153312,0.20066262781620026,0.0,0.0
20.08,-22.16536319996702,-13.809070099586028,5.196958223086794,0.630230391189838,8.395223798725409,4.011958223086732,9.632606127720596,0,0,28.5,king+tour,1,7,10.192271445710954,0.20057667791843414,0.0,0.0
20.1,-22.175665221222726,-13.816194011924104,5.196030345766186,0.6279783540769227,8.40751596440323,4.011030345766124,9.644250028412884,0,0,28.4,king+tour,1,7,10.185320941075824,0.20054061710834503,0.0,0.0
20.12,-22.185947214942242,-13.823233978575386,5.19511297778755,0.624744126238068,8.419734742475082,4.010112977787489,9.655390692837388,0,0,28.4,king+tour,1,7,10.178464669171246,0.20051832497119904,0.0,0.0
20.14,-22.19621476080131,-13.830147456814784,5.1942028442217625,0.6205784044790321,8.431853622066363,4.009202844221701,9.667078494750882,0,0,28.3,king+tour,1,7,10.17174522795804,0.20052458345890045,0.0,0.0
20.16,-22.206433154275178,-13.83695394100592,5.193298006314315,0.6155536610843005,8.443862367111208,4.008298006314253,9.678144429041426,0,0,28.3,king+tour,1,7,10.165142391743418,0.20052389800548553,0.0,0.0
20.18,-22.216606313092562,-13.8436280244111,5.1924020829805855,0.6099984185285844,8.455745578218005,4.007402082980524,9.689638432914656,0,0,28.3,king+tour,1,7,10.158681509004953,0.2005300670862198,0.0,0.0
20.2,-22.226710146540118,-13.850202054786035,5.191514188023054,0.6043460994374882,8.467509591618725,4.006514188022992,9.700545143280337,0,0,28.2,king+tour,1,7,10.15232957597486,0.2005213499069214,0.0,0.0
20.22,-22.236756995354433,-13.85665357802485,5.190634601608315,0.5986129706656441,8.479147005040351,4.005634601608254,9.711873269678954,0,0,28.2,king+tour,1,7,10.14610913163491,0.200522318482399,0.0,0.0
20.24,-22.246716299965207,-13.86302042760803,5.1897583508622205,0.5926473177933732,8.49066351015996,4.004758350862159,9.722544976366109,0,0,28.2,king+tour,1,7,10.139981448886415,0.20051118731498718,0.0,0.0
20.26,-22.256594733547445,-13.869286043294107,5.188892224710864,0.5864971536042829,8.502051941609377,4.003892224710802,9.733651972145324,0,0,28.1,king+tour,1,7,10.133963002196124,0.20049628615379333,0.0,0.0
20.28,-22.266374894711028,-13.875489017622726,5.188035368942069,0.5806518852024588,8.513327684413651,4.003035368942007,9.744182618159469,0,0,28.1,king+tour,1,7,10.128014524911107,0.20047613978385925,0.0,0.0
20.3,-22.27607822933412,-13.881616828390664,5.187189488435357,0.5753700579779514,8.524496789753746,4.002189488435295,9.75513358618808,0,0,28.1,king+tour,1,7,10.12214884282084,0.20047388970851898,0.0,0.0
20.32,-22.285680586299158,-13.88771518802691,5.186352276569309,0.5702985473540383,8.535574957173655,4.001352276569247,9.765589478043058,0,0,28.0,king+tour,1,7,10.11631936604662,0.2004638910293579,0.0,0.0
20.34,-22.295197200496784,-13.893777564569472,5.185527118878445,0.5656837463306833,8.546568151962962,4.0005271188783835,9.776464851492559,0,0,28.0,king+tour,1,7,10.110532790193625,0.20046646893024445,0.0,0.0
20.36,-22.30459670141679,-13.899854475718554,5.184707783006844,0.5611389710435828,8.557490382215265,3.999707783006782,9.786577762848596,0,0,27.9,king+tour,1,7,10.104737441525955,0.20045801997184753,0.0,0.0
20.38,-22.31388784920667,-13.905944929388452,5.183902138033084,0.5569293424266061,8.568346999250332,3.9989021380330225,9.79711506156492,0,0,27.9,king+tour,1,7,10.098934268051174,0.20034922659397125,0.0,0.0
20.4,-22.32306953882522,-13.912098799124376,5.183108241234996,0.5540844003942921,8.579172707207471,3.9981082412349345,9.807201952092543,0,0,27.9,king+tour,1,7,10.093073098196832,0.20029331743717194,0.0,0.0
20.42,-22.332181639367732,-13.91831642975631,5.182327730833948,0.5529432689214141,8.58999562113143,3.997327730833886,9.817726275232927,0,0,27.8,king+tour,1,7,10.08715461624608,0.20029248297214508,0.0,0.0
20.44,-22.341214569232704,-13.924652967232502,5.18155428447629,0.5530455415263881,8.600848238945707,3.996554284476228,9.827948465360006,0,0,27.8,king+tour,1,7,10.081123211872448,0.20030823349952698,0.0,0.0
20.46,-22.35020106270087,-13.931114979434003,5.1807930848266786,0.5547388832871025,8.611758113244298,3.9957930848266168,9.838621155534463,0,0,27.8,king+tour,1,7,10.074973267542457,0.20016153156757355,0.0,0.0
20.48,-22.359123660217556,-13.937755749153732,5.180037042547449,0.557414049076791,8.62275085819772,3.995037042547387,9.848752183227095,0,0,27.7,king+tour,1,7,10.068650811653805,0.20008160173892975,0.0,0.0
20.5,-22.368008391099423,-13.944580843195654,5.17928993186296,0.5614234718533926,8.633848610029911,3.994289931862898,9.859352097284505,0,0,27.7,king+tour,1,7,10.062151091836546,0.2000405490398407,0.0,0.0
20.52,-22.376831115966347,-13.951614260820346,5.178548902566431,0.5653728017402949,8.645051421725851,3.993548902566369,9.871807082148012,0,0,27.7,king+tour,1,7,10.05544915224126,0.20001231133937836,0.0,0.0
20.54,-22.385613469989593,-13.958832998116833,5.177816255351692,0.5695978456036965,8.656358020527417,3.99281625535163,9.88241406448363,0,0,27.6,king+tour,1,7,10.048568679565504,0.19996951520442963,0.0,0.0
20.56,-22.39433060161444,-13.966260098952658,5.177087019455812,0.5737638790962073,8.6677672893354,3.9920870194557505,9.892901519615512,0,0,27.6,king+tour,1,7,10.041485598517738,0.20010748505592346,0.0,0.0
20.58,-22.40301229717934,-13.973869171947266,5.1763668983116355,0.5783346872296227,8.679281299651587,3.9913668983115738,9.903825994455081,0,0,27.6,king+tour,1,7,10.034227339108238,0.2000863403081894,0.0,0.0
20.6,-22.411632949307055,-13.981681949717657,5.17565292824035,0.5828054839722456,8.690897485735421,3.990652928240288,9.914539544447274,0,0,27.5,king+tour,1,7,10.026771077548755,0.20020008087158203,0.0,0.0
20.62,-22.420216153865077,-13.989676719525457,5.1749467834247085,0.5875508175154128,8.702616929678058,3.9899467834246467,9.925676747128193,0,0,27.5,king+tour,1,7,10.019139373997138,0.20013877749443054,0.0,0.0
20.64,-22.42872860981288,-13.997878972084674,5.174245695679701,0.5920945391883511,8.714434350198879,3.9892456956796396,9.936604272426658,0,0,27.5,king+tour,1,7,10.011305273436527,0.20021963119506836,0.0,0.0
20.66,-22.437187090215133,-14.006271664406071,5.173551153900378,0.5967946954359886,8.72634938268468,3.988551153900316,9.947939040002241,0,0,27.4,king+tour,1,7,10.003286389857273,0.2001357525587082,0.0,0.0
20.68,-22.44555051103295,-14.014883377045345,5.172856415229759,0.6012301227021427,8.738353495749589,3.9878564152296976,9.958952355094924,0,0,27.4,king+tour,1,7,9.995052237576704,0.20006202161312103,0.0,0.0
20.7,-22.453828489869892,-14.023701611434825,5.1721684720067005,0.6057215887906922,8.750444558503752,3.9871684720066387,9.970357996368747,0,0,27.4,king+tour,1,7,9.986615534599583,0.19999349117279053,0.0,0.0
20.72,-22.46197659889922,-14.032734479029918,5.171485593606124,0.6092017331193094,8.762597156100009,3.986485593606062,9.981518435230441,0,0,27.3,king+tour,1,7,9.977965942187291,0.2000950574874878,0.0,0.0
20.74,-22.470003023634643,-14.041949503564696,5.170809312516123,0.6119590005112007,8.774793967680784,3.9858093125160616,9.993038878870932,0,0,27.3,king+tour,1,7,9.969135997255785,0.19996954500675201,0.0,0.0
20.76,-22.477856138741227,-14.051357254099026,5.170132803526685,0.6136669524387963,8.787006314496429,3.985132803526623,10.004098318974494,0,0,27.2,king+tour,1,7,9.960112397704192,0.20005597174167633,0.0,0.0
20.78,-22.485537305940937,-14.060929202763127,5.169462648896556,0.6145560145469952,8.79921493162794,3.9844626488964945,10.015489497432855,0,0,27.2,king+tour,1,7,9.950923313338677,0.20012618601322174,0.0,0.0
20.8,-22.493023006341264,-14.070682708772468,5.168793568540603,0.6156587091897213,8.811415768413015,3.9837935685405412,10.026441608197695,0,0,27.2,king+tour,1,7,9.941549856770413,0.20016586780548096,0.0,0.0
20.82,-22.50034326930895,-14.080598107456778,5.168131901922516,0.6171288028004712,8.823616035574405,3.9831319019224543,10.037721184356231,0,0,27.1,king+tour,1,7,9.932012751347676,0.20018307864665985,0.0,0.0
20.84,-22.50747318070336,-14.090670946560026,5.167477320996055,0.6179122111622272,8.835795212887167,3.9824773209959936,10.048683167865542,0,0,27.1,king+tour,1,7,9.922314816537659,0.20016705989837646,0.0,0.0
20.86,-22.514443490771146,-14.100860573893291,5.166831070123306,0.6181249222900211,8.84794607331371,3.9818310701232438,10.059949794871327,0,0,27.1,king+tour,1,7,9.91249784275876,0.20014551281929016,0.0,0.0
20.88,-22.521222018979618,-14.111165410812152,5.166190570168904,0.6175523232669533,8.860045062019818,3.9811905701688426,10.070906803184831,0,0,27.0,king+tour,1,7,9.902561382056017,0.2001045197248459,0.0,0.0
20.9,-22.527832775692268,-14.121548832253106,5.165558061259643,0.6162743152497597,8.872083078115155,3.980558061259581,10.082139463220487,0,0,27.0,king+tour,1,7,9.892542894152896,0.20006543397903442,0.0,0.0
20.92,-22.53423644769785,-14.132011638964162,5.164928419665449,0.614153457950754,8.88403328286516,3.979928419665387,10.092770557859131,0,0,27.0,king+tour,1,7,9.882439115703551,0.20013725757598877,0.0,0.0
20.94,-22.540450411742952,-14.142520681407523,5.164304757276265,0.6112329281989525,8.895884391433498,3.9793047572762035,10.103723003301976,0,0,26.9,king+tour,1,7,9.872283685350189,0.2000853568315506,0.0,0.0
20.96,-22.546473945238716,-14.153089177130736,5.163689169332864,0.6090053492011004,8.907645492288939,3.978689169332802,10.11431876724069,0,0,26.9,king+tour,1,7,9.862062995457118,0.20015059411525726,0.0,0.0
20.98,-22.552346573530773,-14.163692689691434,5.163082385077611,0.6068163412721488,8.91932699991854,3.978082385077549,10.125158731775437,0,0,26.9,king+tour,1,7,9.851803298895128,0.20020227134227753,0.0,0.0
21.0,-22.558042464171727,-14.174341365969953,5.162482552132309,0.6045603283392565,8.930918217712327,3.9774825521322477,10.135646935789659,0,0,26.8,king+tour,1,7,9.84149272134609,0.20022422075271606,0.0,0.0
21.02,-22.563593802340982,-14.185014359789896,5.161890005017602,0.6022484218184669,8.942426947381405,3.97689000501754,10.146362281208482,0,0,26.8,king+tour,1,7,9.831153599225663,0.2002418488264084,0.0,0.0
21.04,-22.56896682706888,-14.195723859656177,5.161299862233047,0.5998146601630823,8.953838423409035,3.9762998622329855,10.156625758034334,0,0,26.8,king+tour,1,8,14.224276023496575,0.20023825764656067,0.0,0.0
21.06,-22.57418604008932,-14.206452204608023,5.160717347845608,0.5972371659778883,8.965157329101036,3.9757173478455465,10.167091679633192,0,0,26.7,king+tour,1,8,14.212605745312214,0.20024318993091583,0.0,0.0
21.08,-22.579236055181145,-14.217221064385772,5.1601405769261595,0.5954067056096636,8.976388562636492,3.9751405769260977,10.17719143719473,0,0,26.7,king+tour,1,8,14.20093733364752,0.20023512840270996,0.0,0.0
21.1,-22.584160256167713,-14.22802415567088,5.159571889303474,0.5943019903270985,8.987558119336178,3.9745718893034123,10.187496050129592,0,0,26.7,king+tour,1,8,14.189266359200147,0.20023727416992188,0.0,0.0
21.12,-22.588938380723395,-14.238876673960995,5.159009684438024,0.5935564459628158,8.99866287864826,3.974009684437962,10.197534726363338,0,0,26.6,king+tour,1,8,14.177582888664652,0.20022723078727722,0.0,0.0
21.14,-22.593609844241072,-14.249767059611877,5.15845502898139,0.5931498834558878,9.009722250893589,3.973455028981328,10.207769181071258,0,0,26.6,king+tour,1,8,14.165888599314409,0.20022796094417572,0.0,0.0
21.16,-22.598145998947963,-14.260712182329454,5.1579055745278,0.5930310089368858,9.020728482775622,3.972905574527738,10.217708820466882,0,0,26.6,king+tour,1,8,14.154173956160918,0.20021677017211914,0.0,0.0
21.18,-22.602578350700465,-14.271703259795675,5.1573629876148095,0.5931777273391873,9.031697429985089,3.9723629876147477,10.2278336853967,0,0,26.5,king+tour,1,8,14.142439861998136,0.2002178281545639,0.0,0.0
21.2,-22.606874089670406,-14.282749698832252,5.156824977335499,0.59322559736428,9.042613130859166,3.9718249773354373,10.237730860606913,0,0,26.5,king+tour,1,8,14.130685024733824,0.2002079039812088,0.0,0.0
21.22,-22.611061368611804,-14.293836522519376,5.156293274934964,0.5931561174032636,9.053484642043353,3.9712932749349026,10.247790951085824,0,0,26.5,king+tour,1,8,14.118917179399384,0.20020940899848938,0.0,0.0
21.24,-22.615101173658317,-14.304974755162212,5.155762759759941,0.5930044215068461,9.064292883491106,3.9707627597598796,10.25745982987828,0,0,26.5,king+tour,1,8,14.107134950843621,0.2001994103193283,0.0,0.0
21.26,-22.61901566146694,-14.316152311580165,5.155239422617185,0.5927370075450292,9.075044803021697,3.970239422617123,10.26726867589076,0,0,26.4,king+tour,1,8,14.095344715801692,0.20020098984241486,0.0,0.0
21.28,-22.622788325219425,-14.327379743012779,5.154721219544757,0.5927831449771972,9.085736692971574,3.969721219544695,10.276893977557968,0,0,26.4,king+tour,1,8,14.083540158214891,0.20019076764583588,0.0,0.0
21.3,-22.62646452193355,-14.33864659733701,5.154210767853681,0.593120960625501,9.096392768638095,3.9692107678536193,10.286651699454772,0,0,26.4,king+tour,1,8,14.071720520754548,0.20019106566905975,0.0,0.0
21.32,-22.630019371137806,-14.34996455364555,5.153707306328418,0.59368881026693,9.107004313933466,3.9687073063283558,10.296225604455534,0,0,26.3,king+tour,1,8,14.059880409364773,0.20017923414707184,0.0,0.0
21.34,-22.63349041558655,-14.361325354048127,5.153210324117392,0.5944807117779155,9.117591638684589,3.9682103241173303,10.305919710317603,0,0,26.3,king+tour,1,8,14.048018824022057,0.2001798152923584,0.0,0.0
21.36,-22.636844174278373,-14.372741265592925,5.152717146983604,0.5954283278593342,9.128140510459096,3.967717146983542,10.315442055546704,0,0,26.3,king+tour,1,8,14.03613186467551,0.20016904175281525,0.0,0.0
21.38,-22.640109855302434,-14.384205856847538,5.152230125976808,0.5965289486842852,9.138666746264304,3.967230125976746,10.325067939332447,0,0,26.3,king+tour,1,8,14.024218763736563,0.20017103850841522,0.0,0.0
21.4,-22.64324988568434,-14.395724789679344,5.151748011348692,0.5974488239539607,9.149148573683547,3.9667480113486304,10.334547286473654,0,0,26.2,king+tour,1,8,14.01228301627195,0.20016224682331085,0.0,0.0
21.42,-22.646290107627976,-14.407286280073938,5.1512710646508815,0.5982024903061903,9.159595602295216,3.9662710646508197,10.344104221045294,0,0,26.2,king+tour,1,8,14.0003298644732,0.20016580820083618,0.0,0.0
21.44,-22.64918483443251,-14.418895741795987,5.150791587423462,0.5987256115287961,9.169980322046355,3.9657915874234,10.353365088780778,0,0,26.2,king+tour,1,8,13.988364991878223,0.2001582235097885,0.0,0.0
21.46,-22.65195159727775,-14.430542539508478,5.150319365658263,0.5990114084744277,9.18030742053395,3.9653193656582015,10.362673990739443,0,0,26.1,king+tour,1,8,13.97639452359084,0.20016135275363922,0.0,0.0
21.48,-22.654576743672663,-14.442227301804897,5.149854125561258,0.5992526843210652,9.190568142941963,3.964854125561196,10.371846290099542,0,0,26.1,king+tour,1,8,13.964421122978937,0.20015250146389008,0.0,0.0
21.5,-22.65711089377859,-14.453936963319034,5.149396139283673,0.5994744384990464,9.200788219796587,3.964396139283611,10.381060607900576,0,0,26.1,king+tour,1,8,13.952445354497115,0.2001558542251587,0.0,0.0
21.52,-22.65953201202462,-14.465672451870898,5.148942948433594,0.5995600200538265,9.210953279576817,3.963942948433532,10.390184473554275,0,0,26.1,king+tour,1,8,13.940471604602715,0.20014792680740356,0.0,0.0
21.54,-22.66188247767339,-14.477422217971624,5.148496917442176,0.5995428171389017,9.221084354221246,3.9634969174421144,10.399335321181152,0,0,26.0,king+tour,1,8,13.928500941015564,0.2000744342803955,0.0,0.0
21.56,-22.664132087968134,-14.489187055071797,5.14805606962855,0.5993047748570984,9.231161330406417,3.9630560696284878,10.408392731094139,0,0,26.0,king+tour,1,8,13.916539841475084,0.20005419850349426,0.0,0.0
21.58,-22.66631540788253,-14.500956426972719,5.147619289147919,0.5989068750212129,9.241200512366524,3.962619289147857,10.417455712716581,0,0,26.0,king+tour,1,8,13.904590261716113,0.20007935166358948,0.0,0.0
21.6,-22.668393968198117,-14.512730474242613,5.147181878499098,0.5982055043522269,9.251175640887148,3.9621818784990364,10.426362329168581,0,0,26.0,king+tour,1,8,13.89266130054147,0.20000551640987396,0.0,0.0
21.62,-22.67039404293555,-14.524499244706908,5.14674921279098,0.5972676468961433,9.261097694433218,3.9617492127909184,10.43523902144845,0,0,25.9,king+tour,1,8,13.880756335128996,0.20003758370876312,0.0,0.0
21.64,-22.67229315108032,-14.53627507581257,5.146319204204563,0.5967866397613163,9.270960305542339,3.961319204204501,10.444020686937206,0,0,25.9,king+tour,1,8,13.868868796932674,0.20008325576782227,0.0,0.0
21.66,-22.674133400784307,-14.548062196745672,5.145895331440185,0.5968718601696927,9.280795596006964,3.960895331440123,10.452774954018084,0,0,25.9,king+tour,1,8,13.856984495134625,0.20000877976417542,0.0,0.0
21.68,-22.67590137929088,-14.55985264349624,5.145477350527065,0.5964794435297438,9.290588667328349,3.960477350527003,10.461522986871493,0,0,25.8,king+tour,1,8,13.845114394786894,0.20004864037036896,0.0,0.0
21.7,-22.677649248826615,-14.57163219158535,5.145065456304717,0.5957819608463393,9.300364994872426,3.9600654563046556,10.470233757114142,0,0,25.8,king+tour,1,8,13.833259793406949,0.2000853270292282,0.0,0.0
21.72,-22.67935558963403,-14.583392332561811,5.144659759373921,0.5945105229029936,9.310103713984676,3.959659759373859,10.478937357155027,0,0,25.8,king+tour,1,8,13.821434100774635,0.19997206330299377,0.0,0.0
21.74,-22.681064712968038,-14.595119499464253,5.144259507005276,0.5928906899404025,9.319825256947302,3.959259507005214,10.487586400998213,0,0,25.8,king+tour,1,8,13.80963984588843,0.1998162865638733,0.0,0.0
21.76,-22.682750969311623,-14.606807230400506,5.143862837443678,0.5907703903286406,9.329507307334108,3.9588628374436166,10.496260616022257,0,0,25.7,king+tour,1,8,13.797889465249936,0.199733167886734,0.0,0.0
21.78,-22.684454414347353,-14.618445292401468,5.143471084180688,0.5884294408572819,9.339169707348319,3.9584710841806263,10.50485940276022,0,0,25.7,king+tour,1,8,13.786183261620788,0.1997128278017044,0.0,0.0
21.8,-22.68614155459258,-14.630025921137527,5.143080818591842,0.5854692804907436,9.348783810239789,3.95808081859178,10.513393447812618,0,0,25.7,king+tour,1,8,13.774536822182172,0.19980017840862274,0.0,0.0
21.82,-22.68784471757093,-14.641538708081567,5.142695903769108,0.5822224376697633,9.358363973022264,3.9576959037690465,10.521812090347032,0,0,25.7,king+tour,1,8,13.76295247040423,0.19991549849510193,0.0,0.0
21.84,-22.689548016515598,-14.652996332845955,5.142316522004886,0.5794875388208056,9.367908514291349,3.957316522004824,10.530301172227501,0,0,25.6,king+tour,1,8,13.751421716534598,0.20001870393753052,0.0,0.0
21.86,-22.691300644665855,-14.664410971635181,5.141941666418119,0.5777244170720874,9.377459752574755,3.9569416664180572,10.538677335232894,0,0,25.6,king+tour,1,8,13.739920893419754,0.19988292455673218,0.0,0.0
21.88,-22.693077928543605,-14.675793760426629,5.141569833766868,0.5763351415915761,9.387008912612496,3.956569833766806,10.547187305028723,0,0,25.6,king+tour,1,8,13.728445123223947,0.199924498796463,0.0,0.0
21.9,-22.694920362426355,-14.687156448889883,5.141202986174139,0.5758468305060745,9.39659204604426,3.956202986174077,10.555575659267395,0,0,25.6,king+tour,1,8,13.71697323854786,0.1999896615743637,0.0,0.0
21.92,-22.69679489419618,-14.698508220281843,5.140841280266706,0.5755593241684107,9.406193298466894,3.955841280266644,10.564145546178898,0,0,25.5,king+tour,1,8,13.705504278826012,0.20004723966121674,0.0,0.0
21.94,-22.69873363577381,-14.709860047798985,5.1404834680530005,0.5760875290788205,9.415842451306734,3.9554834680529387,10.572578306905687,0,0,25.5,king+tour,1,8,13.694019846511864,0.2000802606344223,0.0,0.0
21.96,-22.70069498277801,-14.721218595595458,5.140128491868312,0.5766053637613106,9.425516069362565,3.9551284918682503,10.581216596726666,0,0,25.5,king+tour,1,8,13.682523494685695,0.20007826387882233,0.0,0.0
21.98,-22.702702535961247,-14.732593522683308,5.139777456781572,0.5778028679176139,9.435237215621333,3.9547774567815104,10.589690874792007,0,0,25.5,king+tour,1,8,13.67100015363548,0.20008830726146698,0.0,0.0
22.0,-22.70470667533246,-14.743988483758553,5.139426623024245,0.5787590104069574,9.444974906828234,3.954426623024183,10.598386468186966,0,0,25.4,king+tour,1,8,13.659458240147165,0.20008890330791473,0.0,0.0
22.02,-22.706722979187017,-14.755411369107566,5.139080768121125,0.5802314334483836,9.454745515172284,3.954080768121063,10.606894164365755,0,0,25.4,king+tour,1,8,13.647886339553827,0.20009112358093262,0.0,0.0
22.04,-22.708727366974475,-14.76684657123102,5.138738613686621,0.580729041085047,9.464521263618753,3.953738613686559,10.615631139007638,0,0,25.4,king+tour,1,8,13.636305409246413,0.20007596909999847,0.0,0.0
22.06,-22.710761426432217,-14.778285111727582,5.138400716090414,0.5811449504095794,9.4743236682485,3.9534007160903526,10.624157651086307,0,0,25.4,king+tour,1,8,13.624714124729763,0.20008254051208496,0.0,0.0
22.08,-22.712793714290545,-14.7897089507139,5.138063994183036,0.5804043262401657,9.484118136138472,3.9530639941829744,10.632818744870736,0,0,25.3,king+tour,1,8,13.613137579987068,0.20008689165115356,0.0,0.0
22.1,-22.714858384916482,-14.801107868518114,5.137731919176185,0.5794576466641487,9.493920151292006,3.9527319191761237,10.641230357787274,0,0,25.3,king+tour,1,8,13.60157744269568,0.2000890076160431,0.0,0.0
22.12,-22.716940658417325,-14.81248961674959,5.137403544413673,0.5787656816917947,9.50372537518146,3.9524035444136114,10.649919170845074,0,0,25.3,king+tour,1,8,13.590029755254056,0.19996339082717896,0.0,0.0
22.14,-22.719088921784518,-14.823869768787548,5.137078996165785,0.5792845317006704,9.513577866680242,3.9520789961657234,10.658353991812383,0,0,25.3,king+tour,1,8,13.578467710792253,0.19988128542900085,0.0,0.0
22.16,-22.72127886134483,-14.835251359080516,5.136757380275618,0.5797410405854132,9.523463383744513,3.9517573802755566,10.667125228335822,0,0,25.3,king+tour,1,8,13.5668942313138,0.19992752373218536,0.0,0.0
22.18,-22.72355053888177,-14.846648336979957,5.136439261559862,0.5812762329338199,9.533419139600154,3.9514392615598,10.675633276012432,0,0,25.2,king+tour,1,8,13.555286092234795,0.1999848335981369,0.0,0.0
22.2,-22.72587161329738,-14.858060500557194,5.136123427794799,0.5825045384449093,9.54342312432732,3.9511234277947374,10.684514941847889,0,0,25.2,king+tour,1,8,13.5436512986575,0.19994333386421204,0.0,0.0
22.22,-22.728273992786082,-14.869499733733292,5.135810877124223,0.5846476947413527,9.553505523772934,3.9508108771241615,10.693114157683997,0,0,25.2,king+tour,1,8,13.531970599610021,0.1998969316482544,0.0,0.0
22.24,-22.73071757343882,-14.880962188741897,5.135501145521488,0.5862057976864199,9.563636458810954,3.950501145521426,10.70210914186089,0,0,25.2,king+tour,1,8,13.520257419067196,0.1999300867319107,0.0,0.0
22.26,-22.733226325266656,-14.892457264666355,5.135195119889146,0.5884816435760105,9.573838947512467,3.9501951198890843,10.710792937468586,0,0,25.1,king+tour,1,8,13.508496837195787,0.1999843865633011,0.0,0.0
22.28,-22.735752570224395,-14.903977018939878,5.134891898166425,0.5898698914209347,9.584075055913845,3.9498918981663635,10.719869598742893,0,0,25.1,king+tour,1,8,13.49670808765054,0.20002296566963196,0.0,0.0
22.3,-22.738312522717578,-14.915527934269397,5.134592544089592,0.5917487105613328,9.59436045913996,3.94959254408953,10.728595769385215,0,0,25.1,king+tour,1,8,13.484880957514806,0.20004883408546448,0.0,0.0
22.32,-22.74085124016003,-14.9270975516936,5.134293114230847,0.5924331013611392,9.604649081110223,3.9492931142307857,10.737709632842286,0,0,25.1,king+tour,1,8,13.473040824613493,0.1999340057373047,0.0,0.0
22.34,-22.74337742415141,-14.938689064337616,5.133998223745196,0.5933627291404904,9.614949159585933,3.948998223745134,10.74642763429758,0,0,25.0,king+tour,1,8,13.461182487418425,0.199937105178833,0.0,0.0
22.36,-22.74584961070309,-14.95028800718226,5.133705876636329,0.5931539603924535,9.62522223610674,3.948705876636267,10.755512297082985,0,0,25.0,king+tour,1,8,13.449330014972952,0.19998814165592194,0.0,0.0
22.38,-22.748289603668862,-14.961897423564253,5.133417638480746,0.5933278934067664,9.635485222437564,3.9484176384806844,10.764163943833239,0,0,25.0,king+tour,1,8,13.437475183056842,0.19976350665092468,0.0,0.0
22.4,-22.750650536798904,-14.973498499479653,5.13312739620151,0.5921216264841357,9.64569285431245,3.948127396201448,10.773131245140304,0,0,25.0,king+tour,1,8,13.425647592465106,0.1998719722032547,0.0,0.0
22.42,-22.752948326877167,-14.985091161512639,5.1328428492627785,0.5910808303758409,9.655855790912831,3.9478428492627167,10.781609765732219,0,0,24.9,king+tour,1,8,13.413843470164181,0.1997062712907791,0.0,0.0
22.44,-22.755157544755335,-14.996676790564367,5.132560876755955,0.5898876008445482,9.665958161507037,3.947560876755893,10.790474062859706,0,0,24.9,king+tour,1,8,13.402067640793552,0.19970984756946564,0.0,0.0
22.46,-22.757314484405676,-15.008277601532278,5.132281605312299,0.5901465841375284,9.676040824028426,3.947281605312237,10.798838528958449,0,0,24.9,king+tour,1,8,13.390289774007623,0.19981470704078674,0.0,0.0
22.48,-22.75938630672646,-15.019890457215114,5.132000957109736,0.5899780255502727,9.686079642554533,3.9470009571096742,10.807785691098301,0,0,24.9,king+tour,1,8,13.378520876828173,0.199934184551239,0.0,0.0
22.5,-22.761401425379507,-15.03153423842137,5.131722478192777,0.5910073909695166,9.696107746403227,3.946722478192715,10.816133090170462,0,0,24.8,king+tour,1,8,13.366735762211022,0.2000090479850769,0.0,0.0
22.52,-22.76336064388673,-15.043185750757239,5.13145009358855,0.5909113094292552,9.706108461564845,3.9464500935884885,10.82497998479262,0,0,24.8,king+tour,1,8,13.354956750619658,0.1999024897813797,0.0,0.0
22.54,-22.765307291583074,-15.054855889846863,5.1311823540461745,0.5917205169829054,9.716118809509988,3.9461823540461127,10.833305902096747,0,0,24.8,king+tour,1,8,13.343162779135916,0.19979770481586456,0.0,0.0
22.56,-22.767216506712455,-15.066526998133645,5.130917486372326,0.5914601126380111,9.726109106238418,3.945917486372264,10.842120389832079,0,0,24.8,king+tour,1,8,13.331377010814688,0.19985462725162506,0.0,0.0
22.58,-22.76912421150905,-15.078206537516342,5.130656620803733,0.5918594187554959,9.736108820261421,3.945656620803671,10.850391077027721,0,0,24.7,king+tour,1,8,13.319583501286457,0.19970829784870148,0.0,0.0
22.6,-22.770999098797063,-15.08987205936105,5.130398526696582,0.5909023075352828,9.746080386553066,3.94539852669652,10.85916929951482,0,0,24.7,king+tour,1,8,13.307811625644387,0.19983041286468506,0.0,0.0
22.62,-22.77287023466637,-15.101527362383923,5.130143534247648,0.5903648430111679,9.756045931795752,3.9451435342475865,10.867369063328134,0,0,24.7,king+tour,1,8,13.296050650686952,0.1999269425868988,0.0,0.0
22.64,-22.774703809920123,-15.1131536884107,5.129890009525826,0.5886376854157819,9.765968989156578,3.944890009525764,10.875769191993863,0,0,24.7,king+tour,1,8,13.284326982285046,0.21968962252140045,0.0,0.0
22.66,-22.776525582971676,-15.124759763208127,5.129640577959335,0.5875415844031808,9.775873152566692,3.944640577959273,10.883851212143691,0,0,24.6,king+tour,1,8,13.272625907194874,0.2415962815284729,0.0,0.0
22.68,-22.778331815351876,-15.136413010152507,5.129391608861993,0.5897512725069773,9.785806501119474,3.944391608861931,10.892237087479657,0,0,24.6,king+tour,1,8,13.260882932042934,0.264751136302948,0.0,0.0
22.7,-22.78015002227004,-15.148114933561123,5.1291383312330785,0.5922521367957713,9.79578841844376,3.9441383312330167,10.899910308632986,0,0,24.6,king+tour,1,8,13.249089917426112,0.28834331035614014,0.0,0.0
22.72,-22.781977041459648,-15.159926092449169,5.128921948020098,0.5976794606909225,9.805862325199179,3.9439219480200363,10.907933453726832,0,0,24.6,king+tour,1,8,13.237188890132998,0.3120463490486145,0.0,0.0
22.74,-22.783865899296337,-15.171940294997318,5.128786249451133,0.6081267567226704,9.816133813525532,3.9437862494510716,10.915856194189285,0,0,24.5,king+tour,1,8,13.225075967601185,0.33570218086242676,0.0,0.0
22.76,-22.78582994290085,-15.18428987661169,5.128727808960929,0.6252460488106867,9.826711338137168,3.943727808960867,10.92421145966822,0,0,24.5,king+tour,1,8,13.212619540525276,0.3590363562107086,0.0,0.0
22.78,-22.78791646487784,-15.197044492551145,5.12875977532132,0.6462097638763066,9.837678778756057,3.943759775321258,10.931938017767074,0,0,24.5,king+tour,1,8,13.19974054147724,0.3827133774757385,0.0,0.0
22.8,-22.790138056376186,-15.21033398974868,5.128898441838461,0.6737310905542767,9.849142516384353,3.9438984418383995,10.941065464638497,0,0,24.5,king+tour,1,8,13.186309959609716,0.4064326882362366,0.0,0.0
22.82,-22.792558286488635,-15.22431092812086,5.129126870815332,0.7093386001311404,9.861259801485916,3.9441268708152704,10.94963276609253,0,0,24.5,king+tour,1,8,13.172164347855094,0.4302188754081726,0.0,0.0
22.84,-22.795175716588407,-15.239090062224435,5.129452498701328,0.7506326976271026,9.874116846189215,3.944452498701266,10.959978480168175,0,0,24.4,king+tour,1,8,13.157192752542764,0.4530201554298401,0.0,0.0
22.86,-22.798041673886054,-15.254818221490266,5.129845783824733,0.7995989280751832,9.88785897074534,3.944845783824671,10.96987421969886,0,0,24.4,king+tour,1,8,13.141240264504221,0.47645819187164307,0.0,0.0
22.88,-22.801143297540676,-15.271604710702126,5.130309381135565,0.8538460221571202,9.902561305906474,3.9453093811355036,10.98188502640948,0,0,24.4,king+tour,1,8,13.124204007995656,0.5000402331352234,0.0,0.0
22.9,-22.80451980749157,-15.289588486543995,5.1308012913963115,0.9152308297414388,9.918355852694667,3.9458012913962497,10.99372685867457,0,0,24.3,king+tour,1,8,13.105939664980482,0.5237592458724976,0.0,0.0
22.92,-22.80814718644801,-15.3088720903998,5.131319681877689,0.9814326065152043,9.935306003567709,3.946319681877627,11.008078330176808,0,0,24.3,king+tour,1,8,13.08635365566791,0.5474826097488403,0.0,0.0
22.94,-22.81205515491907,-15.329589191825779,5.131821376718193,1.054421887550291,9.953534276181317,3.9468213767181313,11.023035281703986,0,0,24.3,king+tour,1,8,13.065309119311957,0.571276068687439,0.0,0.0
22.96,-22.816233214053167,-15.351828033180743,5.1322871394539105,1.1316350757480111,9.973102924235006,3.9472871394538487,11.040101186510134,0,0,24.2,king+tour,1,8,13.042723068804717,0.5948526263237,0.0,0.0
22.98,-22.82071944183044,-15.375653005894376,5.13268089461747,1.2123433997879494,9.994088224548744,3.947680894617408,11.058232752100182,0,0,24.2,king+tour,1,8,13.018523798616286,0.6177613735198975,0.0,0.0
23.0,-22.825497797147708,-15.401132500013917,5.133007174112926,1.2962867723182234,10.016534489133958,3.948007174112864,11.0792154754823,0,0,24.1,king+tour,1,8,12.992648941540736,0.6408980488777161,0.0,0.0
23.02,-22.83060403471289,-15.428321283901823,5.133239695102615,1.3832549452162333,10.040509796091802,3.9482396951025533,11.10013358697407,0,0,24.1,king+tour,1,8,12.96503669588228,0.6640743613243103,0.0,0.0
23.04,-22.83601102355858,-15.457230309797053,5.133381484612731,1.4705334158509185,10.066008305780446,3.9483814846126695,11.123972947144674,0,0,24.0,king+tour,1,8,12.935683118587768,0.6858113408088684,0.0,0.0
23.06,-22.841748778000795,-15.4879080340925,5.133410060118673,1.5604850292026424,10.093090100026016,3.9484100601186114,11.147981836758081,0,0,24.0,king+tour,1,8,12.904533937519265,0.7091024518013,0.0,0.0
23.08,-22.847784006514278,-15.52035975233688,5.133333265361505,1.6504119922440796,10.121741640829896,3.948333265361443,11.174958968997226,0,0,23.9,king+tour,1,8,12.871592223990021,0.7312003374099731,0.0,0.0
23.1,-22.854140210318185,-15.554616399031541,5.133137387107006,1.7420946715450694,10.152005978221963,3.948137387106944,11.202425568454064,0,0,23.8,king+tour,1,8,12.836822301161279,0.7545760869979858,0.0,0.0
23.12,-22.86077690387565,-15.590667414373993,5.13284206219327,1.8328997690831328,10.183853410459893,3.9478420621932084,11.232821287688196,0,0,23.8,king+tour,1,8,12.800244406569744,0.7780573964118958,0.0,0.0
23.14,-22.867710091870716,-15.628512176219798,5.132455051306071,1.9238274821092647,10.217298475196962,3.947455051306009,11.263244643319364,0,0,23.7,king+tour,1,8,12.761855313492248,0.8014177083969116,0.0,0.0
23.16,-22.87489694203589,-15.668100596335934,5.132001604823522,2.0119017348648196,10.252280102621414,3.94700160482346,11.296523609633113,0,0,23.6,king+tour,1,8,12.721714193652787,0.8247923851013184,0.0,0.0
23.18,-22.882355148090415,-15.7094249273966,5.131491519645275,2.0997531771927456,10.288808628812124,3.946491519645213,11.329825556670732,0,0,23.6,king+tour,1,8,12.679824329932114,0.8485020399093628,0.0,0.0
23.2,-22.890051851169947,-15.752426745010416,5.130950544472027,2.184426818712639,10.326823105560154,3.945950544471965,11.365970372116216,0,0,23.5,king+tour,1,8,12.636250556424862,0.8716229200363159,0.0,0.0
23.22,-22.898014568091273,-15.797086309572443,5.130380500659917,2.2683730500001182,10.36633085393849,3.945380500659855,11.402132123557376,0,0,23.4,king+tour,1,8,12.59100536715787,0.8952245712280273,0.0,0.0
23.24,-22.906203696382136,-15.84333634055195,5.129803445228211,2.3486486437634757,10.407259683483735,3.944803445228149,11.441040859415347,0,0,23.3,king+tour,1,8,12.544163858034716,0.9188287258148193,0.0,0.0
23.26,-22.91464069507753,-15.891152346969198,5.129226970343428,2.4279032826562275,10.449609144626798,3.944226970343366,11.479949150713214,0,0,23.2,king+tour,1,8,12.495744616659755,0.942211389541626,0.0,0.0
23.28,-22.92330195581433,-15.940459517433696,5.128675152720305,2.503257377625751,10.493311092156278,3.9436751527202434,11.521517671281911,0,0,23.1,king+tour,1,8,12.44582610780624,0.9655086994171143,0.0,0.0
23.3,-22.932224306353074,-15.991222168132545,5.12814808800524,2.577175218297845,10.538365589211555,3.943148088005178,11.563073162103409,0,0,23.0,king+tour,1,8,12.39443394115609,0.9891923069953918,0.0,0.0
23.32,-22.94137535489454,-16.043344238578648,5.127631152752576,2.646091050517886,10.584681815115099,3.942631152752514,11.606918671045023,0,0,23.0,king+tour,1,8,12.34166932455966,1.0,0.0,0.0
23.34,-22.950781295008,-16.096764388175465,5.127072090885811,2.712239223655969,10.632232344638735,3.942072090885749,11.650714505168144,0,0,22.9,king+tour,1,8,12.287585309631869,1.0,0.0,0.0
23.36,-22.960408134769054,-16.151400711169885,5.12645192644202,2.7740712130696523,10.680935596533102,3.9414519264419585,11.696851344417956,0,0,22.8,king+tour,1,8,12.232269773612895,1.0,0.0,0.0
23.38,-22.970280298488007,-16.20721497905268,5.12575273721436,2.8342463642749007,10.730780249788506,3.9407527372142983,11.744076850804744,0,0,22.7,king+tour,1,8,12.175753776255883,1.0,0.0,0.0
23.4,-22.98036333077859,-16.2641334613245,5.125000225060232,2.890478956350815,10.781690206507676,3.94000022506017,11.792217467337926,0,0,22.6,king+tour,1,8,12.118117387932408,1.0,0.0,0.0
23.42,-22.990669763475683,-16.322014628055708,5.124210836243002,2.939844873377822,10.833564792368934,3.93921083624294,11.841212449876167,0,0,22.5,king+tour,1,8,12.059494633681975,1.0,0.0,0.0
23.44,-23.001170491708766,-16.380783471900738,5.123428804447975,2.9852361188166396,10.886329161529302,3.9384288044479137,11.891043868143756,0,0,22.4,king+tour,1,8,11.999965464394192,1.0,0.0,0.0
23.46,-23.011882215258392,-16.440292918721042,5.122668917464872,3.0235296883316405,10.939879331020881,3.9376689174648103,11.941493880011611,0,0,22.3,king+tour,1,9,13.890179646378822,1.0,0.0,0.0
23.48,-23.0227784895055,-16.500455155047465,5.121951244314252,3.057261244568374,10.994130783569346,3.93695124431419,11.990935235332536,0,0,22.2,king+tour,1,9,13.83383174747697,1.0,0.0,0.0
23.5,-23.033879505180092,-16.561116271409865,5.121277076591302,3.0836091230322245,11.048974599405424,3.9362770765912405,12.04178925709188,0,0,22.1,king+tour,1,9,13.77708317179353,1.0,0.0,0.0
23.52,-23.045166627143622,-16.622191429385474,5.12067334226573,3.105615292941608,11.104332051682354,3.935673342265668,12.091445248500293,0,0,22.0,king+tour,1,9,13.720014647917717,1.0,0.0,0.0
23.54,-23.056560714606398,-16.683546153002556,5.120156520322892,3.1202942345870035,11.160047902334469,3.9351565203228303,12.142359896439368,0,0,21.9,king+tour,1,9,13.662741542651247,1.0,0.0,0.0
23.56,-23.06794024051479,-16.74510273176226,5.119735502407745,3.1300492226897005,11.215986460571342,3.9347355024076833,12.192316568790488,0,0,21.8,king+tour,1,9,13.605313627803891,1.0,0.0,0.0
23.58,-23.079197672207027,-16.806780769911093,5.119421895078419,3.1348877602520764,11.272018797763536,3.9344218950783576,12.243776746656977,0,0,21.7,king+tour,1,9,13.547785500136651,1.0,0.0,0.0
23.6,-23.09017800816858,-16.868528642485618,5.119221862557733,3.1358442078321125,11.328010975983382,3.9342218625576715,12.293575129649694,0,0,21.6,king+tour,1,9,13.49017198316572,1.0,0.0,0.0
23.62,-23.100772345354954,-16.93024394043405,5.1191431306439945,3.1309040946652678,11.383816755847144,3.9341431306439327,12.344631969868546,0,0,21.5,king+tour,1,9,13.43254676501366,1.0,0.0,0.0
23.64,-23.110823561559418,-16.99187744771045,5.119183923478572,3.1223860389270452,11.439304243242516,3.9341839234785105,12.393839286088479,0,0,21.4,king+tour,1,9,13.374919647105818,1.0,0.0,0.0
23.66,-23.1202258648956,-17.053363223351315,5.119339483153374,3.1100354149899996,11.494359488865983,3.9343394831533125,12.444124497876034,0,0,21.3,king+tour,1,9,13.317327557525786,1.0,0.0,0.0
23.68,-23.12882660225755,-17.11468748221275,5.11957333848616,3.0962445383037074,11.548883429286821,3.934573338486098,12.492833249455321,0,0,21.2,king+tour,1,9,13.25974489151429,1.0,0.0,0.0
23.7,-23.136521826105717,-17.17578756465555,5.119861663819637,3.079171835123947,11.602767368805313,3.934861663819575,12.542207756651651,0,0,21.1,king+tour,1,9,13.202204124784648,1.0,0.0,0.0
23.72,-23.143213331096494,-17.236649049459746,5.120178063353462,3.061452547516434,11.655945582729453,3.9351780633534004,12.589598821356846,0,0,21.0,king+tour,1,9,13.144691610358894,1.0,0.0,0.0
23.74,-23.148824764439546,-17.29720749984655,5.120505222322482,3.0409378201491766,11.708325336601735,3.93550522232242,12.637782535689983,0,0,20.9,king+tour,1,9,13.087247025218957,1.0,0.0,0.0
23.76,-23.153257243654203,-17.357448947164915,5.120801429901147,3.0202510598993957,11.75984214408405,3.935801429901085,12.68406786126404,0,0,20.8,king+tour,1,9,13.02985527042412,1.0,0.0,0.0
23.78,-23.156460414093647,-17.417330804568103,5.121044696465488,2.9983980412635054,11.810437221926502,3.9360446964654265,12.7307303203656,0,0,20.8,king+tour,1,9,12.972540477000294,1.0,0.0,0.0
23.8,-23.158422319937475,-17.476865634429643,5.121081627737671,2.978357938991491,11.860119270213453,3.936081627737609,12.775341636436218,0,0,20.7,king+tour,1,9,12.91528264844438,1.0,0.0,0.0
23.82,-23.159118974397117,-17.53601267160209,5.120963468903146,2.957562888268561,11.908846755380717,3.9359634689030845,12.81994340807363,0,0,20.6,king+tour,1,9,12.858110779459771,1.0,0.0,0.0
23.84,-23.158503644502012,-17.594782571539955,5.120638363132324,2.9387010154780095,11.956607322615557,3.935638363132262,12.863770900095423,0,0,20.5,king+tour,1,9,12.800998582911467,1.0,0.0,0.0
23.86,-23.15657836995993,-17.653163256319203,5.120072920021775,2.920757933853578,12.003398421968253,3.935072920021713,12.905876207294714,0,0,20.4,king+tour,1,9,12.74395404028142,1.0,0.0,0.0
23.88,-23.153345224453062,-17.711189913218707,5.119364315294912,2.906048976471427,12.049256450909926,3.93436431529485,12.948866613526025,0,0,20.4,king+tour,1,9,12.686939719788953,1.0,0.0,0.0
23.9,-23.14884130369606,-17.768853627713817,5.118377002765193,2.8923883114090163,12.094201612712364,3.9333770027651314,12.989384809329959,0,0,20.3,king+tour,1,9,12.629970037025098,1.0,0.0,0.0
23.92,-23.14307217474764,-17.82619416390842,5.117200454662971,2.8821017527772903,12.13827628256414,3.932200454662909,13.03056642746791,0,0,20.2,king+tour,1,9,12.573004860833002,1.0,0.0,0.0
23.94,-23.13603956357124,-17.883232256702872,5.1159102067380715,2.8742244124697716,12.18150528033248,3.9309102067380097,13.069241315038195,0,0,20.2,king+tour,1,9,12.516021919495422,1.0,0.0,0.0
23.96,-23.12783989038465,-17.939975668255723,5.114461758292148,2.8675544449598878,12.223955771282954,3.929461758292086,13.108666963946874,0,0,20.1,king+tour,1,9,12.459035647358323,1.0,0.0,0.0
23.98,-23.118471309649177,-17.996474753843533,5.112911553098214,2.8645768070515065,12.265674940002212,3.927911553098152,13.14694272047765,0,0,20.0,king+tour,1,9,12.401995067093873,1.0,0.0,0.0
24.0,-23.107989723998156,-18.052743037719374,5.111319796633577,2.862916824121231,12.306711694911092,3.926319796633515,13.18520037940311,0,0,19.9,king+tour,1,9,12.344899717990463,1.0,0.0,0.0
24.02,-23.096478883655482,-18.108851780798016,5.109715940074334,2.8649881549153258,12.347178093565857,3.9247159400742726,13.222539571898416,0,0,19.9,king+tour,1,9,12.287700657484898,1.0,0.0,0.0
24.04,-23.083984930524718,-18.16480742228643,5.108109712830572,2.8678008321587507,12.387111062956455,3.9231097128305104,13.260490978791866,0,0,19.8,king+tour,1,9,12.230402544612746,1.0,0.0,0.0
24.06,-23.070590391611997,-18.220676901169874,5.106516590021467,2.873739020717072,12.426617717521287,3.9215165900214055,13.297112272733306,0,0,19.7,king+tour,1,9,12.172960938887995,1.0,0.0,0.0
24.08,-23.056372457415478,-18.27646968966041,5.104935524438811,2.8798804961069093,12.465753614914124,3.919935524438749,13.334361732359124,0,0,19.7,king+tour,1,9,12.115385901237278,1.0,0.0,0.0
24.1,-23.041443791058906,-18.332254924216866,5.103360636259693,2.8884847872549417,12.50464294993795,3.9183606362596315,13.370893707737146,0,0,19.6,king+tour,1,9,12.057638885272372,1.0,0.0,0.0
24.12,-23.025874864054906,-18.388035376361582,5.101795135676778,2.8966796170788127,12.543330544011173,3.9167951356767166,13.408255246083137,0,0,19.6,king+tour,1,9,11.999735043472809,1.0,0.0,0.0
24.14,-23.0097714460996,-18.443873643185164,5.10023787599083,2.9067409453863813,12.581929895436891,3.9152378759907682,13.444521688333612,0,0,19.5,king+tour,1,9,11.941640613099484,1.0,0.0,0.0
24.16,-22.99320129461399,-18.499765195435565,5.0986829478888875,2.9158417886682186,12.62047668564815,3.9136829478888258,13.481788066830747,0,0,19.4,king+tour,1,9,11.883377236719957,1.0,0.0,0.0
24.18,-22.976264647394444,-18.55576428707292,5.097130768844645,2.926242275954564,12.659072858829,3.912130768844583,13.517866544830127,0,0,19.4,king+tour,1,9,11.824917856136068,1.0,0.0,0.0
24.2,-22.959023960511594,-18.61185893655811,5.095580609539875,2.9352401856276362,12.697743369847982,3.910580609539813,13.555089656836147,0,0,19.3,king+tour,1,9,11.766289970918322,1.0,0.0,0.0
24.22,-22.94155357902982,-18.66809158052089,5.094035399694781,2.945213128802778,12.73656499193149,3.9090353996947194,13.591443623718398,0,0,19.3,king+tour,1,9,11.707471370273115,1.0,0.0,0.0
24.24,-22.923890282673828,-18.72443936398317,5.092500484740762,2.953565939329721,12.775538612729603,3.9075004847406998,13.62901997894071,0,0,19.2,king+tour,1,9,11.648493552455902,1.0,0.0,0.0
24.26,-22.906106044337054,-18.780932551491805,5.090991161139593,2.9622784414357346,12.814728170435664,3.9059911611395313,13.665732225407696,0,0,19.1,king+tour,1,9,11.589345398041623,1.0,0.0,0.0
24.28,-22.88823550331121,-18.837535561417628,5.0895211454336255,2.9687614906703743,12.854121282032898,3.9045211454335638,13.703719356513433,0,0,19.1,king+tour,1,9,11.530070106690742,1.0,0.0,0.0
24.3,-22.870343173168536,-18.894270654709903,5.088110440308641,2.975313587576618,12.8937698894054,3.903110440308579,13.7406990350638,0,0,19.0,king+tour,1,9,11.470662327110533,1.0,0.0,0.0
24.32,-22.852454510408332,-18.95109999939297,5.08687224683925,2.9795602844726594,12.93365372663174,3.901872246839188,13.779022761322983,0,0,19.0,king+tour,1,9,11.411165056967798,1.0,0.0,0.0
24.34,-22.83460613861995,-19.008031578864948,5.085800599037589,2.9836712057804524,12.973797174849903,3.9008005990375274,13.816625708587994,0,0,18.9,king+tour,1,9,11.351579702064912,1.0,0.0,0.0
24.36,-22.81679458665213,-19.06500521924062,5.084892083394203,2.9849926640752313,13.014145167601805,3.899892083394141,13.855499920365766,0,0,18.8,king+tour,1,9,11.291963628998616,1.0,0.0,0.0
24.38,-22.799053038863786,-19.12202200863644,5.084157715423548,2.9858901885574,13.054713655966555,3.8991577154234864,13.893646235531264,0,0,18.8,king+tour,1,9,11.232324029111812,1.0,0.0,0.0
24.4,-22.781374491706206,-19.179014530426123,5.083604909734596,2.9836991150583407,13.095438807503422,3.8986049097345346,13.932823218534052,0,0,18.7,king+tour,1,9,11.172724403467711,1.0,0.0,0.0
24.42,-22.763788965377756,-19.23597570341418,5.083237472368342,2.9807553466538104,13.136327184972359,3.8982374723682804,13.971428840121867,0,0,18.7,king+tour,1,9,11.113179045738159,1.0,0.0,0.0
24.44,-22.746274124537557,-19.292891351691072,5.083065515386736,2.9774948520694484,13.17735320692445,3.8980655153866746,14.010933193215331,0,0,18.6,king+tour,1,9,11.053696086549348,1.0,0.0,0.0
24.46,-22.728862542396982,-19.349747342591503,5.0830765691587825,2.9731157966405855,13.21851819621386,3.8980765691587207,14.049967340365505,0,0,18.6,king+tour,1,9,10.99429726912703,1.0,0.0,0.0
24.48,-22.711526108882268,-19.406565419234827,5.083267915252062,2.970219846149507,13.259825144344894,3.898267915252,14.089891624480096,0,0,18.5,king+tour,1,9,10.9349545063572,1.0,0.0,0.0
24.5,-22.69430383199365,-19.463325743631305,5.083623516272045,2.9658336513141417,13.301273281495789,3.898623516271983,14.12901987347408,0,0,18.5,king+tour,1,9,10.875696645453038,1.0,0.0,0.0
24.52,-22.677174375995268,-19.52004447960361,5.084146895153611,2.962561053611405,13.342864128295604,3.8991468951535495,14.16903483209325,0,0,18.4,king+tour,1,9,10.816502685663812,1.0,0.0,0.0
24.54,-22.660141126653787,-19.57668858106884,5.084828279763056,2.9576807209866005,13.384567991043546,3.8998282797629944,14.208529745931854,0,0,18.4,king+tour,1,9,10.757405437638557,1.0,0.0,0.0
24.56,-22.643147192539175,-19.633261354523267,5.085669626754632,2.9538027852997333,13.42635857065356,3.9006696267545706,14.248877594429318,0,0,18.3,king+tour,1,9,10.698387599308996,1.0,0.0,0.0
24.58,-22.626202956326562,-19.68972455181025,5.08666303093154,2.9479597353747975,13.468205108063321,3.901663030931478,14.288536686104564,0,0,18.3,king+tour,1,9,10.639488793422489,1.0,0.0,0.0
24.6,-22.60925847058966,-19.74607581875706,5.087804033506333,2.942737998138095,13.510080138532436,3.9028040335062713,14.329030309548246,0,0,18.2,king+tour,1,9,10.580698978849298,1.0,0.0,0.0
24.62,-22.592316485699065,-19.802316207788312,5.089166506409278,2.9376302281051863,13.551984210668563,3.904166506409216,14.368898414011163,0,0,18.2,king+tour,1,9,10.522017842978793,1.0,0.0,0.0
24.64,-22.57532257013678,-19.85847423525433,5.09070041908805,2.934650789752624,13.593915872482734,3.905700419087988,14.409601055159689,0,0,18.1,king+tour,1,9,10.463404377985979,1.0,0.0,0.0
24.66,-22.558288180737346,-19.91453836624874,5.092454894774165,2.931055864062798,13.635869047610727,3.9074548947741032,14.449663477208558,0,0,18.1,king+tour,1,9,10.404872646100435,1.0,0.0,0.0
24.68,-22.541167098131595,-19.97053029956462,5.094363501980514,2.929108587740985,13.677840780295432,3.909363501980452,14.490549239028875,0,0,18.0,king+tour,1,9,10.34639032187448,1.0,0.0,0.0
24.7,-22.523980835191544,-20.0264305253123,5.096370235791758,2.9258459687223137,13.719822698338376,3.911370235791696,14.530748469244996,0,0,18.0,king+tour,1,9,10.287981693356404,1.0,0.0,0.0
24.72,-22.50669071731385,-20.082254849482425,5.098441879538831,2.923865187166808,13.761810521796985,3.9134418795387695,14.571728728132337,0,0,17.9,king+tour,1,9,10.229622046922472,1.0,0.0,0.0
24.74,-22.489323716227336,-20.137979583656644,5.100542895304405,2.920305203559159,13.803794567587156,3.915542895304343,14.612249187973703,0,0,17.9,king+tour,1,9,10.171341074634409,1.0,0.0,0.0
24.76,-22.47184753494163,-20.193615238130977,5.1026667133920585,2.9177275251416623,13.845768986273256,3.9176667133919967,14.653522231421327,0,0,17.8,king+tour,1,9,10.113120800910764,1.0,0.0,0.0
24.78,-22.454284215016852,-20.249166734670585,5.104784012960332,2.915013692948998,13.887747377244008,3.91978401296027,14.694075881127077,0,0,17.8,king+tour,1,9,10.054961977866231,1.0,0.0,0.0
24.8,-22.436598678977575,-20.30467181521627,5.106875377048335,2.9146037274080108,13.9297474815133,3.9218753770482735,14.735377229149215,0,0,17.8,king+tour,1,9,9.996819580899569,1.0,0.0,0.0
24.82,-22.418815098180204,-20.36013309883165,5.109018174779769,2.9141041969875547,13.971781943669258,3.9240181747797074,14.776017175694102,0,0,17.7,king+tour,1,9,9.938697115388194,1.0,0.0,0.0
24.84,-22.400905928476945,-20.415581954587473,5.111166461979818,2.9154455499906207,14.013866576715756,3.926166461979756,14.81743027377804,0,0,17.7,king+tour,1,9,9.880557603021451,1.0,0.0,0.0
24.86,-22.382903488833172,-20.47101493952775,5.1133804086347485,2.9162498231064906,14.05601212975659,3.9283804086346867,14.858225084970654,0,0,17.6,king+tour,1,9,9.822412398173713,1.0,0.0,0.0
24.88,-22.36478739130304,-20.526456963713954,5.115603249739112,2.9184550956629574,14.09823195828501,3.9306032497390504,14.899804268577485,0,0,17.6,king+tour,1,9,9.764232538527013,1.0,0.0,0.0
24.9,-22.34659738309661,-20.581898883871514,5.117890464410462,2.919723557231065,14.140534650806558,3.9328904644104004,14.940798534685435,0,0,17.6,king+tour,1,9,9.706036673739519,1.0,0.0,0.0
24.92,-22.328319595423547,-20.637359663847935,5.120186117100631,2.9220051587430915,14.182931030250703,3.935186117100569,14.982583637757054,0,0,17.5,king+tour,1,9,9.647803180132508,1.0,0.0,0.0
24.94,-22.31000345178384,-20.69282032601102,5.12244859247518,2.922535269341848,14.225424470955481,3.9374485924751186,15.023786979250806,0,0,17.5,king+tour,1,9,9.58956252553613,1.0,0.0,0.0
24.96,-22.291640493680145,-20.748295664897352,5.124661786079715,2.923871440745376,14.268024133855619,3.939661786079653,15.065760307594608,0,0,17.4,king+tour,1,9,9.531298403493183,1.0,0.0,0.0
24.98,-22.273284618565167,-20.803763071146136,5.1268052602585135,2.923254089520599,14.310731342957013,3.9418052602584517,15.107008775126864,0,0,17.4,king+tour,1,9,9.473045793651613,1.0,0.0,0.0
25.0,-22.254933097075224,-20.85923325375684,5.128890544286342,2.9232122354259067,14.353553634143648,3.9438905442862806,15.149060955928968,0,0,17.3,king+tour,1,9,9.414793677054744,1.0,0.0,0.0
25.02,-22.236597038995853,-20.91470165074317,5.130901929776701,2.9227554472251365,14.396490415180134,3.945901929776639,15.190553349835502,0,0,17.3,king+tour,1,9,9.35654917209619,1.0,0.0,0.0
25.04,-22.21823603858997,-20.970197642106477,5.132833433246069,2.9243213310755425,14.439550847426231,3.947833433246007,15.232811407041517,0,0,17.3,king+tour,1,9,9.298274127251721,1.0,0.0,0.0
25.06,-22.199871385941616,-21.025712758411682,5.134672674153715,2.925137352497953,14.482735166925199,3.9496726741536534,15.274521715551545,0,0,17.2,king+tour,1,9,9.23998190524308,1.0,0.0,0.0
25.08,-22.18146924118668,-21.08127122949009,5.136419647998097,2.927641780411662,14.52605097526814,3.9514196479980352,15.316994833348284,0,0,17.2,king+tour,1,9,9.181640971643622,1.0,0.0,0.0
25.1,-22.16305707756109,-21.13685970891557,5.138069214668951,2.929081718053629,14.56949656051826,3.953069214668889,15.358929660615411,0,0,17.1,king+tour,1,9,9.123270890433503,1.0,0.0,0.0
25.12,-22.14460725859833,-21.19249757021957,5.139629166742987,2.9318939615523694,14.613077864638319,3.954629166742925,15.401627975844029,0,0,17.1,king+tour,1,9,9.064846349730416,1.0,0.0,0.0
25.14,-22.12615347363943,-21.248166670959932,5.141102106823855,2.933325974483472,14.656791107211971,3.956102106823793,15.44379492378405,0,0,17.1,king+tour,1,9,9.006393019004088,1.0,0.0,0.0
25.16,-22.10768413450517,-21.303855117996598,5.142041157140025,2.933939943535072,14.700619980212291,3.9570411571399635,15.486534418394932,0,0,17.0,king+tour,1,9,8.947919770518665,1.0,0.0,0.0
25.18,-22.08923278187574,-21.359550612362824,5.142608738389718,2.9337529953238892,14.744565570919248,3.9576087383896565,15.528873363393117,0,0,17.0,king+tour,1,9,8.889446509045651,1.0,0.0,0.0
25.2,-22.070786575491187,-21.415267125268976,5.142954170169325,2.934583302411694,14.78863471249054,3.9579541701692635,15.57190766306934,0,0,16.9,king+tour,1,9,8.830956662317062,1.0,0.0,0.0
25.22,-22.052386583652613,-21.470994650574976,5.143176516779823,2.9343509565173345,14.832833205253186,3.958176516779761,15.614254257479868,0,0,16.9,king+tour,1,9,8.772469603211967,1.0,0.0,0.0
25.24,-22.034021658118938,-21.52675135298571,5.143324243717717,2.935175538543148,14.877172321300828,3.958324243717655,15.657361765611403,0,0,16.8,king+tour,1,9,8.713965041232747,1.0,0.0,0.0
25.26,-22.015720560775197,-21.58251334122011,5.143426054276363,2.9344249271486684,14.92163993590696,3.958426054276301,15.699950147248405,0,0,16.8,king+tour,1,9,8.655472894641246,1.0,0.0,0.0
25.28,-21.997456581505524,-21.638288664743136,5.143497844561056,2.934478150671022,14.966232016826746,3.958497844560994,15.743303491271757,0,0,16.7,king+tour,1,9,8.596979076929458,1.0,0.0,0.0
25.3,-21.979264741648695,-21.69404066919208,5.143397651169186,2.9322513006935167,15.010926766572753,3.9583976511691246,15.785999147848287,0,0,16.7,king+tour,1,9,8.538527350929364,1.0,0.0,0.0
25.32,-21.961124952831483,-21.749779623600173,5.143323265198495,2.930822627741625,15.055724722697065,3.958323265198433,15.82949118941878,0,0,16.6,king+tour,1,9,8.480103026483887,1.0,0.0,0.0
25.34,-21.943060811197796,-21.80551131269296,5.143286414922219,2.929306974371209,15.100638808827465,3.9582864149221573,15.872470429223297,0,0,16.6,king+tour,1,9,8.42170589384453,1.0,0.0,0.0
25.36,-21.925043601618842,-21.861250702173468,5.14327180024577,2.928950150762389,15.14567088642473,3.958271800245708,15.916226852425016,0,0,16.5,king+tour,1,9,8.363314713736743,1.0,0.0,0.0
25.38,-21.907108066533556,-21.916973537041613,5.143269648369135,2.9269086717767743,15.190810086458349,3.9582696483690736,15.959360267692434,0,0,16.5,king+tour,1,9,8.304961046165294,1.0,0.0,0.0
25.4,-21.8892320992208,-21.972689826211628,5.143277629884113,2.925685881100358,15.236056199315843,3.9582776298840514,16.00325956484432,0,0,16.4,king+tour,1,9,8.246630011764353,1.0,0.0,0.0
25.42,-21.871439381553586,-22.028376693775982,5.143139655831914,2.923023716100399,15.281395313599047,3.958139655831852,16.046570013372072,0,0,16.4,king+tour,1,9,8.188349253369912,1.0,0.0,0.0
25.44,-21.853699361475535,-22.084058964268742,5.143049093443418,2.9219992133575032,15.326838077310267,3.958049093443356,16.09065678366323,0,0,16.4,king+tour,1,9,8.130087564344487,1.0,0.0,0.0
25.46,-21.836040178109894,-22.139714360364486,5.143001898146528,2.919491436496864,15.37237267439162,3.958001898146466,16.134158459102604,0,0,16.3,king+tour,1,9,8.071873008930089,1.0,0.0,0.0
25.48,-21.818432699958866,-22.195354718583957,5.1429832112774045,2.917992931292442,15.417998362180752,3.9579832112773428,16.1784213700486,0,0,16.3,king+tour,1,9,8.013687381786827,1.0,0.0,0.0
25.5,-21.800902053212656,-22.250964721397448,5.142984552598123,2.915388477568713,15.463708604919171,3.9579845525980613,16.22213063302905,0,0,16.2,king+tour,1,9,7.955551266524054,1.0,0.0,0.0
25.52,-21.783416758069272,-22.30656316900761,5.142993452806891,2.9141563968517334,15.50950854035105,3.9579934528068295,16.264518103923617,0,0,16.2,king+tour,1,10,10.943973076641948,1.0,0.0,0.0
25.54,-21.766008242485572,-22.362129685129275,5.143008433256925,2.911483450554416,15.555389049580294,3.958008433256863,16.307685951714333,0,0,16.1,king+tour,1,10,10.89256383819426,1.0,0.0,0.0
25.56,-21.748645131864553,-22.417683225874796,5.14302894603502,2.9101863860309445,15.601355644730367,3.9580289460349585,16.34986053146842,0,0,16.1,king+tour,1,10,10.841265103425368,1.0,0.0,0.0
25.58,-21.731258891872844,-22.473179060586705,5.143076944088214,2.9077789269620844,15.64734156119274,3.958076944088152,16.393000047074338,0,0,16.0,king+tour,1,10,10.79006012527981,0.999350905418396,0.0,0.0
25.6,-21.713752275465755,-22.52861354614452,5.1431666006431485,2.9066612484870586,15.693309166368095,3.9581666006430867,16.435244986010566,0,0,16.0,king+tour,1,10,10.738882144343902,0.992938220500946,0.0,0.0
25.62,-21.696024379579313,-22.58392815585172,5.1433013236221345,2.9043082179331208,15.739168833642012,3.9583013236220728,16.4780916901079,0,0,16.0,king+tour,1,10,10.6876991372628,0.9816212058067322,0.0,0.0
25.64,-21.677991591006354,-22.63911600214874,5.143486871441169,2.90297875922887,15.784886059473541,3.9584868714411074,16.520014722482287,0,0,15.9,king+tour,1,10,10.636454677259103,0.9660810232162476,0.0,0.0
25.66,-21.659537211189203,-22.69410275794836,5.143716273376178,2.9000689961837667,15.830352383688563,3.9587162733761163,16.562329952837743,0,0,15.9,king+tour,1,10,10.585114302689878,0.9495756030082703,0.0,0.0
25.68,-21.640585993033184,-22.7488442445734,5.143998593134454,2.8964887070220313,15.875502449724902,3.9589985931343925,16.60360666227663,0,0,15.8,king+tour,1,10,10.533651508683548,0.9331499934196472,0.0,0.0
25.7,-21.621033179992658,-22.80322819730576,5.1443160526406855,2.88964859158136,15.920197397574142,3.9593160526406237,16.64528775573616,0,0,15.8,king+tour,1,10,10.482064258084087,0.9172636270523071,0.0,0.0
25.72,-21.600805365570714,-22.857195873559675,5.144672180275967,2.881753538832126,15.964359844032979,3.9596721802759056,16.685496936630997,0,0,15.7,king+tour,1,10,10.43033522922353,0.9019774794578552,0.0,0.0
25.74,-21.579856061756086,-22.910644433074857,5.144930661273441,2.8704044388341816,16.007880130715932,3.959930661273379,16.72554911969119,0,0,15.7,king+tour,1,10,10.378496050547643,0.8886523842811584,0.0,0.0
25.76,-21.55818272970055,-22.963478044384832,5.145024420783815,2.855316356066659,16.050669732839477,3.9600244207837534,16.76422659934588,0,0,15.7,king+tour,1,10,10.326604834474784,0.8759751915931702,0.0,0.0
25.78,-21.53576414590152,-23.015563419341678,5.144818144166479,2.835278528642409,16.092598396082487,3.959818144166417,16.80147976307469,0,0,15.6,king+tour,1,10,10.274730926495982,0.8640264272689819,0.0,0.0
25.8,-21.512591179620056,-23.06681649603198,5.144264411579745,2.8125481579349203,16.133586181214728,3.9592644115796833,16.838221993519745,0,0,15.6,king+tour,1,10,10.222918356897866,0.8526764512062073,0.0,0.0
25.82,-21.48863331245631,-23.117093242346154,5.143307339913712,2.785070288677504,16.173489354496486,3.9583073399136506,16.872561750271615,0,0,15.5,king+tour,1,10,10.171235634031264,0.841950535774231,0.0,0.0
25.84,-21.46387099086477,-23.16629491861072,5.141960455282039,2.7549009129446667,16.21221049037409,3.956960455281977,16.90790025764709,0,0,15.5,king+tour,1,10,10.119728025380835,0.8315634727478027,0.0,0.0
25.86,-21.438314866085246,-23.21428421140673,5.140222739483886,2.719883909748237,16.24962502863557,3.9552227394838244,16.940530161799664,0,0,15.5,king+tour,1,10,10.068488804710901,0.821800172328949,0.0,0.0
25.88,-21.41201035307526,-23.26101179298658,5.13802368375083,2.683388776859855,16.2857023900725,3.953023683750768,16.970941701462785,0,0,15.4,king+tour,1,10,10.01757752794361,0.8127683401107788,0.0,0.0
25.9,-21.384908971248993,-23.30640004792532,5.135424444339899,2.6463817887790353,16.320355375883356,3.950424444339837,17.000984128030144,0,0,15.4,king+tour,1,10,9.96700360349328,0.8041825890541077,0.0,0.0
25.92,-21.357046066149255,-23.350372748779236,5.1324271638415615,2.6071649311900567,16.353524265565706,3.9474271638414997,17.029101912767295,0,0,15.3,king+tour,1,10,9.916837671335557,0.8200454115867615,0.0,0.0
25.94,-21.328480189630657,-23.392910660431525,5.128853116632039,2.5681983190895545,16.385210196451254,3.943853116631977,17.057143632062264,0,0,15.3,king+tour,1,10,9.867129847673453,0.8377120494842529,0.0,0.0
25.96,-21.29923257580134,-23.433968486021183,5.124766543615007,2.528768492707043,16.41537757922283,3.9397665436149456,17.083124085281295,0,0,15.3,king+tour,1,10,9.817920657563008,0.857711136341095,0.0,0.0
25.98,-21.26930878901271,-23.473568314405522,5.120132098143008,2.4925175569459785,16.44405006074879,3.9351320981429465,17.10806420292192,0,0,15.2,king+tour,1,10,9.769194481468215,0.8779105544090271,0.0,0.0
26.0,-21.23869939286589,-23.51174908880382,5.115034955647562,2.460024150158825,16.471262947858214,3.9300349556475,17.13077089056345,0,0,15.2,king+tour,1,10,9.72091398927668,0.898888349533081,0.0,0.0
26.02,-21.207374535232123,-23.548616714619424,5.109443094847307,2.4350243562767595,16.4971096830382,3.924443094847245,17.152597423252853,0,0,15.1,king+tour,1,10,9.67298268301977,0.9186137318611145,0.0,0.0
26.04,-21.17528500205683,-23.58426938951803,5.103478654322227,2.4168294921296902,16.521671290670326,3.918478654322165,17.175577335554195,0,0,15.1,king+tour,1,10,9.625295534528643,0.9392015337944031,0.0,0.0
26.06,-21.14239433327055,-23.61876411020292,5.097208589787556,2.4036407581035526,16.544993940113493,3.912208589787494,17.195327351176477,0,0,15.1,king+tour,1,10,9.577785145490035,0.9596712589263916,0.0,0.0
26.08,-21.10859792777935,-23.652159552469865,5.090991602498458,2.3958837196757976,16.567106239483927,3.9059916024983963,17.213974823329828,0,0,15.0,king+tour,1,10,9.53033277730261,0.976656973361969,0.0,0.0
26.1,-21.07370718372779,-23.684551239197507,5.0851331358471255,2.3983885324514542,16.588049215969257,3.9001331358470637,17.234018330298984,0,0,15.0,king+tour,1,10,9.482733064441069,0.9924879670143127,0.0,0.0
26.12,-21.037628305611612,-23.71606776309574,5.079849999629017,2.4098175517293368,16.607924861754768,3.8948499996289554,17.251007432816586,0,0,15.0,king+tour,1,10,9.434829968046607,1.0,0.0,0.0
26.14,-21.000289174997636,-23.746941975810735,5.0753237820750075,2.4330609996075343,16.626942783516295,3.8903237820749457,17.268619554037492,0,0,14.9,king+tour,1,10,9.386414820764466,1.0,0.0,0.0
26.16,-20.961706455821066,-23.777396295372345,5.0716102020746066,2.4646919054103495,16.64532903130961,3.8866102020745448,17.287283529780108,0,0,14.9,king+tour,1,10,9.337352603488128,1.0,0.0,0.0
26.18,-20.92190406049917,-23.807570472373666,5.068803752694187,2.501293559936782,16.663232938502922,3.883803752694125,17.303459398852866,0,0,14.9,king+tour,1,10,9.287569072549253,1.0,0.0,0.0
26.2,-20.8809339595113,-23.837710656898906,5.0668942389054346,2.5449096944102347,16.68091423446226,3.8818942389053728,17.321795085221606,0,0,14.8,king+tour,1,10,9.236940083342164,1.0,0.0,0.0
26.22,-20.838882882720526,-23.867993506259197,5.065828049437037,2.591563613257539,16.69857560333961,3.8808280494369756,17.339794793338925,0,0,14.8,king+tour,1,10,9.18541358474659,1.0,0.0,0.0
26.24,-20.795904486164837,-23.898557973127396,5.065540227728825,2.6369547051339213,16.7164011551919,3.880540227728763,17.358330306935475,0,0,14.8,king+tour,1,10,9.133012240896353,1.0,0.0,0.0
26.26,-20.752077606086722,-23.929561196603103,5.065952809212627,2.684290179333635,16.734571489128502,3.880952809212565,17.378528566931045,0,0,14.8,king+tour,1,10,9.079690482852625,1.0,0.0,0.0
26.28,-20.707574270921217,-23.961154078254346,5.066973134636688,2.729330538728197,16.753285370912565,3.8819731346366266,17.398386684494906,0,0,14.8,king+tour,1,10,9.025475758457747,1.0,0.0,0.0
26.3,-20.662511358385558,-23.993440448887632,5.068532333539949,2.7728626526057134,16.77268031974184,3.883532333539887,17.41979011569547,0,0,14.8,king+tour,1,10,8.970385456694476,1.0,0.0,0.0
26.32,-20.617073612368383,-24.026514857728376,5.070554017373109,2.811846585789849,16.792901282949376,3.885554017373047,17.44058879036859,0,0,14.8,king+tour,1,10,8.914493139626156,1.0,0.0,0.0
26.34,-20.571360582491366,-24.06046385383487,5.072959791811351,2.8495627681381333,16.81406193857598,3.887959791811289,17.463694686901473,0,0,14.8,king+tour,1,10,8.857814038278484,1.0,0.0,0.0
26.36,-20.525482390928964,-24.095316106466196,5.075707871242214,2.8840249284084125,16.836221626020084,3.890707871242152,17.48654462777293,0,0,14.7,king+tour,1,10,8.80040978119096,1.0,0.0,0.0
26.38,-20.47952031407501,-24.13112937944523,5.078751810377412,2.9173483660931288,16.859459439592975,3.89375181037735,17.511654329394307,0,0,14.7,king+tour,1,10,8.74230094776665,1.0,0.0,0.0
26.4,-20.433574603805702,-24.1679149145204,5.082089874623851,2.947595017904871,16.88381313412678,3.8970898746237896,17.537467237456422,0,0,14.7,king+tour,1,10,8.683553341058445,1.0,0.0,0.0
26.42,-20.387714226763205,-24.20565771973213,5.085679283594174,2.975137553327206,16.90928619690684,3.900679283594112,17.564919592813677,0,0,14.7,king+tour,1,10,8.624227240958628,1.0,0.0,0.0
26.44,-20.342083405468205,-24.244257906231642,5.089138687143253,2.993373399180561,16.935816637727925,3.904138687143191,17.592085981321468,0,0,14.7,king+tour,1,10,8.564495838745685,1.0,0.0,0.0
26.46,-20.296754793128084,-24.283735102039504,5.092562992740349,3.0103396628767225,16.963439662913363,3.907562992740287,17.6209504362163,0,0,14.7,king+tour,1,10,8.504399173865066,1.0,0.0,0.0
26.48,-20.251800323579417,-24.32402446530378,5.095986334181284,3.0231839140482974,16.99210726983785,3.9109863341812225,17.650304727302576,0,0,14.7,king+tour,1,10,8.44403372544057,1.0,0.0,0.0
26.5,-20.207240414480836,-24.365085255633744,5.09947579927391,3.0346953586924377,17.0217820061129,3.9144757992738484,17.681111777768354,0,0,14.7,king+tour,1,10,8.383441879051851,1.0,0.0,0.0
26.52,-20.163156622105316,-24.406856241133436,5.103080444116998,3.0418700844497946,17.052419892902666,3.918080444116936,17.71174870533073,0,0,14.7,king+tour,1,10,8.322725314219412,1.0,0.0,0.0
26.54,-20.11955455354768,-24.449264867216105,5.10680501527767,3.0469264755879566,17.08394779912037,3.9218050152776085,17.743776332778676,0,0,14.6,king+tour,1,10,8.261937330200926,1.0,0.0,0.0
26.56,-20.07647301874209,-24.49220346889021,5.110653052010453,3.0473552228242067,17.116265391787433,3.925653052010391,17.775571619732453,0,0,14.6,king+tour,1,10,8.201179608788339,1.0,0.0,0.0
26.58,-20.033878045340735,-24.535566379120397,5.114637938028356,3.0457154575193663,17.14925773956549,3.9296379380282946,17.80871277922678,0,0,14.6,king+tour,1,10,8.140498698669775,1.0,0.0,0.0
26.6,-19.991770806983048,-24.579286780296403,5.11875643775524,3.041979224576574,17.182855538607992,3.9337564377551786,17.842344551647464,0,0,14.6,king+tour,1,10,8.079941163998882,1.0,0.0,0.0
26.62,-19.950082988750207,-24.62330260474131,5.123038522844109,3.0387510770411317,17.21697927011033,3.938038522844047,17.876971526006027,0,0,14.6,king+tour,1,10,8.019498890404325,1.0,0.0,0.0
26.64,-19.908823738628207,-24.667548841231714,5.12750055062846,3.033135694352873,17.251563365944314,3.942500550628398,17.911325093128358,0,0,14.6,king+tour,1,10,7.959223161516799,1.0,0.0,0.0
26.66,-19.867924694823223,-24.71195648321687,5.132090539392581,3.0273083951336504,17.286522153322014,3.9470905393925193,17.946892969019085,0,0,14.6,king+tour,1,11,3.290695071637163,0.9974946975708008,0.0,0.0
26.68,-19.827384476865532,-24.756442727983192,5.136528073811086,3.017543271098857,17.321770698797923,3.9515280738110246,17.981789062404495,0,0,14.5,king+tour,1,12,6.669263348981392,1.0,0.0,0.0
26.7,-19.787154668672738,-24.8009513199138,5.140831458489225,3.007478737481995,17.357240505375238,3.955831458489163,18.014733441342784,0,0,14.5,king+tour,1,13,1.217793444014325,0.992186427116394,0.0,0.0
26.72,-19.74723023792904,-24.845446450729007,5.144978989966408,2.99623883136225,17.39289214087788,3.959978989966346,18.049767725020306,0,0,14.5,king+tour,1,14,5.8620516294127025,0.9795275926589966,0.0,0.0
26.74,-19.707545232022,-24.889900952346586,5.149218687772054,2.987087814825791,17.428682771899066,3.964218687771992,18.08318904777915,0,0,14.5,king+tour,1,15,0.9367248775923631,0.9641461968421936,0.0,0.0
26.76,-19.66808710613406,-24.93427776126723,5.153485416302452,2.9767641159989613,17.464570816433383,3.96848541630239,18.11847147822945,0,0,14.5,king+tour,1,16,5.744570164766175,0.9467149376869202,0.0,0.0
26.78,-19.62886130823205,-24.978482786438686,5.157924791805581,2.963298637631821,17.50046220383509,3.972924791805519,18.15179412883051,0,0,14.5,king+tour,1,17,3.0015168894475317,0.927631139755249,0.0,0.0
26.8,-19.58986641144117,-25.02249813644366,5.162459267127257,2.9489466247434963,17.536336213288305,3.9774592671271956,18.186130910165502,0,0,14.4,king+tour,1,18,6.354691297188526,0.9070490598678589,0.0,0.0
26.82,-19.551108164789877,-25.066233897380606,5.167167768676115,2.93137700366737,17.57210268236572,3.982167768676053,18.219286095874825,0,0,14.4,king+tour,1,19,5.086081967751463,0.885439932346344,0.0,0.0
26.84,-19.512573174085333,-25.109563635449405,5.171977143977692,2.9092704414085673,17.607631861173086,3.9869771439776303,18.25283127822224,0,0,14.4,king+tour,1,20,7.5163889963434025,0.8628302812576294,0.0,0.0
26.86,-19.474277591125368,-25.15240493173461,5.176917983189612,2.8837216551525384,17.64284254939922,3.99191798318955,18.285009446421,0,0,14.4,king+tour,1,21,7.17169996295819,0.8397975564002991,0.0,0.0
26.88,-19.436241288954594,-25.19460782373549,5.181929580475944,2.851736525095176,17.67758746795479,3.996929580475882,18.318024565570955,0,0,14.4,king+tour,1,22,9.017488624283958,0.8166264295578003,0.0,0.0
26.9,-19.398485571160137,-25.23609011497135,5.1869930387805665,2.8159870926347823,17.711785908664847,4.001993038780505,18.349521493625048,0,0,14.4,king+tour,1,22,9.027992391113889,0.793444812297821,0.0,0.0
26.92,-19.36106167339223,-25.276730946201376,5.192058085736314,2.773932221537835,17.74532395046158,4.0070580857362526,18.380432867285553,0,0,14.4,king+tour,1,22,9.038351372308993,0.7702977061271667,0.0,0.0
26.94,-19.324020590707793,-25.316470489595307,5.1971361995760725,2.728122227725053,17.77814716020741,4.012136199576011,18.409915766219253,0,0,14.4,king+tour,1,22,9.048532238733504,0.7472077012062073,0.0,0.0
26.96,-19.287423439522918,-25.355181998759303,5.202200672792767,2.675622033081887,17.810136338986954,4.017200672792705,18.439365935650798,0,0,14.4,king+tour,1,22,9.058451791762723,0.7241841554641724,0.0,0.0
26.98,-19.251328474707744,-25.392804415176965,5.207258248490871,2.6190989739100625,17.841235943540838,4.022258248490809,18.46700408077553,0,0,14.3,king+tour,1,22,9.068076304836456,0.7012369632720947,0.0,0.0
27.0,-19.215805098356586,-25.42921212854183,5.212262901355867,2.5556204775667255,17.87132806003752,4.0272629013558054,18.49511051978293,0,0,14.3,king+tour,1,22,9.0773242574514,0.6783707141876221,0.0,0.0
27.02,-19.180919507059492,-25.464340476675073,5.217217117826491,2.487744753564903,17.90035376127117,4.032217117826429,18.51994304183537,0,0,14.3,king+tour,1,22,9.086160118023423,0.655587911605835,0.0,0.0
27.04,-19.146742820209397,-25.4981568506828,5.22211174568316,2.416376655726107,17.9282860530124,4.037111745683098,18.545743799038373,0,0,14.3,king+tour,1,22,9.094576285612122,0.6328994631767273,0.0,0.0
27.06,-19.11328923848635,-25.53060437235906,5.226935876956157,2.342677973800061,17.955064618193195,4.041935876956095,18.568348565167646,0,0,14.3,king+tour,1,22,9.102512238355613,0.6103112697601318,0.0,0.0
27.08,-19.08064055619619,-25.56164916590999,5.231668709524865,2.265013998867808,17.980662314015127,4.046668709524803,18.591733851157983,0,0,14.3,king+tour,1,22,9.109964136568967,0.5878351926803589,0.0,0.0
27.1,-19.048802780383443,-25.591260408159997,5.236254329549679,2.186033821389357,18.00504299388203,4.051254329549617,18.612132439818023,0,0,14.3,king+tour,1,22,9.116887851657772,0.5654312968254089,0.0,0.0
27.12,-19.01785965400566,-25.619413166653747,5.240687203071331,2.103393239801968,18.028188180772727,4.055687203071269,18.63342851880606,0,0,14.3,king+tour,1,22,9.123287374158192,0.543205976486206,0.0,0.0
27.14,-18.987821730733092,-25.646119367501868,5.2448901882911185,2.0206206243545237,18.050104563462313,4.059890188291057,18.65124375231018,0,0,14.3,king+tour,1,22,9.129156970917984,0.5206574201583862,0.0,0.0
27.16,-18.958752250514497,-25.671420844551886,5.248796100017879,1.9367857183418349,18.070836347811824,4.063796100017817,18.669635952294506,0,0,14.3,king+tour,1,22,9.134545509011806,0.4981379508972168,0.0,0.0
27.18,-18.930649542697097,-25.695322930599445,5.252366890064177,1.8532555447440697,18.090382077979363,4.067366890064116,18.68474593023352,0,0,14.3,king+tour,1,22,9.139436520875273,0.47575876116752625,0.0,0.0
27.2,-18.90354228387202,-25.717901270680187,5.255453845370724,1.7706737523298202,18.108814527927546,4.070453845370662,18.701224575260774,0,0,14.3,king+tour,1,22,9.14389014335188,0.47755295038223267,0.0,0.0
27.22,-18.877197357714227,-25.73946873893163,5.2571941682537915,1.704581726387692,18.126404330418573,4.07219416825373,18.71439302748811,0,0,14.3,king+tour,1,22,9.148028772746324,0.4817490875720978,0.0,0.0
27.24,-18.851634719253692,-25.760003458749992,5.257771647673977,1.6397078135779057,18.14312814944505,4.072771647673915,18.72588350910759,0,0,14.3,king+tour,1,22,9.151831135290887,0.4887661337852478,0.0,0.0
27.26,-18.826860269505666,-25.77945827002093,5.257350426368929,1.5751511588520284,18.158935685687496,4.0723504263688675,18.736716409705355,0,0,14.3,king+tour,1,22,9.15524718597643,0.4971029758453369,0.0,0.0
27.28,-18.80283752160646,-25.79774794645937,5.256115239325945,1.5109023528034975,18.173733208380273,4.071115239325883,18.74688952080707,0,0,14.2,king+tour,1,22,9.15817237747042,0.5039258599281311,0.0,0.0
27.3,-18.77948334388601,-25.814839020544813,5.254224295115719,1.4500845668430047,18.187472228763234,4.069224295115657,18.756925285100134,0,0,14.2,king+tour,1,22,9.160522362371788,0.5108281970024109,0.0,0.0
27.32,-18.7567017651159,-25.830711709349607,5.25183092164267,1.3934407215002542,18.200116670415078,4.066830921642608,18.764332895926657,0,0,14.2,king+tour,1,22,9.162219030191418,0.5157493352890015,0.0,0.0
27.34,-18.73434032837311,-25.845312918781385,5.2490804651380625,1.342380517081531,18.211590533583312,4.064080465138001,18.771909334386045,0,0,14.2,king+tour,1,22,9.163127912370214,0.5193997025489807,0.0,0.0
27.36,-18.712282992627856,-25.858658176850074,5.246019261199597,1.2980687025844653,18.22189149748813,4.061019261199535,18.78038911823303,0,0,14.2,king+tour,1,22,9.163193730527707,0.5201599597930908,0.0,0.0
27.38,-18.690365325909337,-25.87070951719139,5.242722460658745,1.2614355039125824,18.23095854646436,4.057722460658683,18.78675976779043,0,0,14.2,king+tour,1,22,9.162292027353184,0.5177737474441528,0.0,0.0
27.4,-18.668466791664112,-25.881507990736633,5.239160821854538,1.233732248067047,18.238815547529267,4.0541608218544765,18.792348871473326,0,0,14.1,king+tour,1,22,9.160390296975125,0.5122747421264648,0.0,0.0
27.42,-18.64641035433727,-25.890990476798738,5.235456228109271,1.2146274987505061,18.24537646620647,4.050456228109209,18.79787716458232,0,0,14.1,king+tour,1,22,9.157339126941896,0.5032802224159241,0.0,0.0
27.44,-18.624073752130077,-25.89918697595992,5.231593772517722,1.20522296677668,18.25065545340767,4.04659377251766,18.800917507252784,0,0,14.1,king+tour,1,22,9.153098543461288,0.49481865763664246,0.0,0.0
27.46,-18.601373202132507,-25.906026069086437,5.227687650148731,1.201401220395191,18.25457153208314,4.042687650148669,18.80500078068561,0,0,14.1,king+tour,1,22,9.1475616177415,0.48819926381111145,0.0,0.0
27.48,-18.57819208646763,-25.911533925282495,5.223713275544371,1.2077833589271696,18.25713686633869,4.03871327554431,18.80621889442868,0,0,14.1,king+tour,1,22,9.14068989909901,0.48395076394081116,0.0,0.0
27.5,-18.554469916021354,-25.915791741135173,5.2196372067965555,1.222175010948193,18.2584257825312,4.034637206796494,18.807443581829368,0,0,14.1,king+tour,1,22,9.13252183709228,0.48256346583366394,0.0,0.0
27.52,-18.530201934184568,-25.91892019239335,5.215433088190874,1.2413669511429135,18.258558983480306,4.030433088190812,18.80814020789214,0,0,14.1,king+tour,1,22,9.123158804821099,0.4840780198574066,0.0,0.0
27.54,-18.50539105127258,-25.920991672777042,5.211048373908802,1.264018058798831,18.257610307688218,4.02604837390874,18.806000124240377,0,0,14.0,king+tour,1,22,9.112664681918801,0.48798468708992004,0.0,0.0
27.56,-18.479989442620404,-25.922120878066547,5.206456761234969,1.2918975710659981,18.25568962624118,4.021456761234907,18.80421389687882,0,0,14.0,king+tour,1,22,9.101115569680903,0.49376359581947327,0.0,0.0
27.58,-18.4539863788618,-25.922411609534667,5.201695931874765,1.3218446824585517,18.252900741715003,4.016695931874703,18.802638675162232,0,0,14.0,king+tour,1,22,9.088597272075384,0.5013012886047363,0.0,0.0
27.6,-18.427419039589562,-25.921914173559003,5.1968231769502,1.3507541403887442,18.249300073418073,4.011823176950138,18.79888893408258,0,0,14.0,king+tour,1,22,9.07517291985972,0.5101093649864197,0.0,0.0
27.62,-18.40028042114013,-25.920735010759472,5.191876364313,1.3805487962394198,18.2449946038831,4.006876364312938,18.795879862056044,0,0,14.0,king+tour,1,22,9.060933224306424,0.519478976726532,0.0,0.0
27.64,-18.372558960317832,-25.91901931609771,5.186928342711771,1.4105902275828317,18.240129466948062,4.001928342711709,18.790867128019666,0,0,14.0,king+tour,1,22,9.046001259682889,0.5292059183120728,0.0,0.0
27.66,-18.34430066237506,-25.916865236962483,5.182010317060277,1.4381919515941488,18.23480969807276,3.997010317060215,18.786718635550596,0,0,14.0,king+tour,1,22,9.030487441181533,0.5391271114349365,0.0,0.0
27.68,-18.315506703556373,-25.914423395996202,5.177128867892908,1.4653354545379065,18.229187385989455,3.9921288678928466,18.780152335802043,0,0,14.0,king+tour,1,22,9.014526931543998,0.5488073229789734,0.0,0.0
27.7,-18.286195386684714,-25.91179591647643,5.172218400658156,1.4917855357266352,18.223368412689684,3.9872184006580946,18.775020020852388,0,0,14.0,king+tour,1,22,8.998221241823876,0.558212399482727,0.0,0.0
27.72,-18.256330615380847,-25.909089386225325,5.167235843865759,1.519914260099739,18.21745727939713,3.9822358438656975,18.7681572673575,0,0,13.9,king+tour,1,22,8.981650473422487,0.5673542022705078,0.0,0.0
27.74,-18.225878516180156,-25.906352948876915,5.16245984504582,1.5472787400937966,18.211501954298907,3.9774598450457583,18.76304247125453,0,0,13.9,king+tour,1,22,8.964846132852905,0.5763437151908875,0.0,0.0
27.76,-18.194783064967815,-25.903694342647782,5.157996142607346,1.5763247703439638,18.205606701013963,3.9729961426072844,18.756320573879144,0,0,13.9,king+tour,1,22,8.947881828910312,0.5854959487915039,0.0,0.0
27.78,-18.163070556679614,-25.901160929890064,5.153806521460559,1.6044113308967083,18.199824639034855,3.968806521460497,18.751582335263933,0,0,13.9,king+tour,1,22,8.930817459780148,0.594953179359436,0.0,0.0
27.8,-18.130719209592392,-25.898852284710973,5.149828826121847,1.6338310508803855,18.19425593901418,3.964828826121785,18.745084585126587,0,0,13.9,king+tour,1,22,8.913737072865644,0.6043944954872131,0.0,0.0
27.82,-18.097771389946043,-25.89680392550748,5.145968333792932,1.661819782569992,18.188943638058376,3.96096833379287,18.740680064638838,0,0,13.9,king+tour,1,22,8.89669841020649,0.6100691556930542,0.0,0.0
27.84,-18.064213048617006,-25.895083101522943,5.142157981095298,1.6908890380671284,18.1839566915147,3.9571579810952366,18.73472784985998,0,0,13.9,king+tour,1,22,8.879761533087578,0.6006293892860413,0.0,0.0
27.86,-18.030076759990482,-25.893702852040274,5.138381369493072,1.71861432920668,18.17931472399348,3.95338136949301,18.72666909891663,0,0,13.9,king+tour,1,22,8.86296019441158,0.586512565612793,0.0,0.0
27.88,-17.995415406137294,-25.89264780797983,5.134648716320419,1.7438859399433277,18.175010790097904,3.9496487163203575,18.72175896853769,0,0,13.9,king+tour,1,22,8.846311869271174,0.5685641169548035,0.0,0.0
27.9,-17.96027564009148,-25.891854879579125,5.130986521632313,1.766949039401373,18.17098949600515,3.9459865216322516,18.714877255655882,0,0,13.9,king+tour,1,22,8.82978802609886,0.547897458076477,0.0,0.0
27.92,-17.924752150504922,-25.891303226808617,5.127436686305298,1.7852338530528715,18.167241448063468,3.9424366863052365,18.71016154297685,0,0,13.9,king+tour,1,22,8.813418522930425,0.5259461402893066,0.0,0.0
27.94,-17.888955049259312,-25.890925446546014,5.124056249142484,1.7979172192616566,18.16371149067139,3.939056249142422,18.704579937187404,0,0,13.9,king+tour,1,22,8.797197040995894,0.5037779211997986,0.0,0.0
27.96,-17.853018400894854,-25.890644689360645,5.1208909931956725,1.8038433728270298,18.160336204050903,3.9358909931956108,18.699731384836664,0,0,13.8,king+tour,1,22,8.781117492174312,0.4816439151763916,0.0,0.0
27.98,-17.81709439266532,-25.890435973183013,5.117986964712562,1.8020899749658024,18.157104263631922,3.9329869647125006,18.693955548840687,0,0,13.8,king+tour,1,22,8.765226149359616,0.45964694023132324,0.0,0.0
28.0,-17.78131552156463,-25.890221217664426,5.115395242432227,1.7936629850331345,18.15394860951882,3.930395242432165,18.688997638967543,0,0,13.8,king+tour,1,22,8.749510725595316,0.4378853142261505,0.0,0.0
28.02,-17.74587386962302,-25.88994988183739,5.113137670444539,1.7757258704265784,18.15083327266024,3.9281376704444773,18.6834521352118,0,0,13.8,king+tour,1,22,8.734007109284395,0.4163751006126404,0.0,0.0
28.04,-17.710915376445573,-25.889515872384944,5.111236275571606,1.7506426762086613,18.147661818724185,3.9262362755715445,18.678378315505924,0,0,13.8,king+tour,1,22,8.718678433785373,0.39520949125289917,0.0,0.0
28.06,-17.6766442018927,-25.88888478741787,5.109693997935644,1.7155832053384148,18.144412549058337,3.9246939979355826,18.672420772237693,0,0,13.8,king+tour,1,22,8.70357488486566,0.37441015243530273,0.0,0.0
28.08,-17.643217712288468,-25.887964764662442,5.108508212309458,1.6730083208726054,18.141001529172968,3.923508212309396,18.666917015247517,0,0,13.8,king+tour,1,22,8.688672132592451,0.3540952503681183,0.0,0.0
28.1,-17.61082686219746,-25.88673715807319,5.107658226656641,1.6212623655396483,18.137419174912235,3.922658226656579,18.660214193923697,0,0,13.8,king+tour,1,22,8.674024073594627,0.33430469036102295,0.0,0.0
28.12,-17.57961413777295,-25.885124531950783,5.107111528642746,1.5629568194047367,18.13359265579182,3.9221115286426844,18.65385916537312,0,0,13.8,king+tour,1,22,8.659608897618646,0.3151891529560089,0.0,0.0
28.14,-17.54972906296484,-25.883117008339884,5.106843173088387,1.4976814264374096,18.12951623312128,3.921843173088325,18.64661289771787,0,0,13.8,king+tour,1,22,8.645467609541708,0.2968316972255707,0.0,0.0
28.16,-17.52127136094551,-25.880663833033367,5.106828352638291,1.4281623620506143,18.125139345474732,3.9218283526382294,18.64002571190784,0,0,13.8,king+tour,1,22,8.631582383705505,0.27944356203079224,0.0,0.0
28.18,-17.494385817290883,-25.877797028958025,5.107026335199574,1.3519340038493826,18.12049667593018,3.9220263351995124,18.631627760086968,0,0,13.8,king+tour,1,22,8.618028676532909,0.26314684748649597,0.0,0.0
28.2,-17.469166410429224,-25.87448691538919,5.107373037555004,1.2719036292263346,18.115557628464032,3.9223730375549426,18.623196227956996,0,0,13.8,king+tour,1,22,8.60480445820159,0.24818092584609985,0.0,0.0
28.22,-17.445655321325606,-25.87074374927533,5.107859768430212,1.1906085737334415,18.11032813294041,3.9228597684301505,18.61495787082431,0,0,13.8,king+tour,1,22,8.59192340283223,0.23477505147457123,0.0,0.0
28.24,-17.42394549018067,-25.8665493676354,5.108405301636994,1.1059014560107634,18.104789158645833,3.923405301636932,18.60432147231047,0,0,13.8,king+tour,1,22,8.579394015498616,0.22314761579036713,0.0,0.0
28.26,-17.404074084845455,-25.861920460261707,5.1089916277616965,1.020592121999739,18.09895316625156,3.9239916277616347,18.596234613440267,0,0,13.9,king+tour,1,22,8.567234892227368,0.2136339396238327,0.0,0.0
28.28,-17.386058816490518,-25.856844656386325,5.109543642590636,0.9362403527581672,18.092802852438084,3.9245436425905744,18.58525311923903,0,0,13.9,king+tour,1,22,8.555431155898546,0.2064501792192459,0.0,0.0
28.3,-17.369925399773077,-25.851377250681075,5.1099839042247215,0.8520174447023148,18.08638943719387,3.9249839042246597,18.57627502089618,0,0,13.9,king+tour,1,22,8.544034289055027,0.20175674557685852,0.0,0.0
28.32,-17.35567813298653,-25.845496388895008,5.110255568080471,0.7707836069294384,18.07968638999566,3.9252555680804093,18.564521748965763,0,0,13.9,king+tour,1,22,8.533017597565856,0.199980229139328,0.0,0.0
28.34,-17.343300493939275,-25.8392342046975,5.110302818806995,0.6935833258137896,18.07272046436375,3.9253028188069337,18.55523428977688,0,0,13.9,king+tour,1,22,8.522397028352637,0.199754536151886,0.0,0.0
28.36,-17.33274611489892,-25.832572931155386,5.110088441427609,0.6241262688573699,18.06546753752412,3.9250884414275475,18.544396701916074,0,0,13.9,king+tour,1,22,8.512132246872222,0.19988736510276794,0.0,0.0
28.38,-17.323994111881515,-25.825560875689405,5.1095953328453625,0.561270065896444,18.0579715623182,3.9245953328453007,18.533903381540657,0,0,13.9,king+tour,1,22,8.502254987645554,0.19995136559009552,0.0,0.0
28.4,-17.316986658969828,-25.8182280036527,5.108858433517115,0.5084742600077645,18.050256704113732,3.9238584335170534,18.521038714736008,0,0,13.9,king+tour,1,22,8.492766899714313,0.20000994205474854,0.0,0.0
28.42,-17.311634078295352,-25.810587424531015,5.107993200103357,0.46844743048659065,18.0423291336396,3.9229932001032948,18.510559007200484,0,0,13.9,king+tour,1,22,8.483642860515118,0.19999313354492188,0.0,0.0
28.44,-17.307847386653627,-25.802603563827333,5.107047661712612,0.4443397016182328,18.034147027420662,3.9220476617125506,18.499836838988333,0,0,13.9,king+tour,1,22,8.474814258002485,0.19998016953468323,0.0,0.0
28.46,-17.305545589098042,-25.794308224552744,5.106078212249942,0.43315920262673696,18.025736773133644,3.9210782122498804,18.486833424539416,0,1,13.9,king+tour,1,22,8.466278541421612,0.19998611509799957,0.0,0.0
28.48,-17.304557527929997,-25.785734777658632,5.10512179378293,0.43415145053878756,18.017121750153557,3.920121793782868,18.475867347570173,0,1,13.9,king+tour,1,22,8.458000146810233,0.19998209178447723,0.0,0.0
28.5,-17.304705723036918,-25.776836584199646,5.104170543028283,0.447506107839506,18.00824543981602,3.919170543028221,18.46380600928488,0,1,13.9,king+tour,1,22,8.449867879039232,0.1999729424715042,0.0,0.0
28.52,-17.305825815871657,-25.767631450604036,5.1032520673199055,0.46592029924216194,17.99911661827683,3.9182520673198438,18.453142275897655,0,1,13.9,king+tour,1,22,8.441835267126246,0.19996677339076996,0.0,0.0
28.54,-17.30772626260721,-25.75811962462095,5.1023766810443165,0.4869620941578839,17.989725139890133,3.9173766810442547,18.4407630825725,0,1,13.9,king+tour,1,22,8.433829091122856,0.19997572898864746,0.0,0.0
28.56,-17.31027006876138,-25.748327817251653,5.101659880503225,0.5071100578846179,17.980090348232146,3.916659880503163,18.42985156415662,0,1,13.9,king+tour,1,22,8.425821733916118,0.1999349296092987,0.0,0.0
28.58,-17.313275606584437,-25.738236044294446,5.101143851120733,0.5271229110683299,17.97018245361338,3.9161438511206716,18.41765009661144,0,1,13.9,king+tour,1,22,8.417724889921578,0.19995033740997314,0.0,0.0
28.6,-17.316564519314483,-25.72788491299886,5.100819928627277,0.5432950207439917,17.96003225302894,3.915819928627215,18.40723063148044,0,1,13.9,king+tour,1,22,8.409506848759392,0.19995975494384766,0.0,0.0
28.62,-17.319995611375727,-25.717266979619147,5.100673938898319,0.5579744953618795,17.949624535209054,3.915673938898257,18.394253139145174,0,1,13.9,king+tour,1,22,8.401105909002345,0.19994792342185974,0.0,0.0
28.64,-17.323419288201393,-25.706445749870326,5.100649780122979,0.56749704829588,17.939014330192666,3.9156497801229175,18.38307759961692,0,1,13.9,king+tour,1,22,8.392521781972537,0.19996370375156403,0.0,0.0
28.66,-17.326700135862698,-25.695399147483187,5.100702402479536,0.5761817308555095,17.92817189575057,3.915702402479474,18.370779252511348,0,1,14.0,king+tour,1,22,8.383680685297708,0.19997291266918182,0.0,0.0
28.68,-17.329715082981235,-25.68415731039486,5.100790536410158,0.5819720243229801,17.917120208711243,3.9157905364100962,18.359112377356848,0,1,14.0,king+tour,1,22,8.374561248491021,0.1999669224023819,0.0,0.0
28.7,-17.332393125618783,-25.67273406517455,5.100893270022686,0.5866706868572305,17.905868850720076,3.9158932700226243,18.346974654468436,0,1,14.0,king+tour,1,22,8.365147457072187,0.19997954368591309,0.0,0.0
28.72,-17.334608879798658,-25.66114855882008,5.100990129655157,0.5897942562103357,17.894429552496817,3.9159901296550954,18.33469370173357,0,1,14.0,king+tour,1,22,8.355406251137227,0.19997774064540863,0.0,0.0
28.74,-17.336302677839505,-25.649429965013965,5.10105568008837,0.592027637562728,17.88282778608963,3.9160556800883084,18.322680315942012,0,1,14.0,king+tour,1,22,8.345339678396117,0.19997256994247437,0.0,0.0
28.76,-17.337437115379007,-25.63755463267375,5.101087518845274,0.5964718778535039,17.871037579006543,3.9160875188452122,18.310191111678176,0,1,14.0,king+tour,1,22,8.334910153456102,0.19996842741966248,0.0,0.0
28.78,-17.33795897580325,-25.62556894329859,5.101063101158404,0.5998534911203895,17.859101994598905,3.9160631011583424,18.297621345226297,0,1,14.0,king+tour,1,22,8.324137903299382,0.19997981190681458,0.0,0.0
28.8,-17.337828700379415,-25.61345466025811,5.100992467826269,0.6057594702902409,17.847000417643493,3.9159924678262072,18.28488697752102,0,1,14.0,king+tour,1,22,8.312989371873542,0.21997201442718506,0.0,0.0
28.82,-17.337071701984364,-25.6012125319239,5.100884164604073,0.6132994421759724,17.834735002128948,3.9158841646040115,18.271996885311427,0,1,14.0,king+tour,1,22,8.301474537674723,0.24195441603660583,0.0,0.0
28.84,-17.335644670487174,-25.58881994494443,5.100731848019451,0.6237704531309778,17.822280676532678,3.915731848019389,18.258531024951726,0,1,14.0,king+tour,1,22,8.289554482873966,0.2651427090167999,0.0,0.0
28.86,-17.333558890341724,-25.57627248447189,5.100585048578865,0.6360243572397488,17.809633762931636,3.9155850485788033,18.244081692618934,0,1,14.0,king+tour,1,22,8.277228982838533,0.2886970043182373,0.0,0.0
28.88,-17.330852573547368,-25.563503818998726,5.100476180713676,0.6526385308290786,17.796730387742404,3.915476180713614,18.230040420075692,0,1,14.1,king+tour,1,22,8.264452122598051,0.31240591406822205,0.0,0.0
28.9,-17.32751354037711,-25.55044240260395,5.100410583488556,0.6740809368053683,17.783498625314046,3.9154105834884945,18.21470656460531,0,1,14.1,king+tour,1,22,8.251153061023212,0.3361667990684509,0.0,0.0
28.92,-17.323584508912898,-25.537008694811448,5.100379806620327,0.6998263008001941,17.76986177913962,3.9153798066202654,18.20027899654078,0,1,14.1,king+tour,1,22,8.237275887910345,0.3599158227443695,0.0,0.0
28.94,-17.319042063371853,-25.523093121525427,5.100407596756061,0.7319114763131831,17.75570942146026,3.9154075967559994,18.1843898571822,0,1,14.1,king+tour,1,22,8.222710643916328,0.38366299867630005,0.0,0.0
28.96,-17.31393673843191,-25.508619797168123,5.100501976157497,0.7673825124498355,17.740969030039356,3.915501976157435,18.168726436034536,0,1,14.1,king+tour,1,22,8.207408114913854,0.4074605405330658,0.0,0.0
28.98,-17.308264125840807,-25.493491109822852,5.1006296622014515,0.8078861586349099,17.72554328543732,3.9156296622013897,18.152069897013945,0,1,14.1,king+tour,1,22,8.19127710063085,0.4312341511249542,0.0,0.0
29.0,-17.302069859104655,-25.477604846969598,5.100820792181342,0.8526118966307219,17.70933313583533,3.9158207921812807,18.135258601279116,0,1,14.1,king+tour,1,22,8.17424244819241,0.4550122916698456,0.0,0.0
29.02,-17.295338443583493,-25.460833898328495,5.101053065227447,0.9036462582351644,17.692211236193085,3.916053065227385,18.11722815096264,0,1,14.1,king+tour,1,22,8.156181576951733,0.47879457473754883,0.0,0.0
29.04,-17.288115035781033,-25.44307137962372,5.101362539484278,0.9588801610912597,17.67407385746278,3.916362539484216,18.09897526193792,0,1,14.2,king+tour,1,22,8.137014934894925,0.5025263428688049,0.0,0.0
29.06,-17.280384848357045,-25.42419061056887,5.101732407881833,1.0202647209720104,17.65479416357916,3.9167324078817716,18.07924018466115,0,1,14.2,king+tour,1,22,8.116620662282392,0.526308536529541,0.0,0.0
29.08,-17.272205496970464,-25.404108997627045,5.1021244450084335,1.0843507972043442,17.634293351619583,3.9171244450083718,18.05910390719069,0,1,14.2,king+tour,1,22,8.094946501561667,0.549912691116333,0.0,0.0
29.1,-17.26358342950972,-25.38275522214191,5.102489019384084,1.1515822693609936,17.61250102791979,3.917489019384022,18.036987766588474,0,1,14.2,king+tour,1,22,8.071929848024824,0.573494017124176,0.0,0.0
29.12,-17.254582927538774,-25.360059288179365,5.102852038095882,1.2209076917875132,17.589351246914596,3.9178520380958206,18.014385025280937,0,1,14.2,king+tour,1,22,8.047532712436912,0.5971922874450684,0.0,0.0
29.14,-17.245209456590292,-25.33593085399196,5.103198909041407,1.294375924346188,17.564754505264293,3.9181989090413456,17.989703198687646,0,1,14.2,king+tour,1,22,8.021674757286927,0.6209390759468079,0.0,0.0
29.16,-17.23554097768138,-25.31032460333574,5.103504048301454,1.3686240052048697,17.538670102173796,3.9185040483013927,17.964522617923137,0,1,14.3,king+tour,1,22,7.994346203686155,0.6447105407714844,0.0,0.0
29.18,-17.225596348917936,-25.283187921709256,5.10367668353814,1.445099420338264,17.511046809030137,3.918676683538078,17.937544336717785,0,1,14.3,king+tour,1,23,9.688905697183047,0.6458116173744202,0.0,0.0
29.2,-17.21538222411503,-25.25452126267735,5.10365204172473,1.521599727885011,17.481885728077298,3.918652041724668,17.90949569317856,0,1,14.3,king+tour,1,23,9.66438099203057,0.6421218514442444,0.0,0.0
29.22,-17.20496352471638,-25.22433767684129,5.103421478024649,1.596598971800675,17.451203538884187,3.9184214780245874,17.880057798187945,0,1,14.3,king+tour,1,23,9.638497521634774,0.6332828998565674,0.0,0.0
29.24,-17.194434387131448,-25.19265963075794,5.102959176051897,1.669262610447655,17.41902769179715,3.917959176051835,17.849932422151934,0,1,14.4,king+tour,1,23,9.611253273901236,0.6199686527252197,0.0,0.0
29.26,-17.18385053007371,-25.159562835917473,5.1022903786115235,1.7377162807452313,17.38543669027914,3.9172903786114617,17.818097421816283,0,1,14.4,king+tour,1,23,9.582707820970368,0.6027244925498962,0.0,0.0
29.28,-17.173335576860328,-25.125151917432454,5.101461636662474,1.7995571436330116,17.350541204301962,3.9164616366624125,17.785922605351924,0,1,14.4,king+tour,1,23,9.55292778561969,0.5825607776641846,0.0,0.0
29.3,-17.162957159079532,-25.089522887044726,5.100520771509056,1.8560876792592413,17.31444029571018,3.9155207715089944,17.753168721693083,0,1,14.4,king+tour,1,23,9.521987103295613,0.5605108141899109,0.0,0.0
29.32,-17.15285412732125,-25.05280129967209,5.099538806161849,1.904934700861208,17.277265903560956,3.9145388061617874,17.719668691197747,0,1,14.5,king+tour,1,23,9.48996580561049,0.5378532409667969,0.0,0.0
29.34,-17.14312805624497,-25.01518402435947,5.098600975383343,1.943280336888746,17.23921914719693,3.9136009753832814,17.686199234438494,0,1,14.5,king+tour,1,23,9.457021745564555,0.5151321291923523,0.0,0.0
29.36,-17.133928919755693,-24.976831591936023,5.097782378143111,1.9724371259846645,17.200467033599196,3.9127823781430493,17.65225527712489,0,1,14.5,king+tour,1,23,9.42326211388569,0.49238085746765137,0.0,0.0
29.38,-17.125362221832646,-24.937986571652512,5.097127954194771,1.98919090639592,17.16125619270898,3.912127954194709,17.61844752805942,0,1,14.5,king+tour,1,23,9.388884188800477,0.46977466344833374,0.0,0.0
29.4,-17.117468916331756,-24.898851262202964,5.096679958494042,1.9962949541526647,17.121789887635167,3.9116799584939805,17.58502489496499,0,1,14.6,king+tour,1,23,9.354065385442038,0.44721120595932007,0.0,0.0
29.42,-17.110352103296638,-24.859665428493546,5.096482182486774,1.9913674363537606,17.082311759995942,3.9114821824867123,17.551383964610096,0,1,14.6,king+tour,1,23,9.318998683966313,0.4247798025608063,0.0,0.0
29.44,-17.104055423953962,-24.820678756831388,5.096552621846968,1.974597237249292,17.04307255834471,3.911552621846906,17.5198061928921,0,1,14.6,king+tour,1,23,9.283903743509354,0.402552992105484,0.0,0.0
29.46,-17.09864913211648,-24.78213234691882,5.0969024016928195,1.9462631210348253,17.00431576631813,3.9119024016927577,17.48710444071201,0,1,14.7,king+tour,1,23,9.248982939619163,0.3805186450481415,0.0,0.0
29.48,-17.094153181368466,-24.74431066546691,5.097502829890201,1.9046349223662173,16.966325924290377,3.9125028298901396,17.457275301169503,0,1,14.7,king+tour,1,23,9.214494817815535,0.35883158445358276,0.0,0.0
29.5,-17.090622573008766,-24.70742593464948,5.0983231276019465,1.8531199712914157,16.929317154638547,3.9133231276018847,17.426931671133545,0,1,14.7,king+tour,1,23,9.180617812549027,0.3373466730117798,0.0,0.0
29.52,-17.088065486180767,-24.67174622354725,5.099302964162032,1.7892320678637854,16.893557323172207,3.91430296416197,17.396819969199903,0,1,14.8,king+tour,1,23,9.147597781842926,0.31639108061790466,0.0,0.0
29.54,-17.086460022637745,-24.637486781401844,5.10039413193084,1.7157196277379687,16.859260289256085,3.9153941319307783,17.369210706811806,0,1,14.8,king+tour,1,23,9.115640026820916,0.2959025204181671,0.0,0.0
29.56,-17.085748081783784,-24.604809329162,5.10155920415121,1.6352982433990144,16.826584906771068,3.916559204151148,17.34215550680687,0,1,14.8,king+tour,1,23,9.084910997586066,0.2756706476211548,0.0,0.0
29.58,-17.085918263687848,-24.573901022382397,5.102706448844978,1.546502958491946,16.79571771789866,3.917706448844916,17.31475179440565,0,1,14.9,king+tour,1,23,9.055586734580922,0.2560398280620575,0.0,0.0
29.6,-17.0868907489682,-24.54489716586349,5.103766134648951,1.4519748229506986,16.766790395064497,3.918766134648889,17.291024858016375,0,1,14.9,king+tour,1,23,9.027816628821663,0.2377007156610489,0.0,0.0
29.62,-17.08863603592369,-24.517870478574267,5.1046997434565125,1.3549533919954313,16.739874496718997,3.9196997434564507,17.267481961983613,0,1,14.9,king+tour,1,23,9.001675267476001,0.22091315686702728,0.0,0.0
29.64,-17.091066651691094,-24.492940692603792,5.105432806213806,1.2529360543823795,16.715085885282875,3.9204328062137446,17.244381791003544,0,1,14.9,king+tour,1,23,8.977301088466904,0.20975260436534882,0.0,0.0
29.66,-17.094086563027325,-24.469977174591087,5.105583566990225,1.1580865175045656,16.692289923162814,3.920583566990163,17.224509247362402,0,1,15.0,king+tour,1,23,8.954599166979634,0.20257118344306946,0.0,0.0
29.68,-17.09758466516224,-24.44890046010506,5.104981197043281,1.06867612215377,16.671402332266002,3.919981197043219,17.204736319609065,0,0,15.0,king+tour,1,23,8.933528628748268,0.19984914362430573,0.0,0.0
29.7,-17.101516230823027,-24.429735227091886,5.103556084081176,0.9808087376614399,16.65244594524753,3.918556084081114,17.18496738521178,0,1,15.0,king+tour,1,23,8.914126101814817,0.1992875337600708,0.0,0.0
29.72,-17.10579915408908,-24.412499837583255,5.101326283635725,0.8949498494939612,16.635435460536065,3.916326283635663,17.165198146061435,0,1,15.0,king+tour,1,23,8.8964347945573,0.19940532743930817,0.0,0.0
29.74,-17.110441157644846,-24.3974032393611,5.098723630163209,0.8003581698072064,16.62058019747432,3.9137236301631475,17.1459103129081,0,1,15.0,king+tour,1,23,8.880649270625721,0.19810764491558075,0.0,0.0
29.76,-17.11537117004483,-24.38446365699343,5.095994291818285,0.7056683036576393,16.60789514939295,3.9109942918182234,17.127254768175074,0,1,15.0,king+tour,1,23,8.86680970259609,0.19852334260940552,0.0,0.0
29.78,-17.12057962536917,-24.373595912744825,5.093336849150382,0.6170451228473467,16.59729495955558,3.90833684915032,17.112566858155937,0,1,15.0,king+tour,1,23,8.854838801682162,0.19913458824157715,0.0,0.0
29.8,-17.12599772837346,-24.36460936228577,5.09088405433953,0.5388184566772608,16.588586004764046,3.9058840543394684,17.097883129509583,0,1,15.0,king+tour,1,23,8.844579065221435,0.199593648314476,0.0,0.0
29.82,-17.131616046221755,-24.35735389512501,5.08871737170987,0.4714387891949055,16.581618017955,3.903717371709808,17.086336407036747,0,1,15.0,king+tour,1,23,8.83589218102245,0.19983303546905518,0.0,0.0
29.84,-17.137371436388968,-24.35156151771768,5.086811850861725,0.4192468297688456,16.576120303414832,3.9018118508616633,17.074671480656395,0,1,15.0,king+tour,1,23,8.828545864264658,0.19995072484016418,0.0,0.0
29.86,-17.143269109104057,-24.34702357117838,5.085177785663028,0.38093854924871284,16.571884803400792,3.900177785662966,17.066442064401407,0,1,15.0,king+tour,1,23,8.822341745863543,0.19998562335968018,0.0,0.0
29.88,-17.149271034180853,-24.343476950240397,5.083856930887571,0.35477557005465316,16.56864690802452,3.8988569308875096,17.058362256673313,0,1,15.0,king+tour,1,23,8.81704390687452,0.19998793303966522,0.0,0.0
29.9,-17.155367529614363,-24.340704359953637,5.082789603671208,0.3390932794078567,16.566189173245572,3.8977896036711464,17.053160024001194,0,1,15.0,king+tour,1,23,8.812450460100296,0.19995029270648956,0.0,0.0
29.92,-17.161504558873443,-24.338472340621166,5.08198696953806,0.3289728711422651,16.564275724353834,3.8969869695379984,17.046767250809182,0,1,15.0,king+tour,1,23,8.808358379664197,0.19995836913585663,0.0,0.0
29.94,-17.1676750742916,-24.336616401912888,5.081494374793755,0.3231192450038347,16.562741942224918,3.8964943747936935,17.04298896569141,0,1,15.0,king+tour,1,23,8.804614558141207,0.19995565712451935,0.0,0.0
29.96,-17.1738354880934,-24.334893182072555,5.081258612651505,0.32006159022604536,16.561342532808204,3.896258612651443,17.038060975794274,0,1,15.0,king+tour,1,23,8.801002795415977,0.21991294622421265,0.0,0.0
29.98,-17.17998643456147,-24.33312905714906,5.081278767894742,0.3199479857437899,16.559904128658893,3.89627876789468,17.035277285290146,0,1,15.0,king+tour,1,23,8.797358489476217,0.24189484119415283,0.0,0.0
30.0,-17.186101634360064,-24.331102254504504,5.0814959896319065,0.322299483476945,16.558203866635488,3.8964959896318447,17.031039652967348,0,1,15.0,king+tour,1,23,8.793479902016104,0.26505839824676514,0.0,0.0
30.02,-17.19219438300601,-24.32865468090419,5.081904940439885,0.32893556874788643,16.556084567304033,3.896904940439823,17.02823832182155,0,1,15.0,king+tour,1,23,8.789212773426883,0.288662850856781,0.0,0.0
30.04,-17.198316390591835,-24.325585550434194,5.082505964551297,0.34372870372297576,16.553348522987957,3.897505964551235,17.023895364058482,0,1,15.0,king+tour,1,23,8.784350050221416,0.31233540177345276,0.0,0.0
30.06,-17.204478500196622,-24.321741334781326,5.083262322940171,0.36510843176921165,16.54984309222871,3.898262322940109,17.020436809933752,0,1,15.0,king+tour,1,23,8.778742466826955,0.3360556364059448,0.0,0.0
30.08,-17.210760007183946,-24.31694033916912,5.084150304522185,0.39779203168931393,16.545391281283635,3.8991503045221236,17.015176649172144,0,1,15.0,king+tour,1,23,8.77219221989709,0.3598416745662689,0.0,0.0
30.1,-17.21717407531129,-24.311025509775646,5.085171877871446,0.43922969163076736,16.53983720435188,3.900171877871384,17.00933805004114,0,1,15.0,king+tour,1,23,8.764545918144368,0.383592426776886,0.0,0.0
30.12,-17.223801976844648,-24.30383101196626,5.086269744854492,0.4921767705245011,16.533020029999197,3.90126974485443,17.002800704906978,0,1,15.0,king+tour,1,23,8.755620191572055,0.40733790397644043,0.0,0.0
30.14,-17.230749352618048,-24.295255805233566,5.087428026704839,0.5548464145377002,16.524845149457466,3.9024280267047775,16.994848072946166,0,1,15.0,king+tour,1,23,8.745285474030366,0.43103617429733276,0.0,0.0
30.16,-17.238093154201426,-24.285168343102917,5.088534019480568,0.6263216704562932,16.515186103851164,3.9035340194805066,16.985559778738697,0,1,15.1,king+tour,1,23,8.733392462177786,0.4546873867511749,0.0,0.0
30.18,-17.2459424345918,-24.273480266951164,5.089580836034353,0.70590040316108,16.503961581144047,3.904580836034291,16.97431471963633,0,1,15.1,king+tour,1,23,8.719822750561645,0.4784473478794098,0.0,0.0
30.2,-17.25434193417845,-24.260115971296738,5.090527413254852,0.7906516301118579,16.49109960071732,3.9055274132547906,16.96250368476605,0,1,15.1,king+tour,1,23,8.704490454568974,0.5021765232086182,0.0,0.0
30.22,-17.26339600241375,-24.24499488600266,5.091371411516,0.8822353783784805,16.476526873757617,3.906371411515938,16.94810970101103,0,1,15.1,king+tour,1,23,8.687286233906137,0.5258964896202087,0.0,0.0
30.24,-17.273126928738048,-24.22807426680414,5.09209492250934,0.9766290868950346,16.460203416693975,3.9070949225092786,16.93298952458138,0,1,15.1,king+tour,1,23,8.668162601544694,0.5496892333030701,0.0,0.0
30.26,-17.28362140422544,-24.209306045452077,5.09263749962363,1.0754935360108038,16.442087940970666,3.9076374996235685,16.915638671303736,0,1,15.1,king+tour,1,23,8.647046803590126,0.5734530687332153,0.0,0.0
30.28,-17.29489166435861,-24.18865608569794,5.092975964232578,1.1763865857024949,16.4221489766949,3.9079759642325165,16.89694456211612,0,1,15.2,king+tour,1,23,8.62390280542368,0.5972360372543335,0.0,0.0
30.3,-17.30697338356549,-24.166165985184843,5.093112565098244,1.2765101056001438,16.40043227674945,3.9081125650981825,16.876023000299703,0,1,15.2,king+tour,1,23,8.598759169462454,0.6209741234779358,0.0,0.0
30.32,-17.319878626957497,-24.141812832303224,5.093023260208985,1.378068700796268,16.376918024849743,3.908023260208923,16.85378898022403,0,1,15.2,king+tour,1,23,8.571590679126988,0.644741952419281,0.0,0.0
30.34,-17.33365012596724,-24.115633262275793,5.092740826126355,1.4791077046715504,16.35164798719352,3.907740826126293,16.829349437619545,0,1,15.2,king+tour,1,23,8.54241914790604,0.6685141921043396,0.0,0.0
30.36,-17.348285144000897,-24.087630456920742,5.092308165295035,1.5799747276407439,16.32462799008665,3.907308165294973,16.80365119783266,0,1,15.2,king+tour,1,23,8.511248914538827,0.6922883987426758,0.0,0.0
30.38,-17.363809621368922,-24.05787807558696,5.091781084071393,1.678162244240338,16.2959362416017,3.906781084071331,16.775960889093344,0,1,15.3,king+tour,1,23,8.478142414079398,0.7160475254058838,0.0,0.0
30.4,-17.380228607128345,-24.026375961139678,5.091205120579659,1.776441697580916,16.265576219134132,3.906205120579597,16.747080043205013,0,1,15.3,king+tour,1,23,8.44309855565299,0.739730715751648,0.0,0.0
30.42,-17.39755388382726,-23.99323859426581,5.090572065296845,1.8699271743962733,16.23366647692655,3.9055720652967834,16.716378462481973,0,1,15.3,king+tour,1,23,8.406223231180757,0.7634339928627014,0.0,0.0
30.44,-17.415780690835344,-23.95849513180646,5.0898849150400425,1.962012266048435,16.200239562284203,3.9048849150399807,16.684580064404372,0,1,15.3,king+tour,1,23,8.367546486327193,0.7872177362442017,0.0,0.0
30.46,-17.43492778108879,-23.922249608203458,5.089171986954912,2.049912993814505,16.165404558453314,3.90417198695485,16.650842467568626,0,1,15.4,king+tour,1,23,8.327162442447603,0.8109992742538452,0.0,0.0
30.48,-17.454997582627318,-23.88452343302396,5.088474261085384,2.13690667137051,16.12918727391917,3.9034742610853224,16.616088348105443,0,1,15.4,king+tour,1,23,8.285091856481541,0.8347294330596924,0.0,0.0
30.5,-17.47596975371563,-23.845390130873035,5.087847682456492,2.2201575947279237,16.091664093725303,3.9028476824564304,16.57994153566492,0,1,15.4,king+tour,1,23,8.24141219632645,0.858420193195343,0.0,0.0
30.52,-17.497785604735743,-23.8048744933484,5.087270029474615,2.300968232465897,16.052860055666454,3.902270029474553,16.54284429003941,0,1,15.5,king+tour,1,23,8.19616634389445,0.8821877241134644,0.0,0.0
30.54,-17.520414890669304,-23.76307886132761,5.086744484317525,2.37657086765374,16.01287954258252,3.9017444843174633,16.505058213633195,0,1,15.5,king+tour,1,23,8.149462296471228,0.9059758186340332,0.0,0.0
30.56,-17.54381537273609,-23.720014532350767,5.08631425175481,2.4506652623531777,15.971735217142104,3.901314251754748,16.466405578559435,0,1,15.5,king+tour,1,23,8.101325033777782,0.929696261882782,0.0,0.0
30.58,-17.567949411753887,-23.67580329548958,5.085937696183265,2.5185447674236556,15.92955017546723,3.9009376961832034,16.425902655811427,0,1,15.6,king+tour,1,23,8.05188340047451,0.9533607363700867,0.0,0.0
30.6,-17.59275969940985,-23.63048778092318,5.085577997079611,2.5832032524728965,15.886366895666752,3.900577997079549,16.38544829730879,0,1,15.6,king+tour,1,23,8.001196762960108,0.9770710468292236,0.0,0.0
30.62,-17.618252729450155,-23.584107971353376,5.085225058877054,2.646273739497727,15.842230251052008,3.900225058876992,16.342893936374466,0,1,15.7,king+tour,1,23,7.949302723001399,1.0,0.0,0.0
30.64,-17.64437628368829,-23.536694823915965,5.084902482603534,2.7067280484961853,15.79717135365744,3.899902482603472,16.298666531652117,0,1,15.7,king+tour,1,24,8.371573768769608,0.9991014003753662,0.0,0.0
30.66,-17.671142319151667,-23.488269022827744,5.084594190511468,2.766574555961207,15.751216399709303,3.899594190511406,16.254912409262285,0,1,15.7,king+tour,1,24,8.339751728061685,0.9936739802360535,0.0,0.0
30.68,-17.698497595283737,-23.43886581616503,5.084311110816955,2.8235917263894135,15.704400566023924,3.8993111108168934,16.20960388749788,0,1,15.8,king+tour,1,24,8.30756336678982,0.9846186637878418,0.0,0.0
30.7,-17.72630955193633,-23.388550480212796,5.08404926418801,2.8745462809324946,15.65678145685817,3.8990492641879486,16.164850446283896,0,1,15.8,king+tour,1,24,8.275026348931142,0.9726715683937073,0.0,0.0
30.72,-17.754505745926508,-23.33735856911057,5.0838008674919655,2.9221990087725853,15.608391662502163,3.8988008674919037,16.119477320176482,0,1,15.9,king+tour,1,24,8.242156524107964,0.958256185054779,0.0,0.0
30.74,-17.782941282217404,-23.28534552081363,5.083576977051194,2.963944603151449,15.559276171377599,3.898576977051132,16.07373813325357,0,1,15.9,king+tour,1,24,8.20895267999176,0.9415843486785889,0.0,0.0
30.76,-17.811493161217186,-23.23263613066427,5.083409981703772,2.9972977378722114,15.509549937395315,3.8984099817037103,16.02736602567413,0,1,16.0,king+tour,1,24,8.175481974574687,0.9229116439819336,0.0,0.0
30.78,-17.84000624982418,-23.17929999280771,5.083338599235451,3.023964665311534,15.45926869585711,3.898338599235389,15.981210109901134,0,1,16.0,king+tour,1,24,8.141744062878516,0.9026060700416565,0.0,0.0
30.8,-17.868311970229907,-23.125461688777055,5.083409994214154,3.0412916194552837,15.408540158473807,3.8984099942140924,15.934392761324158,0,1,16.1,king+tour,1,24,8.107776623541964,0.8810031414031982,0.0,0.0
30.82,-17.896189937596894,-23.07123185541283,5.083640621034996,3.0488149664897453,15.357451255819258,3.898640621034934,15.888756597675707,0,1,16.1,king+tour,1,24,8.073575167349127,0.8584707975387573,0.0,0.0
30.84,-17.92346714481925,-23.016758312574137,5.084050231502585,3.046137178454627,15.306128918640919,3.899050231502523,15.841582870168738,0,1,16.2,king+tour,1,24,8.039184762993965,0.8352968692779541,0.0,0.0
30.86,-17.94999298071526,-22.96220919627968,5.084613224437987,3.0329618442759445,15.254721109230896,3.8996132244379256,15.79560795877163,0,1,16.2,king+tour,1,24,8.004673724797355,0.8120140433311462,0.0,0.0
30.88,-17.975648848622626,-22.90772145949791,5.085349770724499,3.011511048506968,15.203346945271418,3.9003497707244374,15.749147629006975,0,1,16.3,king+tour,1,24,7.970094072817607,0.788709819316864,0.0,0.0
30.9,-18.000296237883084,-22.85347562185637,5.0861883648352935,2.979432806286968,15.15216559165183,3.9011883648352317,15.704257924350244,0,1,16.3,king+tour,1,25,9.076499640446727,0.8046952486038208,0.0,0.0
30.92,-18.02388485282461,-22.799618545222543,5.087015625285101,2.940107063634479,15.101311653182933,3.9020156252850393,15.658801502586055,0,1,16.4,king+tour,1,25,9.018775838012635,0.8245205879211426,0.0,0.0
30.94,-18.046372480838464,-22.746302330814135,5.0877572844854875,2.893467725283299,15.05092549890078,3.9027572844854257,15.612692530608982,0,1,16.4,king+tour,1,25,8.961833793684752,0.846716582775116,0.0,0.0
30.96,-18.067733372625458,-22.6936296539968,5.088360307709398,2.8421216626174606,15.001100066209622,3.9033603077093364,15.566189794664986,0,1,16.5,king+tour,1,25,8.905776264881009,0.8697542548179626,0.0,0.0
30.98,-18.08801581465075,-22.64166878596768,5.088746545432333,2.789022427494757,14.951902868496019,3.903746545432271,15.518542102964235,0,1,16.6,king+tour,1,25,8.850656638430495,0.8928655982017517,0.0,0.0
31.0,-18.107216326544656,-22.590437377135384,5.0889259699756275,2.735575397012796,14.90334537959864,3.9039259699755657,15.471653024901434,0,1,16.6,king+tour,1,25,8.796490457278047,0.9162586331367493,0.0,0.0
31.02,-18.12538787543793,-22.53992997361201,5.088931438370225,2.6838419428856506,14.855423202624955,3.9039314383701633,15.422823312112072,0,1,16.7,king+tour,1,25,8.743258807318469,0.9397000074386597,0.0,0.0
31.04,-18.142637899209554,-22.490121881120455,5.0888649977766836,2.6355330637849845,14.808120126840077,3.9038649977766218,15.374147027585785,0,1,16.7,king+tour,1,25,8.690912698315007,0.9631450772285461,0.0,0.0
31.06,-18.159033111718568,-22.440923223943685,5.088900446226378,2.592928902710992,14.761351001573408,3.9039004462263165,15.324375146930842,0,1,16.8,king+tour,1,25,8.639348584023015,0.9864209294319153,0.0,0.0
31.08,-18.17473415518543,-22.392197805337457,5.0891152098753585,2.5596558888477916,14.714997247490654,3.9041152098752967,15.277447436005849,0,1,16.8,king+tour,1,25,8.588397953527624,1.0,0.0,0.0
31.1,-18.18987782459046,-22.34374546217071,5.0894530836984355,2.5382446888142955,14.668874913440458,3.9044530836983737,15.229037753088074,0,1,16.9,king+tour,1,25,8.537835242460682,1.0,0.0,0.0
31.12,-18.204627336703744,-22.29543890140955,5.089829384051913,2.525476946097192,14.622876712134737,3.904829384051851,15.18290060392143,0,1,16.9,king+tour,1,25,8.487500784514271,1.0,0.0,0.0
31.14,-18.219155608044556,-22.247106746404807,5.0902802245803445,2.5235248823505207,14.576853965117023,3.9052802245802827,15.137004153540293,0,1,17.0,king+tour,1,25,8.43719007934246,1.0,0.0,0.0
31.16,-18.233652601071118,-22.198625397490122,5.090977359698198,2.5303606446374602,14.530708715488565,3.905977359698136,15.091697590915247,0,1,17.0,king+tour,1,25,8.386742009986529,1.0,0.0,0.0
31.18,-18.248245548183682,-22.149911953868155,5.091860090530986,2.542996710902222,14.484376099851406,3.906860090530924,15.046003654661988,0,1,17.1,king+tour,1,25,8.336048735177917,1.0,0.0,0.0
31.2,-18.263132833417927,-22.10085999092027,5.092972268098162,2.56367083964934,14.437778395398997,3.9079722680981,15.001833093462242,0,1,17.1,king+tour,1,25,8.28496470401918,1.0,0.0,0.0
31.22,-18.27843502688414,-22.051405025310384,5.094229407899197,2.5891751335279656,14.390870047645777,3.9092294078991356,14.956027971746963,0,1,17.2,king+tour,1,25,8.233402020929908,1.0,0.0,0.0
31.24,-18.294251306936033,-22.001504776297566,5.095730865256566,2.6184174325426746,14.343625376233621,3.910730865256504,14.91154058623818,0,1,17.2,king+tour,1,25,8.18129924211321,1.0,0.0,0.0
31.26,-18.310721363372966,-21.95111177784165,5.097383704773927,2.6520977220324764,14.296020001385964,3.912383704773865,14.866855663870702,0,1,17.3,king+tour,1,25,8.128581722286901,1.0,0.0,0.0
31.28,-18.327916999208075,-21.90020906151094,5.099154395273281,2.6878949786324426,14.248051192956561,3.9141543952732194,14.821665257642113,0,1,17.4,king+tour,1,25,8.07521917827107,1.0,0.0,0.0
31.3,-18.345826773179247,-21.84889416273234,5.1006383646762705,2.7185386724972886,14.19981826657242,3.9156383646762087,14.776480793601698,0,1,17.4,king+tour,1,25,8.021310905463295,0.9907885789871216,0.0,0.0
31.32,-18.36452900093708,-21.797111885586506,5.102011437414625,2.753662505763279,14.151282496968749,3.917011437414563,14.731261205465694,0,1,17.5,king+tour,1,25,7.966788508874215,1.0,0.0,0.0
31.34,-18.384087732592583,-21.744904526363964,5.10324860136229,2.7882265490795937,14.102500329039092,3.9182486013622286,14.685527786560623,0,1,17.5,king+tour,1,26,8.899650070062407,0.9955658912658691,0.0,0.0
31.36,-18.404529192345635,-21.69227972185864,5.104336001400928,2.823298498610883,14.053488976553178,3.9193360014008665,14.638568924765318,0,1,17.6,king+tour,1,26,8.864030952424665,0.989128589630127,0.0,0.0
31.38,-18.425819220792672,-21.639270979567485,5.105268571961776,2.8565983960020485,14.004282556795198,3.9202685719617145,14.592387256719618,0,1,17.7,king+tour,1,26,8.828722267372545,0.9801424145698547,0.0,0.0
31.4,-18.447882572203355,-21.58589590956272,5.106063624270359,2.88804504884287,13.95489312024391,3.921063624270297,14.545932441390708,0,1,17.7,king+tour,1,26,8.793717992227789,0.9689590334892273,0.0,0.0
31.42,-18.470593570063006,-21.5321752070131,5.106770259866189,2.9164201686618014,13.905327499682032,3.9217702598661273,14.498953870000149,0,1,17.8,king+tour,1,26,8.758987967672494,0.95558762550354,0.0,0.0
31.44,-18.493825213455917,-21.478168510721666,5.107424805631888,2.9397537861230485,13.855629850684336,3.9224248056318265,14.452212508632668,0,1,17.9,king+tour,1,26,8.72453261348946,0.9401147365570068,0.0,0.0
31.46,-18.517421916505462,-21.423875573209422,5.108072190913261,2.9601294592549205,13.805779570882105,3.9230721909131994,14.406386440287084,0,1,17.9,king+tour,1,26,8.690283614371824,0.9226691126823425,0.0,0.0
31.48,-18.54122739728258,-21.369353772201542,5.108775818264948,2.97482049526634,13.75581149449891,3.923775818264886,14.359660185247085,0,1,18.0,king+tour,1,26,8.65621864867628,0.9034565091133118,0.0,0.0
31.5,-18.565023625324443,-21.314677234936635,5.109568899917017,2.981783516122545,13.705765336088465,3.924568899916955,14.314470299640966,0,1,18.0,king+tour,1,26,8.622293415969477,0.8827704787254333,0.0,0.0
31.52,-18.588648462141443,-21.259916620709333,5.110508307866405,2.982339799753071,13.65568461544344,3.925508307866343,14.268002295955448,0,1,18.1,king+tour,1,26,8.58848555036129,0.8608993887901306,0.0,0.0
31.54,-18.61187311537505,-21.205185908558498,5.111592674091444,2.9732184667751205,13.605642635133087,3.926592674091382,14.223546025672803,0,1,18.2,king+tour,1,26,8.554769290238582,0.838170051574707,0.0,0.0
31.56,-18.634532410586413,-21.15057102331768,5.112829350029339,2.957092624825396,13.555693685592573,3.9278293500292776,14.177481654572336,0,1,18.2,king+tour,1,26,8.52112414087991,0.8150455951690674,0.0,0.0
31.58,-18.656477046147447,-21.096213425302597,5.11419668376871,2.9318019601564598,13.505947872076886,3.929196683768648,14.133607771948778,0,1,18.3,king+tour,1,26,8.487580542106382,0.7918612360954285,0.0,0.0
31.6,-18.677564384435996,-21.04220600373915,5.115681965290882,2.8998635662854326,13.456467135120945,3.9306819652908205,14.088542918743528,0,1,18.4,king+tour,1,26,8.454127629131454,0.7686740756034851,0.0,0.0
31.62,-18.697694470709187,-20.988702540971794,5.117266991651398,2.859350105368091,13.40737962218013,3.9322669916513364,14.046120938231592,0,1,18.4,king+tour,1,26,8.420825170155076,0.7455306053161621,0.0,0.0
31.64,-18.716726762219906,-20.935823235941,5.118924845821085,2.811226378796464,13.358772153826942,3.933924845821023,14.002783796375889,0,1,18.5,king+tour,1,26,8.387678779594541,0.7224400639533997,0.0,0.0
31.66,-18.73457149271208,-20.883743257643786,5.120602716585527,2.7538944224856055,13.310793696236106,3.935602716585465,13.961880450646117,0,1,18.6,king+tour,1,26,8.35476441659238,0.6994214057922363,0.0,0.0
31.68,-18.751194744980232,-20.83260394301324,5.122293726873439,2.6899914185022817,13.263569530166224,3.937293726873377,13.92029648596666,0,1,18.7,king+tour,1,26,8.32215886334837,0.6764646172523499,0.0,0.0
31.7,-18.766522869822353,-20.78258800356873,5.123931178544826,2.6168811864834987,13.217258024089874,3.938931178544764,13.879678035698365,0,1,18.7,king+tour,1,26,8.289948147889344,0.6535965204238892,0.0,0.0
31.72,-18.780542785174642,-20.733838045008557,5.125478065106929,2.537473814712164,13.171989096658681,3.940478065106867,13.838844479724013,0,1,18.8,king+tour,1,26,8.258217975888623,0.6307793259620667,0.0,0.0
31.74,-18.7933006474762,-20.6864660744924,5.126913574926533,2.454041222927582,13.127873960870495,3.9419135749264713,13.801171494055675,0,1,18.9,king+tour,1,26,8.22706263878145,0.608066201210022,0.0,0.0
31.76,-18.804795182363957,-20.640564266040855,5.1282089554634,2.366843025077762,13.08499586373594,3.943208955463338,13.762968471755014,0,1,18.9,king+tour,1,26,8.196532835039863,0.5854528546333313,0.0,0.0
31.78,-18.81508042790687,-20.596277588922163,5.129334158545242,2.2739624711441198,13.043500799468674,3.94433415854518,13.72488058610686,0,1,19.0,king+tour,1,26,8.166754407800482,0.5629400014877319,0.0,0.0
31.8,-18.824213847453503,-20.553682142293994,5.130241536825255,2.1786548380888706,13.003468421356569,3.9452415368251934,13.688953498549132,0,1,19.0,king+tour,1,26,8.137800001731753,0.5405383110046387,0.0,0.0
31.82,-18.832303015114192,-20.512798620960865,5.130915484696744,2.0840772273193533,12.96493443015108,3.945915484696682,13.653455906655234,0,1,19.1,king+tour,1,26,8.109728621049625,0.5183044075965881,0.0,0.0
31.84,-18.839410949466153,-20.4736954789752,5.13132411415704,1.9873005698301487,12.927973496883952,3.946324114156978,13.618083386168152,0,1,19.1,king+tour,1,26,8.082612912438453,0.49624520540237427,0.0,0.0
31.86,-18.84564386390994,-20.43638835691828,5.131483550267796,1.8912271138780414,12.892617580086107,3.9464835502677342,13.586105380732523,0,1,19.2,king+tour,1,26,8.056510382102244,0.47436583042144775,0.0,0.0
31.88,-18.85105240391093,-20.40086228672053,5.131397691675423,1.7967758209747082,12.858858363881392,3.9463976916753616,13.553717457231544,0,1,19.2,king+tour,1,26,8.03142250408053,0.4526768922805786,0.0,0.0
31.9,-18.85574495430886,-20.36714145032163,5.131070938510104,1.7023671785997296,12.826737853748433,3.946070938510042,13.523469351145476,0,1,19.3,king+tour,1,26,8.007418392322196,0.4312039315700531,0.0,0.0
31.92,-18.859761912842977,-20.33520959558315,5.130525311161229,1.6094075090758373,12.796245465867107,3.945525311161167,13.492931716256019,0,1,19.3,king+tour,1,26,7.984495379764965,0.4100402593612671,0.0,0.0
31.94,-18.863189447137085,-20.30507392844486,5.129840972309478,1.5168839316764506,12.76740311970911,3.944840972309416,13.465551929965942,0,1,19.4,king+tour,1,27,8.382516996107732,0.386835515499115,0.0,0.0
31.96,-18.86604898743483,-20.276679003477177,5.1290600511235205,1.4274615340993928,12.740158790354142,3.9440600511234587,13.438189260237424,0,1,19.4,king+tour,1,27,8.3539966618079,0.36337313055992126,0.0,0.0
31.98,-18.86842583098159,-20.250001718148862,5.128224885304819,1.3397989025211878,12.714505262488498,3.9432248853047573,13.412614130574791,0,1,19.4,king+tour,1,27,8.327243748651105,0.33977746963500977,0.0,0.0
32.0,-18.87033904908343,-20.224986428975512,5.127376832245488,1.2551337477764466,12.69039043682053,3.942376832245426,13.386939587056622,0,1,19.5,king+tour,1,27,8.302200649277099,0.3161744475364685,0.0,0.0
32.02,-18.871804579556994,-20.201594595605915,5.126563467987723,1.1725903050253248,12.667778530375962,3.9415634679876614,13.364119082606488,0,1,19.5,king+tour,1,27,8.278827140204143,0.2926017642021179,0.0,0.0
32.04,-18.872794568024208,-20.179746149742947,5.125852057650881,1.0941215294239488,12.646584385862324,3.940852057650819,13.342594354342229,0,1,19.5,king+tour,1,27,8.257047847754686,0.2713927626609802,0.0,0.0
32.06,-18.873358670061755,-20.15936777743433,5.125242152514009,1.0197649892663905,12.626745329937203,3.940242152513947,13.323767638560991,0,1,19.5,king+tour,1,27,8.23678354782731,0.24799798429012299,0.0,0.0
32.08,-18.873502386177183,-20.14041519550206,5.12478438433826,0.9479327084818123,12.608218338217636,3.939784384338198,13.304677166379049,0,1,19.6,king+tour,1,27,8.217989804636494,0.22953318059444427,0.0,0.0
32.1,-18.87331661182463,-20.122817576219603,5.124351572591152,0.8801960612967376,12.590951938962856,3.9393515725910904,13.288142732121608,0,1,19.6,king+tour,1,27,8.200584176370146,0.21446263790130615,0.0,0.0
32.12,-18.872802988601997,-20.106545025402387,5.124055217837623,0.8141675887888575,12.574916720951194,3.939055217837561,13.27132338465262,0,1,19.6,king+tour,1,27,8.1845369662175,0.2054596245288849,0.0,0.0
32.14,-18.87203931457092,-20.091567790201967,5.123904793846497,0.7498723218847351,12.560099054891085,3.9389047938464357,13.256273335768041,0,1,19.6,king+tour,1,27,8.169808113493705,0.20136165618896484,0.0,0.0
32.16,-18.87108282967312,-20.07781306931399,5.123946942385292,0.6894000771780469,12.54643909729667,3.93894694238523,13.240870724468744,0,1,19.6,king+tour,1,27,8.1563176716113,0.1997891217470169,0.0,0.0
32.18,-18.870055599784276,-20.065187249881696,5.124125468878211,0.6334397944756287,12.533869984022305,3.9391254688781494,13.227896009452047,0,1,19.7,king+tour,1,27,8.143956024146565,0.19946737587451935,0.0,0.0
32.2,-18.86900317347776,-20.05357859440897,5.124455965798307,0.5830474063684781,12.522291550188626,3.9394559657982455,13.214470136375617,0,1,19.7,king+tour,1,27,8.13260610123998,0.19952720403671265,0.0,0.0
32.22,-18.8680345558282,-20.042870161884586,5.124759585452086,0.5378218389358667,12.511611573345071,3.939759585452024,13.201788937285764,0,1,19.7,king+tour,1,27,8.12213680060441,0.1986611932516098,0.0,0.0
32.24,-18.867192299177578,-20.032969140320244,5.125126450881333,0.497177570205661,12.501747894763902,3.9401264508812712,13.18966919241145,0,1,19.7,king+tour,1,27,8.11245009207329,0.1989787071943283,0.0,0.0
32.26,-18.866554652119742,-20.023770075160666,5.1256496818004464,0.46179856045471723,12.49261332076752,3.9406496818003847,13.179568855381824,0,1,19.7,king+tour,1,27,8.103430420240258,0.1992499977350235,0.0,0.0
32.28,-18.86614029444961,-20.015147357251777,5.126314982837591,0.43291333395110654,12.484088757929584,3.941314982837529,13.168799483717205,0,1,19.7,king+tour,1,27,8.094950586033924,0.1995430886745453,0.0,0.0
32.3,-18.866034925462625,-20.007019866384518,5.127142549050381,0.40850971915420164,12.476112425757826,3.9421425490503195,13.159890900669032,0,1,19.8,king+tour,1,27,8.086918073713056,0.1997542381286621,0.0,0.0
32.32,-18.866252743458833,-19.999258220635344,5.128092795388621,0.3911315556130171,12.468560688811632,3.9430927953885595,13.150181705430208,0,1,19.8,king+tour,1,27,8.07920261672628,0.19990156590938568,0.0,0.0
32.34,-18.866803605151613,-19.991742512052834,5.12858877393477,0.37760865595219173,12.461318327657422,3.9435887739347084,13.141747783304275,0,1,19.8,king+tour,1,27,8.07168399085655,0.19910602271556854,0.0,0.0
32.36,-18.867704632171563,-19.984373528928636,5.128806755171933,0.371353193722565,12.454291910746118,3.943806755171871,13.13230697143658,0,1,19.8,king+tour,1,27,8.06426149436277,0.19908882677555084,0.0,0.0
32.38,-18.869020491433332,-19.977075164426342,5.128862069583403,0.37081218186995035,12.447420455082053,3.943862069583341,13.124289243960137,0,1,19.8,king+tour,1,27,8.05685067676603,0.19924423098564148,0.0,0.0
32.4,-18.8707564556964,-19.96972746295074,5.128816390440411,0.37750621015200786,12.440587931782202,3.9438163904403494,13.117226200239402,0,1,19.8,king+tour,1,27,8.049332072666811,0.1990114450454712,0.0,0.0
32.42,-18.872877969520587,-19.96226600293267,5.128707409744951,0.3878984509489922,12.433724501699661,3.9437074097448894,13.10917280579172,0,1,19.8,king+tour,1,27,8.041646844586587,0.19892893731594086,0.0,0.0
32.44,-18.875405030889294,-19.95465775787907,5.128560141293954,0.4009149534300055,12.426802336876754,3.943560141293892,13.102198137150761,0,1,19.8,king+tour,1,27,8.03375963603186,0.19899879395961761,0.0,0.0
32.46,-18.878306059327848,-19.94683078045245,5.128385107168129,0.41745711930472207,12.41974492902846,3.9433851071680674,13.094214623397221,0,1,19.8,king+tour,1,27,8.02560382461576,0.19912849366664886,0.0,0.0
32.48,-18.881601430816847,-19.938759798333503,5.128182533604724,0.4360082042332312,12.412532228112077,3.943182533604662,13.086953273531423,0,1,19.9,king+tour,1,27,8.017151769499385,0.19905994832515717,0.0,0.0
32.5,-18.885262277395665,-19.93037864117735,5.127954379431184,0.4574320913445054,12.405094027916046,3.9429543794311224,13.079556570069593,0,1,19.9,king+tour,1,27,8.008342249344679,0.19913826882839203,0.0,0.0
32.52,-18.889229392372286,-19.921670444904723,5.127709037429971,0.4786200900972075,12.39740204684778,3.9427090374299096,13.072640244383296,0,1,19.9,king+tour,1,27,7.999167080418226,0.19916990399360657,0.0,0.0
32.54,-18.893492030966602,-19.912606036767123,5.127435084759887,0.5010205403378825,12.389426022762281,3.9424350847598255,13.064019810362645,0,1,19.9,king+tour,1,28,9.303526135300377,0.1917191445827484,0.0,0.0
32.56,-18.89799629028613,-19.903204218674844,5.127131520666371,0.5214755186409984,12.38117359730139,3.942131520666309,13.05615434682992,0,1,19.9,king+tour,1,28,9.297903235769695,0.1855805218219757,0.0,0.0
32.58,-18.902635310793105,-19.893433060037967,5.126819499241672,0.5410485415852101,12.372591608156494,3.9418194992416105,13.047511488612546,0,1,19.9,king+tour,1,28,9.292045978358896,0.18156707286834717,0.0,0.0
32.6,-18.907323188073633,-19.88331020812628,5.126533620707498,0.5579651663849341,12.363679577765728,3.9415336207074363,13.039494576057816,0,1,19.9,king+tour,1,28,9.285924870994442,0.18035292625427246,0.0,0.0
32.62,-18.911922010560673,-19.872832450639347,5.126305859120125,0.5722421811675077,12.354405487203287,3.941305859120063,13.030309364787469,0,1,19.9,king+tour,1,28,9.279464889403394,0.18182995915412903,0.0,0.0
32.64,-18.916325188142412,-19.86207176777544,5.125901986501356,0.5816858722843664,12.34481714317656,3.940901986501294,13.021733673530893,0,1,19.9,king+tour,1,28,9.272670911728463,0.1835598647594452,0.0,0.0
32.66,-18.920353592517415,-19.851021059770126,5.125521727433585,0.58841054159888,12.334869445584951,3.9405217274335236,13.012381798399776,0,1,20.0,king+tour,1,28,9.265441768008316,0.1900765299797058,0.0,0.0
32.68,-18.923884519684655,-19.839735645896372,5.125252151130832,0.5913980984609514,12.324589935018862,3.94025215113077,13.003771577974785,0,1,20.0,king+tour,1,28,9.257758571097455,0.1950017660856247,0.0,0.0
32.7,-18.926748461722298,-19.82825237134956,5.125100312104213,0.5917998255373579,12.313977929250251,3.9401003121041516,12.99405066430999,0,1,20.0,king+tour,1,28,9.249561373093485,0.19797299802303314,0.0,0.0
32.72,-18.92883476124257,-19.816662377709832,5.125090930739552,0.5888138208874795,12.30309811686202,3.9400909307394905,12.985116849348449,0,1,20.0,king+tour,1,28,9.240866995619914,0.19942641258239746,0.0,0.0
32.74,-18.9301014566944,-19.80502003642821,5.124750475311442,0.5857997477464877,12.291993854854104,3.9397504753113806,12.975076760304324,0,1,20.0,king+tour,1,28,9.231697468090365,0.19840054214000702,0.0,0.0
32.76,-18.93052713357069,-19.793410103420847,5.123865909947911,0.5825680241843864,12.28074265254483,3.9388659099478494,12.965692500061515,0,1,20.0,king+tour,1,28,9.222111409811689,0.19859257340431213,0.0,0.0
32.78,-18.930034427929428,-19.78187316606772,5.122397218278221,0.5820239203837616,12.26936703204328,3.937397218278159,12.95522768565611,0,1,20.0,king+tour,1,28,9.21210016409582,0.199233278632164,0.0,0.0
32.8,-18.92857091195993,-19.77049179549013,5.1204041509745375,0.5823439544082745,12.257935996671987,3.9354041509744757,12.944784306075125,0,1,20.1,king+tour,1,28,9.201703862763514,0.19972726702690125,0.0,0.0
32.82,-18.926061906568876,-19.759312252162935,5.117989606587411,0.5854641783541178,12.24647852106274,3.9329896065873493,12.933915840751949,0,1,20.1,king+tour,1,28,9.190920113563976,0.19995486736297607,0.0,0.0
32.84,-18.92247754176297,-19.748393244102992,5.115267896498917,0.5905084967227316,12.235045584753497,3.9302678964988553,12.9223879366484,0,1,20.1,king+tour,1,28,9.179781207328512,0.20002387464046478,0.0,0.0
32.86,-18.917863104575872,-19.737753789848643,5.112247932276059,0.599189455204709,12.223665758518667,3.927247932275997,12.912138576869394,0,1,20.1,king+tour,1,28,9.168326522744795,0.20000234246253967,0.0,0.0
32.88,-18.91219499900178,-19.72741636619208,5.109076501849488,0.6104255065216967,12.212356552457987,3.9240765018494264,12.90072051146371,0,1,20.1,king+tour,1,28,9.156561767645721,0.19993236660957336,0.0,0.0
32.9,-18.905538897240486,-19.717431046651047,5.105786167451321,0.6221667731505489,12.201181776996146,3.9207861674512596,12.890403028946428,0,1,20.1,king+tour,1,28,9.144564168518524,0.19994351267814636,0.0,0.0
32.92,-18.897971695215134,-19.707799662864907,5.102534152870195,0.6336436280834221,12.190160691517494,3.9175341528701333,12.879073193823443,0,1,20.1,king+tour,1,28,9.13237660031544,0.19984020292758942,0.0,0.0
32.94,-18.8894832623774,-19.698601539294295,5.099713372903629,0.641513384273394,12.179369943384051,3.9147133729035675,12.867403750401065,0,1,20.1,king+tour,1,28,9.120060977531523,0.19832919538021088,0.0,0.0
32.96,-18.880243158238528,-19.689789400481313,5.097083903985991,0.6518194185226697,12.168800745683862,3.9120839039859296,12.85729164904957,0,1,20.1,king+tour,1,28,9.107668983186022,0.19866451621055603,0.0,0.0
32.98,-18.870295753443816,-19.681335739869652,5.094836913578111,0.6623145132414276,12.158437018692435,3.909836913578049,12.846063023125156,0,1,20.1,king+tour,1,28,9.095202002958029,0.19872380793094635,0.0,0.0
33.0,-18.85982194301561,-19.67321227127406,5.092701026457433,0.6712925232374467,12.148290641861855,3.907701026457371,12.836234949024153,0,1,20.1,king+tour,1,28,9.082733942918665,0.1989710032939911,0.0,0.0
33.02,-18.848860712222134,-19.665381876894113,5.090881927804515,0.6796557521318848,12.138334730724928,3.9058819278044536,12.825419655520816,0,1,20.1,king+tour,1,28,9.07025520727769,0.1988835334777832,0.0,0.0
33.04,-18.837535678836524,-19.657830566718165,5.08944901297623,0.6843462417952448,12.128582622415404,3.904449012976168,12.816002688824453,0,1,20.1,king+tour,1,28,9.057820953881755,0.1992340087890625,0.0,0.0
33.06,-18.82592702874788,-19.65048982249686,5.08842256821851,0.6886596972450236,12.118984955328164,3.9034225682184482,12.805692642628106,0,1,20.1,king+tour,1,28,9.045416862197527,0.1995687335729599,0.0,0.0
33.08,-18.814185770812458,-19.643323005913842,5.087747045669255,0.6886158736103943,12.109537955540542,3.9027470456691935,12.796579316266296,0,1,20.1,king+tour,1,28,9.033093114134546,0.1997944563627243,0.0,0.0
33.1,-18.80238226960151,-19.63625197525206,5.087374173862586,0.688224434398,12.100180105168345,3.9023741738625244,12.786650555015136,0,1,20.2,king+tour,1,28,9.02082145333361,0.1999310851097107,0.0,0.0
33.12,-18.79065009400544,-19.629231879253968,5.087219661327711,0.6836475081554263,12.090895172607192,3.902219661327649,12.777774517145184,0,1,20.2,king+tour,1,28,9.0086351569269,0.19999277591705322,0.0,0.0
33.14,-18.779035813083993,-19.62218416608034,5.086907598565447,0.6794467702984296,12.081615670387443,3.9019075985653853,12.768697455156184,0,1,20.2,king+tour,1,28,8.996492358935523,0.19910244643688202,0.0,0.0
33.16,-18.767598176233644,-19.61508276040605,5.0860616689913885,0.6744721938590186,12.072327767977267,3.9010616689913267,12.760009964604087,0,1,20.2,king+tour,1,28,8.984401917649265,0.19824354350566864,0.0,0.0
33.18,-18.75635346927221,-19.60789437562081,5.084605343607708,0.6712622328351306,12.063001752815477,3.8996053436076465,12.75040082670511,0,1,20.2,king+tour,1,28,8.972343905315963,0.19880147278308868,0.0,0.0
33.2,-18.745372793969597,-19.60060213718291,5.082593266648576,0.6667091292797237,12.053635012656631,3.8975932666485145,12.74114108564789,0,1,20.2,king+tour,1,28,8.960341277066195,0.1994280219078064,0.0,0.0
33.22,-18.734695707354845,-19.593151610894214,5.080358346451674,0.6605024391400972,12.044181577325647,3.895358346451612,12.73189197925385,0,1,20.2,king+tour,1,28,8.948368277360393,0.19954055547714233,0.0,0.0
33.24,-18.72436774607047,-19.585532076627604,5.077868828812563,0.653685292795823,12.034639375505721,3.8928688288125013,12.722974007047847,0,1,20.2,king+tour,1,28,8.936439306886008,0.19967462122440338,0.0,0.0
33.26,-18.714401453712977,-19.577725398675156,5.075277440328803,0.6461162787804209,12.02499236090657,3.890277440328741,12.71344775408832,0,1,20.2,king+tour,1,28,8.924544990334105,0.1997450292110443,0.0,0.0
33.28,-18.704873441199567,-19.56973278374804,5.073027068409389,0.6319198715115978,12.015256220319706,3.888027068409327,12.704243165477473,0,1,20.2,king+tour,1,28,8.912726211157555,0.19810478389263153,0.0,0.0
33.3,-18.695716152932413,-19.561565850590263,5.070798488635682,0.6235408836217194,12.005428006657091,3.8857984886356203,12.694539530593486,0,1,20.2,king+tour,1,28,8.9009565947556,0.1982579380273819,0.0,0.0
33.32,-18.686938805772197,-19.553247617782304,5.06839454879756,0.6164692753163046,11.995531390440568,3.883394548797498,12.68503547797569,0,1,20.2,king+tour,1,28,8.889260089826788,0.19862936437129974,0.0,0.0
33.34,-18.67849207316085,-19.544774002100837,5.0657121516255135,0.613075666442208,11.985551918086689,3.8807121516254517,12.675018590575661,0,1,20.2,king+tour,1,28,8.877606818360768,0.21864068508148193,0.0,0.0
33.36,-18.67038397727343,-19.536159127166037,5.062675966654356,0.6106875392557761,11.975504441957595,3.8776759666542944,12.663248828716425,0,1,20.2,king+tour,1,28,8.866012682437374,0.24062293767929077,0.0,0.0
33.38,-18.662566246734023,-19.527395336365455,5.059278163044895,0.6112814600322455,11.965371395727791,3.874278163044833,12.652441244501315,0,1,20.3,king+tour,1,28,8.854445468527082,0.26370248198509216,0.0,0.0
33.4,-18.65498042292255,-19.518427764235895,5.055710519038709,0.6137795951163642,11.95508703948448,3.8707105190386475,12.639854874387623,0,1,20.3,king+tour,1,28,8.842827533307734,0.2857517600059509,0.0,0.0
33.42,-18.647534406532433,-19.50925987954036,5.051949903499762,0.6197489392978535,11.944636350203396,3.8669499034997,12.627037212567375,0,1,20.3,king+tour,1,28,8.831113180023076,0.30932268500328064,0.0,0.0
33.44,-18.640160573866527,-19.49980001527091,5.048389931292542,0.6255714233749564,11.933915969824595,3.86338993129248,12.614199593920356,0,1,20.3,king+tour,1,28,8.819188762030377,0.3253471553325653,0.0,0.0
33.46,-18.63271765589317,-19.48999686922167,5.044822337487079,0.6407542937461128,11.922847852699057,3.8598223374870173,12.600963375866822,0,1,20.3,king+tour,1,28,8.806936242540576,0.34773343801498413,0.0,0.0
33.48,-18.625138161044923,-19.479810040566218,5.04113466173583,0.661096007884803,11.911379240732892,3.8561346617357684,12.587412732298407,0,1,20.3,king+tour,1,28,8.794285715833277,0.37060320377349854,0.0,0.0
33.5,-18.617266605704042,-19.46915185185777,5.037510522264654,0.6868274108826983,11.899394019663946,3.852510522264592,12.573288643692697,0,1,20.3,king+tour,1,28,8.78108081583697,0.3912981450557709,0.0,0.0
33.52,-18.609034151219667,-19.457987679030005,5.0337994499272325,0.7179556387046391,11.88684517225667,3.8487994499271707,12.558926454512411,0,1,20.3,king+tour,1,28,8.767255900660855,0.4139716625213623,0.0,0.0
33.54,-18.600277227061724,-19.4461719449009,5.030360244476986,0.755187771098426,11.873558654796973,3.8453602444769244,12.544123169456013,0,1,20.3,king+tour,1,28,8.75260116758738,0.4271225035190582,0.0,0.0
33.56,-18.590851765645244,-19.433614812227688,5.027439017898009,0.7985212405001053,11.8594191916613,3.842439017897947,12.52917657365182,0,1,20.3,king+tour,1,28,8.736964524976562,0.4412136375904083,0.0,0.0
33.58,-18.58064689179843,-19.420180398147725,5.025195122546866,0.8509670943229896,11.844273038940997,3.8401951225468043,12.514351579754335,0,1,20.3,king+tour,1,28,8.720172193735532,0.4551210105419159,0.0,0.0
33.6,-18.569634383662848,-19.405930124504966,5.023245932005645,0.9057386186088893,11.828176223229706,3.8382459320055835,12.497506105152867,0,1,20.3,king+tour,1,28,8.70226174103054,0.4755628705024719,0.0,0.0
33.62,-18.557829030841184,-19.390883524596404,5.021356380907585,0.9609070290674637,11.811152064002503,3.8363563809075236,12.481182401746183,0,1,20.3,king+tour,1,28,8.683257726713475,0.4974999725818634,0.0,0.0
33.64,-18.545189121154245,-19.3750581718252,5.0192504205183885,1.0181406783789457,11.793211309930754,3.8342504205183268,12.462783491759055,0,1,20.4,king+tour,1,28,8.663153420369776,0.5184691548347473,0.0,0.0
33.66,-18.531720121840635,-19.35845946594684,5.016806401901532,1.07576043609365,11.774361934590154,3.8318064019014706,12.44364120556553,0,1,20.4,king+tour,1,28,8.641956547835564,0.5407553315162659,0.0,0.0
33.68,-18.5173802155309,-19.341093991741804,5.01385375142438,1.1356834420052506,11.754604295014687,3.828853751424318,12.423725029068901,0,1,20.4,king+tour,1,28,8.619651095447983,0.5613851547241211,0.0,0.0
33.7,-18.502111149179225,-19.32289327852293,5.010395246019633,1.2003870298389943,11.733862238951053,3.8253952460195713,12.402557211451542,0,1,20.4,king+tour,1,28,8.596148600867727,0.5843614339828491,0.0,0.0
33.72,-18.48584734035574,-19.303855227012974,5.006432002331453,1.2675430794201774,11.71212379811703,3.821432002331391,12.38022441019206,0,1,20.4,king+tour,1,28,8.571413392092428,0.6072508692741394,0.0,0.0
33.74,-18.468536837783915,-19.28392504203962,5.001941568926235,1.3388705730278019,11.689328198341558,3.8169415689261736,12.356652688202985,0,1,20.4,king+tour,1,28,8.545372167944691,0.630264937877655,0.0,0.0
33.76,-18.45015508503135,-19.26308752411597,4.996902280958022,1.4119892091490271,11.665459021218103,3.81190228095796,12.332036841498862,0,1,20.5,king+tour,1,28,8.51799980416761,0.6530672311782837,0.0,0.0
33.78,-18.4306630590277,-19.241249358026668,4.991352722905572,1.4896662129891505,11.64042074068576,3.80635272290551,12.306277851659868,0,1,20.5,king+tour,1,28,8.48919710030073,0.6765702366828918,0.0,0.0
33.8,-18.410052001881006,-19.218417893023258,4.9852267853818235,1.5681347051920524,11.614222671701446,3.8002267853817617,12.279325063519693,0,1,20.5,king+tour,1,28,8.458966576220348,0.6937946677207947,0.0,0.0
33.82,-18.38829790562073,-19.194522200805945,4.978542238976851,1.6499454318901308,11.586794703255444,3.793542238976789,12.25128391265046,0,1,20.5,king+tour,1,28,8.42723609532597,0.7168630361557007,0.0,0.0
33.84,-18.365228499529113,-19.16942979267329,4.97171215046506,1.7381574672583604,11.55798007838364,3.7867121504649983,12.222199100753231,0,1,20.5,king+tour,1,28,8.39380386982997,0.7174637317657471,0.0,0.0
33.86,-18.340882683899427,-19.143138444365214,4.964685163899495,1.8257411335701421,11.527788785659977,3.7796851638994333,12.192427482642492,0,1,20.5,king+tour,1,28,8.358689449354257,0.7387272119522095,0.0,0.0
33.88,-18.315144989725958,-19.11559395814613,4.957823908767125,1.9158578003285336,11.496152774417054,3.772823908767063,12.161575945348869,0,1,20.6,king+tour,1,28,8.321787888402511,0.7398427724838257,0.0,0.0
33.9,-18.28813589671417,-19.086885732942196,4.950981852777734,2.0002918723532925,11.463187371719648,3.7659818527776725,12.129467952763891,0,1,20.6,king+tour,1,28,8.283239635581497,0.7603739500045776,0.0,0.0
33.92,-18.259968668271593,-19.057192595741146,4.943988183553307,2.076045859438935,11.429094411690501,3.758988183553245,12.096239424599554,0,1,20.6,king+tour,1,28,8.243257874653644,0.7808629870414734,0.0,0.0
33.94,-18.230776116061893,-19.026623762924515,4.936619568795912,2.1453176499821933,11.394010138822063,3.7516195687958502,12.061974022857477,0,1,20.6,king+tour,1,28,8.20200634295873,0.7677894830703735,0.0,0.0
33.96,-18.20049570051846,-18.995167213901038,4.929315976902231,2.2134591121698075,11.35791806206841,3.744315976902169,12.02731153321878,0,1,20.7,king+tour,1,28,8.159444128156652,0.7745375633239746,0.0,0.0
33.98,-18.169242480749883,-18.96288632466007,4.921978076632185,2.276326171962095,11.320906115118623,3.7369780766321234,11.991632090478486,0,1,20.7,king+tour,1,28,8.115686590389481,0.7942469716072083,0.0,0.0
34.0,-18.13718183041192,-18.929973798343877,4.914245569142752,2.3296519915436305,11.283197385233304,3.72924556914269,11.955473624134234,0,1,20.7,king+tour,1,28,8.07098571078051,0.79034823179245,0.0,0.0
34.02,-18.1043672904543,-18.896453199654328,4.9062133547732865,2.37956983340115,11.244829136848061,3.7212133547732247,11.920094363577341,0,1,20.8,king+tour,1,28,8.025390806058828,0.7711235880851746,0.0,0.0
34.04,-18.070869764206048,-18.862418126859264,4.897923921866943,2.423419661772477,11.205910269644663,3.7129239218668815,11.88296877534859,0,1,20.8,king+tour,1,28,7.979020189532899,0.7890738248825073,0.0,0.0
34.06,-18.036840091805896,-18.82797840691082,4.889372316802979,2.4582732064189488,11.166577750363293,3.7043723168029175,11.843460800846001,0,1,20.8,king+tour,1,29,9.043627567410345,0.7858027219772339,0.0,0.0
34.08,-18.00236582203421,-18.793236025570717,4.880532733190453,2.4867883785693254,11.126949969491433,3.695532733190391,11.80510121815365,0,1,20.8,king+tour,1,29,9.017291284547248,0.7806844115257263,0.0,0.0
34.1,-17.967533298371055,-18.758222969317146,4.871419273656115,2.5111122822586327,11.087075314401043,3.6864192736560533,11.764751211873026,0,1,20.9,king+tour,1,29,8.990961598933948,0.7734515070915222,0.0,0.0
34.12,-17.932461967400727,-18.72294883835598,4.862430944864439,2.527376419116829,11.046984150072438,3.677430944864377,11.726237705409622,0,1,20.9,king+tour,1,29,8.964627708545425,0.7626574635505676,0.0,0.0
34.14,-17.897326630368582,-18.687382822904407,4.853848207013135,2.5362850551978395,11.006673680076348,3.668848207013073,11.68563757699979,0,1,20.9,king+tour,1,29,8.938224410421327,0.7497302293777466,0.0,0.0
34.16,-17.862309320880115,-18.651577741268383,4.845853128181809,2.535812059426147,10.966223049238046,3.6608531281817474,11.64724913580853,0,1,21.0,king+tour,1,29,8.911762948643021,0.7346961498260498,0.0,0.0
34.18,-17.827592424099926,-18.615548037034177,4.838240393381551,2.5304921657603194,10.925671609520917,3.6532403933814894,11.606749051537289,0,1,21.0,king+tour,1,29,8.885213708981428,0.7178432941436768,0.0,0.0
34.2,-17.793329138542695,-18.579375759257594,4.830881496335857,2.5182135445845812,10.885119795094349,3.645881496335795,11.568408730721302,0,1,21.0,king+tour,1,29,8.858616410554278,0.6988147497177124,0.0,0.0
34.22,-17.759686186077243,-18.543064809987793,4.823695690703206,2.5009843512390533,10.844590935164726,3.638695690703144,11.529790512262345,0,1,21.1,king+tour,1,29,8.831928573788677,0.6779323816299438,0.0,0.0
34.24,-17.72681718170572,-18.506683989352776,4.816676535691623,2.4764915180195715,10.804169287372561,3.631676535691561,11.491847886909547,0,1,21.1,king+tour,1,29,8.805170788809221,0.6556661128997803,0.0,0.0
34.26,-17.694955849864503,-18.47030314254099,4.809947929287166,2.4413032511269406,10.763949085433401,3.624947929287104,11.454607056187047,0,1,21.2,king+tour,1,29,8.77834060974018,0.6332127451896667,0.0,0.0
34.28,-17.664276223569846,-18.434000979996316,4.803601185348599,2.3975860952326986,10.724023724650777,3.6186011853485374,11.417171898852857,0,1,21.2,king+tour,1,29,8.751455769776818,0.610720694065094,0.0,0.0
34.3,-17.634905038826563,-18.397925392667126,4.797686491310033,2.3447271162865833,10.68454802846936,3.6126864913099714,11.38089902644263,0,1,21.2,king+tour,1,29,8.72461031084892,0.5882891416549683,0.0,0.0
34.32,-17.606990832205383,-18.362151194332597,4.7922225957513245,2.285197120843494,10.645606263621568,3.6072225957512627,11.345019894788747,0,1,21.3,king+tour,1,29,8.69781958159786,0.5659586191177368,0.0,0.0
34.34,-17.580630896934053,-18.326825594807186,4.787200581858223,2.2180874604492504,10.60734758880685,3.6022005818581615,11.309362494774703,0,1,21.3,king+tour,1,29,8.671180504591412,0.54374760389328,0.0,0.0
34.36,-17.55583584977088,-18.292062510999354,4.782626712618672,2.147199710946154,10.569877668447408,3.5976267126186103,11.27486226934761,0,1,21.4,king+tour,1,29,8.644781031326714,0.5216715335845947,0.0,0.0
34.38,-17.532674304677016,-18.257968402748084,4.778494075485682,2.071197768356111,10.533302022550165,3.59349407548562,11.239863008474272,0,1,21.4,king+tour,1,29,8.618685411800733,0.499755322933197,0.0,0.0
34.4,-17.511145195120555,-18.22465846675665,4.774801724852197,1.991662526162618,10.497726981535305,3.5898017248521352,11.208344341002665,0,1,21.5,king+tour,1,29,8.592985810215408,0.4780118465423584,0.0,0.0
34.42,-17.491242770174345,-18.192206804988754,4.771542584109271,1.9103918895214165,10.463218159800476,3.5865425841092096,11.175762426246491,0,1,21.5,king+tour,1,29,8.567736875856221,0.45647358894348145,0.0,0.0
34.44,-17.472918820467175,-18.16076265866035,4.768703014928281,1.8252154833927214,10.429911730457285,3.5837030149282194,11.146070290217418,0,1,21.6,king+tour,1,29,8.543078277701436,0.43515971302986145,0.0,0.0
34.46,-17.45616485088569,-18.130390581329145,4.766276630340962,1.7385668813102688,10.397864980843703,3.5812766303409003,11.115335044189198,0,1,21.6,king+tour,1,29,8.519057945033307,0.41412153840065,0.0,0.0
34.48,-17.44091532611527,-18.101202754340335,4.764245191835904,1.649699967003263,10.367176895132612,3.5792451918358426,11.088224659130466,0,1,21.7,king+tour,1,29,8.49578721691187,0.3933853209018707,0.0,0.0
34.5,-17.427152337853848,-18.07322842338356,4.762604571018778,1.560989009433501,10.33787001651485,3.577604571018716,11.060356352704453,0,1,21.7,king+tour,1,29,8.473285211105498,0.3729870915412903,0.0,0.0
34.52,-17.414804946844672,-18.046563484660037,4.761330006021205,1.4706304241683665,10.310028006981677,3.576330006021143,11.033723796199691,0,1,21.8,king+tour,1,29,8.451651754274017,0.3530297875404358,0.0,0.0
34.54,-17.40383199480482,-18.021232409846295,4.760422364403476,1.3810257428760784,10.283667420006042,3.5754223644034147,11.007645899476774,0,1,21.8,king+tour,1,29,8.430910845452448,0.33355674147605896,0.0,0.0
34.56,-17.394123060814348,-17.997237931493434,4.759897556517637,1.2944823424579999,10.258776394314928,3.574897556517575,10.985003427658148,0,1,21.9,king+tour,1,29,8.411088464348532,0.314654678106308,0.0,0.0
34.58,-17.385625057413616,-17.974544095564916,4.759750412297905,1.2116599176034424,10.235311303385005,3.574750412297843,10.961847529898852,0,1,21.9,king+tour,1,29,8.39215764106781,0.29647210240364075,0.0,0.0
34.6,-17.378231225279222,-17.95317937651689,4.759966878250496,1.1304499448686198,10.213287396808239,3.574966878250434,10.9419870950077,0,1,21.9,king+tour,1,29,8.374170627778875,0.27909642457962036,0.0,0.0
34.62,-17.371884138050834,-17.93308367801829,4.760494841936793,1.0540414603865706,10.192637486319896,3.575494841936731,10.921666187425703,0,1,22.0,king+tour,1,29,8.357081405985523,0.26271852850914,0.0,0.0
34.64,-17.366487541655296,-17.9142752593416,4.761337430325142,0.9792724607662354,10.173368590009439,3.57633743032508,10.904404834212377,0,1,22.0,king+tour,1,29,8.340931647536943,0.24742336571216583,0.0,0.0
34.66,-17.362001248933876,-17.896693302112254,4.7624737660352885,0.9090424924653269,10.155415235429642,3.5774737660352267,10.88679659342505,0,1,22.1,king+tour,1,29,8.325671295352164,0.23356273770332336,0.0,0.0
34.68,-17.358329482118748,-17.880332585905933,4.763874921376363,0.8413057449855075,10.138761693316594,3.5788749213763014,10.87210636746245,0,1,22.1,king+tour,1,29,8.31132148274472,0.22128406167030334,0.0,0.0
34.7,-17.35543487452297,-17.865112514524206,4.765478218293175,0.7787809175272317,10.123323536966511,3.5804782182931136,10.857151012123415,0,1,22.1,king+tour,1,29,8.297814144039057,0.2108737677335739,0.0,0.0
34.72,-17.353282627834783,-17.85100988701149,4.767205963926037,0.7185077827363385,10.109073835472822,3.5822059639259756,10.844686735874333,0,1,22.2,king+tour,1,29,8.285135430038142,0.202614888548851,0.0,0.0
34.74,-17.35190300295542,-17.837949359669015,4.768991724641553,0.6627021966999674,10.095940658184198,3.583991724641491,10.831956166096402,0,1,22.2,king+tour,1,29,8.273201790751417,0.19672411680221558,0.0,0.0
34.76,-17.351269409942947,-17.825902923206726,4.77076317417323,0.6096230494918397,10.083893387826938,3.5857631741731684,10.821455241396896,0,1,22.3,king+tour,1,29,8.26199311922732,0.1932063102722168,0.0,0.0
34.78,-17.351418672608975,-17.814795681903867,4.772453462193241,0.5618054874553468,10.072861469696313,3.587453462193179,10.81068842835838,0,1,22.3,king+tour,1,29,8.251425004064918,0.19223754107952118,0.0,0.0
34.8,-17.352331053918995,-17.804594940263133,4.773988884719162,0.5177960312926699,10.062810598309216,3.5889888847191003,10.801864319564164,0,1,22.3,king+tour,1,29,8.241471533022644,0.1941177397966385,0.0,0.0
34.82,-17.354030397274204,-17.79520828961414,4.775214312448011,0.4808810959160149,10.053651743009484,3.590214312447949,10.792726291235361,0,1,22.3,king+tour,1,29,8.23203665061192,0.1963227540254593,0.0,0.0
34.84,-17.356502292802805,-17.786599007144964,4.7760485485156385,0.4497942917460407,10.045347433093168,3.5910485485155768,10.785186764328168,0,1,22.4,king+tour+av,1,29,8.223089700716379,0.1981658637523651,0.0,0.0
34.86,-17.359818751185134,-17.7787208857198,4.776531585082014,0.42806838739793784,10.037859963962509,3.5915315850819525,10.777210422701485,0,1,22.4,king+tour+av,1,29,8.214563630803955,0.1993846446275711,0.0,0.0
34.88,-17.363999975258597,-17.771558152456837,4.776697698540325,0.414773963231411,10.031176724492603,3.591697698540263,10.770932560018,0,1,22.4,king+tour+av,1,29,8.206437244471866,0.19993339478969574,0.0,0.0
34.9,-17.369101866509485,-17.7650542670857,4.77656905571993,0.4133593117132497,10.025248574793869,3.5915690557198685,10.76412305546957,0,1,22.4,king+tour+av,1,29,8.198639689582029,0.20011889934539795,0.0,0.0
34.92,-17.375130733817585,-17.759187593163034,4.77619060505783,0.42103541667294736,10.020056138211167,3.5911906050577684,10.75951952568127,0,1,22.4,king+tour+av,1,29,8.191149539011247,0.2001337707042694,0.0,0.0
34.94,-17.382059465138802,-17.753885653133057,4.7756147866933585,0.43717688808973887,10.015526143276174,3.5906147866932967,10.753759537618095,0,1,22.4,king+tour+av,1,29,8.183908318519459,0.20008441805839539,0.0,0.0
34.96,-17.389871586486997,-17.74912159952698,4.77479596334456,0.4593362559090459,10.011631987806265,3.589795963344498,10.750348111499118,0,1,22.4,king+tour+av,1,29,8.176897694069767,0.1999955028295517,0.0,0.0
34.98,-17.39853342885974,-17.74482523781091,4.773763565972727,0.48618947340230884,10.008302265356054,3.5887635659726653,10.745840115488999,0,1,22.4,king+tour+av,1,29,8.170064031878399,0.1999715268611908,0.0,0.0
35.0,-17.40798602135572,-17.740966595645876,4.772576211450224,0.5139319872679894,10.005502861557252,3.5875762114501626,10.74360734018177,0,1,22.4,king+tour+av,1,29,8.163400045348302,0.19997651875019073,0.0,0.0
35.02,-17.418177120631704,-17.73747601249106,4.771239419242199,0.5427469221955779,10.003160921764271,3.586239419242137,10.740136116615865,0,1,22.4,king+tour+av,1,29,8.156858735095526,0.19994933903217316,0.0,0.0
35.04,-17.42900939904787,-17.734316438255128,4.769786481469713,0.5688413513635526,10.001230899487158,3.584786481469651,10.738832201883461,0,1,22.4,king+tour+av,1,29,8.150438235901655,0.19995960593223572,0.0,0.0
35.06,-17.440438789505457,-17.73142338073263,4.768205910651188,0.5947666604914132,9.99964572982501,3.5832059106511265,10.736239026045585,0,1,22.4,king+tour+av,1,29,8.14409363173137,0.1999325156211853,0.0,0.0
35.08,-17.452362351326002,-17.728758428122692,4.7665241204415105,0.6166476246831667,9.998357436596825,3.5815241204414487,10.735586283686889,0,1,22.4,king+tour+av,1,29,8.13782307679509,0.19994932413101196,0.0,0.0
35.1,-17.464743424190445,-17.72626563110239,4.764820297592362,0.637197015373427,9.997307900442776,3.5798202975923,10.733516086004453,0,1,22.4,king+tour+av,1,29,8.131586961198877,0.19993898272514343,0.0,0.0
35.12,-17.477466183414407,-17.723904842460644,4.7630673885036,0.6529062251873486,9.99644532894637,3.5780673885035386,10.733572686855625,0,1,22.4,king+tour+av,1,29,8.12538509064062,0.19993790984153748,0.0,0.0
35.14,-17.49048342746307,-17.721619336264325,4.7612995751755305,0.6667033544964425,9.995709064094273,3.5762995751754687,10.7323343795501,0,1,22.4,king+tour+av,1,29,8.119179675435728,0.1999400109052658,0.0,0.0
35.16,-17.50370501093114,-17.71938278813034,4.759542434248914,0.6762025606183564,9.99506330004652,3.574542434248852,10.732923215759557,0,1,22.4,king+tour+av,1,29,8.112974750492771,0.1999553143978119,0.0,0.0
35.18,-17.51709656833337,-17.717160958938905,4.757777375514037,0.6844446050461523,9.994470682836155,3.572777375513975,10.731851060522452,0,1,22.4,king+tour+av,1,29,8.106749207737511,0.19994735717773438,0.0,0.0
35.2,-17.530561016223327,-17.71493692307407,4.756254271398887,0.6865812746046547,9.993903206040423,3.571254271398825,10.733324788878221,0,1,22.4,king+tour+av,1,29,8.10051730580261,0.1995040327310562,0.0,0.0
35.22,-17.544055449290514,-17.71267727895914,4.75482581037375,0.6878339484048991,9.993322712240715,3.569825810373688,10.73214968814193,0,1,22.4,king+tour+av,1,29,8.094260586707856,0.19959507882595062,0.0,0.0
35.24,-17.557545969154717,-17.710407044464976,4.753672953885068,0.6864349367354384,9.99274992190348,3.568672953885006,10.733650221649926,0,1,22.4,king+tour+av,1,29,8.08801325939365,0.19943463802337646,0.0,0.0
35.26,-17.570979311036115,-17.708073962696528,4.752850118603898,0.6829623022918323,9.992126250378542,3.567850118603836,10.732994617722467,0,1,22.3,king+tour+av,1,29,8.08174150303106,0.19953542947769165,0.0,0.0
35.28,-17.584319152110595,-17.70569614632579,4.752333629837801,0.677997292086891,9.991464820093196,3.567333629837739,10.734812731842394,0,1,22.3,king+tour+av,1,29,8.075473178604446,0.19974105060100555,0.0,0.0
35.3,-17.597564941867013,-17.70324962993712,4.752076298357988,0.6736145192203878,9.990741445343328,3.567076298357926,10.734320624565191,0,1,22.3,king+tour+av,1,29,8.069185155247883,0.19987347722053528,0.0,0.0
35.32,-17.610694264783113,-17.700759804208847,4.752013427467464,0.6681734526701434,9.989978036065748,3.567013427467402,10.736477623189547,0,1,22.3,king+tour+av,1,29,8.062907878579475,0.1999574452638626,0.0,0.0
35.34,-17.623711623869937,-17.698205015291627,4.752083894553119,0.6632939574898917,9.989153285238968,3.5670838945530576,10.736230437807155,0,0,22.4,king+tour+av,1,29,8.056618825784922,0.1999785602092743,0.0,0.0
35.36,-17.636633028301148,-17.695630571759594,4.751907802787959,0.6588274817512008,9.988313826692263,3.566907802787897,10.738410017538115,0,0,22.4,king+tour+av,1,29,8.050356100193202,0.19912445545196533,0.0,0.0
35.38,-17.64944318546305,-17.693020116861057,4.75160226781999,0.6538500457034101,9.987441034996476,3.5666022678199285,10.737718252664584,0,0,22.4,king+tour+av,1,29,8.04410814551837,0.19940516352653503,0.0,0.0
35.4,-17.662140959216696,-17.690418050944494,4.75099739630231,0.6487874746129451,9.986578336690958,3.565997396302248,10.739470164201123,0,0,22.4,king+tour+av,1,29,8.037917310651133,0.19936391711235046,0.0,0.0
35.42,-17.67470797705983,-17.687798970985096,4.750319049866811,0.6427473671472017,9.985697618344595,3.5653190498667495,10.738551071797923,0,0,22.3,king+tour+av,1,29,8.0317641904023,0.19946855306625366,0.0,0.0
35.44,-17.687133963263282,-17.685198507869845,4.749687145011123,0.6355447373883221,9.984832262639273,3.564687145011061,10.740375298825146,0,0,22.3,king+tour+av,1,29,8.025685354488745,0.19963569939136505,0.0,0.0
35.46,-17.69942072766348,-17.68259369272118,4.749148889645277,0.6285685329054155,9.983959240695906,3.5641488896452156,10.739288010528227,0,0,22.3,king+tour+av,1,29,8.01965777547544,0.19979210197925568,0.0,0.0
35.48,-17.711576109760134,-17.68002881097345,4.748701461218439,0.6215547532049751,9.983122987844409,3.5637014612183773,10.741023768647555,0,0,22.3,king+tour+av,1,29,8.01372113557758,0.19991019368171692,0.0,0.0
35.5,-17.72360531000687,-17.677471824099594,4.748323377606431,0.6151885639110939,9.982292026797127,3.563323377606369,10.739833577093785,0,0,22.3,king+tour+av,1,29,8.007842805304813,0.19995829463005066,0.0,0.0
35.52,-17.73551428436291,-17.674959148005716,4.748080410834838,0.6086793988168486,9.981502790067307,3.5630804108347762,10.741527327989722,0,0,22.3,king+tour+av,1,29,8.002055578404903,0.1999318152666092,0.0,0.0
35.54,-17.747309298338454,-17.672450181482066,4.747983766062536,0.6029647749082528,9.980715552262396,3.562983766062474,10.740277708164285,0,0,22.3,king+tour+av,1,29,7.996318351883983,0.19994647800922394,0.0,0.0
35.56,-17.75899489354458,-17.66997484099153,4.74820220218055,0.5973444571668063,9.979960165906862,3.563202202180488,10.73925461418977,0,0,22.3,king+tour+av,1,30,8.541578113623808,0.19209511578083038,0.0,0.0
35.58,-17.770578433221363,-17.66748167499483,4.74884258770933,0.5933050685697432,9.979186414291163,3.563842587709268,10.736773285658838,0,0,22.4,king+tour+av,1,30,8.544444801007002,0.1854754090309143,0.0,0.0
35.6,-17.782066932057187,-17.665003158231762,4.749959198503751,0.5902869440190522,9.97842710609681,3.564959198503689,10.735236802795797,0,0,22.4,king+tour+av,1,30,8.547298034716198,0.18309618532657623,0.0,0.0
35.62,-17.793467950685134,-17.662489013180487,4.751587994452291,0.5894003888181906,9.977633316081493,3.566587994452229,10.733042072889699,0,0,22.4,king+tour+av,1,30,8.550095728703097,0.1836034208536148,0.0,0.0
35.64,-17.804703746976863,-17.659889633536874,4.753763142235696,0.5867945993285901,9.976744044622512,3.5687631422356345,10.732173155675161,0,0,22.4,king+tour+av,1,30,8.552758607620435,0.18855878710746765,0.0,0.0
35.66,-17.81578051906479,-17.657156016192253,4.7564564567028516,0.5861345547179279,9.975711273246247,3.5714564567027898,10.729700473729253,0,0,22.4,king+tour+av,1,30,8.555245129508773,0.19371433556079865,0.0,0.0
35.68,-17.826610700357733,-17.65423698478371,4.759786362844023,0.5850253116555373,9.974470614036617,3.5747863628439616,10.728983393075724,0,0,22.4,king+tour+av,1,30,8.557470027486112,0.19552570581436157,0.0,0.0
35.7,-17.837182891743534,-17.65107500502824,4.7637513265964415,0.5862812555208677,9.9729627467197,3.5787513265963797,10.726379016362113,0,0,22.4,king+tour+av,1,30,8.559376220102557,0.1976391077041626,0.0,0.0
35.72,-17.84742963570295,-17.647621626388567,4.768067807864174,0.5821374329431886,9.971128667179503,3.5830678078641123,10.725561786626084,0,0,22.5,king+tour+av,1,30,8.560889634967353,0.19905032217502594,0.0,0.0
35.74,-17.857357651770755,-17.643826162882036,4.77255262463739,0.5768115544986965,9.968918471094213,3.587552624637328,10.722713061358128,0,0,22.5,king+tour+av,1,30,8.561967441075346,0.19969283044338226,0.0,0.0
35.76,-17.86687756858879,-17.639629272485152,4.777226336933206,0.570276888559002,9.966258743653803,3.5922263369331446,10.722073262123509,0,0,22.5,king+tour+av,1,30,8.562515842406786,0.19974388182163239,0.0,0.0
35.78,-17.87594304960874,-17.63493894113992,4.782363734620006,0.5713471126282103,9.963050297831012,3.597363734619944,10.718595316533289,0,0,22.6,king+tour+av,1,30,8.562431147679092,0.19728676974773407,0.0,0.0
35.8,-17.884559049423448,-17.62978974725781,4.78766156292033,0.5674870816643205,9.959326986148534,3.602661562920268,10.717358781633177,0,0,22.6,king+tour+av,1,30,8.561745767997202,0.19731608033180237,0.0,0.0
35.82,-17.892741809641077,-17.62415156589863,4.792937845618385,0.562551804121235,9.95506062371174,3.6079378456183235,10.71367563978526,0,0,22.6,king+tour+av,1,30,8.560439585460678,0.19803862273693085,0.0,0.0
35.84,-17.900471664248254,-17.618013061956304,4.798426040211451,0.5646949680787098,9.950235935287326,3.6134260402113894,10.711403773897976,0,0,22.7,king+tour+av,1,30,8.55849298742135,0.19825004041194916,0.0,0.0
35.86,-17.90779830904867,-17.61135680900649,4.804216864384273,0.5734088244085815,9.94484278132352,3.619216864384211,10.70779323010593,0,0,22.7,king+tour+av,1,30,8.555912581262918,0.19879674911499023,0.0,0.0
35.88,-17.914704923342992,-17.604191766004114,4.810312335609785,0.5835107790295672,9.938886504112032,3.625312335609723,10.706005145147508,0,0,22.7,king+tour+av,1,30,8.552698232196118,0.1993502825498581,0.0,0.0
35.9,-17.921245768867074,-17.596591772852946,4.816437194327668,0.5874871283307647,9.932447994350813,3.6314371943276065,10.70201855610905,0,1,22.8,king+tour+av,1,30,8.54893998945103,0.19906830787658691,0.0,0.0
35.92,-17.927418665268608,-17.588644291642925,4.822455765462463,0.5862813020903482,9.925612521491061,3.637455765462401,10.697878727613558,0,1,22.8,king+tour+av,1,30,8.544714129646762,0.19927866756916046,0.0,0.0
35.94,-17.933262834051508,-17.580399446913326,4.828452992827788,0.5875766108552956,9.918435291655884,3.6434529928277266,10.69354411552086,0,1,22.9,king+tour+av,1,30,8.540082686748105,0.19929306209087372,0.0,0.0
35.96,-17.938801062661767,-17.57185368815984,4.8345029936987585,0.592250958950261,9.910915973923661,3.6495029936986967,10.688910960312242,0,1,22.9,king+tour+av,1,30,8.535052553214026,0.19947969913482666,0.0,0.0
35.98,-17.944083588067564,-17.5630891608168,4.8404928299925265,0.5928746769678929,9.903143376412197,3.6554928299924647,10.68422705441594,0,1,23.0,king+tour+av,1,30,8.529719397736862,0.19934172928333282,0.0,0.0
36.0,-17.949140483668362,-17.55411623621868,4.846392966140956,0.5935005803093149,9.895132293745302,3.6613929661408946,10.679217687543417,0,1,23.0,king+tour+av,1,30,8.524105974825222,0.1994868814945221,0.0,0.0
36.02,-17.954015329439077,-17.545013276423916,4.852196307739367,0.592255797821291,9.886966895704983,3.667196307739305,10.673183461932181,0,1,23.1,king+tour+av,1,30,8.518301624552418,0.1997094452381134,0.0,0.0
36.04,-17.958736269700044,-17.535795228701545,4.857926509328344,0.5918084381998541,9.878666333469674,3.672926509328282,10.667397093865619,0,1,23.1,king+tour+av,1,30,8.512332382018432,0.19986967742443085,0.0,0.0
36.06,-17.963340869106517,-17.52649358709359,4.863601506956256,0.5914568250805168,9.870267720372567,3.678601506956194,10.66184449596534,0,1,23.1,king+tour+av,1,30,8.506243387141643,0.19996055960655212,0.0,0.0
36.08,-17.967838638201453,-17.517100770948115,4.8691685673621095,0.590438573300511,9.861765009316871,3.6841685673620477,10.655962409656166,0,1,23.2,king+tour+av,1,30,8.50003220343271,0.19990116357803345,0.0,0.0
36.1,-17.972255334204924,-17.50767676820366,4.874612749715196,0.5872779427329291,9.85322152414836,3.689612749715134,10.649262759511771,0,1,23.2,king+tour+av,1,30,8.493763765018686,0.19991953670978546,0.0,0.0
36.12,-17.976601460036427,-17.498221439513674,4.879851672569158,0.5825340398824489,9.844638783584118,3.6948516725690963,10.64312735499603,0,1,23.3,king+tour+av,1,30,8.487442720157018,0.19974972307682037,0.0,0.0
36.14,-17.980925044574153,-17.48875482979344,4.885052849926279,0.5817265868737639,9.836044609954373,3.700052849926217,10.63665103588116,0,1,23.3,king+tour+av,1,30,8.481109191094776,0.199716255068779,0.0,0.0
36.16,-17.98523685793116,-17.479272850950878,4.890310907704003,0.5834098661967948,9.827436787850472,3.7053109077039412,10.629889345822715,0,1,23.4,king+tour+av,1,30,8.474764609874654,0.1997555047273636,0.0,0.0
36.18,-17.989586964593638,-17.469811770023764,4.895896240527263,0.5908287040905972,9.818859622226741,3.710896240527201,10.623802480920997,0,1,23.4,king+tour+av,1,30,8.468464561397246,0.19888611137866974,0.0,0.0
36.2,-17.99400259447427,-17.4603419022959,4.901718526128935,0.5980702125448302,9.810288625530065,3.716718526128873,10.61808352140934,0,1,23.5,king+tour+av,1,30,8.4621958157336,0.19912602007389069,0.0,0.0
36.22,-17.998528457049584,-17.450908442643637,4.90751954677839,0.598175211867245,9.801776162197273,3.7225195467783285,10.612818499804561,0,1,23.5,king+tour+av,1,30,8.456019538913894,0.1990358531475067,0.0,0.0
36.24,-18.003177850962157,-17.441514859596538,4.913281264970018,0.5980252142192366,9.79332815249872,3.728281264969956,10.607194792169846,0,1,23.5,king+tour+av,1,30,8.449945343730342,0.19918690621852875,0.0,0.0
36.26,-18.007990530802946,-17.43222592932309,4.918993646991317,0.5959811683941474,9.78501552669875,3.733993646991255,10.600452785447025,0,1,23.6,king+tour+av,1,30,8.44404940532139,0.1994846612215042,0.0,0.0
36.28,-18.012994851969392,-17.42305129410669,4.924877719714422,0.5996654765403396,9.776853016433408,3.73987771971436,10.59532151608782,0,1,23.6,king+tour+av,1,30,8.438353998077575,0.1975528746843338,0.0,0.0
36.3,-18.018153706326903,-17.41396996383272,4.930716993724952,0.5982922755580964,9.768813803141562,3.7457169937248906,10.588269697029052,0,1,23.7,king+tour+av,1,30,8.432823360671227,0.19754177331924438,0.0,0.0
36.32,-18.023446403874544,-17.404985977944122,4.936575800550036,0.5980181167636254,9.760898513156016,3.7515758005499746,10.58328267326971,0,1,23.7,king+tour+av,1,30,8.427451471138832,0.19840359687805176,0.0,0.0
36.34,-18.02887451726195,-17.396060155952444,4.942490192722295,0.6002390106052253,9.753069110106662,3.7574901927222335,10.576722254965091,0,1,23.8,king+tour+av,1,30,8.422204919515435,0.1990816295146942,0.0,0.0
36.36,-18.034385975970245,-17.387188058229988,4.948598966230714,0.6049946463961098,9.745312265791886,3.763598966230652,10.572205013711264,0,1,23.8,king+tour+av,1,30,8.417055162630284,0.19914919137954712,0.0,0.0
36.38,-18.03998845089536,-17.378338071814518,4.954951401403196,0.6125018723668368,9.737598405822439,3.7699514014031346,10.566132617823033,0,1,23.9,king+tour+av,1,30,8.411978327679849,0.19943386316299438,0.0,0.0
36.4,-18.04561515637044,-17.36951107246931,4.961522225794229,0.617963318331666,9.729916653657693,3.7765222257941673,10.562060665517434,0,1,23.9,king+tour+av,1,30,8.406943287586875,0.1997172087430954,0.0,0.0
36.42,-18.051264783580205,-17.360680419572077,4.968279035981639,0.6236048470573676,9.722240621862666,3.783279035981577,10.556405554633102,0,1,24.0,king+tour+av,1,30,8.401926123559344,0.1998956799507141,0.0,0.0
36.44,-18.0568652155264,-17.351853842527657,4.975167669148896,0.6259524087701669,9.714564982696253,3.7901676691488344,10.552650396253922,0,1,24.0,king+tour+av,1,30,8.39689885010155,0.19998204708099365,0.0,0.0
36.46,-18.06240797540603,-17.343010992364977,4.982162052448975,0.6281711228463909,9.706868094161422,3.797162052448913,10.54728444785318,0,1,24.1,king+tour+av,1,30,8.391839428434947,0.20001226663589478,0.0,0.0
36.48,-18.067809278017968,-17.334165370750785,4.989457045549677,0.6337113222644696,9.69914791334067,3.804457045549615,10.542716139742739,0,1,24.1,king+tour+av,1,30,8.38671890597563,0.21995127201080322,0.0,0.0
36.5,-18.073049038750593,-17.32530120006909,4.997141961954876,0.6424300634392827,9.69138498133845,3.812141961954814,10.536342816058,0,1,24.2,king+tour+av,1,30,8.381513356417253,0.24104148149490356,0.0,0.0
36.52,-18.07812114883207,-17.316394363952426,5.005264644627295,0.6539036704373594,9.683554157111153,3.8202646446272333,10.532154858671616,0,1,24.2,king+tour+av,1,30,8.376198337755993,0.26299747824668884,0.0,0.0
36.54,-18.083050128995954,-17.307368312488304,5.013981815241842,0.6740799544787235,9.67558438366902,3.8289818152417805,10.526217347756683,0,1,24.3,king+tour+av,1,30,8.370718607757166,0.28619739413261414,0.0,0.0
36.56,-18.087842963729127,-17.29820190406268,5.023399784689981,0.6994505999906698,9.66745593969941,3.838399784689919,10.521497830908809,0,1,24.4,king+tour+av,1,30,8.365058943520593,0.3097671568393707,0.0,0.0
36.58,-18.092555163102453,-17.288823830368248,5.033585596246197,0.7312726000113395,9.659108806870885,3.848585596246135,10.515231811978996,0,1,24.4,king+tour+av,1,30,8.359184206199826,0.33345600962638855,0.0,0.0
36.6,-18.097173823839768,-17.279165666194277,5.04461932729527,0.7686926939308714,9.65047328547687,3.859619327295208,10.510891978157149,0,1,24.5,king+tour+av,1,30,8.353028560866973,0.3567560315132141,0.0,0.0
36.62,-18.101760837374197,-17.269115162373563,5.0565407368484765,0.8126704835764124,9.641450545687352,3.8715407368484147,10.504945311202821,0,1,24.6,king+tour+av,1,30,8.346524858338702,0.3803560435771942,0.0,0.0
36.64,-18.106299323865596,-17.258616860462354,5.069334206567093,0.8580283650507354,9.63198304650487,3.884334206567031,10.50092166348225,0,1,24.7,king+tour+av,1,30,8.339617069396375,0.4040934145450592,0.0,0.0
36.66,-18.110846882519063,-17.247574140565217,5.082939207883031,0.9051491772630998,9.621986767061653,3.8979392078829695,10.495183090491478,0,1,24.8,king+tour+av,1,30,8.332250177143406,0.42765921354293823,0.0,0.0
36.68,-18.115421062016424,-17.235961858119417,5.097224531135609,0.9484707192445596,9.611440554311653,3.9122245311355472,10.489191042008633,0,1,24.9,king+tour+av,1,30,8.3244119630066,0.4491680860519409,0.0,0.0
36.7,-18.120112903410277,-17.223681834206673,5.112254827410834,0.9984014336474583,9.600265487682176,3.9272548274107724,10.483718383281067,0,1,25.0,king+tour+av,1,30,8.316063346241137,0.4726514518260956,0.0,0.0
36.72,-18.124953787153622,-17.210609246412844,5.128027586247031,1.052504903015664,9.588345500805794,3.943027586246969,10.477409346212676,0,1,25.1,king+tour+av,1,30,8.307113183929024,0.4961482584476471,0.0,0.0
36.74,-18.130020422025893,-17.19671461064188,5.1444573072927735,1.1052911672695318,9.57566694669046,3.9594573072927117,10.471483785499887,0,1,25.2,king+tour+av,1,30,8.297576144476004,0.5185545086860657,0.0,0.0
36.76,-18.135337842768564,-17.181897247944395,5.1614663551569215,1.1588107156782679,9.562136717866675,3.9764663551568598,10.464549899275596,0,1,25.3,king+tour+av,1,30,8.287379993331127,0.5407185554504395,0.0,0.0
36.78,-18.140971760728718,-17.166158822416037,5.178868522276422,1.2065182242183314,9.547770166887311,3.99386852227636,10.457825593224593,0,1,25.4,king+tour+av,1,30,8.276562051434395,0.5585193634033203,0.0,0.0
36.8,-18.1469441383514,-17.149411557591016,5.196596292644617,1.2554023416964448,9.532486750948525,4.011596292644556,10.450055462961556,0,1,25.5,king+tour+av,1,30,8.26506087735735,0.5789870619773865,0.0,0.0
36.82,-18.153311333302636,-17.131673177221046,5.214445966795974,1.2978849881695498,9.516316339771516,4.029445966795913,10.44229274218137,0,1,25.6,king+tour+av,1,30,8.252924168925475,0.5922268033027649,0.0,0.0
36.84,-18.160171153498947,-17.112853988200925,5.232417256994806,1.3455354695356394,9.499191866361043,4.047417256994744,10.433199477160658,0,1,25.8,king+tour+av,1,30,8.24012839001132,0.6121014356613159,0.0,0.0
36.86,-18.16763097455489,-17.092994701614785,5.250258506090438,1.3859566760810635,9.481176662275367,4.065258506090376,10.424146863506936,0,1,25.9,king+tour+av,1,30,8.226768610894847,0.620353639125824,0.0,0.0
36.88,-18.1757554161057,-17.072060069850657,5.267808778185181,1.4250240420882034,9.462251819997118,4.082808778185119,10.415425464550859,0,1,26.0,king+tour+av,1,30,8.212853762652308,0.604968249797821,0.0,0.0
36.9,-18.18468220871555,-17.050019743943935,5.285072108319493,1.469256750622673,9.44241839012434,4.100072108319432,10.404884857732076,0,1,26.2,king+tour+av,1,30,8.198435434760693,0.619220495223999,0.0,0.0
36.92,-18.19446128917977,-17.026935823742686,5.301924886755313,1.510392273211012,9.421751521716,4.1169248867552515,10.394666930898099,0,1,26.3,king+tour+av,1,30,8.183601442972765,0.6279584765434265,0.0,0.0
36.94,-18.20516626286107,-17.002829178560994,5.318251121983658,1.5510260798618052,9.40029137140502,4.133251121983596,10.38444391328403,0,1,26.4,king+tour+av,1,30,8.168417215251077,0.6120296716690063,0.0,0.0
36.96,-18.216939391619032,-16.97763870922435,5.334373588780183,1.6070938380793276,9.3780127122903,4.149373588780121,10.372706951154774,0,1,26.6,king+tour+av,1,30,8.152914803250084,0.6305029392242432,0.0,0.0
36.98,-18.22989306619951,-16.95145045592318,5.350313164352635,1.6641006321231417,9.355029793728372,4.165313164352574,10.36122040884389,0,1,26.7,king+tour+av,1,30,8.137239015331753,0.6466957926750183,0.0,0.0
37.0,-18.24395985015331,-16.924406622663824,5.365697219444977,1.7072730297516725,9.331475832453197,4.180697219444915,10.349197885536466,0,1,26.8,king+tour+av,1,30,8.121490151795047,0.6350853443145752,0.0,0.0
37.02,-18.259234477481684,-16.896524927439714,5.380802574486583,1.7598827514381328,9.307396196748462,4.195802574486521,10.336445145580646,0,1,27.0,king+tour+av,1,30,8.10574699882534,0.6545961499214172,0.0,0.0
37.04,-18.275838905585665,-16.86784309917593,5.395860519887457,1.8200934213038464,9.282863050286236,4.210860519887396,10.322343519819654,0,1,27.1,king+tour+av,1,30,8.09012158013824,0.6753811240196228,0.0,0.0
37.06,-18.293829258573567,-16.838412053812313,5.411060703507159,1.8847312897977488,9.257949156078103,4.226060703507097,10.309257800693317,0,1,27.2,king+tour+av,1,30,8.074704274430609,0.6706448197364807,0.0,0.0
37.08,-18.31305391954016,-16.80831956921534,5.42614533408514,1.9382281200710638,9.2327194259007,4.241145334085078,10.297138565057093,0,1,27.4,king+tour+av,1,30,8.05950677581583,0.6517527103424072,0.0,0.0
37.1,-18.333502508601793,-16.777616252819403,5.44136241376185,1.9952430592585366,9.207232561232376,4.256362413761789,10.28385067956391,0,1,27.5,king+tour+av,1,30,8.044583647556893,0.6697829365730286,0.0,0.0
37.12,-18.355166932159502,-16.74642455960451,5.45695572818636,2.052693613548739,9.181618288211126,4.271955728186298,10.270542782502783,0,1,27.7,king+tour+av,1,30,8.030051266673862,0.679141640663147,0.0,0.0
37.14,-18.37793388009954,-16.714837752624586,5.473031968696045,2.1062441706842754,9.155954368504823,4.288031968695983,10.256262949745679,0,1,27.8,king+tour+av,1,30,8.015943556599922,0.6780303120613098,0.0,0.0
37.16,-18.4016914547038,-16.682965893863816,5.489441301327778,2.150292962227636,9.130334178244036,4.304441301327716,10.243393765764882,0,1,27.9,king+tour+av,1,30,8.002307217356721,0.660643994808197,0.0,0.0
37.18,-18.42635761889519,-16.650828435038854,5.506417419411557,2.196260743193454,9.104768651056549,4.321417419411495,10.22958028623801,0,1,28.1,king+tour+av,1,30,7.989127652170345,0.6740245223045349,0.0,0.0
37.2,-18.451717072781733,-16.618535443400084,5.523829645643787,2.229980287338755,9.079324552568046,4.338829645643726,10.217693084155114,0,1,28.3,king+tour+av,1,31,8.75650233893985,0.6896281838417053,0.0,0.0
37.22,-18.47758347164798,-16.586131950564443,5.541387684070739,2.251300541719964,9.054009428276833,4.356387684070677,10.204860161521374,0,1,28.4,king+tour+av,1,31,8.720058139617132,0.6982415914535522,0.0,0.0
37.24,-18.50374991339938,-16.553710659341277,5.558718359615064,2.2561998544728383,9.028869471887353,4.373718359615002,10.193712679016945,0,1,28.6,king+tour+av,1,31,8.683589716550463,0.696681797504425,0.0,0.0
37.26,-18.530088144063512,-16.521311713398514,5.575517184086052,2.2503303070473777,9.003916184980852,4.39051718408599,10.181717243525673,0,1,28.7,king+tour+av,1,31,8.647161047484046,0.6843681931495667,0.0,0.0
37.28,-18.556533621273637,-16.489002076999,5.591662998711419,2.2382823766543805,8.979201048016918,4.406662998711357,10.171278516174711,0,1,28.9,king+tour+av,1,31,8.610850797093557,0.6652560830116272,0.0,0.0
37.3,-18.582990500610208,-16.456832219726753,5.607121799099857,2.2213963461055086,8.95475046164438,4.422121799099795,10.159868406399331,0,1,29.0,king+tour+av,1,31,8.574726066409902,0.6436008214950562,0.0,0.0
37.32,-18.60939854257442,-16.42488286744703,5.621847838459271,2.1994328966191707,8.930627651459503,4.436847838459209,10.150153564100695,0,1,29.1,king+tour+av,1,31,8.538877194549448,0.6215975880622864,0.0,0.0
37.34,-18.635660021089524,-16.393225762487333,5.635910282745252,2.1734706620547093,8.906876163264487,4.45091028274519,10.138494925602837,0,1,29.3,king+tour+av,1,31,8.503391222220374,0.5982686877250671,0.0,0.0
37.36,-18.661708600955603,-16.361963304968462,5.649316517500955,2.1421933231408734,8.883575700000296,4.464316517500893,10.128721944585372,0,1,29.4,king+tour+av,1,31,8.46837966687815,0.5749721527099609,0.0,0.0
37.38,-18.687437926685572,-16.33115738438492,5.662085930491645,2.105980088726684,8.860754799330223,4.477085930491583,10.117571055988902,0,1,29.5,king+tour+av,1,31,8.433919762464832,0.5515866875648499,0.0,0.0
37.4,-18.712775123719172,-16.300904669061133,5.67422304690871,2.06428555007714,8.838482790513634,4.4892230469086485,10.10857734213037,0,1,29.6,king+tour+av,1,31,8.400117035313086,0.5282303094863892,0.0,0.0
37.42,-18.73763430136594,-16.271273787348314,5.685727347878492,2.0176203837417135,8.816797041967018,4.50072734787843,10.097533886988597,0,1,29.8,king+tour+av,1,31,8.367050688406469,0.5049387216567993,0.0,0.0
37.44,-18.761963884832223,-16.242368770865646,5.696585333741684,1.9655307594332838,8.79577705005204,4.511585333741622,10.088704288646118,0,1,29.9,king+tour+av,1,31,8.334829115068946,0.48163026571273804,0.0,0.0
37.46,-18.785672202997517,-16.214251560303,5.706794868920815,1.9084656720942381,8.775449540122802,4.521794868920753,10.077950132804828,0,1,30.0,king+tour+av,1,31,8.303524594683465,0.45839881896972656,0.0,0.0
37.48,-18.808704947271135,-16.1870194074607,5.716333063314109,1.845992016156086,8.755884374881154,4.531333063314047,10.069714152901625,0,1,30.1,king+tour+av,1,31,8.273238222171196,0.4352615475654602,0.0,0.0
37.5,-18.83098724366159,-16.160729379950066,5.725187715399262,1.7790946732052684,8.737106056377938,4.5401877153992,10.059426425447219,0,1,30.2,king+tour+av,1,31,8.244033893505177,0.41212254762649536,0.0,0.0
37.52,-18.85248174026369,-16.13547310288095,5.733328013103681,1.707452314331358,8.719182118102161,4.548328013103619,10.051600304370929,0,0,30.3,king+tour+av,1,31,8.216003941340807,0.38910171389579773,0.0,0.0
37.54,-18.873116256538996,-16.111303812804206,5.74074513727564,1.6316797906696514,8.702132580007033,4.555745137275578,10.042249890637697,0,0,30.4,king+tour+av,1,31,8.189207319080934,0.36607131361961365,0.0,0.0
37.56,-18.892860817874666,-16.088305643722844,5.7474011866706345,1.5516656187639075,8.686018780682131,4.562401186670573,10.033018540437267,0,0,30.4,king+tour+av,1,31,8.163727417967602,0.3432407081127167,0.0,0.0
37.58,-18.911705287934005,-16.066531385089668,5.753285378120815,1.4695714510225364,8.670877843594736,4.568285378120753,10.023581933467423,0,0,30.5,king+tour+av,1,31,8.139613870875415,0.32052287459373474,0.0,0.0
37.6,-18.929642969885695,-16.046006059838383,5.758403196650504,1.386760142358691,8.656721577047609,4.5734031966504425,10.014593106778422,0,0,30.6,king+tour+av,1,31,8.116888423951083,0.2978129982948303,0.0,0.0
37.62,-18.946655814717822,-16.026725029926013,5.7626513066717955,1.3031130443256649,8.643530346860567,4.577651306671734,10.0055735977433,0,0,30.6,king+tour+av,1,31,8.095544989604377,0.2776605188846588,0.0,0.0
37.64,-18.963199664364076,-16.00807309339776,5.764468643133395,1.2498964048938255,8.630849729563783,4.579468643133334,9.995729988715654,0,0,30.7,king+tour+av,1,31,8.074911120574386,0.2766251266002655,0.0,0.0
37.66,-18.97926008350647,-15.990058100199713,5.763851053720921,1.2071230877973924,8.618678180251191,4.578851053720859,9.985053164871532,0,0,30.7,king+tour,1,31,8.05499462580145,0.2640937566757202,0.0,0.0
37.68,-18.994652403060066,-15.972910899672284,5.76133093034577,1.1589877145529428,8.607172776730165,4.5763309303457085,9.974067005912705,0,0,30.7,king+tour,1,31,8.036045794094631,0.2503330111503601,0.0,0.0
37.7,-19.00919012909955,-15.95685822411929,5.7574061701711265,1.100497175413547,8.596484011277951,4.572406170171065,9.962705424076914,0,0,30.7,king+tour,1,31,8.018310108683036,0.24151648581027985,0.0,0.0
37.72,-19.022708895400307,-15.942087050739092,5.752392818503696,1.0320832091741077,8.586729834618058,4.5673928185036345,9.949813535714664,0,0,30.7,king+tour,1,31,8.001990041523873,0.2350226491689682,0.0,0.0
37.74,-19.035107041210864,-15.92871229187214,5.746522360666135,0.9579411118534245,8.577978602286583,4.561522360666073,9.9369893618754,0,0,30.7,king+tour,1,31,7.987208337661239,0.22992493212223053,0.0,0.0
37.76,-19.046325285831177,-15.916804687582184,5.740025903657851,0.8801193185413057,8.570270061609586,4.555025903657789,9.922063201208704,0,1,30.7,king+tour,1,32,9.388354240852992,0.21840904653072357,0.0,0.0
37.78,-19.056366814764893,-15.906366108963079,5.733120372367679,0.8023132014890588,8.563599066053676,4.548120372367618,9.908869239692994,0,1,30.7,king+tour,1,32,9.384959798231192,0.20698249340057373,0.0,0.0
37.8,-19.065209693790123,-15.897303837993237,5.725939374056873,0.7278186610096039,8.557863685080207,4.540939374056811,9.89564055610448,0,1,30.7,king+tour,1,32,9.382097694633549,0.20006966590881348,0.0,0.0
37.82,-19.072883576394624,-15.88956948779623,5.718612512922964,0.6564897967089424,8.553021513204927,4.533612512922902,9.882577184212131,0,1,30.7,king+tour,1,32,9.379736375955327,0.19448083639144897,0.0,0.0
37.84,-19.07947495342642,-15.883040189841836,5.711261356670682,0.5918561505931699,8.548979144096743,4.52626135667062,9.872386772570053,0,1,30.7,king+tour,1,32,9.377813627767825,0.18897174298763275,0.0,0.0
37.86,-19.08493573905964,-15.877680350324354,5.704282026926127,0.5178298539781171,8.545683151755771,4.519282026926065,9.86156064049714,0,1,30.6,king+tour,1,32,9.376268936642788,0.1741163283586502,0.0,0.0
37.88,-19.08929793827656,-15.873463245615145,5.698040243089331,0.4352373478970437,8.54311518977988,4.513040243089269,9.852984854417121,0,1,30.6,king+tour,1,32,9.37509343871295,0.16126717627048492,0.0,0.0
37.9,-19.0926147591757,-15.870236798731522,5.69271557158197,0.35271584537380724,8.541146136131921,4.507715571581908,9.84430270646882,0,1,30.6,king+tour+av,1,32,9.37418542346384,0.16300931572914124,0.0,0.0
37.92,-19.09502114292508,-15.867877974059517,5.688476826357321,0.2707475653723438,8.539701833999116,4.503476826357259,9.838420660525365,0,1,30.6,king+tour+av,1,32,9.373512909338979,0.1673496514558792,0.0,0.0
37.94,-19.096587901652295,-15.866187449312251,5.685382885484926,0.19290591587808795,8.538615817397169,4.500382885484864,9.83229906499063,0,1,30.6,king+tour+av,1,32,9.372945813722927,0.17610232532024384,0.0,0.0
37.96,-19.097475582457516,-15.864996677206436,5.6834546756014115,0.1216954063926258,8.537780556047393,4.49845467560135,9.827766244769014,0,1,30.5,king+tour+av,1,32,9.372429249998042,0.18644216656684875,0.0,0.0
37.98,-19.09774612823062,-15.8641002884837,5.682860005633027,0.05546034909944401,8.537021872216048,4.497860005632965,9.82362788501982,0,1,30.5,king+tour+av,1,32,9.371824205309215,0.19178776443004608,0.0,0.0
38.0,-19.097585102481204,-15.863302989962289,5.6833937734602,0.048644689266749246,8.536215745934303,4.498393773460138,9.820762025501855,0,1,30.6,king+tour+av,1,32,9.371067590674404,0.21313528716564178,0.0,0.0
38.02,-19.097084349994326,-15.86241102449977,5.684998540926657,0.09515295661254941,8.535209078862058,4.499998540926595,9.817229856908535,0,1,30.6,king+tour+av,1,32,9.370046744234129,0.23491299152374268,0.0,0.0
38.04,-19.096410996722465,-15.861261506683984,5.687629085626432,0.14743270715015788,8.533902588341652,4.502629085626371,9.815319116652885,0,1,30.6,king+tour+av,1,32,9.368715895147265,0.2575746178627014,0.0,0.0
38.06,-19.095658870021552,-15.859649160635172,5.691223530044613,0.20053294636251895,8.532132954341193,4.506223530044551,9.81234107647267,0,1,30.6,king+tour+av,1,32,9.366953840384957,0.28069382905960083,0.0,0.0
38.08,-19.095004074009598,-15.857418102804452,5.695809402088334,0.2570826679429801,8.529810420962653,4.510809402088272,9.81070149313861,0,1,30.6,king+tour+av,1,32,9.364725610313071,0.30187779664993286,0.0,0.0
38.1,-19.09454722033716,-15.854364013909754,5.701380904275497,0.3185035748477077,8.526774806945486,4.516380904275435,9.807952227448693,0,1,30.7,king+tour+av,1,32,9.361914624864168,0.32421910762786865,0.0,0.0
38.12,-19.094467947436794,-15.85034908976322,5.707876140806364,0.3818180119083622,8.52295473929605,4.522876140806302,9.806243756842223,0,1,30.7,king+tour+av,1,32,9.358503325778491,0.3469647467136383,0.0,0.0
38.14,-19.09488046828276,-15.845160862679856,5.715345256982427,0.455180102180557,8.518187133698335,4.530345256982365,9.804515502456239,0,1,30.8,king+tour+av,1,32,9.354376299220217,0.36728495359420776,0.0,0.0
38.16,-19.095943368921503,-15.83868038071815,5.723695790111723,0.5311727773693491,8.512412195742188,4.538695790111661,9.803505538604327,0,1,30.8,king+tour+av,1,32,9.349521320918559,0.390217661857605,0.0,0.0
38.18,-19.09773967819755,-15.830825642289588,5.732804315215208,0.6080478442466022,8.505580857190685,4.547804315215147,9.80086328706477,0,1,30.9,king+tour+av,1,32,9.343916741207071,0.413579523563385,0.0,0.0
38.2,-19.100373796596763,-15.821551327337168,5.742667687378928,0.6896332503906952,8.497686369566473,4.557667687378866,9.79896238482733,0,1,31.0,king+tour+av,1,32,9.337584164610282,0.4365699589252472,0.0,0.0
38.22,-19.103852883628285,-15.810790677425201,5.753183119944626,0.772123622136637,8.488670529294895,4.568183119944564,9.79538130063785,0,1,31.0,king+tour+av,1,32,9.330475082452834,0.46007657051086426,0.0,0.0
38.24,-19.108288660235985,-15.798495768726879,5.764366221463504,0.8600910614508542,8.478528144865106,4.5793662214634425,9.792413942567316,0,1,31.1,king+tour+av,1,32,9.32261493847872,0.48301589488983154,0.0,0.0
38.26,-19.11364198622702,-15.784689789466235,5.775888779773124,0.9381264740297568,8.467272255756907,4.590888779773063,9.78765644756487,0,1,31.2,king+tour+av,1,32,9.314007165636264,0.5016039609909058,0.0,0.0
38.28,-19.119910336340176,-15.769469071607968,5.7874069630587,1.004528510623536,8.454997562094936,4.602406963058638,9.783218613112734,0,1,31.3,king+tour+av,1,32,9.304737046625002,0.5158255100250244,0.0,0.0
38.3,-19.12713742471924,-15.752704676574517,5.7990778020599025,1.0833792390807204,8.441602388525348,4.614077802059841,9.776904089058503,0,1,31.4,king+tour+av,1,32,9.294727966655993,0.5333088040351868,0.0,0.0
38.32,-19.13540806175705,-15.734363750012431,5.8109224450727925,1.167356621035151,8.427090592932073,4.625922445072731,9.77087561920206,0,1,31.5,king+tour+av,1,32,9.284007678705661,0.5511552095413208,0.0,0.0
38.34,-19.14476060305207,-15.714336405239944,5.823045133441386,1.2604802067001648,8.411379287009575,4.638045133441325,9.76514919343478,0,1,31.6,king+tour+av,1,32,9.272515723142616,0.5579706430435181,0.0,0.0
38.36,-19.15505018000311,-15.692803609342276,5.835029915528373,1.3352637330079753,8.394598491405054,4.650029915528311,9.757534153259662,0,1,31.7,king+tour+av,1,32,9.260333132790615,0.5621936917304993,0.0,0.0
38.38,-19.166209035832146,-15.669825187163838,5.84695745746218,1.4096047369799116,8.376789940610058,4.661957457462118,9.750194817628179,0,1,31.8,king+tour+av,1,32,9.24748258736217,0.5662010908126831,0.0,0.0
38.4,-19.178112205662284,-15.645567264773566,5.858451195016347,1.468194685371783,8.358075547300464,4.673451195016285,9.740955643030189,0,1,32.0,king+tour+av,1,32,9.234042712409657,0.5654534697532654,0.0,0.0
38.42,-19.190702383595134,-15.620076419604853,5.869632214377962,1.5275069245022905,8.338487447470735,4.6846322143779,9.732003368505957,0,1,32.1,king+tour+av,1,32,9.22003014505257,0.5841884016990662,0.0,0.0
38.44,-19.203935484494846,-15.593384701641124,5.880503296274701,1.585672719134351,8.31804860965827,4.695503296274639,9.721203861184232,0,1,32.2,king+tour+av,1,32,9.205456846561287,0.6028109788894653,0.0,0.0
38.46,-19.217723615777167,-15.565594308369624,5.891049873027509,1.6383290295649366,8.296832271937264,4.706049873027447,9.708587289641319,0,1,32.3,king+tour+av,1,32,9.190367618842764,0.6194689273834229,0.0,0.0
38.48,-19.2320221136937,-15.536740113419626,5.901285900540196,1.6895175850831432,8.27486312859769,4.716285900540134,9.69633855758041,0,1,32.4,king+tour+av,1,32,9.17477557956642,0.6391140818595886,0.0,0.0
38.5,-19.246712958592873,-15.506871086763388,5.911065040657473,1.7346550512104564,8.252152684600766,4.726065040657411,9.682059093785634,0,1,32.5,king+tour+av,1,32,9.158663132965996,0.6532225608825684,0.0,0.0
38.52,-19.261751168360497,-15.47602966676005,5.920365455249036,1.7775254234555427,8.228731406842666,4.735365455248974,9.668133886813768,0,1,32.7,king+tour+av,1,32,9.142048180578543,0.6712920069694519,0.0,0.0
38.54,-19.277056510818408,-15.444220224127353,5.929157525603333,1.8189245788869437,8.204581108681726,4.7441575256032715,9.65206832803315,0,1,32.8,king+tour+av,1,32,9.124896720712934,0.6860300302505493,0.0,0.0
38.56,-19.292610923509773,-15.41142949918639,5.937573048461949,1.8627885154460186,8.179689187364676,4.752573048461887,9.636491144002957,0,1,32.9,king+tour+av,1,32,9.107195924600788,0.6968178153038025,0.0,0.0
38.58,-19.308324865435452,-15.377674706649326,5.945513951104709,1.9035308802628308,8.154045156616098,4.760513951104647,9.618895628139525,0,1,33.0,king+tour+av,1,32,9.088916159484228,0.7114118933677673,0.0,0.0
38.6,-19.32413814791062,-15.342943827923415,5.953117635317502,1.9455782259532388,8.127621327678627,4.768117635317441,9.601850774482521,0,1,33.1,king+tour+av,1,32,9.070020456320686,0.7232953310012817,0.0,0.0
38.62,-19.34000518276695,-15.307197129121713,5.960448265996796,1.9895523469538416,8.100369291396804,4.775448265996734,9.582672764648944,0,1,33.3,king+tour+av,1,32,9.05045773625967,0.7286787629127502,0.0,0.0
38.64,-19.355837355404642,-15.270430800307874,5.967644443057114,2.0335963151276557,8.072257469285082,4.782644443057052,9.563753067174966,0,1,33.4,king+tour+av,1,32,9.030180385773763,0.7402206063270569,0.0,0.0
38.66,-19.371543152118786,-15.232595900984327,5.974824339378815,2.0794846527682007,8.043210501648261,4.789824339378753,9.542921177959169,0,1,33.5,king+tour+av,1,32,9.009102025285845,0.7534292936325073,0.0,0.0
38.68,-19.38698794453172,-15.19374006245479,5.981978313642959,2.121024014647315,8.013224827544557,4.796978313642898,9.522760768362634,0,1,33.7,king+tour+av,1,32,8.98718727971645,0.749950647354126,0.0,0.0
38.7,-19.402078085278426,-15.153841649867815,5.989135338815022,2.162648078184085,7.982247003037288,4.804135338814961,9.500516656481842,0,1,33.8,king+tour+av,1,32,8.96436824270561,0.762657642364502,0.0,0.0
38.72,-19.4166974089897,-15.113003283376269,5.996100335287218,2.19659280439647,7.950328103916514,4.811100335287156,9.478850136916536,0,1,33.9,king+tour+av,1,32,8.940661414564211,0.779362678527832,0.0,0.0
38.74,-19.430756849525388,-15.071221043930036,6.002860534667487,2.22997965068062,7.917429938115248,4.8178605346674255,9.455005124525963,0,1,34.1,king+tour+av,1,32,8.91601295483502,0.7775863409042358,0.0,0.0
38.76,-19.444087953918267,-15.028492878116682,6.009607248085896,2.2632568568644302,7.883483329639655,4.824607248085834,9.431916026897246,0,1,34.2,king+tour+av,1,32,8.890320904654393,0.7943700551986694,0.0,0.0
38.78,-19.456647374205758,-14.98489183869711,6.016060803123996,2.291526810368319,7.848535923701755,4.831060803123934,9.406573112855405,0,1,34.4,king+tour+av,1,32,8.863617464936315,0.8077021837234497,0.0,0.0
38.8,-19.468416431958893,-14.940556761660877,6.021869230709247,2.3118432079286575,7.81270458045385,4.836869230709185,9.381696494954381,0,1,34.5,king+tour+av,1,32,8.836000590490844,0.8074803352355957,0.0,0.0
38.82,-19.47938047411879,-14.895527549318274,6.026872508861752,2.3307042803360507,7.776016497776366,4.84187250886169,9.354183895515105,0,1,34.7,king+tour+av,1,32,8.807491729406367,0.8065434098243713,0.0,0.0
38.84,-19.489528609512067,-14.849848389132255,6.031031449441678,2.3488652121863107,7.738503982455599,4.846031449441616,9.32714086734005,0,1,34.8,king+tour+av,1,32,8.77811752648307,0.8050868511199951,0.0,0.0
38.86,-19.498843837077136,-14.803564265708642,6.034168758592915,2.365817118033227,7.7001972147783855,4.849168758592853,9.299536176327488,0,1,35.0,king+tour+av,1,32,8.747900906056765,0.8035479187965393,0.0,0.0
38.88,-19.50725729926793,-14.756667662716218,6.0364457225282875,2.3849854732408837,7.661056609499883,4.851445722528226,9.272329778537634,0,1,35.1,king+tour+av,1,32,8.716790743429312,0.7835143804550171,0.0,0.0
38.9,-19.514754842901144,-14.709200284140486,6.037990461275813,2.4040338013336964,7.621109510020099,4.852990461275751,9.243404321942384,0,1,35.3,king+tour+av,1,32,8.684807967365336,0.7617886662483215,0.0,0.0
38.92,-19.52132522243881,-14.661282162478093,6.038784517426812,2.4186498279473696,7.58045510510777,4.85378451742675,9.215508455742496,0,1,35.4,king+tour+av,1,32,8.652035151343746,0.7441366314888,0.0,0.0
38.94,-19.526910315600453,-14.61296631193184,6.039114449219711,2.4319352040196685,7.539111229393794,4.854114449219649,9.187092396692325,0,1,35.6,king+tour+av,1,32,8.618472084971682,0.7226001024246216,0.0,0.0
38.96,-19.531558367489993,-14.564385141562953,6.039046456359758,2.4401532348439647,7.497212249539311,4.854046456359696,9.159663585874997,0,1,35.7,king+tour+av,1,32,8.584246633206726,0.7003995180130005,0.0,0.0
38.98,-19.535269768241545,-14.515666196914154,6.039025952564156,2.4430055687805456,7.454867371123043,4.854025952564094,9.130454975512428,0,1,35.9,king+tour+av,1,32,8.549451292148436,0.6880183815956116,0.0,0.0
39.0,-19.538615442989087,-14.467059115975543,6.036715888104344,2.4388410437631936,7.412543848890246,4.851715888104282,9.10012217649157,0,1,36.0,king+tour+av,1,32,8.514641192372087,0.6948876976966858,0.0,0.0
39.02,-19.541631203610223,-14.418630686717218,6.032166546396473,2.436751978827269,7.37031506880307,4.847166546396411,9.068667111743887,0,1,36.2,king+tour+av,1,32,8.479887752163611,0.6850773692131042,0.0,0.0
39.04,-19.544226823276304,-14.370502123879437,6.026203001070028,2.4283017085722185,7.328247597600904,4.8412030010699665,9.037024950068698,0,1,36.3,king+tour+av,1,32,8.445220445807728,0.6771431565284729,0.0,0.0
39.06,-19.54634485997928,-14.322866696134756,6.0197261535463795,2.4060182926041613,7.286485409026907,4.834726153546318,9.004473776233088,0,1,36.4,king+tour+av,1,32,8.41074221236798,0.6682032942771912,0.0,0.0
39.08,-19.54798082066642,-14.275982512422466,6.013328402113894,2.3673478161908825,7.245252461966143,4.828328402113832,8.969942300175182,0,0,36.5,king+tour+av,1,32,8.376637015098307,0.6596655249595642,0.0,0.0
39.1,-19.549119057952687,-14.230080140041368,6.007387680603407,2.3149597979219765,7.204741700798618,4.822387680603345,8.935509331691682,0,0,36.7,king+tour+av,1,32,8.343058244473161,0.6479194164276123,0.0,0.0
39.12,-19.54969966804651,-14.185330293275022,6.002129621283182,2.253071837241021,7.165071377118155,4.8171296212831205,8.899835841178575,0,0,36.8,king+tour+av,1,32,8.31008286615851,0.6368578672409058,0.0,0.0
39.14,-19.549730333993047,-14.141809272906078,5.997677666769494,2.187407171371068,7.126305115744698,4.812677666769432,8.867547650410993,0,0,36.9,king+tour+av,1,32,8.27776104540338,0.6307675838470459,0.0,0.0
39.16,-19.549216085350377,-14.09952245566022,5.9941433311864385,2.121868806303045,7.088442190364292,4.809143331186377,8.8343256310017,0,0,37.0,king+tour+av,1,32,8.246088366553844,0.6253641247749329,0.0,0.0
39.18,-19.548230028791927,-14.058521166976906,5.99158108300029,2.054655139552821,7.051554256093522,4.8065810830002285,8.801180707749811,0,0,37.2,king+tour+av,1,32,8.21514060641056,0.6210041046142578,0.0,0.0
39.2,-19.546757871466703,-14.018805790163588,5.990080097371908,1.9885493207805192,7.015628090986616,4.805080097371846,8.770373665694617,0,1,37.3,king+tour+av,1,32,8.18489743517807,0.6123508214950562,0.0,0.0
39.22,-19.544847264413317,-13.98027257144652,5.989681714765985,1.9291306803263317,6.980587095026589,4.804681714765923,8.739925888395684,0,1,37.4,king+tour+av,1,32,8.155304483246926,0.6102516055107117,0.0,0.0
39.24,-19.542494593807255,-13.942887277541809,5.990353364489872,1.8732634442823624,6.9463933773105975,4.80535336448981,8.711831757057976,0,1,37.6,king+tour+av,1,32,8.126324846814269,0.6070463061332703,0.0,0.0
39.26,-19.53975926979807,-13.906500477274571,5.9919591129550565,1.826239072011448,6.912937044046303,4.806959112954995,8.683763243556532,0,1,37.7,king+tour,1,32,8.097881244829315,0.5952348709106445,0.0,0.0
39.28,-19.536646922544474,-13.871051061424273,5.9943609154212405,1.7833370717848964,6.880162154074541,4.809360915421179,8.657831871308883,0,1,37.9,king+tour,1,32,8.069925632295027,0.5803646445274353,0.0,0.0
39.3,-19.5331708074965,-13.836407669194763,5.997429243595723,1.747614544730048,6.847954829010372,4.812429243595661,8.633659189316809,0,1,38.0,king+tour,1,32,8.0423649299175,0.5626307129859924,0.0,0.0
39.32,-19.52930337512115,-13.802518383306897,6.0010067576026875,1.7148172917526465,6.8162526076656205,4.816006757602626,8.609812030581578,0,1,38.2,king+tour,1,32,8.015136642799087,0.5425150990486145,0.0,0.0
39.34,-19.525074838975073,-13.769327838261384,6.004978898586243,1.684688919615506,6.7850175317701,4.819978898586181,8.588656995531961,0,1,38.3,king+tour,1,32,7.9882160512603315,0.5209441781044006,0.0,0.0
39.36,-19.520467356612446,-13.73678744204249,6.009133906925103,1.6563290540383413,6.754195231266499,4.8241339069250415,8.566743018182391,0,1,38.5,king+tour,1,33,7.751634116715044,0.49846065044403076,0.0,0.0
39.38,-19.51547270593491,-13.704927731229004,6.013473033144201,1.6269724374238603,6.72380563282117,4.828473033144139,8.546565178566421,0,1,38.6,king+tour,1,34,9.475565973247967,0.47652149200439453,0.0,0.0
39.4,-19.51006491901044,-13.673724857348038,6.017971205723423,1.5992944181767108,6.693812409337949,4.832971205723362,8.52836710658368,0,1,38.8,king+tour,1,34,9.447056081022843,0.45433270931243896,0.0,0.0
39.42,-19.504232416635546,-13.643208763126282,6.022614097917458,1.570673850955115,6.6642334065672015,4.837614097917396,8.509381625596488,0,1,38.9,king+tour,1,34,9.418875447370135,0.4323761761188507,0.0,0.0
39.44,-19.49803846066145,-13.61344104690338,6.027392489492741,1.5389241743690243,6.635150241866451,4.8423924894926795,8.492393214785652,0,1,39.0,king+tour,1,34,9.391108107650863,0.41065743565559387,0.0,0.0
39.46,-19.49147445580507,-13.584467296738747,6.03235784150206,1.5060038835720388,6.606596161069495,4.847357841501998,8.474662651461225,0,0,39.2,king+tour,1,34,9.363783203068039,0.3896884620189667,0.0,0.0
39.48,-19.484588662376844,-13.556368194777447,6.037539927464616,1.469547291762892,6.578662627764914,4.852539927464554,8.459245662583564,0,0,39.3,king+tour,1,34,9.336991650982494,0.3691473603248596,0.0,0.0
39.5,-19.47736126541753,-13.529198997901362,6.042962461143625,1.4316113274898254,6.551386103124189,4.857962461143563,8.4431644931621,0,0,39.5,king+tour,1,34,9.310763877464362,0.34899628162384033,0.0,0.0
39.52,-19.469854918063735,-13.503040716852492,6.048636082419991,1.3899558413984965,6.524865574184459,4.863636082419929,8.429578210694787,0,0,39.6,king+tour,1,34,9.285199665242121,0.32937556505203247,0.0,0.0
39.54,-19.462060861196733,-13.477952583791437,6.054576780523625,1.3467123272008346,6.49914658474221,4.8695767805235635,8.415399471002843,0,0,39.8,king+tour,1,34,9.26033928627079,0.31044358015060425,0.0,0.0
39.56,-19.454055278673366,-13.454016629901504,6.060787894402268,1.2996126112931752,6.474336007511496,4.875787894402206,8.403898492116886,0,0,39.9,king+tour,1,34,9.23629162064911,0.29228129982948303,0.0,0.0
39.58,-19.445841261608656,-13.431293779101864,6.067273735401908,1.2508638597731543,6.450487012152337,4.882273735401847,8.39187339089927,0,0,40.1,king+tour,1,34,9.213105571844785,0.27487432956695557,0.0,0.0
39.6,-19.437508769429726,-13.409864072334052,6.074025397695356,1.1981732990172174,6.427711958603006,4.889025397695295,8.381168491454867,0,0,40.2,king+tour,1,34,9.190896974076695,0.25855764746665955,0.0,0.0
39.62,-19.429072747606906,-13.389790664204165,6.081042676082203,1.1438426182201087,6.406072214849637,4.896042676082141,8.371070658320981,0,0,40.3,king+tour,1,34,9.16972393039,0.24363113939762115,0.0,0.0
39.64,-19.420607825807064,-13.371104723854486,6.088297213450952,1.0879425309543291,6.385630548691436,4.90329721345089,8.361760368380244,0,0,40.4,king+tour,1,34,9.149654313209364,0.2299920618534088,0.0,0.0
39.66,-19.41212937441582,-13.353858088536382,6.095779731844464,1.0311627530349434,6.3664391481255675,4.910779731844403,8.355125626745416,0,0,40.6,king+tour,1,34,9.130737820775852,0.21804440021514893,0.0,0.0
39.68,-19.403698582642743,-13.338074885024852,6.103523244031855,0.9748714581980205,6.348548587973283,4.918523244031793,8.34794568638796,0,0,40.7,king+tour,1,34,9.113029210437531,0.20851969718933105,0.0,0.0
39.7,-19.395354556101733,-13.323822697896968,6.111464319791144,0.9162536508250322,6.332036834889625,4.926464319791082,8.341687910792201,0,0,40.8,king+tour,1,34,9.096605394117002,0.2033483386039734,0.0,0.0
39.72,-19.387151540805156,-13.311092678332718,6.119565733187893,0.8587429142169144,6.316922723672673,4.934565733187831,8.334907179391147,0,0,40.9,king+tour,1,34,9.081490949991068,0.20112039148807526,0.0,0.0
39.74,-19.379103578755803,-13.299870803232283,6.127738874585744,0.8023409721354164,6.30320113600154,4.942738874585682,8.331171991315665,0,0,41.0,king+tour,1,34,9.067682672814847,0.20023632049560547,0.0,0.0
39.76,-19.37122940781762,-13.290043545268011,6.135839822028395,0.7486703488997111,6.290782502360867,4.950839822028334,8.32676547108722,0,0,41.1,king+tour,1,34,9.055100233752722,0.19982565939426422,0.0,0.0
39.78,-19.363556539438925,-13.281590580285997,6.143782863968165,0.695372995954078,6.279662991377216,4.9587828639681035,8.321505705314319,0,0,41.2,king+tour,1,34,9.043743701071355,0.19975866377353668,0.0,0.0
39.8,-19.356123695199322,-13.27447106346627,6.151634572172101,0.6472712239785587,6.269826363516581,4.9666345721720395,8.316720277316952,0,0,41.3,king+tour,1,34,9.033603394630724,0.19977502524852753,0.0,0.0
39.82,-19.348930584191983,-13.268589143649525,6.159418615915405,0.606071703043823,6.261189345684346,4.974418615915344,8.314306662680126,0,0,41.4,king+tour,1,34,9.02460229227217,0.19985544681549072,0.0,0.0
39.84,-19.341929939107597,-13.263857164093979,6.167127383785861,0.5718954541526081,6.253653007754317,4.982127383785799,8.31109799970051,0,0,41.4,king+tour,1,34,9.016642189567774,0.19991330802440643,0.0,0.0
39.86,-19.335142110986148,-13.26018845408875,6.17474803999123,0.5422371361066719,6.247152134641897,4.989748039991168,8.307593084759759,0,0,41.5,king+tour,1,34,9.00966579476183,0.19991850852966309,0.0,0.0
39.88,-19.328538889039386,-13.257401094513046,6.1820343653093035,0.511034368030357,6.241514559709074,4.997034365309242,8.303642591071304,0,0,41.6,king+tour,1,34,9.003510278699316,0.19874639809131622,0.0,0.0
39.9,-19.32210957402776,-13.255336450726645,6.188955906840501,0.48349400888623356,6.236596825066512,5.00395590684044,8.301172759435266,0,0,41.6,king+tour,1,34,8.998041860938448,0.19896407425403595,0.0,0.0
39.92,-19.31579347205904,-13.253922957882846,6.195904566759829,0.4748025399395443,6.232307402584724,5.010904566759767,8.299591206516514,0,0,41.7,king+tour,1,34,8.993167323945736,0.19855143129825592,0.0,0.0
39.94,-19.309580921419514,-13.253038126212157,6.20311660730202,0.477996446943681,6.228534831925705,5.018116607301958,8.298254095728627,0,1,41.7,king+tour,1,34,8.98878254389265,0.21823284029960632,0.0,0.0
39.96,-19.303411081076916,-13.252555573973028,6.210524333780103,0.48263391429401464,6.225139454849938,5.025524333780041,8.295588587215176,0,1,41.8,king+tour+av,1,34,8.984749938003654,0.22468915581703186,0.0,0.0
39.98,-19.297261661446974,-13.252314923903217,6.218031439642806,0.48536046572379327,6.221970319272764,5.033031439642744,8.294400863691319,0,1,41.9,king+tour+av,1,34,8.980927171807222,0.23012925684452057,0.0,0.0
40.0,-19.29104032335006,-13.25217990797035,6.225886530170706,0.5010631801972055,6.218863817442409,5.040886530170644,8.29310493752548,0,1,41.9,king+tour+av,1,34,8.977149944213092,0.23875008523464203,0.0,0.0
40.02,-19.284739656474553,-13.25199468167912,6.233752996439327,0.5040188573119596,6.2156799112155126,5.048752996439265,8.292688869494906,0,1,42.0,king+tour+av,1,34,8.973288143140007,0.23254841566085815,0.0,0.0
40.04,-19.27831946209132,-13.251596697354037,6.24171101897151,0.5116331939588794,6.2122567551925,5.056711018971448,8.294255861755527,0,1,42.0,king+tour+av,1,34,8.969186752708854,0.22226092219352722,0.0,0.0
40.06,-19.271813866047214,-13.250817600880914,6.249757802711131,0.5188460748521238,6.20846275353428,5.064757802711069,8.295047109605918,0,1,42.1,king+tour+av,1,34,8.96472962891197,0.21192362904548645,0.0,0.0
40.08,-19.265260287429143,-13.249550527079649,6.257945351209516,0.528182778814522,6.204221552032933,5.072945351209454,8.29770242971299,0,1,42.1,king+tour+av,1,34,8.959852048949204,0.20541276037693024,0.0,0.0
40.1,-19.25873934173809,-13.247663891479645,6.266244716721326,0.5361007239584902,6.199455365890054,5.081244716721264,8.298657231940485,0,1,42.2,king+tour+av,1,34,8.954494477534833,0.2021539956331253,0.0,0.0
40.12,-19.252334210983037,-13.245098318925521,6.274620865012842,0.5426041898134624,6.194150774569245,5.0896208650127805,8.301130844238541,0,1,42.3,king+tour+av,1,34,8.948657123544304,0.20066630840301514,0.0,0.0
40.14,-19.246068597950476,-13.241811225713825,6.283037933412635,0.5497952548517109,6.188280664866116,5.098037933412574,8.301824853828714,0,1,42.3,king+tour+av,1,34,8.942318802373176,0.2000671625137329,0.0,0.0
40.16,-19.24004070758589,-13.23776012884298,6.291440704216335,0.5553228909470423,6.181853358585648,5.106440704216273,8.304308749927763,0,1,42.4,king+tour+av,1,34,8.935502129137815,0.1998746246099472,0.0,0.0
40.18,-19.234291177124195,-13.232911989725082,6.299806942215502,0.5624844257737296,6.174858102301646,5.1148069422154405,8.304185494158293,0,1,42.5,king+tour+av,1,34,8.92820362547971,0.19986027479171753,0.0,0.0
40.2,-19.228864440953384,-13.227295331283774,6.308148108094827,0.5713391412731944,6.167340237001441,5.123148108094766,8.305784260987277,0,1,42.6,king+tour+av,1,34,8.920472024924631,0.19988475739955902,0.0,0.0
40.22,-19.223774823896143,-13.22090184780332,6.316421500158738,0.5814418480109088,6.15929856796524,5.131421500158676,8.306152249899576,0,1,42.6,king+tour+av,1,34,8.912308730423367,0.19991476833820343,0.0,0.0
40.24,-19.21904186725458,-13.213780700874945,6.324641554700147,0.5930449156896033,6.150785180134592,5.139641554700085,8.308375454720883,0,1,42.7,king+tour+av,1,34,8.903764934704421,0.19995205104351044,0.0,0.0
40.26,-19.21468404793649,-13.205976823456549,6.332792355141121,0.6048277436574002,6.141848143926644,5.14779235514106,8.307944007506926,0,1,42.8,king+tour+av,1,34,8.894887953200774,0.19996607303619385,0.0,0.0
40.28,-19.210724676285242,-13.197591911107313,6.340918052260748,0.6164623521695672,6.13258802185716,5.155918052260686,8.30946588794501,0,1,42.9,king+tour+av,1,34,8.88577407831672,0.19996200501918793,0.0,0.0
40.3,-19.207179587409144,-13.188662164806374,6.349004949002357,0.627905094437106,6.123044344831868,5.164004949002295,8.308885998438468,0,1,43.0,king+tour+av,1,34,8.87646230067188,0.19996832311153412,0.0,0.0
40.32,-19.204066987621264,-13.179284626334784,6.3570839267874115,0.638154345117804,6.113311529954365,5.17208392678735,8.309127540068584,0,1,43.1,king+tour+av,1,34,8.867042401927288,0.19998033344745636,0.0,0.0
40.34,-19.201350257942032,-13.169539202935004,6.36520448664897,0.6486474193584806,6.103443053720166,5.1802044866489085,8.307536830946344,0,1,43.1,king+tour+av,1,34,8.857558178652598,0.1999737024307251,0.0,0.0
40.36,-19.19903443334178,-13.159495162941033,6.373314015283876,0.6557633674962261,6.093502849375083,5.188314015283814,8.307869820578674,0,1,43.2,king+tour+av,1,34,8.848069282462108,0.19995184242725372,0.0,0.0
40.38,-19.197062215012043,-13.149211734671335,6.381429957680596,0.6623953938265634,6.083516476318847,5.196429957680534,8.30643649648566,0,1,43.3,king+tour+av,1,34,8.838590616940474,0.1999688297510147,0.0,0.0
40.4,-19.195403539421246,-13.138781182920402,6.389170658083228,0.6547252425019335,6.073551447182771,5.204170658083166,8.305183328263091,0,1,43.4,king+tour+av,1,34,8.829179730589315,0.1956809014081955,0.0,0.0
40.42,-19.193979649048696,-13.128273514239384,6.396261580505117,0.6378082503706745,6.063632423997214,5.211261580505055,8.301949429647541,0,1,43.5,king+tour+av,1,34,8.819847384651206,0.19335982203483582,0.0,0.0
40.44,-19.192803627011365,-13.117713941046249,6.403245697790992,0.6357387594686945,6.053788268853496,5.21824569779093,8.300507449471903,0,1,43.6,king+tour+av,1,34,8.810622069710318,0.19423331320285797,0.0,0.0
40.46,-19.191777022586134,-13.107138373155786,6.409792755686186,0.6240202719757889,6.044004029964026,5.224792755686124,8.297241508690735,0,1,43.6,king+tour+av,1,34,8.801475132467104,0.19196084141731262,0.0,0.0
40.48,-19.19087663056037,-13.096583567631697,6.415647434906292,0.605169179283256,6.034301200579266,5.23064743490623,8.293489922625666,0,1,43.7,king+tour+av,1,34,8.79242279045304,0.19215857982635498,0.0,0.0
40.5,-19.190035602896863,-13.086075020580523,6.4206577765375465,0.5836103407227309,6.024670399338798,5.235657776537485,8.287971019970094,0,1,43.8,king+tour+av,1,34,8.783446291555057,0.1945064663887024,0.0,0.0
40.52,-19.189218403037582,-13.075614388238685,6.424985034963626,0.5674896697015553,6.015096127723151,5.239985034963564,8.283587094286355,0,1,43.9,king+tour+av,1,34,8.774526004604136,0.19715598225593567,0.0,0.0
40.54,-19.188390953642568,-13.06516392749021,6.4288152880373275,0.558049372738077,6.005528929751093,5.243815288037266,8.277122099932827,0,1,43.9,king+tour+av,1,34,8.765611331227783,0.19882681965827942,0.0,0.0
40.56,-19.18750694093422,-13.054735144842699,6.432287321096335,0.5513528805138677,5.995956628111983,5.247287321096273,8.271977316237455,0,1,44.0,king+tour+av,1,34,8.756684088518863,0.19967523217201233,0.0,0.0
40.58,-19.186529074492825,-13.044274736179014,6.435513524045736,0.5495105951190129,5.986314439771108,5.250513524045674,8.266049915390486,0,1,44.0,king+tour+av,1,34,8.747679143597422,0.1999504119157791,0.0,0.0
40.6,-19.18540774233152,-13.033785546088328,6.438564409885603,0.5490637462591159,5.97658083338317,5.253564409885541,8.261466361851596,0,1,44.1,king+tour+av,1,34,8.73856925146175,0.20006594061851501,0.0,0.0
40.62,-19.1841239626462,-13.023231402728394,6.441500891432188,0.5515001274159768,5.966714752527528,5.256500891432126,8.255047291653915,0,1,44.2,king+tour+av,1,34,8.729313867444153,0.20007316768169403,0.0,0.0
40.64,-19.18264619055233,-13.012637103475523,6.444340896376109,0.553372874069354,5.956722473346014,5.259340896376047,8.249947959430582,0,1,44.2,king+tour+av,1,34,8.719914029478051,0.20003816485404968,0.0,0.0
40.66,-19.180958910050165,-13.001957045973622,6.447102748514751,0.5579838057072206,5.94655629799857,5.262102748514689,8.244235598312708,0,1,44.3,king+tour+av,1,34,8.710323627815894,0.2000139057636261,0.0,0.0
40.68,-19.179030450372913,-12.991206956245101,6.449803366016648,0.5625316008670684,5.936214411325189,5.2648033660165865,8.23976927239906,0,1,44.4,king+tour+av,1,34,8.700536254216734,0.19998343288898468,0.0,0.0
40.7,-19.17685720009004,-12.980361324857281,6.452564756295016,0.570035115720749,5.925672443633815,5.267564756294954,8.233657320182209,0,1,44.4,king+tour+av,1,34,8.690529022774585,0.21997541189193726,0.0,0.0
40.72,-19.17441904495909,-12.969459364846905,6.45547015858867,0.5771453348125596,5.914954663352223,5.2704701585886085,8.225839788167223,0,1,44.5,king+tour+av,1,34,8.680321208981127,0.2419697642326355,0.0,0.0
40.74,-19.1717159834251,-12.958465525857779,6.458619735330822,0.5875603607930348,5.904029668998873,5.27361973533076,8.21975506245629,0,1,44.6,king+tour+av,1,34,8.66988400659235,0.26507285237312317,0.0,0.0
40.76,-19.16871330650455,-12.947301548602768,6.462072434979591,0.6032652644239788,5.892811920348751,5.277072434979529,8.211827317640932,0,1,44.6,king+tour+av,1,34,8.65913367791811,0.28865498304367065,0.0,0.0
40.78,-19.165450948806377,-12.935912051481859,6.465859489479169,0.6219031359480113,5.881272184347989,5.280859489479107,8.204928504295125,0,1,44.7,king+tour+av,1,34,8.64804946160786,0.31238701939582825,0.0,0.0
40.8,-19.161892100849272,-12.924214155891802,6.4699857693542375,0.6452370603604969,5.869319990381318,5.284985769354176,8.19614108853818,0,1,44.8,king+tour+av,1,34,8.636542811649957,0.3361513018608093,0.0,0.0
40.82,-19.15806214327763,-12.912122770550337,6.474489919748895,0.6729738948393127,5.85689323337653,5.289489919748833,8.189064777384564,0,1,44.9,king+tour+av,1,34,8.624560642089211,0.35985901951789856,0.0,0.0
40.84,-19.153910532892976,-12.89952508974779,6.479362900662949,0.7065468374027402,5.843868725186813,5.294362900662887,8.179998281146315,0,1,45.0,king+tour+av,1,34,8.611982364422515,0.3830970227718353,0.0,0.0
40.86,-19.149459801516908,-12.886331120273121,6.484630607925473,0.7443765513569388,5.830178846743596,5.299630607925411,8.172432255855679,0,1,45.0,king+tour+av,1,34,8.598749475678462,0.4067801237106323,0.0,0.0
40.88,-19.1446501230764,-12.8724099239433,6.490345766163113,0.7899299773331792,5.815680160909481,5.305345766163051,8.162887921784444,0,1,45.1,king+tour+av,1,34,8.584721489459303,0.4303347170352936,0.0,0.0
40.9,-19.139500245927373,-12.857663297997346,6.496547589130904,0.8403077108473356,5.800296195827016,5.311547589130842,8.154843897544515,0,1,45.3,king+tour+av,1,34,8.56983131027603,0.45107707381248474,0.0,0.0
40.92,-19.13395440520269,-12.84197350043383,6.503183128562564,0.8957629157270977,5.7838971347504575,5.318183128562502,8.144863090211816,0,1,45.4,king+tour+av,1,34,8.553951672492596,0.4745204448699951,0.0,0.0
40.94,-19.128027835428693,-12.825237786365259,6.510280110853756,0.9560014543824676,5.766401007120398,5.3252801108536945,8.1361962597345,0,1,45.5,king+tour+av,1,34,8.537010034043513,0.4962906241416931,0.0,0.0
40.96,-19.121664094300733,-12.807345972071332,6.517773587064095,1.020742873581463,5.747684400927073,5.332773587064033,8.127164267351539,0,1,45.6,king+tour+av,1,34,8.518885037276013,0.5198460817337036,0.0,0.0
40.98,-19.114895972172818,-12.788256189573952,6.525491758714249,1.0837405669219478,5.727727230228537,5.340491758714188,8.116440812950481,0,1,45.8,king+tour+av,1,34,8.499563688886553,0.5388438701629639,0.0,0.0
41.0,-19.10768590165425,-12.767905174573322,6.533471597912907,1.150898303581809,5.706456382014826,5.348471597912845,8.106255366621376,0,1,45.9,king+tour+av,1,34,8.478973742262323,0.5620946288108826,0.0,0.0
41.02,-19.10002199220215,-12.746121445002654,6.541857539126624,1.2284038343902768,5.683717151852418,5.356857539126562,8.097021953290668,0,1,46.1,king+tour+av,1,34,8.456972204735587,0.5810888409614563,0.0,0.0
41.04,-19.091877540102562,-12.722874854557013,6.550600387658942,1.3068793630332776,5.659470842874361,5.36560038765888,8.08562275518625,0,1,46.2,king+tour+av,1,34,8.433520213613997,0.6042995452880859,0.0,0.0
41.06,-19.083249214062022,-12.69816886558359,6.559722781696347,1.3856875318685717,5.633719560169791,5.374722781696285,8.075187651204514,0,1,46.4,king+tour+av,1,34,8.408619906033065,0.6226241588592529,0.0,0.0
41.08,-19.074206167919627,-12.672056222058979,6.568893563115999,1.4558073938745297,5.606544100685013,5.3838935631159375,8.064945926689917,0,1,46.6,king+tour+av,1,34,8.382356617614734,0.6059508323669434,0.0,0.0
41.1,-19.06474002033536,-12.644539683984705,6.5781626559745305,1.52699369686004,5.577943675774839,5.393162655974469,8.052591562119437,0,1,46.8,king+tour+av,1,34,8.35472914495941,0.625381588935852,0.0,0.0
41.12,-19.054844552076677,-12.615681887609243,6.5875799589752795,1.5963852131567189,5.547970632300485,5.402579958975218,8.04091483203522,0,1,47.0,king+tour+av,1,34,8.325785265288811,0.6455609798431396,0.0,0.0
41.14,-19.044490725939333,-12.585595793578033,6.596918130005097,1.6579929191037452,5.516709610523401,5.411918130005035,8.028001817877687,0,1,47.2,king+tour+av,1,34,8.29559875117406,0.6290181279182434,0.0,0.0
41.16,-19.033686811880035,-12.554319919791757,6.606284766151331,1.7194757288136628,5.484198926728427,5.4212847661512695,8.015804769076771,0,1,47.4,king+tour+av,1,34,8.264206709120606,0.6473214030265808,0.0,0.0
41.18,-19.022383814879426,-12.521895223818715,6.615777999795641,1.7813198303262976,5.450450474253123,5.43077799979558,8.001810084853409,0,1,47.6,king+tour+av,1,34,8.23161323766078,0.6673849821090698,0.0,0.0
41.2,-19.010639142625443,-12.488466125100132,6.62526514733027,1.8340174043844795,5.415618665073029,5.440265147330209,7.988681325247099,0,1,47.8,king+tour+av,1,34,8.197969094488107,0.653570294380188,0.0,0.0
41.22,-18.99844662777132,-12.45414962164716,6.634574380100337,1.8794558005398851,5.379802284001846,5.449574380100275,7.97577324677012,0,1,48.1,king+tour+av,1,34,8.163364259255289,0.6334039568901062,0.0,0.0
41.24,-18.985831816019957,-12.419006933878803,6.643878158907215,1.9239947240011892,5.343067472434624,5.4588781589071536,7.960956632066212,0,1,48.3,king+tour+av,1,34,8.127863736236048,0.6505759954452515,0.0,0.0
41.26,-18.972786847745457,-12.383158794709113,6.6533056225457665,1.9647756550484294,5.305515012093131,5.468305622545705,7.945609333323459,0,1,48.6,king+tour+av,1,34,8.091558887605187,0.6710896492004395,0.0,0.0
41.28,-18.9593458746843,-12.346682516430526,6.662882618033606,2.001810103669785,5.267229005708883,5.4778826180335445,7.930673930009817,0,1,48.8,king+tour+av,1,34,8.054532293629041,0.6791201233863831,0.0,0.0
41.3,-18.945512036405034,-12.309697631939025,6.672410500283812,2.031032559168047,5.228314312478989,5.48741050028375,7.916211335689346,0,1,49.1,king+tour+av,1,34,8.016880534766875,0.6615527868270874,0.0,0.0
41.32,-18.93130151330842,-12.272272886863584,6.682047877133377,2.0587797011711455,5.1888382916579605,5.4970478771333156,7.900076527972276,0,1,49.3,king+tour+av,1,34,7.978667920301104,0.6801437139511108,0.0,0.0
41.34,-18.916727782299468,-12.234560185586561,6.6915876234223175,2.0770461191248213,5.148938512729105,5.506587623422256,7.885173129682133,0,1,49.6,king+tour+av,1,35,8.305507819976404,0.6803913116455078,0.0,0.0
41.36,-18.901823828343876,-12.196632655069763,6.700889831812314,2.089950056546834,5.108694276948074,5.5158898318122525,7.868693038965936,0,1,49.8,king+tour+av,1,35,8.269871691033016,0.6794472336769104,0.0,0.0
41.38,-18.886622513438585,-12.15859397351536,6.7098296433155955,2.0963906476139247,5.0682110822511275,5.524829643315534,7.853561676001675,0,0,50.1,king+tour+av,1,35,8.234213080329107,0.676193356513977,0.0,0.0
41.4,-18.87116957059346,-12.120478281330454,6.718347022976192,2.1000864205979277,5.0275410699494625,5.53334702297613,7.8368073454764895,0,0,50.4,king+tour+av,1,35,8.19856241397928,0.6704662442207336,0.0,0.0
41.42,-18.855560116621895,-12.082338612483738,6.726462335283426,2.100087907012155,4.986777975891563,5.541462335283364,7.821048249041944,0,0,50.6,king+tour+av,1,35,8.162961478134761,0.6620557308197021,0.0,0.0
41.44,-18.839906301386552,-12.044176723854399,6.734187454720702,2.098242803812574,4.945980487655801,5.549187454720641,7.8037541271471795,0,0,50.9,king+tour+av,1,35,8.127397895646768,0.6502783894538879,0.0,0.0
41.46,-18.82430417480813,-12.006043981707153,6.741553451582459,2.0927196940852153,4.905242074517291,5.556553451582397,7.787753655002294,0,0,51.2,king+tour+av,1,35,8.091909596034975,0.6350188255310059,0.0,0.0
41.48,-18.80887703121579,-11.967936236425617,6.748634449374563,2.0858676489610803,4.864622900787035,5.563634449374502,7.772947619358544,0,0,51.4,king+tour+av,1,35,8.056474526398612,0.6166096329689026,0.0,0.0
41.5,-18.79376382795838,-11.929893075431542,6.755496744276359,2.0753205188838035,4.824229269447043,5.570496744276297,7.756470464768591,0,0,51.7,king+tour+av,1,35,8.021110265450709,0.5958555936813354,0.0,0.0
41.52,-18.779104028025003,-11.89198968887704,6.7621776267970075,2.0592538925794073,4.784198824309605,5.577177626796946,7.74214585913565,0,0,52.0,king+tour+av,1,35,7.985868031950333,0.5735566020011902,0.0,0.0
41.54,-18.765029720236672,-11.85426165415728,6.768773396457948,2.0402174644852273,4.74463207725079,5.583773396457886,7.726506481941645,0,0,52.2,king+tour+av,1,36,9.186671560837702,0.5900408625602722,0.0,0.0
41.56,-18.751644452927277,-11.816812096565435,6.775338778459459,2.015402556311475,4.705673169282239,5.590338778459397,7.7098348058388435,0,0,52.5,king+tour+av,1,36,9.14771426969854,0.6102379560470581,0.0,0.0
41.58,-18.739080266038826,-11.779687466537005,6.781895017207064,1.9868827427853408,4.667433148600779,5.596895017207002,7.691822674043646,0,0,52.7,king+tour+av,1,36,9.10946863680597,0.6328526139259338,0.0,0.0
41.6,-18.727378958768924,-11.742897486229996,6.788325906506949,1.9568977873167805,4.629945469856068,5.603325906506887,7.675989626718788,0,0,53.0,king+tour+av,1,36,9.071966341542385,0.6163517236709595,0.0,0.0
41.62,-18.716555374325694,-11.70642482540313,6.794701515340389,1.928764731627734,4.5932069530484005,5.609701515340327,7.658788335977382,0,0,53.2,king+tour+av,1,36,9.035202166452626,0.6359516978263855,0.0,0.0
41.64,-18.706672904312214,-11.67028445492934,6.801042267259282,1.899996530554096,4.5572679561552,5.61604226725922,7.640328475562971,0,0,53.5,king+tour+av,1,36,8.999224046978574,0.6572163105010986,0.0,0.0
41.66,-18.697715776959033,-11.634446924185644,6.807311370290381,1.8734062513513234,4.5221000682220875,5.622311370290319,7.620614351287257,0,0,53.7,king+tour+av,1,36,8.964000968278475,0.6783872842788696,0.0,0.0
41.68,-18.6896006044519,-11.598842927229006,6.81344980980777,1.8514731052714708,4.487605613258387,5.628449809807708,7.602870762708487,0,0,54.0,king+tour+av,1,36,8.929432661819781,0.6639460921287537,0.0,0.0
41.7,-18.68231959860402,-11.563344566268515,6.81954433445393,1.8373145537038649,4.453677700224782,5.634544334453868,7.583902190206142,0,0,54.2,king+tour+av,1,36,8.895408807445266,0.6837789416313171,0.0,0.0
41.72,-18.675822950756576,-11.527876104955988,6.825668167781349,1.8287424065146412,4.420232072013582,5.640668167781287,7.5669242510155295,0,0,54.4,king+tour,1,36,8.861841733995776,0.6833217144012451,0.0,0.0
41.74,-18.66999249159921,-11.492323183388613,6.8318530080906275,1.8277422791608329,4.387115541551105,5.646853008090566,7.551509358848205,0,0,54.7,king+tour,1,36,8.82857500143344,0.6769607067108154,0.0,0.0
41.76,-18.66467891546756,-11.456631869760203,6.8380899888165025,1.830985996944879,4.3542088103157965,5.653089988816441,7.536962170037082,0,0,54.9,king+tour,1,36,8.795486810036792,0.6632364392280579,0.0,0.0
41.78,-18.659758569330783,-11.42077737471308,6.84435685320061,1.836455968978488,4.321430065289537,5.659356853200548,7.522473661925879,0,0,55.1,king+tour,1,36,8.7624931822801,0.6457822322845459,0.0,0.0
41.8,-18.655067783271964,-11.38477290330531,6.850639805994945,1.8424175225897614,4.288706399075733,5.665639805994883,7.509353443376711,0,0,55.4,king+tour,1,36,8.729520427849911,0.6255841851234436,0.0,0.0
41.82,-18.6504790162869,-11.348614284908741,6.856903587631854,1.8491467134780806,4.255968404064264,5.6719035876317925,7.498208002526433,0,0,55.6,king+tour,1,36,8.696498547650634,0.6036144495010376,0.0,0.0
41.84,-18.645833465266087,-11.312356816625893,6.863114377042445,1.8538871700237118,4.223177444436601,5.678114377042383,7.485882499470679,0,0,55.8,king+tour,1,36,8.663390260206535,0.5810556411743164,0.0,0.0
41.86,-18.641030637916,-11.2760870949165,6.869254175128298,1.8548968865995468,4.190350956197092,5.6842541751282365,7.475556013352047,0,0,56.1,king+tour,1,36,8.630214875360023,0.5583595633506775,0.0,0.0
41.88,-18.635921822322235,-11.239886773694922,6.875299321350485,1.8527729530113846,4.157473271160893,5.690299321350423,7.466307028495555,0,0,56.3,king+tour,1,36,8.596960604690834,0.5357463955879211,0.0,0.0
41.9,-18.630414266216345,-11.203868794902816,6.881242965979156,1.8459109417846038,4.124583522061559,5.696242965979094,7.455781292385846,0,0,56.5,king+tour,1,36,8.563671052238893,0.5132647156715393,0.0,0.0
41.92,-18.624459488171397,-11.168179797742575,6.887074282272881,1.8324629256725145,4.091771587586804,5.702074282272819,7.44675727217002,0,0,56.8,king+tour,1,36,8.530441206086778,0.49093180894851685,0.0,0.0
41.94,-18.61795822524662,-11.132932102863185,6.892743483610244,1.8143912599899423,4.0590684477103,5.707743483610182,7.4385152702542285,0,0,57.0,king+tour,1,36,8.497308900715517,0.4687982201576233,0.0,0.0
41.96,-18.610878381519374,-11.098273913347247,6.89821515485008,1.7897300591721057,4.026570975495272,5.713215154850018,7.428816067858338,0,0,57.2,king+tour,1,36,8.464377826991702,0.44686436653137207,0.0,0.0
41.98,-18.603221824112016,-11.064343393282329,6.903454990341776,1.758805659523008,3.9943860359380077,5.718454990341714,7.421262094342856,0,0,57.5,king+tour,1,36,8.43176130711685,0.4251883029937744,0.0,0.0
42.0,-18.594939945000903,-11.031278480275272,6.908446911820175,1.7224962074136414,3.9625904317358422,5.723446911820113,7.412099136821596,0,0,57.7,king+tour,1,36,8.399544640356824,0.40379589796066284,0.0,0.0
42.02,-18.586047386843283,-10.999241968679316,6.913161699212022,1.6790212074113147,3.931316843305581,5.72816169921196,7.404684448448638,0,0,57.9,king+tour,1,36,8.36786823333721,0.38266614079475403,0.0,0.0
42.04,-18.576587743763007,-10.968342396925102,6.917599828213591,1.6309241021845633,3.900670298681377,5.732599828213529,7.396022414215232,0,0,58.1,king+tour,1,36,8.336842995831555,0.36191919445991516,0.0,0.0
42.06,-18.566584331545208,-10.93874524265024,6.921729525759572,1.5756857229397434,3.870790575479344,5.73672952575951,7.388721597364794,0,0,58.3,king+tour,1,36,8.30661651934863,0.34164997935295105,0.0,0.0
42.08,-18.556087149088565,-10.91055941342981,6.925550411220149,1.5159411054474532,3.8417872727443725,5.740550411220087,7.380842186967035,0,0,58.5,king+tour,1,36,8.277304000496377,0.3218250870704651,0.0,0.0
42.1,-18.545173042579645,-10.88392645910101,6.929031520668794,1.4496121034275633,3.8138128772471087,5.744031520668732,7.370698136477478,0,0,58.7,king+tour,1,36,8.249063066876364,0.3026626408100128,0.0,0.0
42.12,-18.533945993644092,-10.858906061407447,6.932131612860847,1.379925269846715,3.7869704582785713,5.747131612860785,7.36269894129238,0,0,58.9,king+tour,1,36,8.2219984573395,0.28432419896125793,0.0,0.0
42.14,-18.522438588642427,-10.835552414226804,6.934859422200605,1.308867974916137,3.7613178608501756,5.749859422200543,7.3537149823374905,0,0,59.1,king+tour,1,36,8.19617152063596,0.26682862639427185,0.0,0.0
42.16,-18.510754443092193,-10.813932125019857,6.937212283724448,1.234394709950398,3.736965832761668,5.752212283724386,7.345990114165035,0,0,59.3,king+tour,1,36,8.17169362190321,0.2505538761615753,0.0,0.0
42.18,-18.498934959903217,-10.794082989063,6.939166661760371,1.1592109111326663,3.7139663017420776,5.754166661760309,7.3375433887870996,0,0,59.5,king+tour,1,36,8.148618253158912,0.2354283630847931,0.0,0.0
42.2,-18.487086333882836,-10.776048002702385,6.940712573636642,1.0817122019368839,3.692414688894767,5.75571257363658,7.328639610540343,0,0,59.6,king+tour,1,36,8.12703945497037,0.22214719653129578,0.0,0.0
42.22,-18.475273657194457,-10.759835794171371,6.941842263748309,1.0045536766963294,3.6723554437949106,5.756842263748247,7.319884001101011,0,0,59.7,king+tour,1,36,8.10700032508567,0.2108607292175293,0.0,0.0
42.24,-18.463504112769108,-10.74546769833889,6.942580157038446,0.9293934047797644,3.6538099943904427,5.757580157038384,7.3111070090378565,0,0,59.9,king+tour,1,36,8.088522945139001,0.2045472115278244,0.0,0.0
42.26,-18.451822285123523,-10.732925070717164,6.942946176393172,0.8571997651750961,3.636790467874389,5.75794617639311,7.300909927729032,0,0,60.0,king+tour,1,36,8.071617041597932,0.2016184777021408,0.0,0.0
42.28,-18.440219394989178,-10.722196590968633,6.9429519835941065,0.790138233013587,3.6212842427825667,5.757951983594045,7.293299588802938,0,0,60.1,king+tour,1,36,8.056269315462856,0.20057512819766998,0.0,0.0
42.3,-18.428695940340354,-10.713214734515358,6.94264475762753,0.7306814288478507,3.607239576166933,5.757644757627468,7.28411214060847,0,0,60.2,king+tour,1,36,8.042424995217626,0.20005562901496887,0.0,0.0
42.32,-18.417305119485302,-10.705926276480062,6.9420506112792495,0.676803941639101,3.5946478978931977,5.757050611279188,7.273932849568519,0,0,60.3,king+tour,1,36,8.03007046944277,0.1999005526304245,0.0,0.0
42.34,-18.40602725695916,-10.700273639450076,6.94121050771585,0.6321555634267727,3.5834547391881815,5.756210507715788,7.261933272362733,0,0,60.4,king+tour,1,36,8.019148522915424,0.19988027215003967,0.0,0.0
42.36,-18.39485425881387,-10.696148458514799,6.940236932316271,0.59749655723303,3.5735717432002385,5.755236932316209,7.252508219467927,0,0,60.4,king+tour,1,36,8.009566039098779,0.19990496337413788,0.0,0.0
42.38,-18.383708343797466,-10.693397714069052,6.939182410898971,0.5764330663187637,3.564833837126945,5.754182410898909,7.241640167163514,0,0,60.5,king+tour,1,36,8.001154404345934,0.1999414712190628,0.0,0.0
42.4,-18.372583444114554,-10.69190032104595,6.93817211673463,0.5635296645229813,3.5571439243765552,5.753172116734568,7.2332268496678465,0,0,60.5,king+tour,1,36,7.993811098753809,0.19994989037513733,0.0,0.0
42.42,-18.361440121582596,-10.691461858264658,6.937243080358859,0.5595288090199592,3.5503256587012357,5.752243080358797,7.223406020779231,0,0,60.6,king+tour,1,37,8.844568260171245,0.18797503411769867,0.0,0.0
42.44,-18.350300084176386,-10.691911344145042,6.9364317465532785,0.5589291849432864,3.5442566763019596,5.751431746553217,7.215843780437487,0,0,60.6,king+tour,1,37,8.847080457797686,0.17639727890491486,0.0,0.0
42.46,-18.33912336889864,-10.693059059516116,6.9357747481183205,0.5627340888828094,3.5387628829758424,5.750774748118259,7.2083818790664935,0,0,60.6,king+tour,1,37,8.850298695296889,0.16642625629901886,0.0,0.0
42.48,-18.327946313157636,-10.694728633036535,6.935327166772276,0.5654961976860406,3.5337241093619074,5.750327166772214,7.20278998427974,0,0,60.7,king+tour,1,37,8.854042553197297,0.1589612513780594,0.0,0.0
42.5,-18.316846878079826,-10.696697959974612,6.935102784527857,0.5637509534961512,3.5290049109049253,5.750102784527795,7.195639096072614,0,0,60.7,king+tour,1,37,8.85807878937957,0.1547403782606125,0.0,0.0
42.52,-18.305890099139273,-10.698816911244535,6.935128163173202,0.5579910467743319,3.5245195952652373,5.75012816317314,7.19046537851802,0,0,60.7,king+tour,1,37,8.862247119751753,0.15382689237594604,0.0,0.0
42.54,-18.295158112074272,-10.700856862372719,6.935399727756255,0.5463760021530234,3.5201257443466485,5.750399727756193,7.1857689543037475,0,0,60.8,king+tour,1,37,8.866306784807561,0.15650315582752228,0.0,0.0
42.56,-18.28472999776158,-10.702653003780407,6.935926526111014,0.5297386350399481,3.515729753928411,5.750926526110952,7.181749004138583,0,0,60.8,king+tour,1,37,8.870080072061757,0.16221153736114502,0.0,0.0
42.58,-18.27473912643145,-10.704023926593003,6.93668866380309,0.5056624198886245,3.511253059678891,5.751688663803028,7.177545385702234,0,0,60.8,king+tour,1,37,8.873362248695248,0.1709086149930954,0.0,0.0
42.6,-18.265288622964775,-10.704815302190001,6.937748132708388,0.4771288229358445,3.5066207105779785,5.7527481327083265,7.175493201841859,0,0,60.9,king+tour,1,37,8.875980678598655,0.18119782209396362,0.0,0.0
42.62,-18.25652535683167,-10.70485216255838,6.9390843283839185,0.44323134729423275,3.5017637717582826,5.754084328383857,7.171388851833777,0,0,60.9,king+tour,1,37,8.877733663687385,0.19024799764156342,0.0,0.0
42.64,-18.24857427283111,-10.704038258304363,6.9406493762727575,0.4072209222677415,3.4966654685092053,5.755649376272696,7.169505435997156,0,0,61.0,king+tour,1,37,8.878500666205705,0.1958378255367279,0.0,0.0
42.66,-18.24154194769746,-10.7022297703967,6.942343092658093,0.3728032339300698,3.4912591475876797,5.757343092658031,7.166687611306304,0,0,61.0,king+tour,1,37,8.878117914202663,0.198739156126976,0.0,0.0
42.68,-18.23550283462171,-10.699370885546527,6.944029158924672,0.344553801254393,3.485534079257671,5.75902915892461,7.165833133042993,0,0,61.0,king+tour,1,37,8.876514183558914,0.19995443522930145,0.0,0.0
42.7,-18.230490914972435,-10.69540713601039,6.945642376043693,0.3295190374967252,3.4794595141051325,5.760642376043632,7.16290979782669,0,0,61.1,king+tour,1,37,8.873627649556607,0.2003067284822464,0.0,0.0
42.72,-18.226697618324135,-10.690214007016484,6.947427354713202,0.3337058474912752,3.473035031821484,5.76242735471314,7.1620616608782255,0,0,61.1,king+tour,1,37,8.869296523659743,0.19803819060325623,0.0,0.0
42.74,-18.22423540210789,-10.683661764233436,6.949580384282551,0.36616229499376474,3.466214356101494,5.764580384282489,7.163447404250262,0,0,61.2,king+tour,1,37,8.863369649446913,0.1970800757408142,0.0,0.0
42.76,-18.222999078578408,-10.675903597177706,6.951675192905699,0.40652759777713404,3.459069269213564,5.7666751929056375,7.163412622338272,0,0,61.3,king+tour,1,37,8.856016909551057,0.19713902473449707,0.0,0.0
42.78,-18.222914354476107,-10.667109886143614,6.953470561009045,0.4487757751682661,3.4517050271638974,5.768470561008983,7.162175999682379,0,0,61.3,king+tour,1,37,8.847419237835146,0.197719544172287,0.0,0.0
42.8,-18.22388737112722,-10.657378158642109,6.954891130914102,0.49414395782517767,3.444156834467738,5.76989113091404,7.162479503510191,0,0,61.4,king+tour,1,37,8.83769045917398,0.19868203997612,0.0,0.0
42.82,-18.22586895229273,-10.646763122007451,6.955945028322932,0.5424858671407519,3.436450258547415,5.7709450283228705,7.1607035631723,0,0,61.4,king+tour,1,37,8.826893760692203,0.1993923783302307,0.0,0.0
42.84,-18.22880476436389,-10.63537204092966,6.956691827916541,0.589350129954614,3.4286525408860666,5.771691827916479,7.160057410456273,0,0,61.5,king+tour,1,37,8.815145083775407,0.19977548718452454,0.0,0.0
42.86,-18.232635359828155,-10.623259117633493,6.957201480042957,0.6357202955695404,3.4207845874532907,5.772201480042895,7.15790183963371,0,0,61.5,king+tour,1,37,8.80250961835197,0.19995716214179993,0.0,0.0
42.88,-18.23727070955015,-10.610551881090867,6.957520024770251,0.6765016598995196,3.412910836753024,5.7725200247701896,7.157113568399466,0,0,61.6,king+tour,1,37,8.78913068786483,0.20000982284545898,0.0,0.0
42.9,-18.242642225923003,-10.597314101888077,6.957702844306284,0.7143623193947038,3.4050546468746563,5.772702844306222,7.154823989958406,0,0,61.7,king+tour,1,37,8.775084963271436,0.20001688599586487,0.0,0.0
42.92,-18.24866196466153,-10.583673509702363,6.957847853355229,0.7455267219915033,3.3972803542956815,5.7728478533551675,7.15314482605117,0,0,61.7,king+tour,1,37,8.760515728836362,0.20001165568828583,0.0,0.0
42.94,-18.255254268913568,-10.569701516345615,6.958012544721271,0.7724995096413922,3.3896117714601255,5.773012544721209,7.15065620237169,0,0,61.8,king+tour,1,37,8.745508661330149,0.19999849796295166,0.0,0.0
42.96,-18.262294785747,-10.555515278042199,6.958190269946446,0.7919119596564778,3.382080738942141,5.773190269946384,7.149501394518637,0,0,61.8,king+tour,1,37,8.730203954344683,0.19998429715633392,0.0,0.0
42.98,-18.26969325117544,-10.541183066851051,6.958379814524986,0.8065133220703185,3.3746967042105056,5.773379814524924,7.146802522702974,0,0,61.9,king+tour,1,37,8.714687006800126,0.19996865093708038,0.0,0.0
43.0,-18.277323933104707,-10.526826266176943,6.9585364536490415,0.8129722752297845,3.36748969320802,5.77353645364898,7.145881643985634,0,0,61.9,king+tour,1,37,8.699102195342855,0.1999504566192627,0.0,0.0
43.02,-18.28509085023941,-10.512502460967204,6.958689952344188,0.8147391596599063,3.360452773416101,5.773689952344126,7.142986798290746,0,0,62.0,king+tour,1,37,8.683525294481804,0.1999582052230835,0.0,0.0
43.04,-18.29294452275109,-10.498294439693359,6.958824054295659,0.8117358310622281,3.3536249328181684,5.773824054295598,7.142004748355604,0,0,62.0,king+tour,1,37,8.668047460998848,0.19996637105941772,0.0,0.0
43.06,-18.30076837749383,-10.484257930327377,6.958975562255121,0.803522328374583,3.346981881712921,5.7739755622550595,7.139351681341172,0,0,62.1,king+tour,1,37,8.652746427305491,0.19996319711208344,0.0,0.0
43.08,-18.30850313823782,-10.470470191678828,6.9591619317884135,0.7905109019021072,3.3405486731033696,5.774161931788352,7.138115180924941,0,0,62.1,king+tour,1,37,8.637709586543812,0.19996948540210724,0.0,0.0
43.1,-18.316117581388255,-10.456944961261993,6.959351368721171,0.7761241664050592,3.3343149588302277,5.774351368721109,7.135162382260606,0,0,62.2,king+tour,1,37,8.622956458055691,0.19996201992034912,0.0,0.0
43.12,-18.32354278492915,-10.443742157351124,6.959524322856088,0.7574258905419364,3.328283725600762,5.774524322856026,7.1343937838957405,0,0,62.2,king+tour,1,37,8.608559136916684,0.1999732255935669,0.0,0.0
43.14,-18.330737570727745,-10.430863354640955,6.959680750561695,0.7376533256926769,3.322427123865218,5.774680750561633,7.131326484374347,0,0,62.2,king+tour,1,37,8.59452697723427,0.19997252523899078,0.0,0.0
43.16,-18.337718987346552,-10.418338226069467,6.95983090404629,0.7170104075370511,3.316774703353637,5.774830904046228,7.130497350892385,0,0,62.3,king+tour,1,37,8.580885540171865,0.19998061656951904,0.0,0.0
43.18,-18.344438236987035,-10.406162735365976,6.959980419544984,0.6953654515546402,3.3112889328151347,5.774980419544923,7.12756979937507,0,0,62.3,king+tour,1,37,8.56764008841444,0.1999761015176773,0.0,0.0
43.2,-18.350905553972265,-10.394360899926575,6.960128700217119,0.6729255082918104,3.30599038366738,5.775128700217057,7.1266790888965215,0,0,62.4,king+tour,1,37,8.554811944755748,0.19998422265052795,0.0,0.0
43.22,-18.35711107187426,-10.382910015964747,6.960266093021001,0.651248939964242,3.3008505481809975,5.77526609302094,7.123407575970299,0,0,62.4,king+tour,1,37,8.542380485902052,0.19998034834861755,0.0,0.0
43.24,-18.363101849112894,-10.371811336675922,6.960379146172263,0.6306402994063842,3.2958953749900646,5.7753791461722015,7.122394765055254,0,0,62.4,king+tour,1,37,8.53033766115229,0.1999851018190384,0.0,0.0
43.26,-18.368860657995388,-10.361029802363097,6.960452201644294,0.611168346255124,3.291082844459337,5.7754522016442325,7.119057643887891,0,0,62.5,king+tour,1,37,8.518652176784725,0.19997937977313995,0.0,0.0
43.28,-18.374427189078993,-10.35056319617892,6.9604781687855715,0.5927410640655997,3.2864324937107496,5.77547816878551,7.117950611421366,0,0,62.5,king+tour,1,37,8.507314068316951,0.19998230040073395,0.0,0.0
43.3,-18.379783220965347,-10.340371248472731,6.960445549479495,0.5756820729196647,3.2818982930986,5.775445549479433,7.114670251052071,0,0,62.5,king+tour,1,37,8.496287128706046,0.1999748945236206,0.0,0.0
43.32,-18.384963474278763,-10.330452017684982,6.960420970616149,0.5595238331213964,3.277497647375232,5.7754209706160875,7.1136611630123445,0,0,62.6,king+tour,1,37,8.485562668342359,0.19996589422225952,0.0,0.0
43.34,-18.389993103324393,-10.320752506758597,6.960422210628077,0.5463004715477812,3.2732029179746083,5.775422210628015,7.110263652129441,0,0,62.6,king+tour,1,37,8.475083745077242,0.1999664604663849,0.0,0.0
43.36,-18.394933916833843,-10.311260822823556,6.960431417480098,0.5350322112359127,3.269042207604013,5.7754314174800365,7.109129097827123,0,0,62.6,king+tour,1,37,8.464826849754933,0.1999761015176773,0.0,0.0
43.38,-18.399785575070066,-10.301924056482708,6.960420492315633,0.5261033945526236,3.2649729905117444,5.775420492315571,7.105619485021147,0,0,62.7,king+tour,1,37,8.454740045995509,0.19996888935565948,0.0,0.0
43.4,-18.404602512157616,-10.292729302356632,6.96044416261533,0.5190061334596342,3.2610190226441227,5.775444162615268,7.10438827009372,0,0,62.7,king+tour,1,37,8.444800318916847,0.19996146857738495,0.0,0.0
43.42,-18.409379433817463,-10.283619505465186,6.960503467810169,0.514322119526868,3.2571323781347052,5.775503467810108,7.1017561280237125,0,0,62.7,king+tour,1,37,8.434952631573347,0.19996343553066254,0.0,0.0
43.44,-18.414167041710613,-10.27457591528763,6.960583941855051,0.5116497549839341,3.253330971076656,5.775583941854989,7.101366311936854,0,0,62.7,king+tour,1,37,8.425169004207273,0.19997568428516388,0.0,0.0
43.46,-18.41896830114744,-10.265561995940308,6.9606603706491565,0.5106580938855562,3.2495887598837117,5.775660370649095,7.098591530193012,0,0,62.8,king+tour,1,37,8.41541302263349,0.19997143745422363,0.0,0.0
43.48,-18.42383944095577,-10.256580925709674,6.960705092478092,0.5108562066812077,3.245944849427714,5.77570509247803,7.097995077731651,0,0,62.8,king+tour,1,37,8.405677289230145,0.19997665286064148,0.0,0.0
43.5,-18.428779965743207,-10.247591261259666,6.960778752294362,0.5129041768876552,3.2423679565127883,5.7757787522943005,7.095733252479461,0,0,62.8,king+tour,1,37,8.39592127219263,0.19995155930519104,0.0,0.0
43.52,-18.433841866321938,-10.23859172477889,6.960899860025979,0.5163069857662476,3.2388918763925956,5.775899860025917,7.095741590172707,0,0,62.9,king+tour,1,37,8.38613408593502,0.1999640017747879,0.0,0.0
43.54,-18.439021440119664,-10.229553848678318,6.96106129490676,0.5209060624434673,3.235493736383556,5.7760612949066985,7.093397459821781,0,0,62.9,king+tour,1,37,8.376288594162823,0.19996771216392517,0.0,0.0
43.56,-18.444366545470405,-10.220491623923076,6.961238439780152,0.5261308036772142,3.2322168174259334,5.77623843978009,7.093295541709034,0,0,62.9,king+tour,1,37,8.36638978196935,0.19997985661029816,0.0,0.0
43.58,-18.449867686627762,-10.21137115189403,6.961404422963331,0.5326188000880027,3.2290308586615986,5.776404422963269,7.092558847452565,0,0,62.9,king+tour,1,37,8.356406307924372,0.1999758780002594,0.0,0.0
43.6,-18.45556709205142,-10.202200915493444,6.961554333181381,0.539904924267557,3.225971879728634,5.776554333181319,7.09263988938209,0,0,62.9,king+tour,1,37,8.34633888991311,0.19998396933078766,0.0,0.0
43.62,-18.461457566299305,-10.192989785712218,6.961680766053137,0.5467142397601822,3.223043504436963,5.776680766053075,7.092232652763279,0,0,63.0,king+tour,1,37,8.33619784128726,0.19997766613960266,0.0,0.0
43.64,-18.467580909079835,-10.183749272345697,6.961787452149751,0.554287371333517,3.2202840725375026,5.776787452149689,7.091944265313405,0,0,63.0,king+tour,1,37,8.325987053967554,0.1999843567609787,0.0,0.0
43.66,-18.473930041132284,-10.174494962382713,6.961874171550702,0.5611623004196289,3.2177023531363798,5.776874171550641,7.0927143617625195,0,0,63.0,king+tour,1,37,8.315723504865879,0.19999344646930695,0.0,0.0
43.68,-18.480547394090998,-10.165225337512352,6.961950475185026,0.5694759162203596,3.2153278022120184,5.7769504751849645,7.092346391398655,0,0,63.0,king+tour,1,37,8.305398306761534,0.1999971866607666,0.0,0.0
43.7,-18.48742997859625,-10.155985815766577,6.962028538132546,0.5760747030255313,3.213193993752648,5.777028538132484,7.093085825532452,0,0,63.0,king+tour,1,37,8.295057124374427,0.19999103248119354,0.0,0.0
43.72,-18.494586965840444,-10.146771807684072,6.962136021665877,0.5833780165295603,3.211305742871042,5.777136021665815,7.092798799956965,0,0,63.1,king+tour,1,37,8.284694278601563,0.1999880075454712,0.0,0.0
43.74,-18.501978271115224,-10.13762487425881,6.962273265333242,0.5880404335064252,3.2096679971324504,5.77727326533318,7.093602575619941,0,0,63.1,king+tour,1,37,8.274358446089138,0.19998544454574585,0.0,0.0
43.76,-18.509611643031104,-10.128532496799922,6.962366122293401,0.593608282194755,3.20827840636857,5.777366122293339,7.093375813333981,0,0,63.1,king+tour,1,37,8.264036423329754,0.1999536156654358,0.0,0.0
43.78,-18.517454613352108,-10.119528633025444,6.962467199937005,0.5970593835949811,3.207140773230534,5.777467199936943,7.094174720589658,0,0,63.1,king+tour,1,37,8.2537679908022,0.19995243847370148,0.0,0.0
43.8,-18.525521475102416,-10.110594903693595,6.9625230912446545,0.6018490303048866,3.2062527838871904,5.777523091244593,7.093943879232392,0,0,63.1,king+tour,1,37,8.243533017596562,0.19995315372943878,0.0,0.0
43.82,-18.533779840383502,-10.101756618500916,6.962514701027255,0.6048056560969183,3.205611449010759,5.777514701027193,7.094624586574318,0,0,63.1,king+tour,1,37,8.233362731101384,0.19995561242103577,0.0,0.0
43.84,-18.542224850358426,-10.092990904583676,6.962466297242612,0.6086014231042727,3.2051978284066647,5.77746629724255,7.09437241763342,0,0,63.1,king+tour,1,37,8.223235991298475,0.19996000826358795,0.0,0.0
43.86,-18.550801492032704,-10.084315902525006,6.96238566670371,0.6099609504113213,3.2049873175631975,5.7773856667036485,7.094975703629067,0,0,63.1,king+tour,1,37,8.213180865372035,0.19997668266296387,0.0,0.0
43.88,-18.55951128721874,-10.075701705885358,6.96230128177933,0.6125194624350849,3.20496007638296,5.777301281779268,7.094729425955461,0,0,63.1,king+tour,1,37,8.203168032784035,0.1999834030866623,0.0,0.0
43.9,-18.568303824756008,-10.06715843231581,6.962212729300012,0.6129928245297234,3.2050882986035285,5.77721272929995,7.095282826481576,0,0,63.1,king+tour,1,37,8.193216652224715,0.1999836564064026,0.0,0.0
43.92,-18.577187096533713,-10.058649248180352,6.962135192948712,0.6150706138597523,3.205351743095848,5.77713519294865,7.095044498557754,0,0,63.1,king+tour,1,37,8.183289330304039,0.19998972117900848,0.0,0.0
43.94,-18.58611619274486,-10.05017651552149,6.962053810828412,0.6154725438758036,3.2057205843494088,5.77705381082835,7.095527971140786,0,0,63.1,king+tour,1,37,8.173396439147682,0.19998383522033691,0.0,0.0
43.96,-18.59510618583367,-10.04169743136449,6.961969499592469,0.6179036176112797,3.206175661688005,5.776969499592407,7.096802778104502,0,0,63.1,king+tour,1,37,8.163493382535265,0.19998227059841156,0.0,0.0
43.98,-18.60411894039027,-10.033207136122927,6.961881368529804,0.6191175677335722,3.2066867867285938,5.776881368529742,7.097880637238877,0,0,63.1,king+tour,1,37,8.153582085466088,0.1999836266040802,0.0,0.0
44.0,-18.61316600664602,-10.024703959004253,6.961808488234924,0.6208033917530384,3.207261359591089,5.776808488234862,7.0982494109790695,0,0,63.1,king+tour,1,37,8.143659015134455,0.19998858869075775,0.0,0.0
44.02,-18.622207589836137,-10.016197764198559,6.96173704420965,0.6207066152881558,3.207877838049623,5.776737044209588,7.09921385967216,0,0,63.1,king+tour,1,37,8.133740745822129,0.19997167587280273,0.0,0.0
44.04,-18.631265820914653,-10.007656614978588,6.961669398871324,0.6225097512517124,3.2085301990264146,5.776669398871262,7.100008169959253,0,0,63.1,king+tour,1,37,8.123792077374135,0.19998185336589813,0.0,0.0
44.06,-18.640307390902716,-9.999083546752287,6.961598155711435,0.6230019306745572,3.2091967011548728,5.7765981557113735,7.101336649121262,0,0,63.1,king+tour,1,37,8.11382163836234,0.199981689453125,0.0,0.0
44.08,-18.64934785420312,-9.990456198901333,6.961535861260056,0.6248299533193497,3.2098735182814946,5.776535861259994,7.102024823323676,0,0,63.1,king+tour,1,37,8.103804753663951,0.19997981190681458,0.0,0.0
44.1,-18.658346380807835,-9.981785712451398,6.961468965295917,0.6248105540968002,3.210538746532045,5.776468965295855,7.103187129654832,0,0,63.1,king+tour,1,37,8.093759175647907,0.19997774064540863,0.0,0.0
44.12,-18.66732600510645,-9.973044975990824,6.961402023310421,0.6265752302135956,3.2111909462789585,5.776402023310359,7.104734544258596,0,0,63.1,king+tour,1,37,8.08365425818287,0.19998586177825928,0.0,0.0
44.14,-18.67625245543327,-9.964238369187516,6.961334896552307,0.6269815484264973,3.2118082102789733,5.776334896552245,7.106700141793919,0,0,63.0,king+tour,1,37,8.073499883135261,0.19998152554035187,0.0,0.0
44.16,-18.685145298209772,-9.95536386747643,6.961288552015019,0.6281750971738363,3.212403784369742,5.776288552014957,7.108106060295461,0,0,63.0,king+tour,1,37,8.063290714762145,0.19997650384902954,0.0,0.0
44.18,-18.693965637388256,-9.946449619019614,6.961257712487931,0.6270230455290766,3.212967898661179,5.776257712487869,7.109909942993906,0,0,63.0,king+tour,1,37,8.05306074135416,0.1999749392271042,0.0,0.0
44.2,-18.70274010113451,-9.93748941786763,6.961254045608923,0.6270495039554818,3.2135160241297336,5.776254045608861,7.111140585890683,0,0,63.0,king+tour,1,37,8.042799357435513,0.19998231530189514,0.0,0.0
44.22,-18.711435768081575,-9.928505275549522,6.9612676579846475,0.6251592240042708,3.2140381464317334,5.776267657984586,7.112744615367471,0,0,63.0,king+tour,1,37,8.03253345366181,0.19998019933700562,0.0,0.0
44.24,-18.72008631915176,-9.91948748280148,6.9613037244704,0.6248078117627832,3.2145527149419357,5.776303724470338,7.113856562890305,0,0,63.0,king+tour,1,37,8.022247878286473,0.19995108246803284,0.0,0.0
44.26,-18.728665127847655,-9.910452615242896,6.961343466502457,0.6229493756940631,3.215050492209838,5.776343466502396,7.115315138168269,0,0,63.0,king+tour,1,37,8.011963113691538,0.19996824860572815,0.0,0.0
44.28,-18.737213230753124,-9.901387869466147,6.961386251886329,0.6229797546241587,3.2155536939351017,5.776386251886267,7.116535588912692,0,0,63.0,king+tour,1,37,8.001659870822536,0.1999794840812683,0.0,0.0
44.3,-18.745710731071036,-9.892304639477025,6.961419755402082,0.6219198123025165,3.2160546606179206,5.77641975540202,7.118085946648818,0,0,63.0,king+tour,1,37,7.991352457028843,0.1999679058790207,0.0,0.0
44.32,-18.754198043563033,-9.88319471789962,6.961442761682444,0.622546531940022,3.2165785776964753,5.776442761682382,7.11768609658042,0,0,63.0,king+tour,1,38,9.205821962092198,0.19042830169200897,0.0,0.0
44.34,-18.76265396902807,-9.874071759976761,6.961482231513547,0.6219577851432152,3.2171182145735546,5.776482231513485,7.11837831088962,0,0,63.0,king+tour,1,38,9.202384414376654,0.18181577324867249,0.0,0.0
44.36,-18.771026610319804,-9.864904731251524,6.961558155382437,0.6207682785937081,3.2176137241729714,5.776558155382375,7.118219013849062,0,0,63.0,king+tour,1,38,9.198881527014157,0.17502593994140625,0.0,0.0
44.38,-18.77928847862687,-9.855734712261837,6.961686282538642,0.6171793352881887,3.21807002076835,5.77668628253858,7.118339011534476,0,0,63.0,king+tour,1,38,9.195333938001987,0.17097842693328857,0.0,0.0
44.4,-18.787386906063396,-9.846540356906067,6.961912785326213,0.6127234304024115,3.218432097094868,5.776912785326151,7.117930966805185,0,0,63.0,king+tour,1,38,9.191695652103743,0.16968533396720886,0.0,0.0
44.42,-18.79520542121368,-9.837327530248759,6.9622580972194035,0.6044100315109205,3.2186126202988143,5.777258097219342,7.117673758435182,0,0,63.0,king+tour,1,38,9.187910417936832,0.17151960730552673,0.0,0.0
44.44,-18.802664055409323,-9.828061339242021,6.9627782091031305,0.595323517529297,3.218525692157546,5.777778209103069,7.117158609946133,0,0,63.0,king+tour,1,38,9.18390583357954,0.1758178323507309,0.0,0.0
44.46,-18.809613642491556,-9.818736966905796,6.963531332007475,0.5826831776083935,3.2180501950676614,5.778531332007414,7.1166678607879135,0,0,63.0,king+tour,1,38,9.179598637614834,0.1825394630432129,0.0,0.0
44.48,-18.81598209494245,-9.809317497279979,6.9645288783853605,0.570698461157454,3.217103833192865,5.779528878385299,7.116835010877021,0,0,63.0,king+tour,1,38,9.174918163783778,0.1901390254497528,0.0,0.0
44.5,-18.82162854172232,-9.799799109382,6.965780275499815,0.556884333035917,3.2155710072656754,5.780780275499753,7.11639937306751,0,0,63.0,king+tour,1,38,9.169785599514721,0.19540046155452728,0.0,0.0
44.52,-18.82645259359974,-9.790169182760977,6.967296578803586,0.5438431275454505,3.2133613938082966,5.782296578803524,7.115910373465049,0,0,63.1,king+tour,1,38,9.164135558485835,0.19830600917339325,0.0,0.0
44.54,-18.830314111810203,-9.78044034536071,6.968975775281804,0.530050235503786,3.2103685264629496,5.783975775281742,7.115896688223793,0,0,63.1,king+tour,1,38,9.157902946988981,0.19971802830696106,0.0,0.0
44.56,-18.833149056709807,-9.77058788936499,6.970730839243658,0.5200674264977284,3.206521960765698,5.785730839243596,7.115068632838172,0,0,63.1,king+tour,1,38,9.151030868198443,0.2001979649066925,0.0,0.0
44.58,-18.8349151889568,-9.76065953425001,6.972543871102946,0.5122951857225138,3.2018129550842764,5.787543871102884,7.1142685579650236,0,0,63.2,king+tour,1,38,9.143535491862584,0.20025502145290375,0.0,0.0
44.6,-18.835543175384732,-9.750641333619166,6.9743697523655195,0.5101287906463331,3.196173244006623,5.789369752365458,7.113364064769767,0,0,63.2,king+tour,1,38,9.13536637926557,0.2001778781414032,0.0,0.0
44.62,-18.835002970423243,-9.740580761572495,6.976176270568957,0.5117871611471004,3.1896031855536138,5.791176270568895,7.111345954077617,0,0,63.3,king+tour,1,38,9.126546129310245,0.2001095414161682,0.0,0.0
44.64,-18.833330399799095,-9.730485626445171,6.977947316326156,0.5192442797127615,3.1821312079689625,5.792947316326094,7.109173749584181,0,0,63.3,king+tour,1,38,9.11709881345472,0.20004458725452423,0.0,0.0
44.66,-18.830505222338314,-9.72038652839153,6.979656044578067,0.5312559680155878,3.1737555153140504,5.794656044578005,7.107139339948101,0,0,63.4,king+tour,1,38,9.107038423703235,0.2000187486410141,0.0,0.0
44.68,-18.826578141641658,-9.710273843915498,6.981266134656278,0.5483628820629501,3.164506613885136,5.796266134656216,7.104206210216641,0,0,63.5,king+tour,1,38,9.0963827594017,0.19998982548713684,0.0,0.0
44.7,-18.821629980083156,-9.70020033238983,6.982778015161362,0.5662281340777334,3.154477353398102,5.7977780151613,7.101058336421605,0,0,63.5,king+tour,1,38,9.085218809900681,0.19998903572559357,0.0,0.0
44.72,-18.815712135146395,-9.690162300173359,6.984157958571368,0.5867009955872996,3.1437035084484184,5.799157958571306,7.097254407047447,0,0,63.6,king+tour,1,38,9.073570387207225,0.1999671310186386,0.0,0.0
44.74,-18.80890311197735,-9.68020031892085,6.985438877296013,0.6067219704507756,3.132269670945687,5.800438877295951,7.0934314411646,0,0,63.7,king+tour,1,38,9.061513454116668,0.19998086988925934,0.0,0.0
44.76,-18.801299269619708,-9.670306085660943,6.986615608509779,0.6266956333635798,3.12024574735592,5.801615608509717,7.088909067742009,0,0,63.8,king+tour,1,38,9.049092226526263,0.19996938109397888,0.0,0.0
44.78,-18.79300257673796,-9.660517195595478,6.987650057904328,0.6436760968020063,3.1077342124329754,5.802650057904266,7.084356126205097,0,0,63.9,king+tour,1,38,9.036392942132979,0.1999347060918808,0.0,0.0
44.8,-18.784105432842836,-9.65082482635192,6.988584340489554,0.6594961618407652,3.0948024093537945,5.8035843404894925,7.079119831644917,0,0,64.0,king+tour,1,38,9.023457503422911,0.1999557912349701,0.0,0.0
44.82,-18.774700442308898,-9.64125946780217,6.989409602182074,0.6719951413325936,3.0815417642212624,5.804409602182012,7.0738340991658495,0,0,64.1,king+tour,1,38,9.010361289541118,0.1999538093805313,0.0,0.0
44.84,-18.764894688525512,-9.631805971341938,6.99015955469534,0.6820627378697571,3.0680282363006097,5.805159554695278,7.067965329495585,0,0,64.2,king+tour,1,38,8.997148647040856,0.19996708631515503,0.0,0.0
44.86,-18.754749917715035,-9.622483124045553,6.990812133984787,0.6896696967350566,3.0543220166705307,5.805812133984725,7.062259177269679,0,0,64.3,king+tour,1,38,8.983868640867941,0.19995702803134918,0.0,0.0
44.88,-18.744379191101604,-9.613265747678136,6.9913960320220605,0.69435749889203,3.040498295614527,5.806396032021999,7.0558695430559055,0,0,64.4,king+tour,1,38,8.970560141581297,0.19996726512908936,0.0,0.0
44.9,-18.733848659080362,-9.604163653450362,6.991882723087283,0.6963782954950828,3.0266157349194005,5.806882723087221,7.0498478590994464,0,0,64.5,king+tour,1,38,8.95726677036765,0.1999533772468567,0.0,0.0
44.92,-18.72327648588919,-9.59514150520876,6.992292529639217,0.6952300811378656,3.0127478405650487,5.807292529639155,7.043368603513901,0,0,64.6,king+tour,1,38,8.94402120113199,0.19996453821659088,0.0,0.0
44.94,-18.71273217074024,-9.586201219253764,6.992644623781789,0.6914391968979146,2.9989514412362803,5.807644623781727,7.03815515056062,0,0,64.7,king+tour,1,38,8.930861853826723,0.19998037815093994,0.0,0.0
44.96,-18.702240454173616,-9.577314085509123,6.992907175628606,0.6876158014869314,2.985229223291205,5.807907175628544,7.031855013958274,0,0,64.8,king+tour,1,38,8.917777415887988,0.1999577134847641,0.0,0.0
44.98,-18.691872984123634,-9.568503956161525,6.993072997230794,0.680312999953769,2.9716529172882664,5.808072997230732,7.02664203441042,0,0,64.9,king+tour,1,38,8.904825895747871,0.19996857643127441,0.0,0.0
45.0,-18.681659711878734,-9.559748943612073,6.993180432544729,0.6726305022747774,2.9582335375939652,5.808180432544667,7.020336894397422,0,0,65.0,king+tour,1,38,8.89200437180911,0.1999712437391281,0.0,0.0
45.02,-18.6716408234252,-9.551074556101318,6.993243578714457,0.662621898162526,2.945018605820642,5.808243578714396,7.015487008922235,0,0,65.1,king+tour,1,38,8.879355547273327,0.1999819278717041,0.0,0.0
45.04,-18.661812805606594,-9.542460537063297,6.993302268346152,0.6534422367414325,2.9319932918995417,5.8083022683460905,7.009568692275658,0,0,65.2,king+tour,1,38,8.866860187669296,0.19997292757034302,0.0,0.0
45.06,-18.652221657679927,-9.533938186006576,6.993360947799487,0.6415294797657564,2.9192132651162503,5.808360947799425,7.004167971609608,0,0,65.3,king+tour,1,38,8.854568930374546,0.199980691075325,0.0,0.0
45.08,-18.642866733915838,-9.525492969116913,6.993429714246769,0.6301607250726042,2.9066694443790864,5.808429714246707,6.997771862534984,0,0,65.4,king+tour,1,38,8.842468882451914,0.19997632503509521,0.0,0.0
45.1,-18.63373809468591,-9.517138456104671,6.993500345790041,0.6187384962097867,2.8943620109620265,5.808500345789979,6.9923800324377545,0,0,65.5,king+tour,1,38,8.830566193534315,0.19998283684253693,0.0,0.0
45.12,-18.624832005079885,-9.508838142754898,6.993555007379897,0.6087212450383115,2.8822663602067435,5.8085550073798355,6.986011231652197,0,0,65.6,king+tour,1,38,8.818827661843839,0.19997592270374298,0.0,0.0
45.14,-18.616099699744964,-9.500604096231495,6.993575560557355,0.600110616980255,2.870350554240394,5.808575560557293,6.980576321114528,0,0,65.7,king+tour,1,38,8.807237832963876,0.1999799907207489,0.0,0.0
45.16,-18.6075413383127,-9.492393926973943,6.993544349147144,0.5929869387159143,2.8585896536755184,5.808544349147082,6.975112756051529,0,0,65.8,king+tour,1,38,8.795760566387447,0.19997361302375793,0.0,0.0
45.18,-18.59911417217767,-9.48421413128178,6.993461886728232,0.5872243750973798,2.846953229771813,5.80846188672817,6.9705389300819975,0,0,65.8,king+tour,1,38,8.784378881378204,0.19998180866241455,0.0,0.0
45.2,-18.590823137485348,-9.476045300885676,6.993331448374284,0.5819966934480012,2.8354338612094385,5.808331448374222,6.964919605833255,0,0,65.9,king+tour,1,38,8.773078731013738,0.19997955858707428,0.0,0.0
45.22,-18.58263339253191,-9.467917940038307,6.993239910108218,0.5769191797813987,2.8240216605868023,5.808239910108156,6.960275069707741,0,0,66.0,king+tour,1,38,8.76186779000314,0.19994671642780304,0.0,0.0
45.24,-18.574548785608673,-9.459805950188953,6.993217331997367,0.5726381016628096,2.8127043555267464,5.808217331997305,6.954655188203414,0,0,66.1,king+tour,1,38,8.750725764551664,0.19994771480560303,0.0,0.0
45.26,-18.56652987185652,-9.451735290110685,6.993257223871137,0.568858776905545,2.801465570504161,5.808257223871075,6.950019453322242,0,0,66.2,king+tour,1,38,8.739654106681733,0.19996999204158783,0.0,0.0
45.28,-18.55857059999466,-9.44367453933143,6.993334843646492,0.5664179916938386,2.790281894374135,5.80833484364643,6.944880466951243,0,0,66.3,king+tour,1,38,8.728622833106416,0.19997498393058777,0.0,0.0
45.3,-18.55062391220402,-9.435645599640731,6.993425324114659,0.5648493297196369,2.779128314404368,5.808425324114597,6.940642165896376,0,0,66.4,king+tour,1,38,8.717626022821786,0.19998469948768616,0.0,0.0
45.32,-18.542688717688854,-9.42762506818169,6.993510455934604,0.5641442286901164,2.76799013517713,5.808510455934543,6.935374187676133,0,0,66.4,king+tour,1,38,8.70664314987692,0.1999814808368683,0.0,0.0
45.34,-18.534723150343897,-9.419643644417272,6.993739439257227,0.5639277919119943,2.756851609579393,5.808739439257165,6.931123839766392,0,0,66.5,king+tour,1,38,8.69567857388982,0.19981276988983154,0.0,0.0
45.36,-18.526727671430322,-9.411670102338922,6.994155603374997,0.564974001405254,2.745694658153404,5.809155603374935,6.9271179323694385,0,0,66.6,king+tour,1,38,8.684705931532607,0.1998305767774582,0.0,0.0
45.38,-18.518662145437517,-9.403730144509227,6.99475470801237,0.5666889937268591,2.7345018887840227,5.809754708012308,6.924152558751809,0,0,66.7,king+tour,1,38,8.673726283283592,0.19990168511867523,0.0,0.0
45.4,-18.510538892422865,-9.395818242626211,6.995338465164564,0.5677283755442265,2.723279912288992,5.810338465164502,6.920116107499388,0,0,66.8,king+tour,1,38,8.66274140085123,0.19977405667304993,0.0,0.0
45.42,-18.502331291165863,-9.387983458420116,6.995811551670919,0.567830020324058,2.712035879239022,5.810811551670858,6.916818950936372,0,0,66.9,king+tour,1,38,8.651779391391145,0.1998046636581421,0.0,0.0
45.44,-18.49404506470628,-9.380216598473583,6.996147114273604,0.5681070863596951,2.7007688557231138,5.811147114273542,6.912358229056596,0,0,67.0,king+tour,1,38,8.640835496871576,0.19987522065639496,0.0,0.0
45.46,-18.48565091120053,-9.372561359242841,6.996355823523612,0.568128639282136,2.6894805590591258,5.8113558235235505,6.909891375236576,0,0,67.0,king+tour,1,38,8.629931928639692,0.19994227588176727,0.0,0.0
45.48,-18.477156585601847,-9.365002367877613,6.996455853675696,0.5685550190335807,2.678168058627407,5.811455853675634,6.906039237249247,0,0,67.1,king+tour,1,38,8.61905974981267,0.19998317956924438,0.0,0.0
45.5,-18.468531524223476,-9.357584769179569,6.996481970047054,0.5687994732124995,2.6668328366726457,5.811481970046993,6.903040475389575,0,0,67.2,king+tour,1,38,8.608241842481085,0.19998931884765625,0.0,0.0
45.52,-18.459778906093906,-9.350297771605742,6.996548129284627,0.5694581521230117,2.6554709536755534,5.811548129284565,6.899094566421192,0,0,67.3,king+tour,1,38,8.597470861975195,0.19993773102760315,0.0,0.0
45.54,-18.450866802270212,-9.343181668345922,6.996690764416976,0.5702737609028425,2.644079931287906,5.811690764416914,6.8955522451730635,0,0,67.4,king+tour,1,38,8.586764949961228,0.19992685317993164,0.0,0.0
45.56,-18.44180620551448,-9.336212201742047,6.996911705131221,0.5716570062364686,2.6326543518453276,5.811911705131159,6.8911276839972215,0,0,67.5,king+tour,1,38,8.576109364760681,0.19995050132274628,0.0,0.0
45.58,-18.43256690643494,-9.329405623344599,6.9971868448967385,0.5739552657926171,2.621179136014555,5.812186844896677,6.887595617099346,0,0,67.6,king+tour,1,38,8.565502680610031,0.19995547831058502,0.0,0.0
45.6,-18.42316293862832,-9.322716322199224,6.997497200793192,0.5772297660029414,2.609638955686008,5.81249720079313,6.88315797295951,0,0,67.7,king+tour,1,38,8.554913483902572,0.1999703347682953,0.0,0.0
45.62,-18.41358303134441,-9.316151072540315,6.9978270026330796,0.5809171539594226,2.598028649513448,5.812827002633018,6.8794682526791595,0,0,67.8,king+tour,1,38,8.544342086480626,0.19996517896652222,0.0,0.0
45.64,-18.4038614663886,-9.309657741263925,6.998164367179048,0.5847777165125277,2.5863455775829842,5.813164367178986,6.874843265636068,0,0,67.8,king+tour,1,38,8.533761896699602,0.19997432827949524,0.0,0.0
45.66,-18.393990857942136,-9.303235971086078,6.998503973404031,0.5890317812066221,2.574583612267113,5.813503973403969,6.870952098561208,0,0,67.9,king+tour,1,38,8.523169088375795,0.1999659389257431,0.0,0.0
45.68,-18.38401121016925,-9.29682844995863,6.998839266547223,0.5932160613162871,2.5627417223925986,5.813839266547161,6.866089218789072,0,0,68.0,king+tour,1,38,8.512535445977027,0.19997377693653107,0.0,0.0
45.7,-18.373919717331194,-9.290427946542323,6.999170629568584,0.5977342075174026,2.5508134574394807,5.8141706295685225,6.861965498918732,0,0,68.1,king+tour,1,38,8.501853523637296,0.1999649554491043,0.0,0.0
45.72,-18.363762875624925,-9.28397230460265,6.999490027442074,0.6019525755844504,2.538800133796822,5.814490027442012,6.857236438503012,0,0,68.2,king+tour,1,38,8.491094097282208,0.19997303187847137,0.0,0.0
45.74,-18.353544545346416,-9.277449378860274,6.9997218794102425,0.6062519881541907,2.52669775667791,5.814721879410181,6.853180208559453,0,0,68.3,king+tour,1,38,8.480248791762499,0.19991059601306915,0.0,0.0
45.76,-18.34331669520181,-9.270806979664197,6.999836788931728,0.6098024062322747,2.5145178036010813,5.814836788931666,6.848193676686963,0,0,68.4,king+tour,1,38,8.469299501750566,0.1999257355928421,0.0,0.0
45.78,-18.33308704812424,-9.264037308849586,6.999846213494477,0.6133396511970478,2.502261890482705,5.814846213494415,6.843894684031215,0,0,68.5,king+tour,1,38,8.458243398660315,0.19994154572486877,0.0,0.0
45.8,-18.322913599505505,-9.257087643826996,6.999763552218967,0.6160432890851767,2.4899459888342985,5.814763552218905,6.8398343676675415,0,0,68.6,king+tour,1,38,8.447064759961066,0.19996647536754608,0.0,0.0
45.82,-18.312809901142877,-9.2499476818468,6.9996351166195,0.6186280655305308,2.4775749554329254,5.8146351166194385,6.83656565637526,0,0,68.7,king+tour,1,38,8.435761413939575,0.19996730983257294,0.0,0.0
45.84,-18.302839071660983,-9.24259976698038,6.999491748112044,0.6193340132152206,2.465189510705108,5.814491748111982,6.832199621759455,0,0,68.8,king+tour,1,38,8.424350150680858,0.1999751776456833,0.0,0.0
45.86,-18.293013785318777,-9.235074618205138,6.999278224051503,0.6188895465272938,2.452817968935903,5.814278224051441,6.828670749804204,0,0,68.9,king+tour,1,38,8.412863489438852,0.19993871450424194,0.0,0.0
45.88,-18.28337565941778,-9.227353279675865,6.998974903881664,0.617666055997328,2.440483018540212,5.813974903881602,6.824012179330738,0,0,69.0,king+tour,1,38,8.401305997815706,0.19995060563087463,0.0,0.0
45.9,-18.27391927545559,-9.219457074278667,6.998592810437437,0.6162776418043511,2.428192967212272,5.813592810437375,6.820203682974507,0,0,69.1,king+tour,1,38,8.389692868065143,0.19995634257793427,0.0,0.0
45.92,-18.264693645163323,-9.211360814147817,6.9981451488759205,0.614129634665282,2.4159730517881206,5.813145148875859,6.815241789710185,0,0,69.2,king+tour,1,38,8.378027015886444,0.1999717354774475,0.0,0.0
45.94,-18.2556987173723,-9.20307950238564,6.997653483994978,0.6118222471094199,2.403832445244195,5.812653483994916,6.8112030499171565,0,0,69.3,king+tour,1,38,8.366320929221661,0.1999693661928177,0.0,0.0
45.96,-18.246971350316674,-9.19458295263283,6.997121472742376,0.6095927521684332,2.391783929466291,5.812121472742314,6.807337830045623,0,0,69.4,king+tour,1,38,8.354566985351518,0.19997817277908325,0.0,0.0
45.98,-18.238498136624095,-9.185879530853505,6.996571888508235,0.6079616430732797,2.3798222654683485,5.8115718885081735,6.804421711311218,0,0,69.5,king+tour,1,38,8.342765194232983,0.19997036457061768,0.0,0.0
46.0,-18.230315942968016,-9.176970853873868,6.996016293158628,0.605436835569192,2.367979216190033,5.811016293158566,6.800379905615683,0,0,69.6,king+tour,1,38,8.330935338524984,0.19997523725032806,0.0,0.0
46.02,-18.222408402423877,-9.167897046450454,6.9954688729329995,0.6024177278222582,2.3562659154107117,5.810468872932938,6.797334867376364,0,0,69.6,king+tour,1,38,8.319103364267866,0.19996905326843262,0.0,0.0
46.04,-18.214784908858213,-9.158652004008129,6.99492783711242,0.5997524148873482,2.3446875442930577,5.809927837112358,6.7932621474772255,0,0,69.7,king+tour,1,38,8.307268524757614,0.19997721910476685,0.0,0.0
46.06,-18.207400129640114,-9.149266690777619,6.994390769438956,0.5977196462823523,2.3332263851115593,5.809390769438894,6.790142831179837,0,0,69.8,king+tour,1,38,8.295434290424945,0.19997087121009827,0.0,0.0
46.08,-18.200269508690106,-9.13972956946183,6.993851110238734,0.5960152476597819,2.3218895174778207,5.808851110238672,6.786015982782485,0,0,69.9,king+tour,1,38,8.283598389026318,0.199977844953537,0.0,0.0
46.1,-18.19335317389965,-9.130064366817832,6.993304819496991,0.5948744881437378,2.3106594342907236,5.80830481949693,6.782800980768262,0,0,70.0,king+tour,1,38,8.2717609199021,0.1999703198671341,0.0,0.0
46.12,-18.186673252732515,-9.120254462125008,6.992745714852688,0.5940710708423654,2.2995459037869233,5.807745714852627,6.778741200098087,0,0,70.1,king+tour,1,38,8.259918675783494,0.1999768316745758,0.0,0.0
46.14,-18.18019593292802,-9.110316679151927,6.9921727861625,0.5938085751186847,2.2885323913228675,5.807172786162438,6.775563570487876,0,0,70.2,king+tour,1,38,8.248068944637529,0.19996896386146545,0.0,0.0
46.16,-18.173948929629397,-9.100234208911479,6.991580350615614,0.5937849700012277,2.2776333934241344,5.806580350615552,6.772249799323871,0,0,70.3,king+tour,1,38,8.236211233847223,0.1999756246805191,0.0,0.0
46.18,-18.167903819842202,-9.090021461187048,6.9909808022548825,0.5941443988184729,2.266835472964417,5.805980802254821,6.769807281791003,0,0,70.3,king+tour,1,38,8.224343534383042,0.19996771216392517,0.0,0.0
46.2,-18.16208714147549,-9.079681793329073,6.99038090683385,0.5939325575164569,2.256163963277819,5.805380906833788,6.766361123362183,0,0,70.4,king+tour,1,38,8.212482186770986,0.1999741643667221,0.0,0.0
46.22,-18.156467097950248,-9.069248789422154,6.989788807636127,0.593260147842633,2.245613487733036,5.804788807636065,6.76380123659823,0,0,70.5,king+tour,1,38,8.200640047160316,0.1999671310186386,0.0,0.0
46.24,-18.151056208404928,-9.058716494829397,6.989203446349377,0.5927680889189874,2.235192551897019,5.804203446349315,6.760310520222962,0,0,70.6,king+tour,1,38,8.188818364069002,0.1999748945236206,0.0,0.0
46.26,-18.14579105126359,-9.0481170652103,6.988204228489781,0.5938607250528184,2.22486852187604,5.80320422848972,6.757221826589504,0,0,70.7,king+tour,1,38,8.177012755624508,0.19531823694705963,0.0,0.0
46.28,-18.1406753233839,-9.0374491344777,6.986480357183855,0.5978025387492097,2.2146449735579044,5.801480357183793,6.753542131309894,0,0,70.7,king+tour,1,38,8.165223968394333,0.19245654344558716,0.0,0.0
46.3,-18.135671411663235,-9.026729402468613,6.983816293650548,0.606318854573131,2.204501370907219,5.798816293650487,6.747778151880732,0,0,70.8,king+tour,1,38,8.153447376463864,0.19229669868946075,0.0,0.0
46.32,-18.130776565135584,-9.015990951496214,6.980107285668198,0.6185276712262976,2.1944549173826813,5.795107285668136,6.742947268581018,0,0,70.9,king+tour,1,38,8.14171014360927,0.19469580054283142,0.0,0.0
46.34,-18.125972822677237,-9.00524028271266,6.975488064159662,0.6324358233147294,2.184495134359906,5.7904880641596,6.735347324594964,0,0,71.0,king+tour,1,38,8.130008803931968,0.19732682406902313,0.0,0.0
46.36,-18.121261030451215,-8.994525334241105,6.970172216475173,0.6427856239329806,2.17464991017474,5.785172216475111,6.729079926000525,0,0,71.0,king+tour,1,38,8.118385130828448,0.1990012377500534,0.0,0.0
46.38,-18.11665839200616,-8.983866107788895,6.964838446506743,0.6388514915290248,2.1649450331403393,5.779838446506681,6.7204219721761955,0,0,71.1,king+tour,1,38,8.10686512333819,0.18849626183509827,0.0,0.0
46.4,-18.11217046102814,-8.973334455865965,6.959968526893197,0.6220396565566216,2.155424762774042,5.774968526893135,6.714554407408636,0,0,71.2,king+tour,1,38,8.095513531204789,0.17848117649555206,0.0,0.0
46.42,-18.107761340248704,-8.962932346505973,6.955903129619381,0.6003575604980118,2.146059898296164,5.770903129619319,6.706842183432193,0,0,71.2,king+tour,1,38,8.084313829290709,0.17011703550815582,0.0,0.0
46.44,-18.10342878641045,-8.952734511089218,6.952862301047833,0.5744856576758617,2.136888659629391,5.767862301047772,6.702371413073168,0,0,71.3,king+tour,1,38,8.073329238104499,0.16462388634681702,0.0,0.0
46.46,-18.09912271750822,-8.942725808124846,6.950992883404876,0.5527456167704597,2.127859796370584,5.765992883404814,6.696294552817473,0,0,71.4,king+tour,1,38,8.062521237181008,0.16226449608802795,0.0,0.0
46.48,-18.094841253773037,-8.93296346599967,6.950383138121525,0.533868066087579,2.1190013987588854,5.7653831381214635,6.694014384981583,0,0,71.4,king+tour,1,38,8.051938109206237,0.16355940699577332,0.0,0.0
46.5,-18.090529795964216,-8.923407641921889,6.9510896767850845,0.5253609214764795,2.1102446051776393,5.766089676785023,6.690320454064574,0,0,71.5,king+tour,1,38,8.04151772912884,0.16808538138866425,0.0,0.0
46.52,-18.086184419610145,-8.914105344623984,6.953146537703114,0.5235592313989632,2.1016097330529617,5.7681465377030525,6.690542523454516,0,0,71.6,king+tour,1,38,8.031298514413635,0.17597705125808716,0.0,0.0
46.54,-18.081770529528747,-8.90501326633699,6.9565728870913945,0.5335920336691313,2.0930428384766744,5.771572887091333,6.68925071170513,0,0,71.7,king+tour,1,38,8.02122552132897,0.18619945645332336,0.0,0.0
46.56,-18.077310224618902,-8.89616563478698,6.961151962572491,0.5457628518759369,2.0845792760298067,5.776151962572429,6.691635200843035,0,0,71.7,king+tour,1,38,8.01133940924979,0.19347351789474487,0.0,0.0
46.58,-18.07277017143136,-8.887501227983629,6.966618155257094,0.5602751347883995,2.076156947145604,5.781618155257032,6.692162873847348,0,0,71.8,king+tour,1,38,8.00157047302447,0.19760537147521973,0.0,0.0
46.6,-18.068168842104598,-8.87903691907016,6.972693256637399,0.569481373130317,2.0677991502502078,5.787693256637337,6.695701582861665,0,0,71.9,king+tour,1,38,7.991942608765465,0.19951151311397552,0.0,0.0
46.62,-18.063473362425366,-8.870714328795383,6.9791678660436824,0.5771343111958438,2.0594461114539198,5.794167866043621,6.69703425848523,0,0,72.0,king+tour,1,39,9.079631496989945,0.20019227266311646,0.0,0.0
46.64,-18.058695757611044,-8.862542512255024,6.985869653134548,0.5799095695503664,2.0511117902851317,5.8008696531344865,6.700906046897253,0,0,72.1,king+tour,1,39,9.072668953678678,0.2003023773431778,0.0,0.0
46.66,-18.053800574705704,-8.85446623848648,6.992689599902633,0.5824531903524501,2.0427362461577157,5.807689599902571,6.7031393142951705,0,0,72.2,king+tour,1,39,9.06582950267171,0.20024153590202332,0.0,0.0
46.68,-18.048793212834536,-8.846488937237302,6.999557530379429,0.582836763517625,2.0343250754000453,5.814557530379367,6.707690575275308,0,0,72.2,king+tour,1,39,9.059115544187662,0.20013460516929626,0.0,0.0
46.7,-18.043641899431456,-8.838577459164465,7.006441473030214,0.5842006964498948,2.0258331968004395,5.821441473030152,6.709738861775799,0,0,72.3,king+tour,1,39,9.05250178234229,0.20006662607192993,0.0,0.0
46.72,-18.03835571463593,-8.830751421730708,7.013308140869988,0.5838273264177074,2.0172777747227557,5.828308140869926,6.714022060407032,0,0,72.4,king+tour,1,39,9.046005691723858,0.20001180469989777,0.0,0.0
46.74,-18.032897939933655,-8.822972658469885,7.0201444774255695,0.585303254881409,2.0086069953158647,5.835144477425508,6.716015711076409,0,0,72.5,king+tour,1,39,9.039598279062206,0.19999486207962036,0.0,0.0
46.76,-18.027272778268227,-8.815253781080113,7.026945303975972,0.5862481421914899,1.999830253781975,5.84194530397591,6.720226016938811,0,0,72.6,king+tour,1,39,9.03329131137753,0.19998317956924438,0.0,0.0
46.78,-18.021471103085627,-8.807556410413747,7.033718489864393,0.5890352221619243,1.990919514789697,5.848718489864331,6.722912081080746,0,0,72.7,king+tour,1,39,9.027049712865523,0.19998884201049805,0.0,0.0
46.8,-18.015526264251818,-8.799891432815592,7.040469996888413,0.5909226629508559,1.9819085409881865,5.855469996888351,6.727818900433557,0,0,72.8,king+tour,1,39,9.020877187791418,0.1999848484992981,0.0,0.0
46.82,-18.0094227290928,-8.792244605935794,7.047218743094416,0.5942909180696272,1.9727762773334458,5.862218743094354,6.73022091651624,0,0,72.9,king+tour,1,39,9.014763617647409,0.1999860405921936,0.0,0.0
46.84,-18.003189755444225,-8.784650086729282,7.0539637047669554,0.5958632193002745,1.9635647734717117,5.868963704766894,6.734855291410601,0,0,73.0,king+tour,1,39,9.008736220971047,0.19998127222061157,0.0,0.0
46.86,-17.996806989459735,-8.777086876944608,7.060716069054055,0.5990331111997074,1.9542453940985,5.875716069053993,6.737022243001449,0,0,73.1,king+tour,1,39,9.002779364335806,0.1999843716621399,0.0,0.0
46.88,-17.990300296352856,-8.769581342914359,7.067466628709203,0.6005001080850517,1.9448532862030168,5.882466628709142,6.741414150569175,0,0,73.2,king+tour,1,39,8.996913350079073,0.199980229139328,0.0,0.0
46.9,-17.98364415197099,-8.762106205574979,7.074219044647535,0.603690850682498,1.9353522377337804,5.889219044647473,6.743553160484286,0,0,73.2,king+tour,1,39,8.991117620388266,0.1999855637550354,0.0,0.0
46.92,-17.97686032099528,-8.754680360123661,7.080960449953186,0.6054132656064615,1.925770113505119,5.895960449953124,6.747896989668739,0,0,73.3,king+tour,1,39,8.985406077006107,0.19997981190681458,0.0,0.0
46.94,-17.969918243374558,-8.74727739439239,7.087688155104903,0.6088069478885157,1.916066840903689,5.902688155104841,6.750607073676242,0,0,73.4,king+tour,1,39,8.979760228036803,0.19998502731323242,0.0,0.0
46.96,-17.962834833888376,-8.739915825896608,7.094405885169802,0.6113413078875849,1.9062658956853231,5.909405885169741,6.755517712225787,0,0,73.5,king+tour,1,39,8.974194702466432,0.19998101890087128,0.0,0.0
46.98,-17.95559449181202,-8.732585246448734,7.101130583251565,0.6151859733347957,1.8963481595972818,5.916130583251503,6.757966043314076,0,0,73.6,king+tour,1,39,8.96870330473717,0.19998396933078766,0.0,0.0
47.0,-17.94823153161197,-8.725318795751628,7.107858148288163,0.6169980145077809,1.8863594219176427,5.9228581482881015,6.762618429214482,0,0,73.7,king+tour,1,39,8.963310880214296,0.19998067617416382,0.0,0.0
47.02,-17.94072483928643,-8.718099785989425,7.114599989006317,0.6203163464839828,1.8762726583054385,5.929599989006255,6.764855646735785,0,0,73.8,king+tour,1,39,8.9580063667091,0.19998428225517273,0.0,0.0
47.04,-17.933104443769956,-8.710953821486502,7.121345678381576,0.6217707810198754,1.8661261874558253,5.936345678381514,6.769286213589687,0,0,73.9,king+tour,1,39,8.952808147192355,0.19998082518577576,0.0,0.0
47.06,-17.925343585241077,-8.703858402029338,7.1280966153524625,0.6248020733866169,1.8558852419467808,5.943096615352401,6.772316893016563,0,0,74.0,king+tour,1,39,8.94770083998549,0.19998586177825928,0.0,0.0
47.08,-17.917467005567634,-8.696832203686366,7.134852189485786,0.6265894835889319,1.8455801475637887,5.949852189485724,6.777529646538337,0,0,74.1,king+tour,1,39,8.94269724702652,0.19997984170913696,0.0,0.0
47.1,-17.909452713974925,-8.689875907121717,7.141625781880269,0.6294848797924352,1.8351916423056336,5.9566257818802075,6.780371835561015,0,0,74.2,king+tour,1,39,8.937803490583203,0.1999802440404892,0.0,0.0
47.12,-17.901332044167066,-8.683029717883043,7.148411564032353,0.6302031907161411,1.8247662397243853,5.963411564032291,6.785395831561653,0,0,74.3,king+tour,1,39,8.93305167736536,0.1999754160642624,0.0,0.0
47.14,-17.89307755061612,-8.676288825317014,7.155216890264962,0.6322356394209273,1.81427715153274,5.970216890264901,6.788190903610898,0,0,74.4,king+tour,1,39,8.928443872704731,0.19997921586036682,0.0,0.0
47.16,-17.884715903270703,-8.669686735526215,7.162039933186203,0.632571439918058,1.8037634823521294,5.977039933186141,6.7931711634220475,0,0,74.5,king+tour,1,39,8.924006661922382,0.19997893273830414,0.0,0.0
47.18,-17.876240204711017,-8.663210525283763,7.168895806260365,0.6339987397229336,1.793212480104787,5.983895806260303,6.795824239307176,0,0,74.6,king+tour,1,39,8.91972938342152,0.19998274743556976,0.0,0.0
47.2,-17.867699128068626,-8.656883794625585,7.175777434902766,0.6331159526583908,1.7826777555269064,5.9907774349027045,6.800650711263682,0,0,74.7,king+tour,1,39,8.915623592440989,0.19998303055763245,0.0,0.0
47.22,-17.859079289252776,-8.650687646439971,7.182694270243828,0.6335149656572373,1.7721381064852209,5.997694270243766,6.803188473741821,0,0,74.8,king+tour,1,39,8.911674267272987,0.19998659193515778,0.0,0.0
47.24,-17.850423691217237,-8.644638255586933,7.189632862545405,0.6317803617024291,1.7616387002691176,6.004632862545344,6.807873796638467,0,0,74.9,king+tour,1,39,8.907886891807575,0.1999850869178772,0.0,0.0
47.26,-17.841712090930937,-8.638711238607668,7.196595501817326,0.6314662608794848,1.7511497931013467,6.011595501817264,6.810730706985244,0,0,75.0,king+tour,1,39,8.904242728187509,0.1999889314174652,0.0,0.0
47.28,-17.832981150455602,-8.632916058401381,7.203571095390152,0.629428989045629,1.7407078634864797,6.01857109539009,6.8157034106951535,0,0,75.1,king+tour,1,39,8.900742124434634,0.199984610080719,0.0,0.0
47.3,-17.824208656035925,-8.627233347656086,7.21046847948874,0.6261464827845822,1.7302839445307896,6.025468479488678,6.818352148595173,0,0,75.2,king+tour,1,39,8.89737170221511,0.19990602135658264,0.0,0.0
47.32,-17.815429260292227,-8.621669627924941,7.2170062272547435,0.6139521820204099,1.7199114158825504,6.032006227254682,6.8226331286443616,0,0,75.3,king+tour,1,39,8.89412932725125,0.1990741789340973,0.0,0.0
47.34,-17.80661758671306,-8.616202235445115,7.223045351881314,0.6000187456435805,1.709557020286623,6.0380453518812525,6.824377877230623,0,0,75.4,king+tour,1,39,8.89099923366355,0.19903437793254852,0.0,0.0
47.36,-17.797796536335085,-8.610834470484386,7.22844323506856,0.5825825549815223,1.6992423418782419,6.043443235068498,6.8273809225993265,0,0,75.5,king+tour,1,39,8.887978981380407,0.19893527030944824,0.0,0.0
47.38,-17.78893558563175,-8.60554716223952,7.233238813432037,0.5689236497179507,1.688931328129023,6.048238813431976,6.827716211112073,0,0,75.6,king+tour,1,39,8.885057557833502,0.1994183361530304,0.0,0.0
47.4,-17.78004338994609,-8.600345552900516,7.237446987865275,0.5564095072162676,1.6786340269696165,6.052446987865213,6.829368066975315,0,0,75.7,king+tour,1,39,8.882237948840244,0.1996420919895172,0.0,0.0
47.42,-17.7710742262572,-8.595210731567262,7.2411651695445975,0.549174749972742,1.6683011949896938,6.056165169544536,6.828409451632804,0,0,75.8,king+tour,1,39,8.879513366446607,0.1998901516199112,0.0,0.0
47.44,-17.762029112107964,-8.590145586575714,7.244485555267855,0.5442764580369355,1.6579350727988473,6.059485555267793,6.8290035074033035,0,0,75.9,king+tour,1,39,8.876886554058157,0.19999101758003235,0.0,0.0
47.46,-17.752854155156285,-8.585125826360766,7.247421451438199,0.5431328428749004,1.647476696237316,6.062421451438137,6.828462390587245,0,0,76.0,king+tour,1,39,8.874347857867923,0.19996339082717896,0.0,0.0
47.48,-17.743541920239558,-8.580150794499726,7.250101263245463,0.544633024349952,1.6369192212686272,6.065101263245401,6.829647179713656,0,0,76.1,king+tour,1,39,8.871898935519411,0.1999899297952652,0.0,0.0
47.5,-17.734041039835624,-8.575228879579655,7.252619861864834,0.5496255860487879,1.6262215920769574,6.067619861864772,6.828591437669425,0,0,76.2,king+tour,1,39,8.869561451747552,0.19999608397483826,0.0,0.0
47.52,-17.724357263495815,-8.57039159637776,7.2550395120592475,0.5545934097113007,1.6154040155723302,6.070039512059186,6.829475742270208,0,0,76.3,king+tour,1,39,8.867364996404895,0.19998638331890106,0.0,0.0
47.54,-17.714467008877847,-8.565631670608656,7.25741470941515,0.5615059933231402,1.6044424293531467,6.072414709415089,6.828012773331897,0,0,76.4,king+tour,1,39,8.86530918637595,0.19998574256896973,0.0,0.0
47.56,-17.70441240467803,-8.560961852332007,7.259682585157835,0.5657860212486564,1.5933800919855174,6.074682585157773,6.828463058691413,0,0,76.5,king+tour,1,39,8.863396089811172,0.19992505013942719,0.0,0.0
47.58,-17.694165488315008,-8.556370166912322,7.261836566348859,0.5716697143355846,1.5821869484139721,6.076836566348797,6.826571991971466,0,0,76.6,king+tour,1,39,8.861621929901137,0.1999417096376419,0.0,0.0
47.6,-17.683757493051758,-8.551865331266697,7.2638751206857215,0.576141504706733,1.5708948564667387,6.07887512068566,6.826568403392629,0,0,76.6,king+tour,1,39,8.859987584365744,0.19994769990444183,0.0,0.0
47.62,-17.67315165263568,-8.547433173364542,7.265819861935082,0.5829019924650767,1.5594650927676272,6.08081986193502,6.825505134235449,0,0,76.7,king+tour,1,39,8.858489548719055,0.19997094571590424,0.0,0.0
47.64,-17.662371366077846,-8.543078578210329,7.2676921498449865,0.5888177545806125,1.5479209025164908,6.082692149844925,6.826366669931907,0,0,76.8,king+tour,1,39,8.857127029890052,0.1999715268611908,0.0,0.0
47.66,-17.651389954215222,-8.538816284668787,7.2695251167273165,0.5960669432255868,1.536246487007708,6.084525116727255,6.8250270813402185,0,0,76.9,king+tour,1,39,8.855921899524974,0.19997848570346832,0.0,0.0
47.68,-17.640243497615295,-8.53467874356292,7.271336398186968,0.601339092490515,1.5244897102251587,6.086336398186906,6.825673798099638,0,0,77.0,king+tour,1,39,8.854896498907914,0.1999737173318863,0.0,0.0
47.7,-17.628911218474062,-8.530671762715796,7.273154647264782,0.6078290790860338,1.512635931630287,6.08815464726472,6.824086137479811,0,0,77.1,king+tour,1,39,8.854062498823621,0.19997777044773102,0.0,0.0
47.72,-17.61743724467903,-8.526816708085924,7.274978153251423,0.6120430845366909,1.5007349637211527,6.089978153251361,6.824505932263299,0,0,77.2,king+tour,1,39,8.8534291919197,0.19997325539588928,0.0,0.0
47.74,-17.605793819126948,-8.523115969051432,7.276818520156785,0.6177616416035324,1.488764712936424,6.091818520156723,6.822832040473449,0,0,77.3,king+tour,1,39,8.853006780661035,0.1999787986278534,0.0,0.0
47.76,-17.59402108037057,-8.519582985383224,7.27859316025116,0.6209442384190124,1.4767679195516625,6.093593160251098,6.823070014104194,0,0,77.4,king+tour,1,39,8.852797795416572,0.19992505013942719,0.0,0.0
47.78,-17.58210599386272,-8.51620517876598,7.280291179228776,0.6250242644918318,1.4647283017327903,6.095291179228714,6.821097008675056,0,0,77.6,king+tour,1,39,8.852794026280916,0.1999463438987732,0.0,0.0
47.8,-17.570097662867983,-8.512983164313653,7.281909590332802,0.6268984066652175,1.452690229356026,6.09690959033274,6.820988464336395,0,0,77.7,king+tour,1,39,8.852982984502304,0.19995497167110443,0.0,0.0
47.82,-17.557976602854723,-8.509900457756316,7.283393412252568,0.6297318934539755,1.4406299359450876,6.0983934122525065,6.819534192790609,0,0,77.8,king+tour,1,39,8.853354396675089,0.19993475079536438,0.0,0.0
47.84,-17.545783648152103,-8.506953506011142,7.284734606980861,0.630776252461532,1.4285824816123875,6.0997346069808,6.819836148270077,0,0,77.9,king+tour,1,39,8.853893824477051,0.1999380737543106,0.0,0.0
47.86,-17.533504706187294,-8.504146856097279,7.285971969400188,0.6328126999177085,1.416539268540369,6.100971969400126,6.817968077250729,0,0,78.0,king+tour,1,39,8.85460969125514,0.19996613264083862,0.0,0.0
47.88,-17.52118812214704,-8.501494022444795,7.287130143581731,0.632607967550123,1.404550414974037,6.102130143581669,6.817913966591343,0,0,78.1,king+tour,1,39,8.855501619866008,0.1999703347682953,0.0,0.0
47.9,-17.508811767687533,-8.498997703332142,7.288252206273376,0.6337680638522106,1.3925997016250808,6.103252206273314,6.815761512328703,0,0,78.2,king+tour,1,39,8.856578389539447,0.19997870922088623,0.0,0.0
47.92,-17.496417825246162,-8.49666723123943,7.289346793313511,0.6329277806419418,1.3807299637072028,6.104346793313449,6.815469482870946,0,0,78.3,king+tour,1,39,8.857837080470778,0.19997356832027435,0.0,0.0
47.94,-17.48397601401703,-8.494502762694733,7.290435044594996,0.6337741742805166,1.368916972267715,6.105435044594934,6.81315806852814,0,0,78.4,king+tour,1,39,8.859286307794216,0.19997915625572205,0.0,0.0
47.96,-17.471521224790553,-8.4925097321289,7.291512060839071,0.6329571658144744,1.3571954691191859,6.106512060839009,6.812712532433749,0,0,78.5,king+tour,1,39,8.860921310280819,0.19997309148311615,0.0,0.0
47.98,-17.459018995587673,-8.490683831799984,7.292586909789463,0.6340247379216579,1.3455357025096506,6.1075869097894016,6.810740636159869,0,0,78.6,king+tour,1,39,8.862747677575726,0.1999802589416504,0.0,0.0
48.0,-17.446500304781736,-8.489024758438799,7.293653102312451,0.6336539087083796,1.3339662549163507,6.108653102312389,6.8106214674262215,0,0,78.7,king+tour,1,39,8.864756175037567,0.19997362792491913,0.0,0.0
48.02,-17.43393718565516,-8.487533546215651,7.294723305082011,0.6348247987652809,1.3224660347803838,6.109723305081949,6.8085019439948935,0,0,78.8,king+tour,1,39,8.8669557383185,0.19997939467430115,0.0,0.0
48.04,-17.42136737798196,-8.486213092335493,7.295785571018301,0.6341767740747298,1.311071184319692,6.110785571018239,6.808219062985325,0,0,78.8,king+tour,1,39,8.869338129074906,0.1999727040529251,0.0,0.0
48.06,-17.4087548931968,-8.48506332241301,7.296844414799113,0.6354484508650062,1.2997535891881253,6.111844414799052,6.806449554189681,0,0,78.9,king+tour,1,39,8.871913592280418,0.1999797224998474,0.0,0.0
48.08,-17.396129269278592,-8.484085113517716,7.297899146896578,0.6353655085151003,1.2885415273328205,6.112899146896516,6.8065095585563,0,0,79.0,king+tour,1,39,8.874674247301732,0.19997362792491913,0.0,0.0
48.1,-17.383473464960385,-8.483268633091882,7.298885409813497,0.6360203176153009,1.2774181180363509,6.113885409813435,6.804561396767765,0,0,79.1,king+tour,1,39,8.877615547531162,0.19994959235191345,0.0,0.0
48.12,-17.370834302804866,-8.482604973803012,7.299771032795189,0.6343760550945816,1.26642081208816,6.114771032795127,6.804292015057655,0,0,79.2,king+tour,1,39,8.880715027794507,0.19993968307971954,0.0,0.0
48.14,-17.35818659635577,-8.482087128278557,7.300572912323435,0.6341838321565438,1.2555272534607083,6.1155729123233735,6.802342518589867,0,0,79.3,king+tour,1,39,8.883973216494018,0.19996391236782074,0.0,0.0
48.16,-17.345568409251513,-8.481705531883176,7.301300971893256,0.6322466534990053,1.2447667505728164,6.116300971893194,6.802075882985562,0,0,79.4,king+tour,1,39,8.887369453305135,0.19996695220470428,0.0,0.0
48.18,-17.332952743313545,-8.481459134399298,7.301987687033225,0.6318372347012343,1.2341187139359595,6.116987687033164,6.799878283922917,0,0,79.5,king+tour,1,39,8.89091053367899,0.19997796416282654,0.0,0.0
48.2,-17.32037658684219,-8.481341903088216,7.302637696737369,0.6296744543566459,1.22361318999773,6.117637696737307,6.799385632665769,0,0,79.6,king+tour,1,39,8.894579366862919,0.19997303187847137,0.0,0.0
48.22,-17.307804216176702,-8.481352377244717,7.303268324197871,0.6294090578716242,1.2132223065293701,6.1182683241978095,6.798124038547866,0,0,79.7,king+tour,1,39,8.89838503805216,0.199980229139328,0.0,0.0
48.24,-17.29526447688956,-8.481482922667592,7.303884770610321,0.6277780453240032,1.202968279178912,6.11888477061026,6.798570477393099,0,0,79.8,king+tour,1,39,8.902311318836109,0.1999732106924057,0.0,0.0
48.26,-17.282739469367478,-8.481752001893392,7.304507698956192,0.6271687507802443,1.1928496079000397,6.11950769895613,6.79716511466973,0,0,79.8,king+tour,1,39,8.90638096046626,0.19997726380825043,0.0,0.0
48.28,-17.270276257845758,-8.482169608039488,7.305133297437455,0.6242944213033084,1.182913531992396,6.120133297437393,6.797477155811308,0,0,79.9,king+tour,1,39,8.910588811522464,0.199971541762352,0.0,0.0
48.3,-17.25784922845045,-8.482754223897587,7.305774707223081,0.6228648364744156,1.173152924145522,6.12077470722302,6.795952239551706,0,0,80.0,king+tour,1,39,8.914959903272822,0.19997787475585938,0.0,0.0
48.32,-17.24549759362058,-8.483513674408174,7.306416452881442,0.6195794653199838,1.1636075567057007,6.12141645288138,6.796136592475835,0,0,80.1,king+tour,1,39,8.919489210185777,0.199971541762352,0.0,0.0
48.34,-17.233187867774184,-8.484466583057255,7.307060361803986,0.6181666523023363,1.1542649142540984,6.122060361803924,6.794551828352772,0,0,80.2,king+tour,1,39,8.924204310415984,0.1999785602092743,0.0,0.0
48.36,-17.220951178341966,-8.485619918107654,7.307698291333634,0.6153732690079909,1.1451581406447382,6.122698291333572,6.794671621818203,0,0,80.2,king+tour,1,39,8.92910173241095,0.1999722570180893,0.0,0.0
48.38,-17.208761023723547,-8.486975376298048,7.308342665982479,0.6141098338549366,1.1362711455832752,6.123342665982417,6.792972976276167,0,0,80.3,king+tour,1,39,8.934190845318573,0.19997867941856384,0.0,0.0
48.4,-17.196654888596587,-8.488520513032016,7.308980758763501,0.611050565902716,1.1276302950771444,6.123980758763439,6.7929552905021025,0,0,80.4,king+tour,1,39,8.939447651493618,0.19997192919254303,0.0,0.0
48.42,-17.184597738372357,-8.490257959399239,7.30961947685431,0.6099212084525955,1.1192134939329008,6.124619476854249,6.791142780047897,0,0,80.5,king+tour,1,39,8.944885136876838,0.19997863471508026,0.0,0.0
48.44,-17.172618110732888,-8.492174711088833,7.310243398057776,0.6074016239030808,1.1110392423546747,6.125243398057714,6.790981657021758,0,0,80.5,king+tour,1,39,8.950481532935106,0.19997116923332214,0.0,0.0
48.46,-17.160672937369505,-8.494274984256181,7.310855095664695,0.607191254921055,1.103080659362837,6.125855095664633,6.789303852965044,0,0,80.6,king+tour,1,39,8.956253998003087,0.19997934997081757,0.0,0.0
48.48,-17.14878219005875,-8.496545872118674,7.311437349062093,0.6059823064889341,1.0953494800621615,6.126437349062031,6.789245866381811,0,0,80.7,king+tour,1,39,8.96218359311742,0.19997039437294006,0.0,0.0
48.5,-17.136902275431453,-8.498997454148645,7.311989485741213,0.6071397716217122,1.0878230703127238,6.126989485741151,6.787858220404015,0,0,80.7,king+tour,1,39,8.968293388714196,0.19997844099998474,0.0,0.0
48.52,-17.125051980314094,-8.501621848352048,7.312507932892802,0.6074243301686578,1.0805156682317418,6.12750793289274,6.788078504585564,0,0,80.8,king+tour,1,39,8.9745696369393,0.19997148215770721,0.0,0.0
48.54,-17.11319942969025,-8.504424955573064,7.3130074174293656,0.6094871844130729,1.0734119711141394,6.128007417429304,6.786507693996837,0,0,80.9,king+tour,1,39,8.981027856415691,0.1999794840812683,0.0,0.0
48.56,-17.101374621499474,-8.507391995157484,7.313477837281854,0.610021941166405,1.066530034939582,6.1284778372817925,6.7865314341980225,0,0,80.9,king+tour,1,39,8.98764416541715,0.1999720335006714,0.0,0.0
48.58,-17.089537480636267,-8.510530827731243,7.313924998254222,0.6127196069099242,1.0598503169440519,6.12892499825416,6.785886740718194,0,0,81.0,king+tour,1,39,8.994438673223856,0.19997943937778473,0.0,0.0
48.6,-17.07770932194814,-8.513827900434096,7.314349892550717,0.6143219056866794,1.0533849880820354,6.129349892550655,6.786824618130965,0,0,81.0,king+tour,1,39,9.001391466058948,0.1999727487564087,0.0,0.0
48.62,-17.065871927616794,-8.517306384752896,7.314767820768383,0.6172487782633888,1.0471419535261244,6.129767820768321,6.786064182114288,0,0,81.1,king+tour,1,39,9.008530157406348,0.19997887313365936,0.0,0.0
48.64,-17.054068210034355,-8.52096593264937,7.315182836197549,0.6182480840628725,1.0411579140455085,6.130182836197487,6.786906209230074,0,0,81.1,king+tour,1,39,9.01584020136234,0.1999729722738266,0.0,0.0
48.66,-17.042283342890492,-8.524810835091412,7.315617547126503,0.620192191943459,1.0354306117173933,6.130617547126441,6.786049545914425,0,0,81.2,king+tour,1,39,9.023330183354423,0.19997638463974,0.0,0.0
48.68,-17.03056331378379,-8.528819283311911,7.31606855658079,0.6197381481847842,1.0299825742608952,6.131068556580728,6.78678550206637,0,0,81.2,king+tour,1,39,9.03096410140356,0.19997166097164154,0.0,0.0
48.7,-17.018884992004192,-8.532997506901982,7.3165498200756645,0.6206294516617523,1.02480634944071,6.131549820075603,6.785861647259254,0,0,81.3,king+tour,1,39,9.03875506603057,0.19997726380825043,0.0,0.0
48.72,-17.007285445591314,-8.537323930339069,7.31704662126088,0.6195042940914075,1.0199165214476926,6.132046621260818,6.786502783537503,0,0,81.3,king+tour,1,39,9.046670121968067,0.19997180998325348,0.0,0.0
48.74,-16.995733325672525,-8.541807281335181,7.317563223797654,0.620118514788567,1.0153015504923566,6.132563223797592,6.7855019990330705,0,0,81.3,king+tour,1,39,9.054727488000143,0.19997839629650116,0.0,0.0
48.76,-16.984256659946624,-8.546427284708358,7.3180812695247885,0.6191257116443512,1.0109694071121218,6.133081269524727,6.786027851120744,0,0,81.4,king+tour,1,39,9.062898389912785,0.1999717652797699,0.0,0.0
48.78,-16.972816599460206,-8.551195804567477,7.318599512460236,0.620246606842502,1.0069062294903033,6.133599512460174,6.785996569203634,0,0,81.4,king+tour,1,39,9.071206591658912,0.1999797224998474,0.0,0.0
48.8,-16.96143279525214,-8.556094905137684,7.319110020629934,0.6201870750746796,1.0031153955307537,6.134110020629873,6.787460384571565,0,0,81.5,king+tour,1,39,9.079628333995409,0.19997276365756989,0.0,0.0
48.82,-16.950090040721044,-8.561148586726636,7.319624078698918,0.6214137785194186,0.9996085752078765,6.134624078698856,6.787308547919188,0,0,81.5,king+tour,1,39,9.088191012721973,0.19997836649417877,0.0,0.0
48.84,-16.938830589075224,-8.56634902397794,7.320135961410299,0.6206484972983964,0.996410482608641,6.135135961410238,6.788650997742422,0,0,81.5,king+tour,1,39,9.096872746333728,0.19997234642505646,0.0,0.0
48.86,-16.927634528286283,-8.57171691103013,7.320658651449266,0.6213678328324991,0.9935272742625667,6.135658651449204,6.7883918530932785,0,0,81.5,king+tour,1,39,9.105699335834593,0.1999785155057907,0.0,0.0
48.88,-16.916538418267546,-8.577239074660753,7.321178994969083,0.6202594338056024,0.9909743945510282,6.136178994969021,6.789616336801909,0,0,81.6,king+tour,1,39,9.114645657945637,0.19997204840183258,0.0,0.0
48.9,-16.905515507934677,-8.582937775241014,7.321701095458679,0.6209918063693336,0.9887551257206685,6.136701095458617,6.789276904993714,0,0,81.6,king+tour,1,39,9.123741289914568,0.199978768825531,0.0,0.0
48.92,-16.894594821760332,-8.588800587147487,7.322218965943253,0.6202865059953574,0.9868796404948599,6.137218965943191,6.790414665644181,0,0,81.6,king+tour,1,39,9.132964296810908,0.19997279345989227,0.0,0.0
48.94,-16.88374777827166,-8.594828993224853,7.322662970513766,0.6208807702318252,0.9853338901568475,6.137662970513704,6.789914628618756,0,0,81.6,king+tour,1,39,9.142325378819406,0.1999436765909195,0.0,0.0
48.96,-16.873002282175612,-8.600994172546109,7.323077270111176,0.619771664747967,0.9841125314514002,6.138077270111114,6.790830336967564,0,0,81.6,king+tour,1,39,9.151787556726338,0.19994395971298218,0.0,0.0
48.98,-16.862323372488675,-8.607302951264602,7.32341659100352,0.6203928990741968,0.983201883358083,6.138416591003458,6.790875715990491,0,0,81.6,king+tour,1,39,9.161368823144235,0.19994382560253143,0.0,0.0
49.0,-16.851731122821302,-8.613729713270828,7.323747265762538,0.6196942163213771,0.9825932316446884,6.138747265762476,6.792332159387945,0,0,81.6,king+tour,1,39,9.17103791815827,0.19993658363819122,0.0,0.0
49.02,-16.84120565029877,-8.620288896919616,7.324034352745483,0.6202638166474621,0.9822879387371288,6.139034352745421,6.7922193869095056,0,0,81.6,king+tour,1,39,9.180814909911867,0.1999470442533493,0.0,0.0
49.04,-16.83078129029284,-8.626959657210909,7.324334836870779,0.6189842790949907,0.9822874904404655,6.1393348368707175,6.793523894047964,0,0,81.6,king+tour,1,0,23.23668738531081,0.1999373733997345,0.0,0.0
49.06,-16.820431105714857,-8.633760428774012,7.324603855582791,0.6193730413071549,0.982592564522448,6.139603855582729,6.793285158512645,0,0,81.6,king+tour,1,0,23.22530277233217,0.19994546473026276,0.0,0.0
49.08,-16.810181800083235,-8.64067266311165,7.324888514049743,0.6182804378104104,0.9832009809657236,6.139888514049681,6.794453628064172,0,0,81.6,king+tour,1,0,23.213881896140858,0.19994017481803894,0.0,0.0
49.1,-16.80000005305368,-8.647718979364178,7.325133365041004,0.6192303636620851,0.984114234369611,6.140133365040942,6.794712049089839,0,0,81.6,king+tour,1,0,23.20238742155289,0.1999426782131195,0.0,0.0
49.12,-16.789905156584073,-8.654884228293383,7.325388774159338,0.619098055172292,0.9853285225336152,6.140388774159276,6.796362749920285,0,0,81.6,king+tour,1,0,23.1908425490569,0.1999383568763733,0.0,0.0
49.14,-16.77987697648787,-8.662195517056515,7.325602575130105,0.6206147159770293,0.9868567865612271,6.1406025751300435,6.796499008739043,0,0,81.6,king+tour,1,0,23.179213484385397,0.19994382560253143,0.0,0.0
49.16,-16.769946797566824,-8.669641265599472,7.325831480939828,0.6206851509393883,0.9887032145597765,6.140831480939767,6.798033924186032,0,0,81.6,king+tour,1,0,23.167527058650474,0.19993643462657928,0.0,0.0
49.18,-16.76009113705529,-8.677233989693017,7.32603263422278,0.6221413945450183,0.9908664903380096,6.141032634222718,6.798063377146952,0,0,81.6,king+tour,1,0,23.155759804312876,0.19994708895683289,0.0,0.0
49.2,-16.750336782984938,-8.684945493225928,7.326255773125086,0.621820916819436,0.9933324391129095,6.141255773125025,6.799476203528556,0,0,81.5,king+tour,1,0,23.143949936845097,0.19993893802165985,0.0,0.0
49.22,-16.74065375659214,-8.69279324136914,7.326449104647328,0.6232686582053744,0.9961012481137942,6.141449104647267,6.800245422197987,0,0,81.5,king+tour,1,0,23.132066292613953,0.1999456286430359,0.0,0.0
49.24,-16.731061434358963,-8.700752940179035,7.326668756163611,0.6233331728656398,0.9991577771045032,6.141668756163549,6.80238054851507,0,0,81.5,king+tour,1,0,23.120139755663896,0.19993530213832855,0.0,0.0
49.26,-16.72154955245533,-8.708846516204947,7.326869707746774,0.6245443374467025,1.0025151672958654,6.141869707746713,6.803048228905087,0,0,81.5,king+tour,1,0,23.108146307112445,0.1999470591545105,0.0,0.0
49.28,-16.712153786916772,-8.717049594982411,7.327018876400191,0.623684942042046,1.0061634324979922,6.14201887640013,6.8049776524436,0,0,81.4,king+tour,1,0,23.09612587046993,0.19994480907917023,0.0,0.0
49.3,-16.702859396270036,-8.725390226966795,7.32712125213479,0.6244243752931031,1.0101188650314148,6.142121252134729,6.805440174873643,0,0,81.4,king+tour,1,0,23.084046845042423,0.19996556639671326,0.0,0.0
49.32,-16.69369527828901,-8.733849107757878,7.327172389379396,0.6235710417139845,1.0143716648185062,6.1421723893793345,6.807162647713276,0,0,81.4,king+tour,1,0,23.07194118449288,0.19996577501296997,0.0,0.0
49.34,-16.684641567948724,-8.742451680420288,7.327191460914922,0.624448338658405,1.0189337923628736,6.1421914609148605,6.807428881826232,0,0,81.3,king+tour,1,0,23.059776646539316,0.19997712969779968,0.0,0.0
49.36,-16.675723063741824,-8.751177012338715,7.3272571659904235,0.6238498447787636,1.023791224111658,6.142257165990362,6.809060427170652,0,0,81.3,king+tour,1,0,23.04758428987719,0.19993473589420319,0.0,0.0
49.38,-16.66691212098785,-8.760054550828034,7.327322409837352,0.6253951922638759,1.0289572836906158,6.14232240983729,6.809948807334782,0,0,81.2,king+tour,1,0,23.03532425575863,0.19994813203811646,0.0,0.0
49.4,-16.658224232375158,-8.76906377590406,7.3273618709405035,0.6257937004230363,1.034414487309824,6.142361870940442,6.812115342896192,0,0,81.2,king+tour,1,0,23.023022146806337,0.19994767010211945,0.0,0.0
49.42,-16.64964734288452,-8.778216366212261,7.3273839953962785,0.6271631210776755,1.0401656389063085,6.142383995396217,6.812864117621673,0,0,81.2,king+tour,1,0,23.010661528158977,0.1999659687280655,0.0,0.0
49.44,-16.64120936504204,-8.787472590141324,7.327384583745519,0.6262530475800073,1.0461782091407001,6.142384583745457,6.814864078964989,0,0,81.1,king+tour,1,0,22.998290886181035,0.1999666541814804,0.0,0.0
49.46,-16.63289274252529,-8.796850513266792,7.327383467060266,0.6267209376595106,1.0524588411411495,6.142383467060204,6.815486771852294,0,0,81.0,king+tour,1,0,22.98588543550085,0.19997623562812805,0.0,0.0
49.48,-16.624718176718076,-8.806315142382255,7.327372990292819,0.6253056056688769,1.0589759834040797,6.142372990292757,6.817352499569303,0,0,81.0,king+tour,1,0,22.973485748904118,0.19997131824493408,0.0,0.0
49.5,-16.61666217455783,-8.81589083062129,7.327362721393878,0.6256857867719574,1.0657408000150141,6.142362721393816,6.818241484040934,0,0,80.9,king+tour,1,0,22.96105853504055,0.19997836649417877,0.0,0.0
49.52,-16.60873852396705,-8.825548070993927,7.327344901848645,0.6245935635191154,1.0727244809419014,6.142344901848583,6.820359363340848,0,0,80.9,king+tour,1,0,22.948635993094136,0.19997195899486542,0.0,0.0
49.54,-16.600930518600123,-8.835315144309831,7.327329660662863,0.6252217631808296,1.0799447094903347,6.142329660662801,6.821128289641238,0,0,80.8,king+tour,1,0,22.936185287717485,0.19997914135456085,0.0,0.0
49.56,-16.59325699153853,-8.845165163821758,7.327300365142177,0.6243131429376235,1.0873762730518537,6.142300365142115,6.823112189152846,0,0,80.8,king+tour,1,0,22.92373920755952,0.19997134804725647,0.0,0.0
49.58,-16.58569621283909,-8.855132780684485,7.327256423874259,0.6255411483249816,1.0950422456726547,6.142256423874197,6.8246548621286465,0,0,80.7,king+tour,1,0,22.911256840406942,0.19997869431972504,0.0,0.0
49.6,-16.578261302395177,-8.865197532930395,7.3272005325154055,0.6256601611988123,1.1029220104507798,6.142200532515344,6.8274112462868075,0,0,80.6,king+tour,1,0,22.898762474096827,0.19997265934944153,0.0,0.0
49.62,-16.570951675031843,-8.875379604897159,7.327153212289852,0.6267126154205757,1.1110305964176546,6.142153212289791,6.828840493034585,0,0,80.6,king+tour,1,0,22.886238906224182,0.1999778151512146,0.0,0.0
49.64,-16.563799260034326,-8.88564199469632,7.327108952004433,0.6254511245083647,1.1193351052936045,6.142108952004371,6.8314815517156005,0,0,80.5,king+tour,1,0,22.873734583608247,0.19997216761112213,0.0,0.0
49.66,-16.5567984529067,-8.896011323661757,7.327082743365779,0.6255696814192078,1.1278551245094761,6.142082743365717,6.832812492591014,0,0,80.4,king+tour,1,0,22.86122417397152,0.1999826729297638,0.0,0.0
49.68,-16.549974619555584,-8.906455981593183,7.327064103179032,0.6238107252302362,1.1365604896401182,6.14206410317897,6.835351431169907,0,0,80.3,king+tour,1,0,22.848748021157046,0.19998884201049805,0.0,0.0
49.7,-16.54331684301262,-8.917006440575193,7.327058045492057,0.6237752197761227,1.1454734294409026,6.1420580454919955,6.836602074501877,0,0,80.3,king+tour,1,0,22.836274665830516,0.19999058544635773,0.0,0.0
49.72,-16.53684422629506,-8.9276345142259,7.327060572742382,0.622195152432708,1.1545653553887787,6.14206057274232,6.839061004302265,0,0,80.2,king+tour,1,0,22.823838160513997,0.19999325275421143,0.0,0.0
49.74,-16.530535016997117,-8.938351109946206,7.327086698567314,0.6217962454784232,1.1638376259885241,6.142086698567252,6.840239980379329,0,0,80.1,king+tour,1,0,22.81141745310624,0.19999390840530396,0.0,0.0
49.76,-16.524395368588397,-8.949107370348822,7.327129273383355,0.6192621275489321,1.1732388902232116,6.1421292733832935,6.84259727045631,0,0,80.0,king+tour,1,0,22.79905676415619,0.1999884694814682,0.0,0.0
49.78,-16.518398752120632,-8.959921804402352,7.32719848292434,0.6182964154032972,1.18277797055358,6.142198482924278,6.84370786886883,0,0,80.0,king+tour,1,0,22.786726070490435,0.19999153912067413,0.0,0.0
49.8,-16.512544931326694,-8.970752459913264,7.327276451058164,0.6155818298843353,1.1924096224219938,6.142276451058102,6.845960397342014,0,0,79.9,king+tour,1,0,22.774460314140626,0.1999853104352951,0.0,0.0
49.82,-16.50680308845199,-8.98162581133916,7.327365228960768,0.6148300829189353,1.2021509425741599,6.142365228960706,6.846959372012518,0,0,79.8,king+tour,1,0,22.76222046007887,0.19998303055763245,0.0,0.0
49.84,-16.50116740888121,-8.992507626851971,7.327445050008905,0.6127421245497392,1.2119641229997207,6.142445050008843,6.849063495625821,0,0,79.7,king+tour,1,0,22.75003193184911,0.199984610080719,0.0,0.0
49.86,-16.495603791668938,-9.003432324808331,7.327512471050594,0.6129996075024425,1.2218749152877006,6.142512471050532,6.850537022325889,0,0,79.6,king+tour,1,0,22.737847249827944,0.19999098777770996,0.0,0.0
49.88,-16.490101848878258,-9.014373537113672,7.3275600658285205,0.612339298194543,1.2318535062259681,6.142560065828459,6.853096051702089,0,0,79.6,king+tour,1,0,22.725682748458883,0.1999795138835907,0.0,0.0
49.9,-16.48463774879899,-9.025353541806494,7.327599490320584,0.6132259922353682,1.2419165076518064,6.1425994903205225,6.854410552591249,0,0,79.5,king+tour,1,0,22.713506729084614,0.19998694956302643,0.0,0.0
49.92,-16.479209400061904,-9.036333190331858,7.327621022296761,0.6124134946625751,1.252023346605569,6.142621022296699,6.856789006520606,0,0,79.4,king+tour,1,0,22.701350755378026,0.19998399913311005,0.0,0.0
49.94,-16.473789710354627,-9.04734291954756,7.327632666213037,0.6135701050146404,1.2621990769912153,6.142632666212975,6.85820466607575,0,0,79.3,king+tour,1,0,22.68917451445453,0.19998350739479065,0.0,0.0
49.96,-16.46837186121939,-9.058351210665593,7.327621556382088,0.6134649256883051,1.2724105861155832,6.142621556382026,6.860665442479625,0,0,79.2,king+tour,1,0,22.677000589322677,0.1999814212322235,0.0,0.0
49.98,-16.462933133814055,-9.069392689805813,7.327589954512441,0.6154165582586878,1.2826885560576433,6.142589954512379,6.862403451557698,0,0,79.1,king+tour,1,0,22.66478756641451,0.19998855888843536,0.0,0.0
50.0,-16.457469364842428,-9.080439754354428,7.327538063542937,0.6162245921523026,1.2930046157204396,6.142538063542875,6.8651823435782475,0,0,79.0,king+tour,1,0,22.65255621038385,0.19998440146446228,0.0,0.0
50.02,-16.45196234862689,-9.09151293207358,7.3274830211844915,0.618355727028073,1.3033766853813165,6.14248302118443,6.866771735748085,0,0,79.0,king+tour,1,0,22.640279360678445,0.19998325407505035,0.0,0.0
50.04,-16.446410997596733,-9.102569690822074,7.327415805167189,0.6186152485094865,1.3137622364699273,6.142415805167127,6.869384539774508,0,0,78.9,king+tour,1,0,22.627991935020074,0.19997970759868622,0.0,0.0
50.06,-16.440794390959407,-9.113639011080418,7.327343221436484,0.6206476244580621,1.3241878074859954,6.142343221436422,6.8717754661586445,0,0,78.8,king+tour,1,0,22.615658214650985,0.19998645782470703,0.0,0.0
50.08,-16.435106824322038,-9.124686407919114,7.327267811512104,0.621287127306842,1.3346187228679067,6.142267811512042,6.875175005341121,0,0,78.7,king+tour,1,0,22.60330384991747,0.19998444616794586,0.0,0.0
50.1,-16.429349978960765,-9.1357314715008,7.327209811941446,0.6227721533338599,1.345074880089477,6.142209811941385,6.877432886688135,0,0,78.6,king+tour,1,0,22.590913394876655,0.1999562531709671,0.0,0.0
50.12,-16.4235394399638,-9.146729532643425,7.327163349185697,0.621936232904669,1.3555133636047563,6.142163349185635,6.880695252669242,0,0,78.5,king+tour,1,0,22.578532714320378,0.19996419548988342,0.0,0.0
50.14,-16.417674565731122,-9.157708136855549,7.327141586837883,0.6223483225078896,1.3659615304099617,6.1421415868378215,6.882815530959304,0,0,78.4,king+tour,1,0,22.566138444056513,0.1999751776456833,0.0,0.0
50.16,-16.41176674607307,-9.168630090035219,7.327134154535791,0.6208692487353624,1.3763831746867623,6.1421341545357295,6.885935321231899,0,0,78.4,king+tour,1,0,22.553767899064056,0.199970543384552,0.0,0.0
50.18,-16.405813649810987,-9.179530791369897,7.327146377054236,0.6210168960734148,1.3868132461312626,6.142146377054174,6.887923753110827,0,0,78.3,king+tour,1,0,22.541390231013487,0.19995203614234924,0.0,0.0
50.2,-16.399823137509625,-9.19038065930534,7.327159009866614,0.6196895017613939,1.3972226467327549,6.142159009866552,6.8909007679461824,0,0,78.2,king+tour,1,0,22.529034457414138,0.1999688446521759,0.0,0.0
50.22,-16.393791659931722,-9.20122302423506,7.327169509799761,0.6203541514541849,1.4076541642691394,6.142169509799699,6.893241824058374,0,0,78.1,king+tour,1,0,22.516662441275418,0.1999809741973877,0.0,0.0
50.24,-16.387723798544016,-9.212036218560916,7.327170455523356,0.6199679714379348,1.418086291583269,6.142170455523294,6.8965729870135375,0,0,78.0,king+tour,1,0,22.504294789254793,0.19997382164001465,0.0,0.0
50.26,-16.38162660151189,-9.222857267444015,7.327172219928835,0.6210292136689497,1.4285561610538993,6.142172219928773,6.898741254085812,0,0,77.9,king+tour,1,0,22.49190446578606,0.19997604191303253,0.0,0.0
50.28,-16.375513516898693,-9.233658099055205,7.327162518819407,0.6205398075323557,1.439036104157136,6.142162518819346,6.90191102246744,0,0,77.8,king+tour,1,0,22.479522306981938,0.1999681293964386,0.0,0.0
50.3,-16.36939081213179,-9.24448349448083,7.327143640613993,0.6218461549499418,1.4495706622592703,6.142143640613932,6.904051328803211,0,0,77.8,king+tour,1,0,22.46711437750857,0.19997814297676086,0.0,0.0
50.32,-16.363269228039695,-9.25531308451122,7.327113826034796,0.6220022124800604,1.4601393842518098,6.142113826034734,6.907250278183472,0,0,77.7,king+tour,1,0,22.454703595565217,0.19998157024383545,0.0,0.0
50.34,-16.35713589690678,-9.266167389964707,7.327087016069505,0.6233666987372177,1.4707616780110735,6.142087016069444,6.9093722722771584,0,0,77.6,king+tour,1,0,22.442265746475865,0.19998310506343842,0.0,0.0
50.36,-16.350985828048703,-9.27700648584941,7.327054400498051,0.6231179870866588,1.4813970235080243,6.142054400497989,6.912511168670626,0,0,77.5,king+tour,1,0,22.42983140943295,0.1999659687280655,0.0,0.0
50.38,-16.344812527282503,-9.2878622663869,7.327021598031773,0.6244171070484834,1.4920767341507548,6.142021598031711,6.915081553828524,0,0,77.4,king+tour,1,0,22.41737038315284,0.19997531175613403,0.0,0.0
50.4,-16.338610425521754,-9.298701229150518,7.32698801182178,0.6244003284657739,1.5027668982317983,6.141988011821718,6.918664658167472,0,0,77.3,king+tour,1,0,22.404907563955057,0.19998060166835785,0.0,0.0
50.42,-16.332386054900738,-9.309548732824952,7.326969161131662,0.6253228784858844,1.5134927536114726,6.1419691611316,6.921096045817047,0,0,77.2,king+tour,1,0,22.39242537952858,0.19998162984848022,0.0,0.0
50.44,-16.326145148964606,-9.320364477936787,7.326957422592576,0.624358444767741,1.52421377968606,6.141957422592514,6.924544609240856,0,0,77.2,king+tour,1,0,22.379960622630005,0.1999627947807312,0.0,0.0
50.46,-16.31989390561005,-9.331182020644038,7.3269606057847865,0.6246944929998941,1.5349632168854943,6.141960605784725,6.926823424096086,0,0,77.1,king+tour,1,0,22.36748869658398,0.19997252523899078,0.0,0.0
50.48,-16.313635837704126,-9.341969248236161,7.326966893684428,0.6235537919400252,1.545708539445797,6.1419668936843665,6.9301240331706415,0,0,77.0,king+tour,1,0,22.35503833764005,0.1999790072441101,0.0,0.0
50.5,-16.307377375413957,-9.352767556325748,7.326978130559241,0.6240431357335959,1.55649068374969,6.141978130559179,6.93267595793099,0,0,76.9,king+tour,1,0,22.3425785367148,0.1999824196100235,0.0,0.0
50.52,-16.301120400885342,-9.363552876286473,7.326988742985202,0.6234440021575787,1.56728504864863,6.1419887429851405,6.9357168423850615,0,0,76.8,king+tour,1,0,22.33013041860812,0.21996551752090454,0.0,0.0
50.54,-16.294880767330934,-9.374362940647076,7.326997788482562,0.6240805240405617,1.5781287139250315,6.1419977884825006,6.937543893709006,0,0,76.7,king+tour,1,0,22.31767122595064,0.24194127321243286,0.0,0.0
50.56,-16.2886555291983,-9.385183673730914,7.327001764246354,0.6241832064512822,1.5890069293269813,6.1420017642462925,6.937461017350098,0,0,76.6,king+tour,1,0,22.30521108566404,0.26513174176216125,0.0,0.0
50.58,-16.282449580228505,-9.396074937071042,7.3270394554968306,0.6267671824331537,1.5999788196867553,6.142039455496769,6.9391272168625395,0,0,76.5,king+tour,1,0,22.292702739639527,0.28872358798980713,0.0,0.0
50.6,-16.276193989136747,-9.407106078082696,7.327124940446495,0.6340855612670481,1.6111143096174148,6.1421249404464335,6.938951134732287,0,0,76.4,king+tour,1,0,22.280050342191476,0.31244340538978577,0.0,0.0
50.62,-16.26988859154008,-9.418339281073802,7.327256575983759,0.6441277361791684,1.6224756300729821,6.142256575983697,6.9383276630189705,0,0,76.4,king+tour,1,0,22.267201914971047,0.3361998498439789,0.0,0.0
50.64,-16.263457564302772,-9.429851261783481,7.327476221172812,0.6594165132830297,1.6341414995939234,6.142476221172751,6.939033571469491,0,0,76.3,king+tour,1,0,22.254051666852472,0.3599536120891571,0.0,0.0
50.66,-16.25685605955782,-9.441770590830483,7.327775908584982,0.6814324661573558,1.6462426289406458,6.1427759085849205,6.938496625689736,0,0,76.2,king+tour,1,0,22.240467604528543,0.3837393522262573,0.0,0.0
50.68,-16.250024506129694,-9.454164707012849,7.3282005996313115,0.7079276104732876,1.6588497360157115,6.14320059963125,6.939435430451309,0,0,76.1,king+tour,1,0,22.226360635861774,0.40749722719192505,0.0,0.0
50.7,-16.242920779256274,-9.467171072391688,7.328732198149712,0.7414699468703425,1.6721037180185505,6.14373219814965,6.939179483836153,0,0,76.0,king+tour,1,0,22.211592857495397,0.4312904477119446,0.0,0.0
50.72,-16.235490275001865,-9.480855888230996,7.3293397908313285,0.7791914830408152,1.6860753707376974,6.144339790831267,6.940498519731307,0,0,75.8,king+tour,1,0,22.196078953322672,0.45492151379585266,0.0,0.0
50.74,-16.22766858949729,-9.495347698974873,7.330010187035683,0.8240764130825917,1.7008990580650707,6.145010187035621,6.940501766224506,0,0,75.7,king+tour,1,0,22.179676190522105,0.4786466062068939,0.0,0.0
50.76,-16.21938072729056,-9.510705338076628,7.330718167243903,0.8732797013453564,1.7166410551914546,6.1457181672438415,6.942345983141235,0,0,75.6,king+tour,1,0,22.162294160440794,0.5023520588874817,0.0,0.0
50.78,-16.210565381621244,-9.527070101213983,7.331467528703216,0.930157694167983,1.7334505150094068,6.1464675287031545,6.942905364460123,0,0,75.5,king+tour,1,0,22.143781203405833,0.5261119604110718,0.0,0.0
50.8,-16.20114948626784,-9.544501921727916,7.332228015366733,0.9913447832384145,1.7513971173428753,6.147228015366672,6.94529100249649,0,0,75.3,king+tour,1,0,22.12404705526,0.5498430132865906,0.0,0.0
50.82,-16.191073653204423,-9.563146743572517,7.332996618534894,1.0603567139987369,1.770636886497956,6.147996618534832,6.948400376769859,0,0,75.2,king+tour,1,0,22.102937244106172,0.5736116766929626,0.0,0.0
50.84,-16.18026585904698,-9.58306736342593,7.333739816764434,1.133789942518318,1.7912448830007375,6.1487398167643725,6.952956345781786,0,0,75.0,king+tour,1,0,22.080359692205484,0.5973715782165527,0.0,0.0
50.86,-16.168700756122323,-9.604335185682167,7.334390806901859,1.210883620894129,1.813302717307409,6.149390806901797,6.9562596020480765,0,0,74.8,king+tour,1,0,22.056240886714654,0.621083676815033,0.0,0.0
50.88,-16.15631549757775,-9.626994942362897,7.334979307474661,1.2915161003351119,1.8368689784693983,6.1499793074746,6.961349142138574,0,0,74.6,king+tour,1,0,22.03050887575245,0.6448312401771545,0.0,0.0
50.9,-16.143082340103167,-9.651143872273266,7.335457873525577,1.3770587297099106,1.8620528751469492,6.150457873525515,6.968846277368693,0,0,74.4,king+tour,1,0,22.003067284234266,0.6686211228370667,0.0,0.0
50.92,-16.128948704369613,-9.676814230234433,7.33580632592744,1.4653057325858703,1.8889016960793026,6.150806325927379,6.974979954195713,0,0,74.2,king+tour,1,0,21.973860230432173,0.6924099922180176,0.0,0.0
50.94,-16.11387191498469,-9.704020161090828,7.336086601467352,1.5552739359181618,1.9174448811797153,6.1510866014672905,6.983706828378439,0,0,74.0,king+tour,1,0,21.942852390663017,0.7160322666168213,0.0,0.0
50.96,-16.097837160304444,-9.732832617466032,7.336313855959743,1.6487287865450817,1.9477663199022306,6.151313855959681,6.992133338532047,0,0,73.8,king+tour,1,0,21.90997645226384,0.7396768927574158,0.0,0.0
50.98,-16.080809058772076,-9.76324036066894,7.336515562001805,1.7425755176017388,1.9798705920835609,6.151515562001744,7.003272961469299,0,0,73.5,king+tour,1,0,21.87522227675056,0.763391375541687,0.0,0.0
51.0,-16.062811333456587,-9.795243352814687,7.336629471950994,1.8358394525999895,2.013766986073398,6.151629471950932,7.013184297751479,0,0,73.3,king+tour,1,0,21.838603019648637,0.787051796913147,0.0,0.0
51.02,-16.043819873979878,-9.828801617835246,7.33670752409126,1.9279774223147192,2.0494303009424524,6.151707524091198,7.025829897238964,0,0,73.0,king+tour,1,0,21.800138710587593,0.8107290267944336,0.0,0.0
51.04,-16.02385417702903,-9.863911322685583,7.336703408816236,2.0194804073983432,2.086865671151381,6.151703408816174,7.03729333345894,0,0,72.7,king+tour,1,0,21.7598433308209,0.834443211555481,0.0,0.0
51.06,-16.00290693862428,-9.900495597554022,7.336605055254971,2.1078458422390463,2.126008759659211,6.151605055254909,7.051442160105327,0,0,72.4,king+tour,1,0,21.71777692563022,0.858156144618988,0.0,0.0
51.08,-15.980986875262518,-9.938556795644997,7.336406012030853,2.196123628185151,2.166871190438914,6.151406012030791,7.064430836404751,0,0,72.1,king+tour,1,0,21.673942353188867,0.8819416165351868,0.0,0.0
51.1,-15.958078782368595,-9.978020941673186,7.336122869422068,2.281600157514311,2.209392198243786,6.151122869422006,7.08013343634581,0,0,71.7,king+tour,1,0,21.628392851622245,0.9057266712188721,0.0,0.0
51.12,-15.93418238753017,-10.01889346821295,7.335781862005838,2.367338905857973,2.2535871377068615,6.150781862005776,7.094729741754306,0,0,71.4,king+tour,1,0,21.581123728071024,0.929517388343811,0.0,0.0
51.14,-15.90932193734716,-10.061127869082503,7.335420110594789,2.4504680492690496,2.299415409010356,6.150420110594728,7.112116162105775,0,0,71.0,king+tour,1,0,21.53218712385685,0.9533088803291321,0.0,0.0
51.16,-15.88353879975909,-10.104755994441629,7.335078371962291,2.533920032050046,2.3469093623577932,6.15007837196223,7.128533379282767,0,0,70.7,king+tour,1,0,21.481579374521154,0.9770117402076721,0.0,0.0
51.18,-15.856854321501475,-10.14972496246045,7.334804742742572,2.6145479234031943,2.396019917513108,6.149804742742511,7.147898807123625,0,0,70.3,king+tour,1,0,21.429356343976266,1.0,0.0,0.0
51.2,-15.829349132275766,-10.195996472080518,7.33447539205445,2.691512822158695,2.446699859578216,6.149475392054388,7.168222230365092,0,0,69.9,king+tour,1,0,21.375594553495883,1.0,0.0,0.0
51.22,-15.80105888121663,-10.243484973119825,7.334069132176904,2.76390171815015,2.498862167010776,6.149069132176842,7.191081073096162,0,0,69.5,king+tour,1,0,21.320385001630793,1.0,0.0,0.0
51.24,-15.772073846264057,-10.292121367786205,7.333556247475008,2.831030814060142,2.5524235185018456,6.1485562474749464,7.212943410399166,0,0,69.1,king+tour,1,0,21.263835220747648,1.0,0.0,0.0
51.26,-15.742449603247355,-10.34177996563695,7.33296310229845,2.8913335746741535,2.6072503652553447,6.147963102298388,7.237367224056935,0,0,68.7,king+tour,1,0,21.20608067198615,1.0,0.0,0.0
51.28,-15.712253062332625,-10.392419814183674,7.332359222066595,2.948130770244307,2.663288210764238,6.147359222066533,7.260890064095028,0,0,68.3,king+tour,1,0,21.147192527521746,1.0,0.0,0.0
51.3,-15.681541172474258,-10.443903017984436,7.33175282063457,2.9975440676327314,2.7203887831497107,6.146752820634508,7.28692881827022,0,0,67.9,king+tour,1,0,21.087317169477657,1.0,0.0,0.0
51.32,-15.650383173285578,-10.496175693664204,7.3311992627051055,3.0428440489718382,2.778481820888671,6.146199262705044,7.312287085720969,0,0,67.4,king+tour,1,0,21.02653783749116,1.0,0.0,0.0
51.34,-15.618835281969908,-10.54909153296679,7.330693288562855,3.0804267177596345,2.837409122752219,6.145693288562793,7.340041883564162,0,0,67.0,king+tour,1,0,20.965007503798326,1.0,0.0,0.0
51.36,-15.58696997902207,-10.602581998570809,7.330285023959025,3.1131953530412324,2.8970833691592146,6.145285023958963,7.366960802775176,0,0,66.6,king+tour,1,0,20.902823407645467,1.0,0.0,0.0
51.38,-15.554844851800995,-10.656489391512507,7.3299562025028635,3.1377296474883387,2.957333627616469,6.144956202502802,7.396103373900376,0,0,66.1,king+tour,1,0,20.840148746491952,1.0,0.0,0.0
51.4,-15.522531838674382,-10.710736112670569,7.3297506076844785,3.157087203004751,3.018062416265991,6.144750607684417,7.4243960609022075,0,0,65.7,king+tour,1,0,20.777087999500278,1.0,0.0,0.0
51.42,-15.490094436798994,-10.765165456180819,7.329637000127161,3.168103289848418,3.0790973378636615,6.1446370001271,7.4532077415121964,0,0,65.3,king+tour,1,0,20.713806794488118,1.0,0.0,0.0
51.44,-15.457613243175599,-10.819694945314417,7.329621763536352,3.1735206618695995,3.1403326993344205,6.14462176353629,7.481765966393577,0,0,64.8,king+tour,1,0,20.650418470390566,1.0,0.0,0.0
51.46,-15.425121988521257,-10.874217703878584,7.329642408044036,3.1734891116307016,3.201651417306175,6.144642408043974,7.511380608108484,0,0,64.4,king+tour,1,1,20.25390207456174,1.0,0.0,0.0
51.48,-15.392683656670751,-10.928678234836209,7.329695645014429,3.169462746115268,3.262977839900381,6.144695645014367,7.540332096978009,0,0,64.0,king+tour,1,1,20.19391400503586,1.0,0.0,0.0
51.5,-15.360341631935817,-10.982967018566223,7.329785013140295,3.1596228372628663,3.3241895950001217,6.1447850131402335,7.569209548126362,0,0,63.6,king+tour,1,1,20.134131287182853,1.0,0.0,0.0
51.52,-15.32815722184176,-11.037047781103032,7.329939267206997,3.146660501222822,3.38522943498141,6.144939267206936,7.597959115310072,0,0,63.1,king+tour,1,1,20.07462413214518,1.0,0.0,0.0
51.54,-15.296146071353457,-11.090866004755204,7.330080226503469,3.1309482677709686,3.446035576590975,6.145080226503407,7.627868527798943,0,0,62.7,king+tour,1,1,20.015439668999697,1.0,0.0,0.0
51.56,-15.264339830985898,-11.144414508274787,7.330201298165801,3.114118580695448,3.5065870805373325,6.145201298165739,7.657114979621637,0,0,62.3,king+tour,1,1,19.95660664569201,1.0,0.0,0.0
51.58,-15.232755965079873,-11.197620962893913,7.3302865070494585,3.093733448141883,3.5668050547409167,6.145286507049397,7.685681999130812,0,0,61.9,king+tour,1,1,19.89818492479678,1.0,0.0,0.0
51.6,-15.201423239006187,-11.25048268173147,7.330329034629477,3.0725001424997753,3.6266739245412762,6.145329034629415,7.715525777644771,0,0,61.5,king+tour,1,1,19.840198092262753,1.0,0.0,0.0
51.62,-15.17031631845058,-11.30298923094004,7.330342578994163,3.05146620483288,3.6861873475455615,6.145342578994101,7.744064101549911,0,0,61.1,king+tour,1,1,19.78263328456231,1.0,0.0,0.0
51.64,-15.139453976334742,-11.355113325641732,7.330325045306841,3.0287809910820562,3.7453099278984086,6.145325045306779,7.773214866793235,0,0,60.7,king+tour,1,1,19.725522191032642,1.0,0.0,0.0
51.66,-15.108784024800148,-11.40684216183128,7.330279759389306,3.006875650685391,3.8040424933183257,6.145279759389244,7.80101057538932,0,0,60.4,king+tour,1,1,19.66883268130283,1.0,0.0,0.0
51.68,-15.078297877752885,-11.458185693861099,7.330187647525348,2.9856205082359932,3.862394539621585,6.145187647525286,7.83023315849438,0,0,60.0,king+tour,1,1,19.612551414334586,1.0,0.0,0.0
51.7,-15.047915825317284,-11.509167253471343,7.330025229245423,2.967412555657725,3.920411317582207,6.145025229245361,7.858083548013087,0,0,59.6,king+tour,1,1,19.55660178526901,1.0,0.0,0.0
51.72,-15.01762212883562,-11.559794486227847,7.329861543056581,2.9499370909702187,3.978103526658855,6.144861543056519,7.887464816409675,0,0,59.2,king+tour,1,1,19.500966325528086,1.0,0.0,0.0
51.74,-14.987328724102243,-11.610089948979448,7.329724940976963,2.935703750323762,4.035519866246625,6.144724940976901,7.915770113339705,0,0,58.9,king+tour,1,1,19.4455623049754,1.0,0.0,0.0
51.76,-14.957055710264555,-11.660124791283675,7.328189811782112,2.925020270387291,4.092720252312571,6.14318981178205,7.944174668137542,0,0,58.5,king+tour,1,1,19.39035934908503,1.0,0.0,0.0
51.78,-14.926745578940656,-11.709910460194388,7.325721801310176,2.916936734593628,4.14973365834478,6.140721801310114,7.971138421893461,0,0,58.2,king+tour,1,1,19.335305388714804,1.0,0.0,0.0
51.8,-14.896336687613754,-11.759428475371864,7.322657052975817,2.9095219457846286,4.206562895404644,6.137657052975755,7.998817090770949,0,0,57.8,king+tour,1,1,19.28036405154956,1.0,0.0,0.0
51.82,-14.86577740832764,-11.808716477062482,7.319194999461573,2.9048074272129045,4.263260988149414,6.134194999461511,8.025836542388706,0,0,57.4,king+tour,1,1,19.225470914664022,1.0,0.0,0.0
51.84,-14.835038442267834,-11.857780407159986,7.315464696585051,2.900891427901629,4.319843985456046,6.13046469658499,8.053804503483994,0,0,57.1,king+tour,1,1,19.170598901033646,1.0,0.0,0.0
51.86,-14.804106338548623,-11.906670464357513,7.311544865609896,2.8993093178148674,4.376364367214405,6.1265448656098345,8.08097881258242,0,0,56.7,king+tour,1,1,19.11570515938919,1.0,0.0,0.0
51.88,-14.772958252014798,-11.955374532658338,7.307486836766267,2.8977392747906996,4.432819354167841,6.122486836766205,8.109111562383942,0,0,56.4,king+tour,1,1,19.060779054495843,1.0,0.0,0.0
51.9,-14.741583972752467,-12.003945673152483,7.303325636523127,2.898627552651461,4.48926314763773,6.118325636523065,8.136730481860102,0,0,56.0,king+tour,1,1,19.005778527552863,1.0,0.0,0.0
51.92,-14.709962225328784,-12.052372519163336,7.299086052527183,2.8995984192404873,4.545693416922544,6.114086052527121,8.16508554823396,0,0,55.7,king+tour,1,1,18.950693683647657,1.0,0.0,0.0
51.94,-14.678085897461042,-12.100712995726218,7.294771187313792,2.9032395760890757,4.602167899785228,6.10977118731373,8.194411850613026,0,0,55.3,king+tour,1,1,18.89548191561474,1.0,0.0,0.0
51.96,-14.645935449444394,-12.148962122117332,7.290385885190171,2.9072583218095422,4.658689836738663,6.105385885190109,8.22268538238857,0,0,55.0,king+tour,1,1,18.84013067821722,1.0,0.0,0.0
51.98,-14.613536089111708,-12.197132953409369,7.285940474324762,2.9111463442668906,4.715263458031916,6.1009404743247,8.252665952822367,0,0,54.6,king+tour,1,1,18.78465084975671,1.0,0.0,0.0
52.0,-14.580867513741865,-12.245255524873889,7.281432353861271,2.9169079738510426,4.771924968945027,6.096432353861209,8.281827946781924,0,0,54.3,king+tour,1,1,18.729007318296414,1.0,0.0,0.0
52.02,-14.547972419835029,-12.293348820096893,7.276868280119577,2.922277800648951,4.828677426925638,6.091868280119515,8.312684686219841,0,0,53.9,king+tour,1,1,18.673221023064215,1.0,0.0,0.0
52.04,-14.51483604285325,-12.341427952804223,7.2722477491183275,2.9287248881130115,4.885540848819108,6.087247749118266,8.342291616200752,0,0,53.6,king+tour,1,1,18.61727067887682,1.0,0.0,0.0
52.06,-14.481675642513121,-12.389416765243865,7.265384541054427,2.936682607557896,4.942364847339466,6.080384541054365,8.370368281189508,0,0,53.3,king+tour,1,1,18.561373129867253,1.0,0.0,0.0
52.08,-14.448481407767938,-12.437322908276172,7.256284640737839,2.949433821228293,4.999159393080111,6.071284640737777,8.39694621517582,0,0,52.9,king+tour,1,1,18.505515840367455,1.0,0.0,0.0
52.1,-14.415243613369944,-12.485153688015483,7.244953979771069,2.966866337087659,5.055934208675411,6.059953979771008,8.422057579980752,0,0,52.5,king+tour,1,1,18.44968655618372,1.0,0.0,0.0
52.12,-14.381952619707503,-12.532916070862756,7.231398461862823,2.9888490845319406,5.112698768433741,6.046398461862761,8.445735207046196,0,0,52.2,king+tour,1,1,18.393873300460378,1.0,0.0,0.0
52.14,-14.34858581109324,-12.580623695453637,7.21575211893653,3.014203629556451,5.16947373036025,6.030752118936468,8.468222942922644,0,0,51.8,king+tour,1,1,18.338049786254295,1.0,0.0,0.0
52.16,-14.315068062646326,-12.628318789351697,7.198619338384125,3.038006588353719,5.2263263752334055,6.013619338384063,8.491072855237814,0,0,51.4,king+tour,1,1,18.28213081658723,1.0,0.0,0.0
52.18,-14.281325016476718,-12.676044090161776,7.180530949998338,3.0592022230525773,5.283324704197397,5.995530949998276,8.514546383607088,0,0,51.0,king+tour,1,1,18.226031429639413,1.0,0.0,0.0
52.2,-14.247338400652668,-12.723829594804284,7.16184786082577,3.0771749747702204,5.340503855674591,5.976847860825708,8.538837189881441,0,0,50.7,king+tour,1,1,18.169718503865816,1.0,0.0,0.0
52.22,-14.21316069039979,-12.771690773743085,7.142816430783942,3.090713371124349,5.397858191936977,5.95781643078388,8.56253355243275,0,0,50.3,king+tour,1,1,18.113223481522333,1.0,0.0,0.0
52.24,-14.178851285684095,-12.819576331780505,7.123585400977707,3.0983844289842075,5.45531737086107,5.9385854009776455,8.587371961567879,0,0,49.9,king+tour,1,1,18.056624745018883,1.0,0.0,0.0
52.26,-14.144489496730442,-12.867479832505873,7.104251703719275,3.1021241801068657,5.512844183203056,5.919251703719214,8.611418858886244,0,0,49.5,king+tour,1,1,17.999988566740292,1.0,0.0,0.0
52.28,-14.11014783583901,-12.91532535400483,7.084875450815166,3.099993055191112,5.570339603441515,5.899875450815104,8.635634578697768,0,0,49.1,king+tour,1,1,17.94341895951829,1.0,0.0,0.0
52.3,-14.075898504504158,-12.963090720952037,7.065526708721742,3.093913701561339,5.6277537693475574,5.88052670872168,8.660058143144695,0,0,48.8,king+tour,1,1,17.88698647461437,1.0,0.0,0.0
52.32,-14.041767310429108,-13.010736674710675,7.046270730183057,3.084585883081057,5.6850391636503765,5.861270730182995,8.68420633429333,0,0,48.4,king+tour,1,1,17.830735756911,1.0,0.0,0.0
52.34,-14.007824582308274,-13.058248253381146,7.02713926982889,3.0722433478357125,5.742152696308475,5.842139269828828,8.709281070944511,0,0,48.0,king+tour,1,1,17.774731525774357,1.0,0.0,0.0
52.36,-13.97407469107891,-13.105620352507541,7.0081576928616975,3.0591956450170343,5.799086401647136,5.823157692861636,8.734092991272648,0,0,47.7,king+tour,1,1,17.718980539961944,1.0,0.0,0.0
52.38,-13.940580605674052,-13.152817605668375,6.989613964772228,3.0386281092344642,5.85578101256582,5.804613964772166,8.758797057307142,0,0,47.3,king+tour,1,1,17.663554385207796,1.0,0.0,0.0
52.4,-13.907326210744758,-13.199815472016642,6.971491583208068,3.0178945214172046,5.912218982603345,5.786491583208006,8.78492879358609,0,0,46.9,king+tour,1,1,17.60845558731825,1.0,0.0,0.0
52.42,-13.874318820615896,-13.246647819315085,6.953701867839207,2.9996793701602518,5.9684268229438056,5.7687018678391455,8.810615224704694,0,0,46.6,king+tour,1,1,17.553669298979557,1.0,0.0,0.0
52.44,-13.84155279549754,-13.293267048294712,6.936180796817307,2.9807519363686668,6.0243619299576805,5.751180796817245,8.83630019643246,0,0,46.2,king+tour,1,1,17.499220390911063,1.0,0.0,0.0
52.46,-13.80903675658359,-13.339696273620605,6.918894584813572,2.9630131945598017,6.080040559624344,5.73389458481351,8.862919483947833,0,0,45.9,king+tour,1,1,17.445101652995177,1.0,0.0,0.0
52.48,-13.776718860356786,-13.385957333101508,6.901817235745354,2.94795178557075,6.135502677565787,5.716817235745292,8.889312571401856,0,0,45.6,king+tour,1,1,17.39125884725002,1.0,0.0,0.0
52.5,-13.744624677163861,-13.432056971319673,6.884932476151686,2.9327070878297103,6.190742788087036,5.699932476151624,8.916297916825942,0,0,45.2,king+tour,1,1,17.33770825032925,1.0,0.0,0.0
52.52,-13.712711939216062,-13.478013535294888,6.8682321720710755,2.9194728856926555,6.245794002083254,5.683232172071014,8.943047331089717,0,0,44.9,king+tour,1,1,17.28440533808891,1.0,0.0,0.0
52.54,-13.681000807090378,-13.523848266487827,6.8517103598414915,2.9066255192108574,6.300666291487488,5.66671035984143,8.970656665448582,0,0,44.6,king+tour,1,1,17.231353348683257,1.0,0.0,0.0
52.56,-13.64944420194365,-13.569594058936495,6.835363041775036,2.896433869048681,6.355408200953857,5.650363041774974,8.998046020334998,0,0,44.2,king+tour,1,1,17.178495135411193,1.0,0.0,0.0
52.58,-13.618049896404228,-13.61525626843836,6.819188746950761,2.8862811756468747,6.4100204864502635,5.6341887469506995,9.026186185360475,0,0,43.9,king+tour,1,1,17.125833858564782,1.0,0.0,0.0
52.6,-13.586758276732745,-13.66085220973059,6.8031839362622675,2.8785019060110884,6.464543085663715,5.618183936262206,9.054125750842994,0,0,43.6,king+tour,1,1,17.07331184918142,1.0,0.0,0.0
52.62,-13.555577672298085,-13.706394401976375,6.787350078903655,2.870989553409934,6.518983214680725,5.602350078903593,9.083013496774928,0,0,43.3,king+tour,1,1,17.020928360032823,1.0,0.0,0.0
52.64,-13.524449246083448,-13.751907069164519,6.771680118433106,2.8661513630334423,6.573387074576577,5.586680118433044,9.111728543364931,0,0,43.0,king+tour,1,1,16.968622104606116,1.0,0.0,0.0
52.66,-13.493389827847366,-13.79739935178959,6.756164808214831,2.8613633510847647,6.627755347995141,5.571164808214769,9.141199003634728,0,0,42.7,king+tour,1,1,16.91640118444577,1.0,0.0,0.0
52.68,-13.462349064448224,-13.84289228807467,6.740803162965331,2.8588093627467868,6.682127994406954,5.555803162965269,9.17051222915177,0,0,42.4,king+tour,1,1,16.864212979107652,1.0,0.0,0.0
52.7,-13.431343013392745,-13.888403743156193,6.725599437345334,2.856493050236873,6.736513966075601,5.540599437345272,9.200810149232897,0,0,42.1,king+tour,1,1,16.8120597787669,1.0,0.0,0.0
52.72,-13.40032094678669,-13.933962688554422,6.710547537765723,2.856810198133588,6.790960733170437,5.525547537765661,9.230982167105102,0,0,41.8,king+tour,1,1,16.759883908676237,1.0,0.0,0.0
52.74,-13.369306197144308,-13.979582758313958,6.695642374024066,2.8571267763306607,6.8454703147823635,5.5106423740240045,9.262150347367077,0,0,41.5,king+tour,1,1,16.70769612754793,1.0,0.0,0.0
52.76,-13.33826149053535,-14.025277740478485,6.680683039462806,2.861637159900073,6.900070817365208,5.495683039462744,9.293087110355538,0,0,41.2,king+tour,1,1,16.655458677097197,1.0,0.0,0.0
52.78,-13.307194110865584,-14.071049076402728,6.665733276835946,2.86517568153975,6.954760136427027,5.480733276835884,9.324942995878972,0,0,40.9,king+tour,1,1,16.60317685105651,1.0,0.0,0.0
52.8,-13.276048088209302,-14.116908225220598,6.650839431500734,2.870088363828879,7.009572520646478,5.465839431500672,9.356664271279834,0,0,40.6,king+tour,1,1,16.550799251672352,1.0,0.0,0.0
52.82,-13.244840223427268,-14.162852348799658,6.636038563639777,2.8739602490027485,7.064498016703281,5.451038563639715,9.389363024442293,0,0,40.3,king+tour,1,1,16.498341324376618,1.0,0.0,0.0
52.84,-13.213522413228349,-14.208888586739398,6.621345428347829,2.8792484540272434,7.119563793364037,5.436345428347767,9.421979248222573,0,0,40.0,king+tour,1,1,16.445760464988233,1.0,0.0,0.0
52.86,-13.182121035282318,-14.255010032860083,6.606776029759272,2.883358156908761,7.17475212986999,5.421776029759211,9.455576552219709,0,0,39.7,king+tour,1,1,16.393082213192557,1.0,0.0,0.0
52.88,-13.150596273591082,-14.301220318496371,6.592332605938593,2.888690702524418,7.230083585826838,5.407332605938532,9.489114573615884,0,0,39.4,king+tour,1,1,16.34027263118138,1.0,0.0,0.0
52.9,-13.118983321510234,-14.347509300731556,6.57802332879929,2.8925784465959787,7.285533674201839,5.393023328799228,9.5236076946716,0,0,39.2,king+tour,1,1,16.287366272345185,1.0,0.0,0.0
52.92,-13.08725058949706,-14.3938775119608,6.563845988578628,2.8974015381683635,7.341116665973665,5.378845988578567,9.558049592108844,0,0,38.9,king+tour,1,1,16.234337598051347,1.0,0.0,0.0
52.94,-13.055441782157606,-14.440311836545431,6.54980328673583,2.900493147309248,7.39680160644657,5.364803286735768,9.593103857339267,0,0,38.6,king+tour,1,1,16.18122980214421,1.0,0.0,0.0
52.96,-13.023533219078391,-14.486810136341713,6.535895860525206,2.904162867991882,7.4525969322980785,5.350895860525144,9.628108338662583,0,0,38.3,king+tour,1,1,16.128025263200982,1.0,0.0,0.0
52.98,-12.991562072696489,-14.53337515312963,6.522122746820596,2.90695444174484,7.508488691666609,5.337122746820534,9.663999329333988,0,0,38.1,king+tour,1,1,16.07475259778854,1.0,0.0,0.0
53.0,-12.959498289536702,-14.580020654183768,6.508483521226448,2.911149873296463,7.564502416438723,5.323483521226386,9.699850159744022,0,0,37.8,king+tour,1,1,16.02137967817095,1.0,0.0,0.0
53.02,-12.92737827969854,-14.626741572147973,6.4949800750132525,2.914138923873603,7.6206173774245345,5.309980075013191,9.736576854608535,0,0,37.5,king+tour,1,1,15.967939213991286,1.0,0.0,0.0
53.04,-12.89517139336437,-14.673543408226166,6.481607290943808,2.9182729230661235,7.6768519852999315,5.296607290943746,9.773267203807585,0,0,37.2,king+tour,1,1,15.91440347051954,1.0,0.0,0.0
53.06,-12.862922322713983,-14.720418190063288,6.468362783838923,2.920900845006019,7.733179144674405,5.283362783838861,9.81076729728672,0,0,37.0,king+tour,1,1,15.86081363762534,1.0,0.0,0.0
53.08,-12.830608218444867,-14.767368973016652,6.455248808991035,2.9242749917544297,7.789611618791669,5.270248808990973,9.848228818853302,0,0,36.7,king+tour,1,1,15.807149741039357,1.0,0.0,0.0
53.1,-12.798263955086446,-14.814374567703194,6.442267130834231,2.9258337580087215,7.846114756353974,5.257267130834169,9.886464473915776,0,0,36.5,king+tour,1,1,15.753452791262076,1.0,0.0,0.0
53.12,-12.765857056382519,-14.861424429454072,6.429413253106007,2.9279338905768673,7.902693513238497,5.244413253105945,9.924655918726668,0,0,36.2,king+tour,1,1,15.699702858416467,1.0,0.0,0.0
53.14,-12.733429945944362,-14.908495522927126,6.41668595856395,2.927964036014502,7.959308198364742,5.231685958563888,9.963141847719266,0,0,35.9,king+tour,1,1,15.645948096708896,1.0,0.0,0.0
53.16,-12.700957427950444,-14.955575740626067,6.4040865987800215,2.928205589780995,8.015959189184512,5.21908659877996,10.001575794187664,0,0,35.7,king+tour,1,1,15.592175273840441,1.0,0.0,0.0
53.18,-12.668465006961066,-15.00267073310757,6.391614565136375,2.927988798557804,8.072639979139362,5.206614565136313,10.04072140843731,0,0,35.4,king+tour,1,1,15.538402091897227,1.0,0.0,0.0
53.2,-12.635911436385648,-15.04979688464533,6.379265648400615,2.929635156685683,8.129383683104315,5.194265648400553,10.07983150037434,0,0,35.2,king+tour,1,1,15.48458567848317,1.0,0.0,0.0
53.22,-12.603330350796492,-15.096957046193866,6.367038547074779,2.9304905657091713,8.186177587648569,5.1820385470747174,10.119642091102156,0,0,35.0,king+tour,1,1,15.430752080460143,1.0,0.0,0.0
53.24,-12.570688479523916,-15.144164775708418,6.354931625422586,2.9328480347551564,8.243048729297838,5.1699316254225245,10.159427024669816,0,0,34.7,king+tour,1,1,15.376866597881339,1.0,0.0,0.0
53.26,-12.538021762670045,-15.19141682965138,6.342945730591019,2.9340810600394542,8.299977841085864,5.157945730590957,10.199896312913555,0,0,34.5,king+tour,1,1,15.322960784069657,1.0,0.0,0.0
53.28,-12.505299289240655,-15.238720429696158,6.331076916806686,2.9365198727322315,8.35698527287725,5.146076916806624,10.240344018181776,0,0,34.2,king+tour,1,1,15.269005534824668,1.0,0.0,0.0
53.3,-12.472562661535633,-15.286067874601555,6.319322417633465,2.9375310991460015,8.41404514074668,5.1343224176334035,10.28142914265021,0,0,34.0,king+tour,1,1,15.215039678948717,1.0,0.0,0.0
53.32,-12.43978625853014,-15.333462328928759,6.307684766446473,2.9393714549636947,8.47117179490883,5.122684766446411,10.322491415463448,0,0,33.8,king+tour,1,1,15.161040774366786,1.0,0.0,0.0
53.34,-12.40700346290606,-15.38088379944814,6.296165471468443,2.9394734698333083,8.528332090788723,5.111165471468381,10.364164488375256,0,0,33.5,king+tour,1,1,15.107047991158911,1.0,0.0,0.0
53.36,-12.374180569388002,-15.428322855525954,6.284760272334182,2.940189172376386,8.585532931630553,5.09976027233412,10.405808517145807,0,0,33.3,king+tour,1,1,15.053039355323506,1.0,0.0,0.0
53.38,-12.341359095305494,-15.475756886224428,6.273467889686912,2.938857913843798,8.642735120378159,5.08846788968685,10.447711795878254,0,0,33.1,king+tour,1,1,14.99906213674808,1.0,0.0,0.0
53.4,-12.308513248506603,-15.523174077307232,6.262289299416018,2.9377714949276483,8.69993989187717,5.077289299415956,10.489576676234933,0,0,32.8,king+tour,1,1,14.94510207768079,1.0,0.0,0.0
53.42,-12.27567192380053,-15.57057507351302,6.251225005053175,2.935909424479327,8.757134468493891,5.066225005053113,10.531967430354445,0,0,32.6,king+tour,1,1,14.891182819778443,1.0,0.0,0.0
53.44,-12.242797471658323,-15.617971123362647,6.240270231043792,2.935609910476547,8.814346076288446,5.05527023104373,10.574330664322972,0,0,32.4,king+tour,1,1,14.83726720190837,1.0,0.0,0.0
53.46,-12.20992702997096,-15.665360026897133,6.2294223926531895,2.934216127295282,8.87155557429743,5.044422392653128,10.617204389219358,0,0,32.2,king+tour,1,1,14.7833873506196,1.0,0.0,0.0
53.48,-12.177030914652686,-15.712750343241202,6.218682704287998,2.933997866566016,8.928784162321202,5.033682704287936,10.660054965549245,0,0,32.0,king+tour,1,1,14.72951420685204,1.0,0.0,0.0
53.5,-12.144145486112306,-15.760132169643166,6.208052375309411,2.932359450026219,8.986006161226578,5.023052375309349,10.703389026371543,0,0,31.8,king+tour,1,1,14.675683679120755,1.0,0.0,0.0
53.52,-12.11124039738825,-15.80750605920113,6.19752689132772,2.9316446275243466,9.043236014347427,5.012526891327658,10.746697246274268,0,0,31.5,king+tour,1,1,14.621870637280146,1.0,0.0,0.0
53.54,-12.078360138290629,-15.854859349362659,6.187103361488678,2.929204457593503,9.100441779464402,5.002103361488616,10.790167230849589,0,0,31.3,king+tour,1,1,14.568119296906959,1.0,0.0,0.0
53.56,-12.045482208085263,-15.902190154027975,6.176785368156365,2.9272958303103254,9.157632121038153,4.991785368156303,10.833602462616177,0,0,31.1,king+tour,1,1,14.51441235210093,1.0,0.0,0.0
53.58,-12.012627317112193,-15.94950291586233,6.1665736088999745,2.9249877437167355,9.214801235115905,4.981573608899913,10.877478358715582,0,0,30.9,king+tour,1,1,14.460764791723127,1.0,0.0,0.0
53.6,-11.979749896388016,-15.996812770006674,6.156463247844363,2.9246224086659276,9.27198364406641,4.9714632478443015,10.921339524234106,0,0,30.7,king+tour,1,1,14.407130644869468,1.0,0.0,0.0
53.62,-11.946878968943205,-16.044121267742682,6.146452504908629,2.923528178094685,9.329167105993987,4.961452504908567,10.965667375841925,0,0,30.5,king+tour,1,1,14.353533484858763,1.0,0.0,0.0
53.64,-11.913977054423682,-16.09144072663014,6.136541033309867,2.923997451138032,9.386379938120497,4.951541033309805,11.009992480459108,0,0,30.3,king+tour,1,1,14.299935630405418,1.0,0.0,0.0
53.66,-11.881080859057805,-16.138770192815905,6.126728429412481,2.92340778639686,9.443604051436337,4.941728429412419,11.054732024817845,0,0,30.1,king+tour,1,1,14.246368535905193,1.0,0.0,0.0
53.68,-11.848160600480586,-16.186119234850544,6.117012767528352,2.9240679250984223,9.500861757450322,4.93201276752829,11.099473451365595,0,0,29.9,king+tour,1,1,14.192802479663879,1.0,0.0,0.0
53.7,-11.815249020758205,-16.23347673966402,6.107395712878629,2.9233512798314107,9.55812779703977,4.922395712878568,11.144630890307068,0,0,29.7,king+tour,1,1,14.139271302859548,1.0,0.0,0.0
53.72,-11.782312353471516,-16.280842148484297,6.097872995832542,2.9236057123891412,9.615417451752375,4.912872995832481,11.1897901194779,0,0,29.6,king+tour,1,1,14.085747489266732,1.0,0.0,0.0
53.74,-11.749391484140405,-16.328201646749736,6.088443629906615,2.9221647178228296,9.672699226525436,4.903443629906553,11.235116987034969,0,0,29.4,king+tour,1,1,14.03227316654449,1.0,0.0,0.0
53.76,-11.716460561953545,-16.375552164564816,6.0791087499748775,2.9213255367953876,9.72998250194901,4.894108749974816,11.28043700203674,0,0,29.2,king+tour,1,1,13.978828738312986,1.0,0.0,0.0
53.78,-11.683548716138539,-16.4229020126474,6.069866111259078,2.92002743087509,9.787260788888664,4.884866111259016,11.326117041868443,0,0,29.0,king+tour,1,1,13.925434446089119,1.0,0.0,0.0
53.8,-11.650618828796809,-16.470270286520993,6.060715674759814,2.9205570265918612,9.84456835291785,4.8757156747597525,11.371808686957706,0,0,28.8,king+tour,1,1,13.872049187195213,1.0,0.0,0.0
53.82,-11.617695429306231,-16.517654831125764,6.051658549859498,2.9203068387061974,9.901891616649715,4.866658549859436,11.417885116889979,0,0,28.6,king+tour,1,1,13.818695174085667,1.0,0.0,0.0
53.84,-11.584736827812302,-16.56506407933495,6.04269022035044,2.9216164885123246,9.959257667247256,4.857690220350378,11.463986111586562,0,0,28.5,king+tour,1,1,13.76533325110824,1.0,0.0,0.0
53.86,-11.551775796375026,-16.61249308851297,6.0338099099620095,2.9218146833829683,10.016646561143121,4.848809909961948,11.510476241384431,0,0,28.3,king+tour,1,1,13.71199410796929,1.0,0.0,0.0
53.88,-11.518778719352849,-16.659947545926972,6.025015868589744,2.923212181882166,10.074079190735896,4.840015868589682,11.556995370420053,0,0,28.1,king+tour,1,2,8.227270739835447,1.0,0.0,0.0
53.9,-11.48578627690945,-16.70741969604268,6.016299904251532,2.9232149806909224,10.131529344416073,4.831299904251471,11.603955100386562,0,0,27.9,king+tour,1,2,8.17790200733498,1.0,0.0,0.0
53.92,-11.452772353950733,-16.754912888819373,6.007667640557715,2.924054738598233,10.189012313902172,4.822667640557653,11.65087550812792,0,0,27.8,king+tour,1,2,8.128616494764836,1.0,0.0,0.0
53.94,-11.419782978046829,-16.8024178330516,5.999124455324551,2.923185190406326,10.246497929239265,4.814124455324489,11.698010791531336,0,0,27.6,king+tour,1,2,8.079462306100568,1.0,0.0,0.0
53.96,-11.386796839972027,-16.849936102012,5.990669476020988,2.9229941263653756,10.303997629500229,4.805669476020927,11.74514572991342,0,0,27.4,king+tour,1,2,8.030421540394258,1.0,0.0,0.0
53.98,-11.353850571692005,-16.89746668709544,5.982302440979062,2.9217376624819456,10.361492937002158,4.797302440979,11.792600134483154,0,0,27.3,king+tour,1,2,7.981530629425497,1.0,0.0,0.0
54.0,-11.320914825404826,-16.94501999352758,5.974017514175854,2.9217804282051207,10.419006894642068,4.789017514175792,11.83968839989987,0,0,27.1,king+tour,1,3,13.666736063363347,1.0,0.0,0.0
54.02,-11.288034217348438,-16.992591715325467,5.96581263083121,2.920412304655106,10.476514253397655,4.780812630831148,11.887303869744564,0,0,26.9,king+tour,1,3,13.62410943702934,1.0,0.0,0.0
54.04,-11.255179101666998,-17.04019300624586,5.957690427778455,2.920321774290897,10.534038858160564,4.772690427778393,11.934675482770443,0,0,26.8,king+tour,1,3,13.5816136912204,1.0,0.0,0.0
54.06,-11.222331174561061,-17.087779602372645,5.949650341247586,2.918952482276134,10.591550544755414,4.764650341247524,11.982547007584053,0,0,26.6,king+tour,1,3,13.539241830107258,1.0,0.0,0.0
54.08,-11.189484475864285,-17.13537276526064,5.941686207853871,2.918665015753323,10.64907076901249,4.756686207853809,12.03020732323475,0,0,26.4,king+tour,1,3,13.49698447554399,1.0,0.0,0.0
54.1,-11.156620015714486,-17.182922106967844,5.933805523661137,2.916812395866329,10.706564427656717,4.748805523661075,12.078272971174504,0,0,26.3,king+tour,1,3,13.454834747900456,1.0,0.0,0.0
54.12,-11.123729849669408,-17.230444163248766,5.926010138450418,2.915851885051566,10.764049846283871,4.741010138450356,12.126048742354538,0,0,26.1,king+tour,1,3,13.412782138690938,1.0,0.0,0.0
54.14,-11.09078286201696,-17.27790051445585,5.918297959289721,2.914226729626307,10.821508365481968,4.73329795928966,12.17435642984178,0,0,26.0,king+tour,1,3,13.370804820566212,1.0,0.0,0.0
54.16,-11.057758069804303,-17.325318319181736,5.910658969635593,2.9143778361115134,10.87897398004617,4.725658969635531,12.222462044000942,0,0,25.8,king+tour,1,3,13.328877218402313,1.0,0.0,0.0
54.18,-11.024624838193875,-17.372650422990507,5.903102034314424,2.9134371279310076,10.93642028663694,4.718102034314362,12.271114386322411,0,0,25.7,king+tour,1,3,13.286979264509627,1.0,0.0,0.0
54.2,-10.99136217794112,-17.41991697139485,5.89562351658543,2.913957529105892,10.993875243667917,4.710623516585368,12.319473441197236,0,0,25.5,king+tour,1,3,13.245086623836604,1.0,0.0,0.0
54.22,-10.957940842727826,-17.4670634927373,5.888217836822337,2.913170186792556,11.051305531061132,4.703217836822275,12.368419370112274,0,0,25.4,king+tour,1,3,13.20318136789229,1.0,0.0,0.0
54.24,-10.924340245722604,-17.51410178106226,5.880885088186557,2.913490127924328,11.108731726995906,4.695885088186495,12.417063647594594,0,0,25.2,king+tour,1,3,13.161240851155444,1.0,0.0,0.0
54.26,-10.890557027183629,-17.560991767135153,5.873622316312879,2.912354933751035,11.166120734284904,4.688622316312817,12.466147310470836,0,0,25.1,king+tour,1,3,13.119269096678204,1.0,0.0,0.0
54.28,-10.856596152024823,-17.60775996964342,5.8664301778639265,2.9121867483367527,11.223493685273539,4.681430177863865,12.51492574203445,0,0,24.9,king+tour,1,3,13.077265653763401,1.0,0.0,0.0
54.3,-10.822445450786596,-17.654370678792187,5.8593074695010765,2.910997070092797,11.280825624712318,4.674307469501015,12.564189688821317,0,0,24.8,king+tour,1,3,13.035224748768535,1.0,0.0,0.0
54.32,-10.788101472460522,-17.70085453041266,5.8522510046785285,2.911207225760321,11.338145389615352,4.667251004678467,12.613155928786568,0,0,24.7,king+tour,1,3,12.993137002289746,1.0,0.0,0.0
54.34,-10.7535528630275,-17.747167418993623,5.84525306512287,2.910095024433405,11.395420377024378,4.6602530651228085,12.662613156081147,0,0,24.5,king+tour,1,3,12.950998620495671,1.0,0.0,0.0
54.36,-10.718796007670253,-17.79333149792374,5.838318902468222,2.910001627796731,11.452672137968417,4.65331890246816,12.711698518917226,0,0,24.4,king+tour,1,3,12.908801561833084,1.0,0.0,0.0
54.38,-10.683852344992717,-17.839338008707376,5.83145456826975,2.9089421100265622,11.50988299980509,4.6464545682696885,12.761242631635819,0,0,24.3,king+tour,1,3,12.866567939827382,1.0,0.0,0.0
54.4,-10.64872800665383,-17.885228345120453,5.824656109183398,2.909407656980493,11.567086487241543,4.639656109183337,12.810507406012533,0,0,24.1,king+tour,1,3,12.824296446144364,1.0,0.0,0.0
54.42,-10.61342086359755,-17.93096887821281,5.817920725473254,2.9086750042297114,11.624254694119974,4.632920725473192,12.860279315379659,0,0,24.0,king+tour,1,3,12.781990285756047,1.0,0.0,0.0
54.44,-10.57793696349523,-17.97659241408507,5.81125070401143,2.9090820623781153,11.68141366087926,4.626250704011368,12.909779182772114,0,0,23.9,king+tour,1,3,12.73964977997424,1.0,0.0,0.0
54.46,-10.542301606933592,-18.022081035405392,5.804645233588718,2.9080601551568357,11.738535729033513,4.619645233588656,12.95960914918024,0,0,23.7,king+tour,1,3,12.697302588730881,1.0,0.0,0.0
54.48,-10.506547887932692,-18.067483709687068,5.798109054796922,2.907942953154944,11.795647612960668,4.61310905479686,13.009178150750612,0,0,23.6,king+tour,1,3,12.654973697541948,1.0,0.0,0.0
54.5,-10.470687592251522,-18.112793181249565,5.791643538532506,2.9071944896150392,11.852737425188472,4.6066435385324445,13.059179613223163,0,0,23.5,king+tour,1,3,12.612676107800208,1.0,0.0,0.0
54.52,-10.434740817835925,-18.15806867625739,5.785244715599215,2.9081720951574086,11.90984700121796,4.600244715599153,13.108951763010957,0,0,23.3,king+tour,1,3,12.570421242271042,1.0,0.0,0.0
54.54,-10.398719517424281,-18.203294175294587,5.778913457465722,2.908162940785169,11.966956619760822,4.593913457465661,13.159155791827692,0,0,23.2,king+tour,1,3,12.528224035843554,1.0,0.0,0.0
54.56,-10.36264399446273,-18.248520107037717,5.772646501774236,2.9095115537761056,12.024100185543134,4.5876465017741745,13.209152680101036,0,0,23.1,king+tour,1,3,12.486098203573308,1.0,0.0,0.0
54.58,-10.326526328055976,-18.29372187490356,5.7664439342198275,2.909534966766274,12.081250356465047,4.581443934219766,13.259552214258761,0,0,23.0,king+tour,1,3,12.444060284185374,1.0,0.0,0.0
54.6,-10.2903869936218,-18.33894137867585,5.760303970725287,2.9105644497552743,12.138433388718873,4.575303970725225,13.309756079401179,0,0,22.9,king+tour,1,3,12.402125954708861,1.0,0.0,0.0
54.62,-10.254236062060835,-18.384148621010734,5.754225932904306,2.910123346184592,12.195618169323406,4.569225932904244,13.360301312889206,0,0,22.7,king+tour,1,3,12.360310560163677,1.0,0.0,0.0
54.64,-10.218092037845885,-18.429380138137038,5.748209666401632,2.9105309183330577,12.252827152258122,4.56320966640157,13.410651023813283,0,0,22.6,king+tour,1,3,12.31862897386521,1.0,0.0,0.0
54.66,-10.181952563808428,-18.474615493101037,5.742254321116291,2.9102255324504283,12.310043651558864,4.557254321116229,13.46138514083456,0,0,22.5,king+tour,1,3,12.277082966273632,1.0,0.0,0.0
54.68,-10.145823689123286,-18.519900406796655,5.736358063115456,2.9115223049319394,12.367304196080722,4.551358063115394,13.511944681276368,0,0,22.4,king+tour,1,3,12.235674394698034,1.0,0.0,0.0
54.7,-10.109703198341931,-18.56520620655118,5.7305222992557985,2.9117698593420136,12.424584879384005,4.545522299255737,13.562907428590762,0,0,22.3,king+tour,1,3,12.194406290658518,1.0,0.0,0.0
54.72,-10.0735975401765,-18.610570219648288,5.72474304719468,2.9132936644883936,12.4819146988786,4.5397430471946185,13.613706159215178,0,0,22.1,king+tour,1,3,12.15328238282499,1.0,0.0,0.0
54.74,-10.037504743877895,-18.655955226550745,5.719020985171101,2.913430447938607,12.5392622354188,4.534020985171039,13.664869507915988,0,0,22.0,king+tour,1,3,12.112306832801053,1.0,0.0,0.0
54.76,-10.001431543215842,-18.701390160322923,5.713354654849385,2.9144966598890663,12.596649040673729,4.528354654849323,13.715869685517665,0,0,21.9,king+tour,1,3,12.071484854905062,1.0,0.0,0.0
54.78,-9.965373011476034,-18.746833982171946,5.707742862551362,2.9141254555494456,12.654041905268484,4.522742862551301,13.767182474853781,0,0,21.8,king+tour,1,3,12.030817776527,1.0,0.0,0.0
54.8,-9.929332914890733,-18.792311925766597,5.7021869060225345,2.914618572140509,12.71146065649485,4.517186906022473,13.818327121128625,0,0,21.7,king+tour,1,3,11.990308347950899,1.0,0.0,0.0
54.82,-9.893298113938382,-18.837786874147852,5.696686682446901,2.9140737247602804,12.768879657170228,4.51168668244684,13.869832832782091,0,0,21.6,king+tour,1,3,11.949948927795186,1.0,0.0,0.0
54.84,-9.857264258049478,-18.883287624189084,5.691240498938791,2.9147975655870213,12.82632590684397,4.5062404989387295,13.921176122175838,0,0,21.5,king+tour,1,3,11.909733927149963,1.0,0.0,0.0
54.86,-9.821226965795976,-18.92877603842077,5.68584742813119,2.9141754730170177,12.883768558407043,4.500847428131128,13.972817763484121,0,0,21.4,king+tour,1,3,11.86966418028427,1.0,0.0,0.0
54.88,-9.785190518790913,-18.974280134088538,5.680507804277649,2.914515319134284,12.941229600733394,4.495507804277588,14.024296450792239,0,0,21.3,king+tour,1,3,11.829742888479219,1.0,0.0,0.0
54.9,-9.74914630275876,-19.0197599801501,5.675220523976102,2.9135705071882034,12.998678815390813,4.49022052397604,14.07609223338561,0,0,21.2,king+tour,1,3,11.789966469000035,1.0,0.0,0.0
54.92,-9.713094423943316,-19.065241704128006,5.6699859049983665,2.913643088114971,13.056138666867941,4.484985904998305,14.127724724135584,0,0,21.1,king+tour,1,3,11.75033421039221,1.0,0.0,0.0
54.94,-9.677033272899283,-19.11069188656579,5.664803663873627,2.912465159157872,13.113581077362708,4.479803663873565,14.179630323641069,0,0,20.9,king+tour,1,3,11.710848601916808,1.0,0.0,0.0
54.96,-9.640969852454582,-19.156143181407536,5.65967288228148,2.912351033404511,13.171030644377892,4.474672882281419,14.231376421907083,0,0,20.8,king+tour,1,3,11.67151547298128,1.0,0.0,0.0
54.98,-9.60489891200446,-19.201559364799806,5.654593143795256,2.910990468021525,13.22845873326959,4.469593143795194,14.283379193221041,0,0,20.7,king+tour,1,3,11.632333652615936,1.0,0.0,0.0
55.0,-9.568823876743114,-19.246970217234157,5.649563821528796,2.910690541083746,13.285889253572144,4.464563821528734,14.335222795734799,0,0,20.6,king+tour,1,3,11.59330581606618,1.0,0.0,0.0
55.02,-9.5327334833604,-19.29234048786873,5.644582241162924,2.9093788404551963,13.343297499766496,4.459582241162862,14.387360206422281,0,0,20.5,king+tour,1,3,11.554424415925354,1.0,0.0,0.0
55.04,-9.49662498622398,-19.337700929280473,5.639650895344466,2.90934330309269,13.400711351063899,4.454650895344404,14.439346750326548,0,0,20.4,king+tour,1,3,11.515686090413608,1.0,0.0,0.0
55.06,-9.460507723804021,-19.38302600768407,5.63476956616551,2.908026285798335,13.458104048367355,4.449769566165449,14.491571147466514,0,0,20.3,king+tour,1,3,11.477103040165051,1.0,0.0,0.0
55.08,-9.424399435801059,-19.42835641245044,5.629937946081864,2.907747672779003,13.51550156172074,4.444937946081803,14.543648541551411,0,0,20.2,king+tour,1,3,11.438692183108964,1.0,0.0,0.0
55.1,-9.388299635791777,-19.473672424054694,5.625157210995557,2.9067128755660576,13.572887094059432,4.440157210995495,14.595988233558367,0,0,20.1,king+tour,1,3,11.4004556624626,1.0,0.0,0.0
55.12,-9.352216303636393,-19.51902014441542,5.620423500185054,2.907245526003938,13.630296164259066,4.435423500184992,14.648201259666802,0,0,20.1,king+tour,1,3,11.36240100621458,1.0,0.0,0.0
55.14,-9.316149217547409,-19.564371185070353,5.61573589505251,2.9066842059785856,13.68770436716295,4.4307358950524485,14.700653610867947,0,0,20.0,king+tour,1,3,11.324531141649787,1.0,0.0,0.0
55.16,-9.280106635313198,-19.60976321424526,5.611094503375006,2.9073383718744705,13.745139771847645,4.426094503374944,14.752989470651928,0,0,19.9,king+tour,1,3,11.286854763528812,1.0,0.0,0.0
55.18,-9.244088480440407,-19.655159766530044,5.606498210636712,2.9065788939584225,13.802570959971645,4.42149821063665,14.80554640763574,0,0,19.8,king+tour,1,3,11.24937511787176,1.0,0.0,0.0
55.2,-9.208103271104259,-19.70059054398154,5.601948461036773,2.906712512545729,13.860018986327583,4.416948461036712,14.85797527832399,0,0,19.7,king+tour,1,3,11.212101719039623,1.0,0.0,0.0
55.22,-9.172134306844663,-19.74603499274289,5.597445998167203,2.906560030785006,13.917474635128574,4.412445998167141,14.910672087300703,0,0,19.6,king+tour,1,3,11.175020500879924,1.0,0.0,0.0
55.24,-9.13617338883189,-19.7915380228614,5.592986842631485,2.9084349066030915,13.97498057498882,4.4079868426314235,14.96326541513965,0,0,19.5,king+tour,1,3,11.138124354757407,1.0,0.0,0.0
55.26,-9.100204202328582,-19.83707047429339,5.588572303273607,2.90967123093779,14.032520052775027,4.403572303273545,15.016152667631902,0,0,19.4,king+tour,1,3,11.101399883066103,1.0,0.0,0.0
55.28,-9.064219069375268,-19.882668686689254,5.584198975009581,2.912581658714,14.09012812445409,4.3991989750095195,15.068952183515416,0,0,19.3,king+tour,1,3,11.064841176095143,1.0,0.0,0.0
55.3,-9.028202165213818,-19.92829482613508,5.579864404146292,2.9145113186750433,14.147780407250645,4.39486440414623,15.122049338268285,0,0,19.2,king+tour,1,3,11.028435275631159,1.0,0.0,0.0
55.32,-8.992146111933469,-19.97397705203188,5.57557152853203,2.917761780064228,14.205504812200875,4.390571528531968,15.175065784663127,0,0,19.1,king+tour,1,3,10.992176915421032,1.0,0.0,0.0
55.34,-8.956046606665538,-20.019679577058255,5.57132172581438,2.9197413830315617,14.263272847705688,4.386321725814319,15.228370507399477,0,0,19.1,king+tour,1,3,10.95606428117235,1.0,0.0,0.0
55.36,-8.919908090104789,-20.065432402515658,5.567112141709415,2.9227700965367904,14.321107920918491,4.382112141709353,15.281596581708024,0,0,19.0,king+tour,1,3,10.920104124761586,1.0,0.0,0.0
55.38,-8.883726503999528,-20.111191329619892,5.5629442197533185,2.9241914080028564,14.378974237989947,4.377944219753257,15.33508647448987,0,0,18.9,king+tour,1,3,10.88429447073371,1.0,0.0,0.0
55.4,-8.84750660090041,-20.156978018404438,5.558816115045152,2.926321709434825,14.436887894663993,4.3738161150450905,15.388491560641615,0,0,18.8,king+tour,1,3,10.8486423830284,1.0,0.0,0.0
55.42,-8.811247469175196,-20.202742132007835,5.554722329351379,2.9265328499256054,14.494806260642589,4.369722329351317,15.442113960914607,0,0,18.7,king+tour,1,3,10.813148302499053,1.0,0.0,0.0
55.44,-8.77495642511718,-20.248499816534718,5.550671693886958,2.927120265614428,14.552739389099363,4.365671693886896,15.495631933743509,0,0,18.6,king+tour,1,3,10.77782158518092,1.0,0.0,0.0
55.46,-8.738631704725169,-20.294232336538045,5.546664236009822,2.9270328047569785,14.61067216923472,4.36166423600976,15.549362368261672,0,0,18.5,king+tour,1,3,10.742661846935015,1.0,0.0,0.0
55.48,-8.702279941011597,-20.339986708108373,5.542696431436049,2.9285904100858975,14.668641386638608,4.357696431435987,15.603008336348896,0,0,18.5,king+tour,1,3,10.707678875343131,1.0,0.0,0.0
55.5,-8.665899589708946,-20.385735629639935,5.538769325732922,2.929127831543317,14.72662447663659,4.35376932573286,15.656873633772243,0,0,18.4,king+tour,1,3,10.672872435934348,1.0,0.0,0.0
55.52,-8.629497615162807,-20.43151754562408,5.534880042556403,2.9309614914154807,14.784650675537009,4.349880042556341,15.710665784269514,0,0,18.3,king+tour,1,3,10.63825300239345,1.0,0.0,0.0
55.54,-8.593072718173351,-20.4772966247344,5.531028848562965,2.9314368917207614,14.842690004411308,4.346028848562903,15.764651855502189,0,0,18.2,king+tour,1,3,10.603820145612213,1.0,0.0,0.0
55.56,-8.556628364395408,-20.523107892022708,5.527329771686834,2.932808510024129,14.900770564378101,4.342329771686773,15.81860619784853,0,0,18.1,king+tour,1,3,10.569581083971782,1.0,0.0,0.0
55.58,-8.520161334845207,-20.56890803414138,5.52384424816045,2.9324248228040397,14.958857005494776,4.338844248160388,15.872797655168034,0,0,18.1,king+tour,1,3,10.535532775445326,1.0,0.0,0.0
55.6,-8.48368180147093,-20.614718419163957,5.520503976067905,2.932790969696852,15.016962263736636,4.3355039760678435,15.926946485360212,0,0,18.0,king+tour,1,3,10.501688571337096,1.0,0.0,0.0
55.62,-8.447197427888815,-20.6604784305137,5.5170430881708175,2.931324742946439,15.075030583397325,4.332043088170756,15.98122267877751,0,0,17.9,king+tour,1,3,10.468054540097722,1.0,0.0,0.0
55.64,-8.410714317272278,-20.706203597629877,5.513523606393387,2.9301002628077613,15.13307203141834,4.3285236063933255,16.03534383310851,0,0,17.8,king+tour,1,3,10.434639242310363,1.0,0.0,0.0
55.66,-8.374229768397996,-20.751900327355926,5.509981217959783,2.9291047821945133,15.1910934665899,4.324981217959722,16.089600907571157,0,0,17.8,king+tour,1,3,10.401442082220766,1.0,0.0,0.0
55.68,-8.337778531475095,-20.797604513340413,5.5064354508701125,2.928368894951603,15.24910731528582,4.321435450870051,16.143718705178983,0,0,17.7,king+tour,1,3,10.368502202609998,1.0,0.0,0.0
55.7,-8.3013601548993,-20.843317879327707,5.50290611490527,2.9276552882201656,15.3071151979844,4.317906114905208,16.197975887993305,0,0,17.6,king+tour,1,3,10.335821500323073,1.0,0.0,0.0
55.72,-8.264985147738656,-20.889072141403897,5.499398108023127,2.9278403971010523,15.365138556074589,4.314398108023065,16.252167401226917,0,0,17.5,king+tour,1,3,10.303415421883935,1.0,0.0,0.0
55.74,-8.228655911921559,-20.934825052117738,5.4959150451396255,2.9262919970901384,15.423140024546498,4.310915045139564,16.306496043614572,0,0,17.5,king+tour,1,3,10.271285199163481,1.0,0.0,0.0
55.76,-8.192383265277503,-20.980600127034144,5.49246255731272,2.925312825306972,15.481133872004058,4.307462557312658,16.36074178054352,0,0,17.4,king+tour,1,3,10.239445943772948,1.0,0.0,0.0
55.78,-8.156150550892116,-21.02637426882384,5.489043018445057,2.9239420712386597,15.539109054787682,4.304043018444995,16.415115057724538,0,0,17.3,king+tour,1,3,10.207881178388094,1.0,0.0,0.0
55.8,-8.1199493508176,-21.072189615401324,5.4856545845305495,2.9244889952105835,15.597105779766748,4.300654584530488,16.469428342401233,0,0,17.2,king+tour,1,3,10.176589086451708,1.0,0.0,0.0
55.82,-8.083763412125068,-21.11801445499391,5.482299153597701,2.9242935042037983,15.655105502202812,4.297299153597639,16.523891926017857,0,0,17.2,king+tour,1,3,10.145552763318888,1.0,0.0,0.0
55.84,-8.047584873584201,-21.163882418982876,5.478974679472,2.925666120586146,15.713140909581668,4.293974679471938,16.578309014274698,0,0,17.1,king+tour,1,3,10.1147705894447,1.0,0.0,0.0
55.86,-8.011397869940144,-21.209753277955727,5.475681759785188,2.925952091074738,15.771186062523597,4.290681759785127,16.632889699012466,0,0,17.0,king+tour,1,3,10.084224824138278,1.0,0.0,0.0
55.88,-7.975195032709727,-21.255652333271573,5.4724200267589875,2.927459480826929,15.829266328595278,4.287420026758926,16.687429304675803,0,0,17.0,king+tour,1,3,10.053913602306674,1.0,0.0,0.0
55.9,-7.938968112177443,-21.30153734070409,5.469187093275374,2.927573883458827,15.887350109969908,4.284187093275312,16.742071981186932,0,0,16.9,king+tour,1,3,10.023825945422592,1.0,0.0,0.0
55.92,-7.902717207241758,-21.34743195665324,5.465986347454511,2.9286040427077302,15.945457463232374,4.28098634745445,16.796671009956754,0,0,16.8,king+tour,1,3,9.993967228504022,1.0,0.0,0.0
55.94,-7.866435433841416,-21.393287220499708,5.462814225669832,2.9279406842181372,16.00355040966605,4.27781422566977,16.851428960307445,0,0,16.8,king+tour,1,3,9.964326241596533,1.0,0.0,0.0
55.96,-7.830124352160225,-21.439120152138383,5.459675358650553,2.9278852272665725,16.061642611146613,4.274675358650491,16.906129954864312,0,0,16.7,king+tour,1,3,9.934908735928293,1.0,0.0,0.0
55.98,-7.793789400738417,-21.484906136788005,5.456570467497443,2.9266984104249008,16.11971030870972,4.271570467497381,16.960917275736314,0,0,16.6,king+tour,1,3,9.90571840206892,1.0,0.0,0.0
56.0,-7.757444293699185,-21.53068633767715,5.453496806580327,2.926705054569443,16.177781227485823,4.2684968065802655,17.015657204923144,0,0,16.6,king+tour,1,3,9.876776792506464,1.0,0.0,0.0
56.02,-7.721094660634273,-21.576427637269266,5.450454763885271,2.9252420139570945,16.23582426678533,4.265454763885209,17.070477313166077,0,0,16.5,king+tour,1,3,9.848086387545477,1.0,0.0,0.0
56.04,-7.68475444278791,-21.622162763499926,5.447443335580234,2.9246289956555946,16.293859821051555,4.262443335580172,17.125249304942844,0,0,16.4,king+tour,1,3,9.819668051842989,1.0,0.0,0.0
56.06,-7.648424944901972,-21.667856597581803,5.444462277331877,2.9226039750651145,16.35185737264725,4.259462277331815,17.180090285026647,0,0,16.4,king+tour,1,3,9.791519266564498,1.0,0.0,0.0
56.08,-7.612115816717139,-21.713539807108106,5.441511465006761,2.921478955745206,16.40983780498411,4.2565114650066995,17.234881022598195,0,0,16.3,king+tour,1,3,9.763656545809459,1.0,0.0,0.0
56.1,-7.575820804898644,-21.759179960432895,5.438589524327387,2.9192846793987455,16.467776892485936,4.253589524327325,17.289692767703432,0,0,16.2,king+tour,1,3,9.736069957673804,1.0,0.0,0.0
56.12,-7.539542018590108,-21.804810279730663,5.435697078677608,2.918322556312743,16.525701663176026,4.250697078677546,17.34446170825252,0,0,16.2,king+tour,1,3,9.708769338606604,1.0,0.0,0.0
56.14,-7.5032734140091994,-21.85039031222838,5.432832175114795,2.9159726992735866,16.583581005104012,4.247832175114733,17.39931011789091,0,0,16.1,king+tour,1,3,9.68174312244457,1.0,0.0,0.0
56.16,-7.4670174327844645,-21.8959453431688,5.429997213399961,2.914529990614064,16.64143503881545,4.244997213399899,17.454102804295328,0,0,16.0,king+tour,1,3,9.655000145879255,1.0,0.0,0.0
56.18,-7.430756303330308,-21.941451839501383,5.427191791755436,2.9127225701918595,16.69925325243331,4.242191791755374,17.508953005818057,0,0,16.0,king+tour,1,3,9.628520119826705,1.0,0.0,0.0
56.2,-7.3944806445452675,-21.986951544576566,5.424414098579684,2.91284318218307,16.757075994176816,4.239414098579622,17.563770841831044,0,0,15.9,king+tour,1,3,9.602304047531034,1.0,0.0,0.0
56.22,-7.358180053009462,-22.032418523345022,5.421663307130657,2.9122782996206382,16.814886834955104,4.236663307130595,17.618643604156176,0,0,15.9,king+tour,1,3,9.576338494360993,1.0,0.0,0.0
56.24,-7.321852471124815,-22.07789231488318,5.418939087658992,2.91332297135559,16.872720356260512,4.23393908765893,17.67350017673265,0,0,15.8,king+tour,1,3,9.550631914468614,1.0,0.0,0.0
56.26,-7.285487779244559,-22.123338794428545,5.416240294722766,2.9133557978411804,16.930553069048152,4.231240294722705,17.72846918774713,0,0,15.7,king+tour,1,3,9.525169338884496,1.0,0.0,0.0
56.28,-7.249084282080597,-22.168789410729044,5.413568051640951,2.914667224122744,16.988412510759137,4.228568051640889,17.783430452171338,0,0,15.7,king+tour,1,3,9.499958292809543,1.0,0.0,0.0
56.3,-7.212651706969663,-22.214219115776643,5.41092449343086,2.9146951083843797,17.04627231566579,4.2259244934307985,17.838460369952333,0,0,15.6,king+tour,1,3,9.47500489533392,1.0,0.0,0.0
56.32,-7.176208185844231,-22.259668555722694,5.4083067261329845,2.915747986818881,17.104157190951078,4.223306726132923,17.893490310943932,0,0,15.6,king+tour,1,3,9.450338546934526,1.0,0.0,0.0
56.34,-7.139763697891804,-22.305104017167633,5.405711784109265,2.9151824912581974,17.162033277882973,4.220711784109203,17.948604188545264,0,0,15.5,king+tour,1,3,9.42596334510501,1.0,0.0,0.0
56.36,-7.103336394418062,-22.35055794085455,5.40314473284152,2.9153033157440826,17.21991827850242,4.218144732841458,18.003704934761114,0,0,15.4,king+tour,1,3,9.401907048213719,1.0,0.0,0.0
56.38,-7.066918745425931,-22.396013612015427,5.400606026548406,2.9150078166458067,17.277802043051487,4.215606026548344,18.058867745342877,0,0,15.4,king+tour,1,3,9.378160628029322,1.0,0.0,0.0
56.4,-7.030511548011476,-22.441519629557146,5.398091773830838,2.9165918135772175,17.335725166700566,4.213091773830776,18.114041111466694,0,0,15.3,king+tour,1,3,9.354739810399938,1.0,0.0,0.0
56.42,-6.994107566428913,-22.487050690875684,5.395603302001153,2.9174132000382764,17.393670089006164,4.210603302001092,18.16930086249698,0,0,15.3,king+tour,1,4,5.394284384590306,1.0,0.0,0.0
56.44,-6.95770801206685,-22.532646800662043,5.393137012906849,2.919766843132827,17.451669900146193,4.208137012906787,18.224585988443977,0,0,15.2,king+tour,1,5,10.039194183249892,1.0,0.0,0.0
56.46,-6.921306303788254,-22.578273584553422,5.390681672051012,2.921008589763516,17.509699043264884,4.20568167205095,18.27977376069129,0,0,15.2,king+tour,1,5,10.027477009748347,1.0,0.0,0.0
56.48,-6.8849038698264495,-22.623962825331876,5.388240892775859,2.9234403212333118,17.567783539644225,4.203240892775797,18.335232484563814,0,0,15.1,king+tour,1,5,10.016114465505481,1.0,0.0,0.0
56.5,-6.848493901179838,-22.669676811693485,5.3858205426606895,2.924599314691116,17.625895163689247,4.200820542660628,18.39051747081288,0,0,15.1,king+tour,1,5,10.005084999383294,1.0,0.0,0.0
56.52,-6.81207720145547,-22.715449060516676,5.383429762776265,2.9270252004392825,17.68406173149109,4.198429762776203,18.446235895267872,0,0,15.0,king+tour,1,5,9.994406658063241,1.0,0.0,0.0
56.54,-6.775647377551926,-22.761244174504924,5.381069018829137,2.928266401313143,17.742256772924613,4.196069018829075,18.501657253832764,0,0,14.9,king+tour,1,5,9.984058943355206,1.0,0.0,0.0
56.56,-6.7392050856189325,-22.807100674080097,5.378733631605595,2.931003764967394,17.80051239661847,4.193733631605533,18.55753205512664,0,0,14.9,king+tour,1,5,9.97406248322363,1.0,0.0,0.0
56.58,-6.702743585318292,-22.852991254243044,5.376422745857279,2.932885330526598,17.858809162810445,4.191422745857217,18.613121601981288,0,0,14.8,king+tour,1,5,9.96440013375407,1.0,0.0,0.0
56.6,-6.666263159747774,-22.89896250558616,5.374128099210557,2.9365978627874774,17.917186168667115,4.189128099210495,18.669097560372748,0,0,14.8,king+tour,1,5,9.955096724047461,1.0,0.0,0.0
56.62,-6.629756359223015,-22.944995845936326,5.371856510912123,2.9398022985170567,17.975631717073433,4.186856510912061,18.724802365869344,0,0,14.7,king+tour,1,5,9.946138885812806,1.0,0.0,0.0
56.64,-6.593234638674789,-22.991106521735066,5.369607432334003,2.9432502649578,18.034152453588895,4.184607432333941,18.78098895995206,0,0,14.7,king+tour,1,5,9.937546269911229,1.0,0.0,0.0
56.66,-6.556702852566028,-23.037244268677664,5.36738205295669,2.9445778146486936,18.092703372529694,4.182382052956628,18.836851458698174,0,0,14.6,king+tour,1,5,9.92929975020583,1.0,0.0,0.0
56.68,-6.520171930886684,-23.083432879936872,5.365177430051913,2.946504883310422,18.151298594845915,4.1801774300518515,18.893155029283143,0,0,14.6,king+tour,1,5,9.92142225573998,1.0,0.0,0.0
56.7,-6.483646014120858,-23.129630825453695,5.362996955353674,2.9466706786936716,18.209900871500572,4.1779969553536125,18.949100111299263,0,0,14.5,king+tour,1,5,9.913897422222679,1.0,0.0,0.0
56.72,-6.447123236861894,-23.175859167414774,5.3608396526866935,2.94772234698896,18.268528913600516,4.175839652686632,19.005510200944858,0,0,14.5,king+tour,1,5,9.90673554202613,1.0,0.0,0.0
56.74,-6.410595272659439,-23.222073167743282,5.358705462570543,2.947278729010533,18.32714952540843,4.1737054625704815,19.061540727555176,0,0,14.4,king+tour,1,5,9.899907121268647,1.0,0.0,0.0
56.76,-6.37405982095999,-23.268302425436357,5.356593389669545,2.9480690077042535,18.38578885174953,4.171593389669483,19.11803184739953,0,0,14.4,king+tour,1,5,9.893426521224841,1.0,0.0,0.0
56.78,-6.337507996652302,-23.31451070307619,5.3545029085250535,2.947715596048694,18.444421187242483,4.169502908524992,19.174145428769375,0,0,14.3,king+tour,1,5,9.887267752385007,1.0,0.0,0.0
56.8,-6.300937308507773,-23.360735810046634,5.352427513527545,2.948933286032841,18.50307968989534,4.167427513527484,19.230648513524926,0,0,14.3,king+tour,1,5,9.881449722833821,1.0,0.0,0.0
56.82,-6.264338035020641,-23.406950230484863,5.3503745305445225,2.949361886644273,18.561746467119068,4.165374530544461,19.28678922604245,0,0,14.2,king+tour,1,5,9.875950280961783,1.0,0.0,0.0
56.84,-6.227702401722852,-23.45318094926072,5.34834288746131,2.951091560456799,18.62044842790854,4.163342887461249,19.34340439986711,0,0,14.2,king+tour,1,5,9.870778554739035,1.0,0.0,0.0
56.86,-6.191016054403574,-23.499389000811135,5.346331645238567,2.951744061989051,18.679160591455414,4.161331645238505,19.399656859359446,0,0,14.1,king+tour,1,5,9.865902056362591,1.0,0.0,0.0
56.88,-6.154271011338961,-23.545609689440177,5.3443364078488464,2.954035891540722,18.737916990026555,4.159336407848785,19.45630195541501,0,0,14.1,king+tour,1,5,9.86133472477107,1.0,0.0,0.0
56.9,-6.11745221794988,-23.5918126691456,5.342361265449364,2.955604873704285,18.79670030598744,4.157361265449302,19.51258713646604,0,0,14.0,king+tour,1,5,9.857048211179483,1.0,0.0,0.0
56.92,-6.080573567861455,-23.638011274245528,5.340405745974366,2.9572664751171347,18.85551425749956,4.155405745974305,19.569345789172985,0,0,14.0,king+tour,1,5,9.85306248402703,1.0,0.0,0.0
56.94,-6.0436423642446,-23.684153481088707,5.338471795780035,2.956669247778075,18.914311214676754,4.153471795779973,19.625689310740952,0,0,13.9,king+tour,1,5,9.849354460087389,1.0,0.0,0.0
56.96,-6.006671975849788,-23.730261071718274,5.336557691997353,2.9565111724031965,18.97310226646211,4.151557691997291,19.682485506008575,0,0,13.9,king+tour,1,5,9.84594779992806,1.0,0.0,0.0
56.98,-5.969668974493872,-23.77629045718914,5.334664931338978,2.954449601483067,19.03184727568101,4.149664931338916,19.738831270011822,0,0,13.8,king+tour,1,5,9.84282251230939,1.0,0.0,0.0
57.0,-5.93264618839258,-23.822271768571238,5.332791581719041,2.953166574169903,19.090564614614124,4.147791581718979,19.795615513416987,0,0,13.8,king+tour,1,5,9.840006305756159,1.0,0.0,0.0
57.02,-5.895609507135945,-23.86816973744597,5.33093887974287,2.9503270199861786,19.149221503537404,4.1459388797428085,19.85193355576463,0,0,13.8,king+tour,1,5,9.837482683931507,1.0,0.0,0.0
57.04,-5.858569044758293,-23.914020325113775,5.329095691743196,2.948588469350775,19.207842653674458,4.144095691743134,19.908660368785192,0,0,13.7,king+tour,1,5,9.835280567278806,1.0,0.0,0.0
57.06,-5.821527225453431,-23.95979454696803,5.3272758877675095,2.945627034387859,19.266402438913104,4.142275887767448,19.96492165805292,0,0,13.7,king+tour,1,5,9.833383913006708,1.0,0.0,0.0
57.08,-5.784486832445676,-24.005530559209053,5.325477033798214,2.9440658134128834,19.3249313712721,4.1404770337981525,20.02162649886053,0,0,13.6,king+tour,1,5,9.831817357035977,1.0,0.0,0.0
57.1,-5.747443686793721,-24.051200816774458,5.3236983065333545,2.941568857159883,19.383408628762552,4.138698306533293,20.077879852523264,0,0,13.6,king+tour,1,5,9.830560258956341,1.0,0.0,0.0
57.12,-5.710400174278759,-24.096851723172605,5.321935692559503,2.9408051118865592,19.441871835625996,4.136935692559441,20.134550805756785,0,0,13.5,king+tour,1,5,9.829642505293398,1.0,0.0,0.0
57.14,-5.673351465754739,-24.14246414097436,5.3201921260869565,2.939447007969269,19.500307575659047,4.135192126086895,20.190803646767492,0,0,13.5,king+tour,1,5,9.829048196044026,1.0,0.0,0.0
57.16,-5.636289147005411,-24.188082774457765,5.318461476398779,2.9400979321754974,19.558757911412656,4.133461476398717,20.247417131980814,0,0,13.4,king+tour,1,5,9.828798520684689,1.0,0.0,0.0
57.18,-5.599197505360385,-24.23368679062182,5.316749085802303,2.940428732246922,19.61721395295137,4.131749085802241,20.303646638304233,0,0,13.4,king+tour,1,5,9.828868384969272,1.0,0.0,0.0
57.2,-5.562086628334177,-24.2793033821472,5.315053980621062,2.941497916718318,19.675692985322645,4.130053980621001,20.36035387097725,0,0,13.4,king+tour,1,5,9.829283043003485,1.0,0.0,0.0
57.22,-5.524959844599237,-24.324894286904687,5.313376764872134,2.940978459533324,19.734161134297185,4.128376764872073,20.416657926264115,0,0,13.3,king+tour,1,5,9.830020773291912,1.0,0.0,0.0
57.24,-5.487826809551854,-24.37049504677562,5.311713141250881,2.9415383884073694,19.79264289317952,4.12671314125082,20.47339747642784,0,0,13.3,king+tour,1,5,9.831111710830886,1.0,0.0,0.0
57.26,-5.4506900589405225,-24.41607599056007,5.3100678786547295,2.940861936261108,19.851112016572568,4.125067878654668,20.529732941820576,0,0,13.2,king+tour,1,5,9.832538505952392,1.0,0.0,0.0
57.28,-5.413550016627184,-24.46167286365352,5.308439286297274,2.9415599144005933,19.9095981893774,4.123439286297212,20.586538443506615,0,0,13.2,king+tour,1,5,9.834324585141024,1.0,0.0,0.0
57.3,-5.3764002701358375,-24.507255732090286,5.3068273007579325,2.9413007567546163,19.968079848042354,4.121827300757871,20.642951948297473,0,0,13.1,king+tour,1,5,9.836445400045788,1.0,0.0,0.0
57.32,-5.339240947619545,-24.552868521872306,5.305226338607206,2.9427474073460216,20.02659367392653,4.120226338607144,20.699768085168262,0,0,13.1,king+tour,1,5,9.838930000368961,1.0,0.0,0.0
57.34,-5.3020649241000495,-24.598489850921457,5.303641885489701,2.943583224836139,20.08512565941572,4.118641885489639,20.756218925679224,0,0,13.1,king+tour,1,5,9.841759012924758,1.0,0.0,0.0
57.36,-5.264875655693101,-24.644152303608166,5.3020726543592165,2.9455745434257263,20.143701155293225,4.117072654359155,20.813154811699533,0,0,13.0,king+tour,1,5,9.844956989556835,1.0,0.0,0.0
57.38,-5.227669827447744,-24.68982285188534,5.300518847639954,2.9463905675764304,20.202294334293526,4.115518847639892,20.869727749036613,0,0,13.0,king+tour,1,5,9.848499424999007,1.0,0.0,0.0
57.4,-5.1904506799657915,-24.735542142504993,5.2989724281073896,2.948690339548369,20.260937393953593,4.113972428107328,20.926687845698112,0,0,12.9,king+tour,1,5,9.852416400786218,1.0,0.0,0.0
57.42,-5.153213998753259,-24.781285942392703,5.297442924609599,2.950171620787719,20.319612361662845,4.112442924609537,20.983296240126812,0,0,12.9,king+tour,1,5,9.856688568908549,1.0,0.0,0.0
57.44,-5.11595876814938,-24.827078098420984,5.29592918719895,2.9526112011297947,20.37833971026662,4.110929187198888,21.04040320925915,0,0,12.9,king+tour,1,5,9.861331783889106,1.0,0.0,0.0
57.46,-5.078677403993252,-24.872876757072927,5.294431186159727,2.953667743151128,20.437088609794035,4.109431186159665,21.097141470290595,0,0,12.8,king+tour,1,5,9.866311808762072,1.0,0.0,0.0
57.48,-5.0413684816025155,-24.918714188266133,5.292946248916312,2.95602386110419,20.49588680272807,4.10794624891625,21.154341702548336,0,0,12.8,king+tour,1,5,9.871650121059822,1.0,0.0,0.0
57.5,-5.004023829373106,-24.96455708409781,5.291476228941309,2.9573447157443633,20.554710948476888,4.106476228941247,21.211174420643683,0,0,12.7,king+tour,1,5,9.877317711812417,1.0,0.0,0.0
57.52,-4.966648542038892,-25.010436655364664,5.290020459800812,2.9597155381623432,20.613584316567,4.10502045980075,21.268507713655254,0,0,12.7,king+tour,1,5,9.883340225205906,1.0,0.0,0.0
57.54,-4.929241144630318,-25.05631849557838,5.288578748384179,2.960800218728445,20.672478981601014,4.103578748384117,21.325470664891412,0,0,12.7,king+tour,1,5,9.889692288007712,1.0,0.0,0.0
57.56,-4.891806482070305,-25.102241942631476,5.287144179091325,2.9632646436305996,20.73142512140859,4.102144179091264,21.38279131293259,0,0,12.6,king+tour,1,5,9.89640526645812,1.0,0.0,0.0
57.58,-4.85434210819939,-25.148181387023534,5.285725676331187,2.9648035393055134,20.79040269460626,4.100725676331125,21.439737581795313,0,0,12.6,king+tour,1,5,9.903459136989708,1.0,0.0,0.0
57.6,-4.8168601683565075,-25.19414677631795,5.284323619039903,2.9663439584869526,20.849413308098548,4.099323619039842,21.497183439507445,0,0,12.5,king+tour,1,5,9.910869305673014,1.0,0.0,0.0
57.62,-4.779366513269037,-25.240082669190674,5.282938571624786,2.9655517118129437,20.90840746761041,4.0979385716247245,21.554193459618133,0,0,12.5,king+tour,1,5,9.91859906327243,1.0,0.0,0.0
57.64,-4.74187279136124,-25.286007559918094,5.281567060208112,2.9651120612848083,20.96739418307535,4.09656706020805,21.61165701791687,0,0,12.5,king+tour,1,5,9.926668872188728,1.0,0.0,0.0
57.66,-4.704383954688473,-25.331874778728483,5.280212957907708,2.962704942074772,21.02633179111726,4.095212957907647,21.66864300605398,0,0,12.4,king+tour,1,5,9.935046652272908,1.0,0.0,0.0
57.68,-4.666911483547749,-25.377710569017793,5.278859418761518,2.9609702096856823,21.08523584611616,4.093859418761456,21.726089454340165,0,0,12.4,king+tour,1,5,9.94375794001733,1.0,0.0,0.0
57.7,-4.629459265483885,-25.42347680658616,5.277527493008801,2.9576135503468723,21.144072407102726,4.092527493008739,21.78303565453569,0,0,12.4,king+tour,1,5,9.952775394362758,1.0,0.0,0.0
57.72,-4.59203816006334,-25.469208112728523,5.2761993127901965,2.955273064826428,21.20286433577587,4.091199312790135,21.84041496314435,0,0,12.3,king+tour,1,5,9.962130140435873,1.0,0.0,0.0
57.74,-4.554651509174062,-25.514874535380507,5.274893694176971,2.951647193733306,21.261584804633817,4.089893694176909,21.897289862663424,0,0,12.3,king+tour,1,5,9.97180002252493,1.0,0.0,0.0
57.76,-4.5173005352632805,-25.560510359776647,5.273590937297007,2.9493308121874917,21.320261696733148,4.088590937296945,21.95461672180642,0,0,12.2,king+tour,1,5,9.981809613854246,1.0,0.0,0.0
57.78,-4.479978992564368,-25.606085214315595,5.272311138199122,2.9460154452260108,21.378873141751704,4.08731113819906,22.01145059782218,0,0,12.2,king+tour,1,5,9.992129904655254,1.0,0.0,0.0
57.8,-4.442687437335486,-25.651641933937576,5.271046511289441,2.9443480073376516,21.437454503512818,4.086046511289379,22.068712102389906,0,0,12.2,king+tour,1,5,10.00279189528566,1.0,0.0,0.0
57.82,-4.405419407682526,-25.69715782932073,5.269799692528644,2.942004981201718,21.495990439537977,4.084799692528582,22.12550888622725,0,0,12.1,king+tour,1,5,10.013772338024735,1.0,0.0,0.0
57.84,-4.368172051683895,-25.742680671582985,5.268563881851614,2.9416075216420507,21.55452229331321,4.0835638818515525,22.182684227660378,0,0,12.1,king+tour,1,5,10.025104451423566,1.0,0.0,0.0
57.86,-4.330935373155791,-25.788192770351067,5.267343221396863,2.9408380497856363,21.6130408473322,4.082343221396801,22.239431310488587,0,0,12.1,king+tour,1,5,10.036766876201911,1.0,0.0,0.0
57.88,-4.293706978361993,-25.83372631825211,5.26613582789628,2.9413921714236424,21.671574207695063,4.081135827896218,22.296667523117282,0,0,12.0,king+tour,1,5,10.048781794762897,1.0,0.0,0.0
57.9,-4.256477911836876,-25.87924783361817,5.264941523100309,2.9409344261218817,21.730099450904913,4.079941523100247,22.353482787768165,0,0,12.0,king+tour,1,5,10.061116353808822,1.0,0.0,0.0
57.92,-4.219245386557874,-25.92479784690528,5.263757540283424,2.942136326047045,21.788651838504727,4.0787575402833625,22.41075695173793,0,0,12.0,king+tour,1,5,10.073799387149617,1.0,0.0,0.0
57.94,-4.18199986799988,-25.970351289223522,5.262585165821645,2.942668526003965,21.84721578543582,4.077585165821583,22.467637988025167,0,0,11.9,king+tour,1,5,10.08680435229997,1.0,0.0,0.0
57.96,-4.144743617690163,-26.015949624781886,5.261417307216638,2.944741196843376,21.905824517992748,4.076417307216576,22.524927730081743,0,0,11.9,king+tour,1,5,10.100164479560956,1.0,0.0,0.0
57.98,-4.10747169929586,-26.061569355406913,5.260262265037574,2.9460523779827,21.964461212796536,4.075262265037512,22.581842044442105,0,0,11.9,king+tour,1,5,10.11385737637899,1.0,0.0,0.0
58.0,-4.070177917977038,-26.107236449312225,5.259118765662549,2.948566253975587,22.02315089198054,4.0741187656624875,22.639269445870166,0,0,11.8,king+tour,1,5,10.127899229403535,1.0,0.0,0.0
